" Daily soil water balance output for Alfalfa in 186_Yolo DAU_Co within 05_Sacramento River for WY 2016","","","","","","","","","","","","","","","","","","","","","","","Monthly output for Alfalfa in 186_Yolo DAU_Co within 05_Sacramento River for WY 2016","","","","",""
"Year","Mon","Day","DOY"," Area","OKc","IKc","CCKc","ETo","Kc","ETc","Pcp","Er","Spg","Espg","SWD","SWDx","FC","PWP","SWC"," YT ","NA","","Year","Mon"," Area","ETo","ETc","ETc"
" #  "," # "," # ","  #","Acres","   ","   ","    "," mm","mm"," mm"," mm","mm"," mm"," mm "," mm"," mm ","mm"," mm"," mm"," mm"," mm","","#  "," # "," Acres"," mm"," mm","acre-ft"
"2015.0","10.0","1.0","274.0","6235.05","0.08","0.9","0.0","3.76","0.9","3.38","0.31","0.31","0.0","0.0","13.05","114.49","502.92","251.46","489.87","388.43","0.0","","2015.0","10.0","6235.05","109.58","98.63","2017.59508366"
"2015.0","10.0","2.0","275.0","6235.05","0.08","0.9","0.0","4.74","0.9","4.27","0.0","0.0","0.0","0.0","17.31","114.49","502.92","251.46","485.61","388.43","0.0","","2015.0","11.0","6235.05","47.12","48.15","984.966067913"
"2015.0","10.0","3.0","276.0","6235.05","0.08","0.9","0.0","4.63","0.9","4.17","0.0","0.0","0.0","0.0","21.48","114.49","502.92","251.46","481.44","388.43","0.0","","2015.0","12.0","6235.05","31.38","35.08","717.603523622"
"2015.0","10.0","4.0","277.0","6235.05","0.08","0.9","0.0","3.8","0.9","3.42","2.04","2.04","0.0","0.0","22.86","114.49","502.92","251.46","480.06","388.43","0.0","","2016.0","1.0","6235.05","33.5","37.96","776.51738189"
"2015.0","10.0","5.0","278.0","6235.05","0.08","0.9","0.0","3.49","0.9","3.14","0.0","0.0","0.0","0.0","26.0","114.49","502.92","251.46","476.92","388.43","0.0","","2016.0","2.0","6235.05","59.83","56.51","1155.9799065"
"2015.0","10.0","6.0","279.0","6235.05","0.08","0.9","0.0","3.52","0.9","3.17","0.0","0.0","0.0","0.0","29.17","114.49","502.92","251.46","473.75","388.43","0.0","","2016.0","3.0","6235.05","81.79","78.46","1604.99351378"
"2015.0","10.0","7.0","280.0","6235.05","0.08","0.9","0.0","3.34","0.9","3.01","0.0","0.0","0.0","0.0","32.17","114.49","502.92","251.46","470.75","388.43","0.0","","2016.0","4.0","6235.05","131.53","120.33","2461.49464075"
"2015.0","10.0","8.0","281.0","6235.05","0.08","0.9","0.0","3.43","0.9","3.09","0.0","0.0","0.0","0.0","35.26","114.49","502.92","251.46","467.66","388.43","0.0","","2016.0","5.0","6235.05","165.62","149.06","3049.20128937"
"2015.0","10.0","9.0","282.0","6235.05","0.08","0.9","0.0","4.18","0.9","3.76","0.0","0.0","0.0","0.0","39.02","114.49","502.92","251.46","463.9","388.43","0.0","","2016.0","6.0","6235.05","206.91","186.23","3809.55827264"
"2015.0","10.0","10.0","283.0","6235.05","0.08","0.9","0.0","4.26","0.9","3.83","0.0","0.0","0.0","0.0","42.86","114.49","502.92","251.46","460.06","388.43","0.0","","2016.0","7.0","6235.05","222.8","200.55","4102.49106791"
"2015.0","10.0","11.0","284.0","6235.05","0.08","0.9","0.0","3.74","0.9","3.37","0.0","0.0","0.0","0.0","46.22","114.49","502.92","251.46","456.7","388.43","0.0","","2016.0","8.0","6235.05","197.3","177.6","3633.02125984"
"2015.0","10.0","12.0","285.0","6235.05","0.08","0.9","0.0","3.84","0.9","3.46","0.0","0.0","0.0","0.0","49.68","114.49","502.92","251.46","453.24","388.43","0.0","","2016.0","9.0","6235.05","144.78","130.32","2665.85208661"
"2015.0","10.0","13.0","286.0","6235.05","0.08","0.9","0.0","4.14","0.9","3.73","0.0","0.0","0.0","0.0","53.41","114.49","502.92","251.46","449.52","388.43","0.0","","","","","","",""
"2015.0","10.0","14.0","287.0","6235.05","0.08","0.9","0.0","4.29","0.9","3.86","0.0","0.0","0.0","0.0","57.27","114.49","502.92","251.46","445.65","388.43","0.0","","","","","","",""
"2015.0","10.0","15.0","288.0","6235.05","0.08","0.9","0.0","3.77","0.9","3.39","0.0","0.0","0.0","0.0","60.66","114.49","502.92","251.46","442.26","388.43","0.0","","","","","","",""
"2015.0","10.0","16.0","289.0","6235.05","0.08","0.9","0.0","3.93","0.9","3.54","0.0","0.0","0.0","0.0","64.2","114.49","502.92","251.46","438.72","388.43","0.0","","","","","","",""
"2015.0","10.0","17.0","290.0","6235.05","0.08","0.9","0.0","2.96","0.9","2.66","2.76","2.76","0.0","0.0","64.1","114.49","502.92","251.46","438.82","388.43","0.0","","","","","","",""
"2015.0","10.0","18.0","291.0","6235.05","0.08","0.9","0.0","2.48","0.9","2.23","0.11","0.11","0.0","0.0","66.22","114.49","502.92","251.46","436.7","388.43","0.0","","","","","","",""
"2015.0","10.0","19.0","292.0","6235.05","0.08","0.9","0.0","2.63","0.9","2.37","0.0","0.0","0.0","0.0","68.59","114.49","502.92","251.46","434.33","388.43","0.0","","","","","","",""
"2015.0","10.0","20.0","293.0","6235.05","0.08","0.9","0.0","4.68","0.9","4.21","0.0","0.0","0.0","0.0","72.8","114.49","502.92","251.46","430.12","388.43","0.0","","","","","","",""
"2015.0","10.0","21.0","294.0","6235.05","0.08","0.9","0.0","3.66","0.9","3.29","0.0","0.0","0.0","0.0","76.1","114.49","502.92","251.46","426.83","388.43","0.0","","","","","","",""
"2015.0","10.0","22.0","295.0","6235.05","0.08","0.9","0.0","3.17","0.9","2.85","0.0","0.0","0.0","0.0","78.95","114.49","502.92","251.46","423.97","388.43","0.0","","","","","","",""
"2015.0","10.0","23.0","296.0","6235.05","0.08","0.9","0.0","2.61","0.9","2.35","0.0","0.0","0.0","0.0","81.3","114.49","502.92","251.46","421.62","388.43","0.0","","","","","","",""
"2015.0","10.0","24.0","297.0","6235.05","0.08","0.9","0.0","2.57","0.9","2.31","0.0","0.0","0.0","0.0","83.61","114.49","502.92","251.46","419.31","388.43","0.0","","","","","","",""
"2015.0","10.0","25.0","298.0","6235.05","0.08","0.9","0.0","3.42","0.9","3.08","0.0","0.0","0.0","0.0","86.69","114.49","502.92","251.46","416.23","388.43","0.0","","","","","","",""
"2015.0","10.0","26.0","299.0","6235.05","0.08","0.9","0.0","2.51","0.9","2.26","0.0","0.0","0.0","0.0","88.95","114.49","502.92","251.46","413.97","388.43","0.0","","","","","","",""
"2015.0","10.0","27.0","300.0","6235.05","0.08","0.9","0.0","2.19","0.9","1.97","0.0","0.0","0.0","0.0","90.92","114.49","502.92","251.46","412.0","388.43","0.0","","","","","","",""
"2015.0","10.0","28.0","301.0","6235.05","0.08","0.9","0.0","2.2","0.9","1.98","0.0","0.0","0.0","0.0","92.9","114.49","502.92","251.46","410.02","388.43","0.0","","","","","","",""
"2015.0","10.0","29.0","302.0","6235.05","0.08","0.9","0.0","4.44","0.9","4.0","0.0","0.0","0.0","0.0","96.89","114.49","502.92","251.46","406.03","388.43","0.0","","","","","","",""
"2015.0","10.0","30.0","303.0","6235.05","0.08","0.9","0.0","3.82","0.9","3.44","0.0","0.0","0.0","0.0","100.33","114.49","502.92","251.46","402.59","388.43","0.0","","","","","","",""
"2015.0","10.0","31.0","304.0","6235.05","0.08","0.9","0.0","3.38","0.9","3.04","0.0","0.0","0.0","0.0","103.37","114.49","502.92","251.46","399.55","388.43","0.0","","","","","","",""
"2015.0","11.0","1.0","305.0","6235.05","0.08","0.9","0.0","1.79","0.9","1.61","0.0","0.0","0.0","0.0","104.99","114.49","502.92","251.46","397.94","388.43","0.0","","","","","","",""
"2015.0","11.0","2.0","306.0","6235.05","1.17","0.9","0.0","1.2","1.17","1.41","9.97","9.97","0.0","0.0","96.42","114.49","502.92","251.46","406.5","388.43","0.0","","","","","","",""
"2015.0","11.0","3.0","307.0","6235.05","1.13","0.9","0.0","2.18","1.13","2.47","7.72","7.72","0.0","0.0","91.17","114.49","502.92","251.46","411.75","388.43","0.0","","","","","","",""
"2015.0","11.0","4.0","308.0","6235.05","1.11","0.9","0.0","3.08","1.11","3.43","0.0","0.0","0.0","0.0","94.6","114.49","502.92","251.46","408.32","388.43","0.0","","","","","","",""
"2015.0","11.0","5.0","309.0","6235.05","1.05","0.9","0.0","1.68","1.05","1.76","0.0","0.0","0.0","0.0","96.37","114.49","502.92","251.46","406.55","388.43","0.0","","","","","","",""
"2015.0","11.0","6.0","310.0","6235.05","0.93","0.9","0.0","1.86","0.93","1.73","0.0","0.0","0.0","0.0","98.1","114.49","502.92","251.46","404.82","388.43","0.0","","","","","","",""
"2015.0","11.0","7.0","311.0","6235.05","0.86","0.9","0.0","1.66","0.9","1.49","0.0","0.0","0.0","0.0","99.59","114.49","502.92","251.46","403.33","388.43","0.0","","","","","","",""
"2015.0","11.0","8.0","312.0","6235.05","0.82","0.9","0.0","1.14","0.9","1.03","0.0","0.0","0.0","0.0","100.62","114.49","502.92","251.46","402.3","388.43","0.0","","","","","","",""
"2015.0","11.0","9.0","313.0","6235.05","1.18","0.9","0.0","0.97","1.18","1.15","4.43","4.43","0.0","0.0","97.34","114.49","502.92","251.46","405.58","388.43","0.0","","","","","","",""
"2015.0","11.0","10.0","314.0","6235.05","1.17","0.9","0.0","1.29","1.17","1.51","10.75","10.75","0.0","0.0","88.09","114.49","502.92","251.46","414.83","388.43","0.0","","","","","","",""
"2015.0","11.0","11.0","315.0","6235.05","1.17","0.9","0.0","1.21","1.17","1.42","0.0","0.0","0.0","0.0","89.51","114.49","502.92","251.46","413.41","388.43","0.0","","","","","","",""
"2015.0","11.0","12.0","316.0","6235.05","1.17","0.9","0.0","1.37","1.17","1.6","0.0","0.0","0.0","0.0","91.11","114.49","502.92","251.46","411.81","388.43","0.0","","","","","","",""
"2015.0","11.0","13.0","317.0","6235.05","1.17","0.9","0.0","1.32","1.17","1.54","0.0","0.0","0.0","0.0","92.65","114.49","502.92","251.46","410.27","388.43","0.0","","","","","","",""
"2015.0","11.0","14.0","318.0","6235.05","1.1","0.9","0.0","1.34","1.1","1.47","0.0","0.0","0.0","0.0","94.12","114.49","502.92","251.46","408.8","388.43","0.0","","","","","","",""
"2015.0","11.0","15.0","319.0","6235.05","1.15","0.9","0.0","1.71","1.15","1.97","1.97","1.97","0.0","0.0","94.12","114.49","502.92","251.46","408.8","388.43","0.0","","","","","","",""
"2015.0","11.0","16.0","320.0","6235.05","1.12","0.9","0.0","2.6","1.12","2.9","3.43","3.43","0.0","0.0","93.59","114.49","502.92","251.46","409.33","388.43","0.0","","","","","","",""
"2015.0","11.0","17.0","321.0","6235.05","1.14","0.9","0.0","1.43","1.14","1.63","0.0","0.0","0.0","0.0","95.22","114.49","502.92","251.46","407.7","388.43","0.0","","","","","","",""
"2015.0","11.0","18.0","322.0","6235.05","1.15","0.9","0.0","1.3","1.15","1.49","0.0","0.0","0.0","0.0","96.72","114.49","502.92","251.46","406.2","388.43","0.0","","","","","","",""
"2015.0","11.0","19.0","323.0","6235.05","1.08","0.9","0.0","1.31","1.08","1.42","0.0","0.0","0.0","0.0","98.14","114.49","502.92","251.46","404.78","388.43","0.0","","","","","","",""
"2015.0","11.0","20.0","324.0","6235.05","0.97","0.9","0.0","1.65","0.97","1.6","0.0","0.0","0.0","0.0","99.74","114.49","502.92","251.46","403.18","388.43","0.0","","","","","","",""
"2015.0","11.0","21.0","325.0","6235.05","0.89","0.9","0.0","1.48","0.9","1.33","0.0","0.0","0.0","0.0","101.07","114.49","502.92","251.46","401.85","388.43","0.0","","","","","","",""
"2015.0","11.0","22.0","326.0","6235.05","0.84","0.9","0.0","1.31","0.9","1.18","0.0","0.0","0.0","0.0","102.25","114.49","502.92","251.46","400.67","388.43","0.0","","","","","","",""
"2015.0","11.0","23.0","327.0","6235.05","0.79","0.9","0.0","1.51","0.9","1.36","0.0","0.0","0.0","0.0","103.61","114.49","502.92","251.46","399.31","388.43","0.0","","","","","","",""
"2015.0","11.0","24.0","328.0","6235.05","0.75","0.9","0.0","1.36","0.9","1.22","0.0","0.0","0.0","0.0","104.83","114.49","502.92","251.46","398.09","388.43","0.0","","","","","","",""
"2015.0","11.0","25.0","329.0","6235.05","0.72","0.9","0.0","1.02","0.9","0.92","1.19","1.19","0.0","0.0","104.56","114.49","502.92","251.46","398.36","388.43","0.0","","","","","","",""
"2015.0","11.0","26.0","330.0","6235.05","0.68","0.9","0.0","1.78","0.9","1.6","0.0","0.0","0.0","0.0","106.16","114.49","502.92","251.46","396.76","388.43","0.0","","","","","","",""
"2015.0","11.0","27.0","331.0","6235.05","0.64","0.9","0.0","2.51","0.9","2.26","0.0","0.0","0.0","0.0","108.42","114.49","502.92","251.46","394.5","388.43","0.0","","","","","","",""
"2015.0","11.0","28.0","332.0","6235.05","0.61","0.9","0.0","1.67","0.9","1.5","0.0","0.0","0.0","0.0","109.92","114.49","502.92","251.46","393.0","388.43","0.0","","","","","","",""
"2015.0","11.0","29.0","333.0","6235.05","0.59","0.9","0.0","1.37","0.9","1.23","0.0","0.0","0.0","0.0","111.16","114.49","502.92","251.46","391.76","388.43","0.0","","","","","","",""
"2015.0","11.0","30.0","334.0","6235.05","0.58","0.9","0.0","1.02","0.9","0.92","0.0","0.0","0.0","0.0","112.08","114.49","502.92","251.46","390.84","388.43","0.0","","","","","","",""
"2015.0","12.0","1.0","335.0","6235.05","0.57","0.9","0.0","1.17","0.9","1.05","0.0","0.0","0.0","0.0","113.13","114.49","502.92","251.46","389.79","388.43","0.0","","","","","","",""
"2015.0","12.0","2.0","336.0","6235.05","0.55","0.9","0.0","1.11","0.9","1.0","0.0","0.0","0.0","0.0","114.13","114.49","502.92","251.46","388.79","388.43","0.0","","","","","","",""
"2015.0","12.0","3.0","337.0","6235.05","0.54","0.9","0.0","1.12","0.9","1.01","0.0","0.0","0.0","0.0","0.0","114.49","502.92","251.46","502.92","388.43","115.14","","","","","","",""
"2015.0","12.0","4.0","338.0","6235.05","1.18","0.9","0.0","1.01","1.18","1.19","7.54","1.19","0.0","0.0","0.0","114.49","502.92","251.46","502.92","388.43","0.0","","","","","","",""
"2015.0","12.0","5.0","339.0","6235.05","1.18","0.9","0.0","0.76","1.18","0.9","0.0","0.0","0.0","0.0","0.9","114.49","502.92","251.46","502.02","388.43","0.0","","","","","","",""
"2015.0","12.0","6.0","340.0","6235.05","1.18","0.9","0.0","1.18","1.18","1.39","0.01","0.01","0.0","0.0","2.28","114.49","502.92","251.46","500.64","388.43","0.0","","","","","","",""
"2015.0","12.0","7.0","341.0","6235.05","1.18","0.9","0.0","0.9","1.18","1.06","0.04","0.04","0.0","0.0","3.31","114.49","502.92","251.46","499.61","388.43","0.0","","","","","","",""
"2015.0","12.0","8.0","342.0","6235.05","1.18","0.9","0.0","0.55","1.18","0.65","0.0","0.0","0.0","0.0","3.96","114.49","502.92","251.46","498.96","388.43","0.0","","","","","","",""
"2015.0","12.0","9.0","343.0","6235.05","1.18","0.9","0.0","0.9","1.18","1.07","0.0","0.0","0.0","0.0","5.02","114.49","502.92","251.46","497.9","388.43","0.0","","","","","","",""
"2015.0","12.0","10.0","344.0","6235.05","1.17","0.9","0.0","1.37","1.17","1.6","1.73","1.73","0.0","0.0","4.89","114.49","502.92","251.46","498.03","388.43","0.0","","","","","","",""
"2015.0","12.0","11.0","345.0","6235.05","1.18","0.9","0.0","1.05","1.18","1.24","3.37","3.37","0.0","0.0","2.76","114.49","502.92","251.46","500.16","388.43","0.0","","","","","","",""
"2015.0","12.0","12.0","346.0","6235.05","1.18","0.9","0.0","0.81","1.18","0.96","0.03","0.03","0.0","0.0","3.69","114.49","502.92","251.46","499.23","388.43","0.0","","","","","","",""
"2015.0","12.0","13.0","347.0","6235.05","1.18","0.9","0.0","1.24","1.18","1.46","0.0","0.0","0.0","0.0","5.15","114.49","502.92","251.46","497.77","388.43","0.0","","","","","","",""
"2015.0","12.0","14.0","348.0","6235.05","1.16","0.9","0.0","1.53","1.16","1.77","10.75","6.92","0.0","0.0","0.0","114.49","502.92","251.46","502.92","388.43","0.0","","","","","","",""
"2015.0","12.0","15.0","349.0","6235.05","1.15","0.9","0.0","2.03","1.15","2.33","0.0","0.0","0.0","0.0","2.33","114.49","502.92","251.46","500.59","388.43","0.0","","","","","","",""
"2015.0","12.0","16.0","350.0","6235.05","1.16","0.9","0.0","0.85","1.16","0.99","0.0","0.0","0.0","0.0","3.32","114.49","502.92","251.46","499.6","388.43","0.0","","","","","","",""
"2015.0","12.0","17.0","351.0","6235.05","1.17","0.9","0.0","0.95","1.17","1.11","0.0","0.0","0.0","0.0","4.43","114.49","502.92","251.46","498.49","388.43","0.0","","","","","","",""
"2015.0","12.0","18.0","352.0","6235.05","1.1","0.9","0.0","1.16","1.1","1.28","0.0","0.0","0.0","0.0","5.7","114.49","502.92","251.46","497.22","388.43","0.0","","","","","","",""
"2015.0","12.0","19.0","353.0","6235.05","1.19","0.9","0.0","0.67","1.19","0.8","9.68","6.5","0.0","0.0","0.0","114.49","502.92","251.46","502.92","388.43","0.0","","","","","","",""
"2015.0","12.0","20.0","354.0","6235.05","1.2","0.9","0.0","0.56","1.2","0.67","0.44","0.44","0.0","0.0","0.23","114.49","502.92","251.46","502.69","388.43","0.0","","","","","","",""
"2015.0","12.0","21.0","355.0","6235.05","1.2","0.9","0.0","0.58","1.2","0.69","5.03","0.92","0.0","0.0","0.0","114.49","502.92","251.46","502.92","388.43","0.0","","","","","","",""
"2015.0","12.0","22.0","356.0","6235.05","1.18","0.9","0.0","1.08","1.18","1.27","4.97","1.27","0.0","0.0","0.0","114.49","502.92","251.46","502.92","388.43","0.0","","","","","","",""
"2015.0","12.0","23.0","357.0","6235.05","1.17","0.9","0.0","1.27","1.17","1.49","0.0","0.0","0.0","0.0","1.49","114.49","502.92","251.46","501.43","388.43","0.0","","","","","","",""
"2015.0","12.0","24.0","358.0","6235.05","1.18","0.9","0.0","1.0","1.18","1.18","0.1","0.1","0.0","0.0","2.57","114.49","502.92","251.46","500.35","388.43","0.0","","","","","","",""
"2015.0","12.0","25.0","359.0","6235.05","1.18","0.9","0.0","0.85","1.18","1.0","1.02","1.02","0.0","0.0","2.55","114.49","502.92","251.46","500.37","388.43","0.0","","","","","","",""
"2015.0","12.0","26.0","360.0","6235.05","1.17","0.9","0.0","1.56","1.17","1.83","0.0","0.0","0.0","0.0","4.38","114.49","502.92","251.46","498.54","388.43","0.0","","","","","","",""
"2015.0","12.0","27.0","361.0","6235.05","1.12","0.9","0.0","0.58","1.12","0.65","0.0","0.0","0.0","0.0","5.03","114.49","502.92","251.46","497.89","388.43","0.0","","","","","","",""
"2015.0","12.0","28.0","362.0","6235.05","1.06","0.9","0.0","0.73","1.06","0.78","0.59","0.59","0.0","0.0","5.21","114.49","502.92","251.46","497.71","388.43","0.0","","","","","","",""
"2015.0","12.0","29.0","363.0","6235.05","1.0","0.9","0.0","0.94","1.0","0.94","0.0","0.0","0.0","0.0","6.15","114.49","502.92","251.46","496.77","388.43","0.0","","","","","","",""
"2015.0","12.0","30.0","364.0","6235.05","0.95","0.9","0.0","0.78","0.95","0.74","0.0","0.0","0.0","0.0","6.89","114.49","502.92","251.46","496.03","388.43","0.0","","","","","","",""
"2015.0","12.0","31.0","365.0","6235.05","0.9","0.9","0.0","1.09","0.9","0.98","0.0","0.0","0.0","0.0","7.88","114.49","502.92","251.46","495.04","388.43","0.0","","","","","","",""
"2016.0","1.0","1.0","1.0","6235.05","0.84","0.9","0.0","1.45","0.9","1.31","0.0","0.0","0.0","0.0","9.18","112.89","502.92","251.46","493.74","390.03","0.0","","","","","","",""
"2016.0","1.0","2.0","2.0","6235.05","0.8","0.9","0.0","1.22","0.9","1.1","0.0","0.0","0.0","0.0","10.28","112.89","502.92","251.46","492.64","390.03","0.0","","","","","","",""
"2016.0","1.0","3.0","3.0","6235.05","0.76","0.9","0.0","1.21","0.9","1.09","0.0","0.0","0.0","0.0","11.37","112.89","502.92","251.46","491.55","390.03","0.0","","","","","","",""
"2016.0","1.0","4.0","4.0","6235.05","0.74","0.9","0.0","0.87","0.9","0.78","0.17","0.17","0.0","0.0","11.98","112.89","502.92","251.46","490.94","390.03","0.0","","","","","","",""
"2016.0","1.0","5.0","5.0","6235.05","1.19","0.9","0.0","0.85","1.19","1.01","18.14","12.99","0.0","0.0","0.0","112.89","502.92","251.46","502.92","390.03","0.0","","","","","","",""
"2016.0","1.0","6.0","6.0","6235.05","1.19","0.9","0.0","0.82","1.19","0.97","14.82","0.97","0.0","0.0","0.0","112.89","502.92","251.46","502.92","390.03","0.0","","","","","","",""
"2016.0","1.0","7.0","7.0","6235.05","1.2","0.9","0.0","0.59","1.2","0.71","15.26","0.71","0.0","0.0","0.0","112.89","502.92","251.46","502.92","390.03","0.0","","","","","","",""
"2016.0","1.0","8.0","8.0","6235.05","1.2","0.9","0.0","0.63","1.2","0.75","0.09","0.09","0.0","0.0","0.66","112.89","502.92","251.46","502.26","390.03","0.0","","","","","","",""
"2016.0","1.0","9.0","9.0","6235.05","1.19","0.9","0.0","0.8","1.19","0.95","2.34","1.61","0.0","0.0","0.0","112.89","502.92","251.46","502.92","390.03","0.0","","","","","","",""
"2016.0","1.0","10.0","10.0","6235.05","1.18","0.9","0.0","0.91","1.18","1.08","1.28","1.08","0.0","0.0","0.0","112.89","502.92","251.46","502.92","390.03","0.0","","","","","","",""
"2016.0","1.0","11.0","11.0","6235.05","1.18","0.9","0.0","0.98","1.18","1.16","0.0","0.0","0.0","0.0","1.16","112.89","502.92","251.46","501.76","390.03","0.0","","","","","","",""
"2016.0","1.0","12.0","12.0","6235.05","1.18","0.9","0.0","0.99","1.18","1.17","0.0","0.0","0.0","0.0","2.33","112.89","502.92","251.46","500.59","390.03","0.0","","","","","","",""
"2016.0","1.0","13.0","13.0","6235.05","1.17","0.9","0.0","1.36","1.17","1.59","5.0","3.91","0.0","0.0","0.0","112.89","502.92","251.46","502.92","390.03","0.0","","","","","","",""
"2016.0","1.0","14.0","14.0","6235.05","1.19","0.9","0.0","0.66","1.19","0.79","2.42","0.79","0.0","0.0","0.0","112.89","502.92","251.46","502.92","390.03","0.0","","","","","","",""
"2016.0","1.0","15.0","15.0","6235.05","1.19","0.9","0.0","0.78","1.19","0.93","2.88","0.93","0.0","0.0","0.0","112.89","502.92","251.46","502.92","390.03","0.0","","","","","","",""
"2016.0","1.0","16.0","16.0","6235.05","1.19","0.9","0.0","0.8","1.19","0.95","6.95","0.95","0.0","0.0","0.0","112.89","502.92","251.46","502.92","390.03","0.0","","","","","","",""
"2016.0","1.0","17.0","17.0","6235.05","1.19","0.9","0.0","0.82","1.19","0.97","1.13","0.97","0.0","0.0","0.0","112.89","502.92","251.46","502.92","390.03","0.0","","","","","","",""
"2016.0","1.0","18.0","18.0","6235.05","1.17","0.9","0.0","1.18","1.17","1.38","28.31","1.38","0.0","0.0","0.0","112.89","502.92","251.46","502.92","390.03","0.0","","","","","","",""
"2016.0","1.0","19.0","19.0","6235.05","1.17","0.9","0.0","1.31","1.17","1.53","4.94","1.53","0.0","0.0","0.0","112.89","502.92","251.46","502.92","390.03","0.0","","","","","","",""
"2016.0","1.0","20.0","20.0","6235.05","1.18","0.9","0.0","1.02","1.18","1.2","18.57","1.2","0.0","0.0","0.0","112.89","502.92","251.46","502.92","390.03","0.0","","","","","","",""
"2016.0","1.0","21.0","21.0","6235.05","1.18","0.9","0.0","1.12","1.18","1.32","0.0","0.0","0.0","0.0","1.32","112.89","502.92","251.46","501.6","390.03","0.0","","","","","","",""
"2016.0","1.0","22.0","22.0","6235.05","1.18","0.9","0.0","1.16","1.18","1.36","1.05","1.05","0.0","0.0","1.63","112.89","502.92","251.46","501.29","390.03","0.0","","","","","","",""
"2016.0","1.0","23.0","23.0","6235.05","1.16","0.9","0.0","1.42","1.16","1.65","10.72","3.28","0.0","0.0","0.0","112.89","502.92","251.46","502.92","390.03","0.0","","","","","","",""
"2016.0","1.0","24.0","24.0","6235.05","1.18","0.9","0.0","1.08","1.18","1.27","1.54","1.27","0.0","0.0","0.0","112.89","502.92","251.46","502.92","390.03","0.0","","","","","","",""
"2016.0","1.0","25.0","25.0","6235.05","1.17","0.9","0.0","1.21","1.17","1.42","0.4","0.4","0.0","0.0","1.02","112.89","502.92","251.46","501.9","390.03","0.0","","","","","","",""
"2016.0","1.0","26.0","26.0","6235.05","1.18","0.9","0.0","1.01","1.18","1.19","0.0","0.0","0.0","0.0","2.21","112.89","502.92","251.46","500.71","390.03","0.0","","","","","","",""
"2016.0","1.0","27.0","27.0","6235.05","1.17","0.9","0.0","1.4","1.17","1.64","0.0","0.0","0.0","0.0","3.85","112.89","502.92","251.46","499.07","390.03","0.0","","","","","","",""
"2016.0","1.0","28.0","28.0","6235.05","1.18","0.9","0.0","0.89","1.18","1.05","0.0","0.0","0.0","0.0","4.9","112.89","502.92","251.46","498.02","390.03","0.0","","","","","","",""
"2016.0","1.0","29.0","29.0","6235.05","1.1","0.9","0.0","1.03","1.1","1.13","0.29","0.29","0.0","0.0","5.74","112.89","502.92","251.46","497.18","390.03","0.0","","","","","","",""
"2016.0","1.0","30.0","30.0","6235.05","1.16","0.9","0.0","1.51","1.16","1.75","5.98","5.98","0.0","0.0","1.51","112.89","502.92","251.46","501.41","390.03","0.0","","","","","","",""
"2016.0","1.0","31.0","31.0","6235.05","1.14","0.9","0.0","2.42","1.14","2.76","0.0","0.0","0.0","0.0","4.27","112.89","502.92","251.46","498.65","390.03","0.0","","","","","","",""
"2016.0","2.0","1.0","32.0","6235.05","1.08","0.9","0.0","2.58","1.08","2.8","0.0","0.0","0.0","0.0","7.07","112.89","502.92","251.46","495.85","390.03","0.0","","","","","","",""
"2016.0","2.0","2.0","33.0","6235.05","1.01","0.9","0.0","1.06","1.01","1.07","0.0","0.0","0.0","0.0","8.14","112.89","502.92","251.46","494.78","390.03","0.0","","","","","","",""
"2016.0","2.0","3.0","34.0","6235.05","0.95","0.9","0.0","1.04","0.95","0.99","0.84","0.84","0.0","0.0","8.29","112.89","502.92","251.46","494.63","390.03","0.0","","","","","","",""
"2016.0","2.0","4.0","35.0","6235.05","0.88","0.9","0.0","1.53","0.9","1.38","0.02","0.02","0.0","0.0","9.64","112.89","502.92","251.46","493.28","390.03","0.0","","","","","","",""
"2016.0","2.0","5.0","36.0","6235.05","0.82","0.9","0.0","1.39","0.9","1.25","0.0","0.0","0.0","0.0","10.9","112.89","502.92","251.46","492.02","390.03","0.0","","","","","","",""
"2016.0","2.0","6.0","37.0","6235.05","0.77","0.9","0.0","1.63","0.9","1.47","0.0","0.0","0.0","0.0","12.36","112.89","502.92","251.46","490.56","390.03","0.0","","","","","","",""
"2016.0","2.0","7.0","38.0","6235.05","0.72","0.9","0.0","1.96","0.9","1.76","0.0","0.0","0.0","0.0","14.13","112.89","502.92","251.46","488.79","390.03","0.0","","","","","","",""
"2016.0","2.0","8.0","39.0","6235.05","0.67","0.9","0.0","2.08","0.9","1.87","0.0","0.0","0.0","0.0","16.0","112.89","502.92","251.46","486.92","390.03","0.0","","","","","","",""
"2016.0","2.0","9.0","40.0","6235.05","0.64","0.9","0.0","1.96","0.9","1.76","0.0","0.0","0.0","0.0","17.76","112.89","502.92","251.46","485.16","390.03","0.0","","","","","","",""
"2016.0","2.0","10.0","41.0","6235.05","0.61","0.9","0.0","1.91","0.9","1.72","0.0","0.0","0.0","0.0","19.48","112.89","502.92","251.46","483.44","390.03","0.0","","","","","","",""
"2016.0","2.0","11.0","42.0","6235.05","0.58","0.9","0.0","1.76","0.9","1.58","0.0","0.0","0.0","0.0","21.07","112.89","502.92","251.46","481.85","390.03","0.0","","","","","","",""
"2016.0","2.0","12.0","43.0","6235.05","0.56","0.9","0.0","1.83","0.9","1.65","0.0","0.0","0.0","0.0","22.71","112.89","502.92","251.46","480.21","390.03","0.0","","","","","","",""
"2016.0","2.0","13.0","44.0","6235.05","0.54","0.9","0.0","2.35","0.9","2.12","0.0","0.0","0.0","0.0","24.83","112.89","502.92","251.46","478.09","390.03","0.0","","","","","","",""
"2016.0","2.0","14.0","45.0","6235.05","0.51","0.9","0.0","3.22","0.9","2.9","0.0","0.0","0.0","0.0","27.73","112.89","502.92","251.46","475.19","390.03","0.0","","","","","","",""
"2016.0","2.0","15.0","46.0","6235.05","0.48","0.9","0.0","2.64","0.9","2.38","0.0","0.0","0.0","0.0","30.1","112.89","502.92","251.46","472.82","390.03","0.0","","","","","","",""
"2016.0","2.0","16.0","47.0","6235.05","0.47","0.9","0.0","2.1","0.9","1.89","0.0","0.0","0.0","0.0","31.99","112.89","502.92","251.46","470.93","390.03","0.0","","","","","","",""
"2016.0","2.0","17.0","48.0","6235.05","0.45","0.9","0.0","2.65","0.9","2.39","0.0","0.0","0.0","0.0","34.38","112.89","502.92","251.46","468.54","390.03","0.0","","","","","","",""
"2016.0","2.0","18.0","49.0","6235.05","1.15","0.9","0.0","1.85","1.15","2.12","13.67","13.67","0.0","0.0","22.83","112.89","502.92","251.46","480.09","390.03","0.0","","","","","","",""
"2016.0","2.0","19.0","50.0","6235.05","1.16","0.9","0.0","1.55","1.16","1.79","3.73","3.73","0.0","0.0","20.89","112.89","502.92","251.46","482.03","390.03","0.0","","","","","","",""
"2016.0","2.0","20.0","51.0","6235.05","1.15","0.9","0.0","1.81","1.15","2.09","0.24","0.24","0.0","0.0","22.74","112.89","502.92","251.46","480.18","390.03","0.0","","","","","","",""
"2016.0","2.0","21.0","52.0","6235.05","1.15","0.9","0.0","1.96","1.15","2.25","0.0","0.0","0.0","0.0","24.99","112.89","502.92","251.46","477.93","390.03","0.0","","","","","","",""
"2016.0","2.0","22.0","53.0","6235.05","0.98","0.9","0.0","2.76","0.98","2.69","0.0","0.0","0.0","0.0","27.68","112.89","502.92","251.46","475.24","390.03","0.0","","","","","","",""
"2016.0","2.0","23.0","54.0","6235.05","0.86","0.9","0.0","2.38","0.9","2.14","0.0","0.0","0.0","0.0","29.83","112.89","502.92","251.46","473.09","390.03","0.0","","","","","","",""
"2016.0","2.0","24.0","55.0","6235.05","0.78","0.9","0.0","2.23","0.9","2.01","0.0","0.0","0.0","0.0","31.83","112.89","502.92","251.46","471.09","390.03","0.0","","","","","","",""
"2016.0","2.0","25.0","56.0","6235.05","0.71","0.9","0.0","2.35","0.9","2.12","0.0","0.0","0.0","0.0","33.95","112.89","502.92","251.46","468.97","390.03","0.0","","","","","","",""
"2016.0","2.0","26.0","57.0","6235.05","0.66","0.9","0.0","2.38","0.9","2.14","0.0","0.0","0.0","0.0","36.09","112.89","502.92","251.46","466.83","390.03","0.0","","","","","","",""
"2016.0","2.0","27.0","58.0","6235.05","0.63","0.9","0.0","2.08","0.9","1.87","0.0","0.0","0.0","0.0","37.96","112.89","502.92","251.46","464.96","390.03","0.0","","","","","","",""
"2016.0","2.0","28.0","59.0","6235.05","0.6","0.9","0.0","2.1","0.9","1.89","0.0","0.0","0.0","0.0","39.85","112.89","502.92","251.46","463.07","390.03","0.0","","","","","","",""
"2016.0","2.0","29.0","60.0","6235.05","0.56","0.9","0.0","2.69","0.9","2.42","0.0","0.0","0.0","0.0","42.27","112.89","502.92","251.46","460.65","390.03","0.0","","","","","","",""
"2016.0","3.0","1.0","61.0","6235.05","0.53","0.9","0.0","3.02","0.9","2.72","0.0","0.0","0.0","0.0","44.99","112.89","502.92","251.46","457.93","390.03","0.0","","","","","","",""
"2016.0","3.0","2.0","62.0","6235.05","0.5","0.9","0.0","2.66","0.9","2.39","0.0","0.0","0.0","0.0","47.39","112.89","502.92","251.46","455.53","390.03","0.0","","","","","","",""
"2016.0","3.0","3.0","63.0","6235.05","0.49","0.9","0.0","1.77","0.9","1.59","0.0","0.0","0.0","0.0","48.98","112.89","502.92","251.46","453.94","390.03","0.0","","","","","","",""
"2016.0","3.0","4.0","64.0","6235.05","0.48","0.9","0.0","1.55","0.9","1.4","0.14","0.14","0.0","0.0","50.23","112.89","502.92","251.46","452.69","390.03","0.0","","","","","","",""
"2016.0","3.0","5.0","65.0","6235.05","1.17","0.9","0.0","1.23","1.17","1.44","16.2","16.2","0.0","0.0","35.47","112.89","502.92","251.46","467.45","390.03","0.0","","","","","","",""
"2016.0","3.0","6.0","66.0","6235.05","1.13","0.9","0.0","2.17","1.13","2.46","38.99","37.93","0.0","0.0","0.0","112.89","502.92","251.46","502.92","390.03","0.0","","","","","","",""
"2016.0","3.0","7.0","67.0","6235.05","1.16","0.9","0.0","1.57","1.16","1.82","13.12","1.82","0.0","0.0","0.0","112.89","502.92","251.46","502.92","390.03","0.0","","","","","","",""
"2016.0","3.0","8.0","68.0","6235.05","1.15","0.9","0.0","1.76","1.15","2.02","2.77","2.02","0.0","0.0","0.0","112.89","502.92","251.46","502.92","390.03","0.0","","","","","","",""
"2016.0","3.0","9.0","69.0","6235.05","1.15","0.9","0.0","1.86","1.15","2.13","0.0","0.0","0.0","0.0","2.13","112.89","502.92","251.46","500.79","390.03","0.0","","","","","","",""
"2016.0","3.0","10.0","70.0","6235.05","1.15","0.9","0.0","1.4","1.15","1.61","0.02","0.02","0.0","0.0","3.73","112.89","502.92","251.46","499.19","390.03","0.0","","","","","","",""
"2016.0","3.0","11.0","71.0","6235.05","1.16","0.9","0.0","1.47","1.16","1.71","14.58","5.44","0.0","0.0","0.0","112.89","502.92","251.46","502.92","390.03","0.0","","","","","","",""
"2016.0","3.0","12.0","72.0","6235.05","1.16","0.9","0.0","1.54","1.16","1.78","12.59","1.78","0.0","0.0","0.0","112.89","502.92","251.46","502.92","390.03","0.0","","","","","","",""
"2016.0","3.0","13.0","73.0","6235.05","1.17","0.9","0.0","1.15","1.17","1.35","14.06","1.35","0.0","0.0","0.0","112.89","502.92","251.46","502.92","390.03","0.0","","","","","","",""
"2016.0","3.0","14.0","74.0","6235.05","1.12","0.9","0.0","2.55","1.12","2.85","12.93","2.85","0.0","0.0","0.0","112.89","502.92","251.46","502.92","390.03","0.0","","","","","","",""
"2016.0","3.0","15.0","75.0","6235.05","1.11","0.9","0.0","3.07","1.11","3.4","0.0","0.0","0.0","0.0","3.4","112.89","502.92","251.46","499.52","390.03","0.0","","","","","","",""
"2016.0","3.0","16.0","76.0","6235.05","0.92","0.9","0.0","3.12","0.92","2.88","0.0","0.0","0.0","0.0","6.28","112.89","502.92","251.46","496.64","390.03","0.0","","","","","","",""
"2016.0","3.0","17.0","77.0","6235.05","0.79","0.9","0.0","3.16","0.9","2.84","0.0","0.0","0.0","0.0","9.13","112.89","502.92","251.46","493.79","390.03","0.0","","","","","","",""
"2016.0","3.0","18.0","78.0","6235.05","0.7","0.9","0.0","3.19","0.9","2.87","0.0","0.0","0.0","0.0","12.0","112.89","502.92","251.46","490.92","390.03","0.0","","","","","","",""
"2016.0","3.0","19.0","79.0","6235.05","0.64","0.9","0.0","3.17","0.9","2.85","0.0","0.0","0.0","0.0","14.85","112.89","502.92","251.46","488.07","390.03","0.0","","","","","","",""
"2016.0","3.0","20.0","80.0","6235.05","0.6","0.9","0.0","2.2","0.9","1.98","0.0","0.0","0.0","0.0","16.83","112.89","502.92","251.46","486.09","390.03","0.0","","","","","","",""
"2016.0","3.0","21.0","81.0","6235.05","0.57","0.9","0.0","2.32","0.9","2.09","1.54","1.54","0.0","0.0","17.38","112.89","502.92","251.46","485.54","390.03","0.0","","","","","","",""
"2016.0","3.0","22.0","82.0","6235.05","0.54","0.9","0.0","2.92","0.9","2.63","1.83","1.83","0.0","0.0","18.18","112.89","502.92","251.46","484.74","390.03","0.0","","","","","","",""
"2016.0","3.0","23.0","83.0","6235.05","0.51","0.9","0.0","3.36","0.9","3.02","0.0","0.0","0.0","0.0","21.2","112.89","502.92","251.46","481.72","390.03","0.0","","","","","","",""
"2016.0","3.0","24.0","84.0","6235.05","0.48","0.9","0.0","3.2","0.9","2.88","0.0","0.0","0.0","0.0","24.08","112.89","502.92","251.46","478.84","390.03","0.0","","","","","","",""
"2016.0","3.0","25.0","85.0","6235.05","0.45","0.9","0.0","3.71","0.9","3.34","0.0","0.0","0.0","0.0","27.42","112.89","502.92","251.46","475.5","390.03","0.0","","","","","","",""
"2016.0","3.0","26.0","86.0","6235.05","0.43","0.9","0.0","4.47","0.9","4.02","0.0","0.0","0.0","0.0","31.44","112.89","502.92","251.46","471.48","390.03","0.0","","","","","","",""
"2016.0","3.0","27.0","87.0","6235.05","0.41","0.9","0.0","3.43","0.9","3.09","0.0","0.0","0.0","0.0","34.53","112.89","502.92","251.46","468.39","390.03","0.0","","","","","","",""
"2016.0","3.0","28.0","88.0","6235.05","0.39","0.9","0.0","3.53","0.9","3.18","0.0","0.0","0.0","0.0","37.71","112.89","502.92","251.46","465.21","390.03","0.0","","","","","","",""
"2016.0","3.0","29.0","89.0","6235.05","0.38","0.9","0.0","3.82","0.9","3.44","0.0","0.0","0.0","0.0","41.14","112.89","502.92","251.46","461.78","390.03","0.0","","","","","","",""
"2016.0","3.0","30.0","90.0","6235.05","0.37","0.9","0.0","3.64","0.9","3.28","0.0","0.0","0.0","0.0","44.42","112.89","502.92","251.46","458.5","390.03","0.0","","","","","","",""
"2016.0","3.0","31.0","91.0","6235.05","0.35","0.9","0.0","3.78","0.9","3.4","0.0","0.0","0.0","0.0","47.82","112.89","502.92","251.46","455.1","390.03","0.0","","","","","","",""
"2016.0","4.0","1.0","92.0","6235.05","0.34","0.9","0.0","3.67","0.9","3.3","0.0","0.0","0.0","0.0","51.13","112.89","502.92","251.46","451.79","390.03","0.0","","","","","","",""
"2016.0","4.0","2.0","93.0","6235.05","0.33","0.9","0.0","3.74","0.9","3.37","0.0","0.0","0.0","0.0","54.49","112.89","502.92","251.46","448.43","390.03","0.0","","","","","","",""
"2016.0","4.0","3.0","94.0","6235.05","0.32","0.9","0.0","4.08","0.9","3.67","0.0","0.0","0.0","0.0","58.16","112.89","502.92","251.46","444.76","390.03","0.0","","","","","","",""
"2016.0","4.0","4.0","95.0","6235.05","0.31","0.9","0.0","4.22","0.9","3.8","0.0","0.0","0.0","0.0","61.96","112.89","502.92","251.46","440.96","390.03","0.0","","","","","","",""
"2016.0","4.0","5.0","96.0","6235.05","0.3","0.9","0.0","5.72","0.9","5.15","0.0","0.0","0.0","0.0","67.11","112.89","502.92","251.46","435.81","390.03","0.0","","","","","","",""
"2016.0","4.0","6.0","97.0","6235.05","0.29","0.9","0.0","4.95","0.9","4.46","0.0","0.0","0.0","0.0","71.56","112.89","502.92","251.46","431.36","390.03","0.0","","","","","","",""
"2016.0","4.0","7.0","98.0","6235.05","0.29","0.9","0.0","4.34","0.9","3.91","0.0","0.0","0.0","0.0","75.47","112.89","502.92","251.46","427.45","390.03","0.0","","","","","","",""
"2016.0","4.0","8.0","99.0","6235.05","0.28","0.9","0.0","3.63","0.9","3.27","0.0","0.0","0.0","0.0","78.74","112.89","502.92","251.46","424.18","390.03","0.0","","","","","","",""
"2016.0","4.0","9.0","100.0","6235.05","0.28","0.9","0.0","1.42","0.9","1.28","1.32","1.32","0.0","0.0","78.7","112.89","502.92","251.46","424.22","390.03","0.0","","","","","","",""
"2016.0","4.0","10.0","101.0","6235.05","1.13","0.9","0.0","2.26","1.13","2.55","9.35","9.35","0.0","0.0","71.9","112.89","502.92","251.46","431.02","390.03","0.0","","","","","","",""
"2016.0","4.0","11.0","102.0","6235.05","1.11","0.9","0.0","3.33","1.11","3.69","0.43","0.43","0.0","0.0","75.16","112.89","502.92","251.46","427.76","390.03","0.0","","","","","","",""
"2016.0","4.0","12.0","103.0","6235.05","0.9","0.9","0.0","3.61","0.9","3.25","0.0","0.0","0.0","0.0","78.41","112.89","502.92","251.46","424.51","390.03","0.0","","","","","","",""
"2016.0","4.0","13.0","104.0","6235.05","0.74","0.9","0.0","4.28","0.9","3.85","0.0","0.0","0.0","0.0","82.26","112.89","502.92","251.46","420.66","390.03","0.0","","","","","","",""
"2016.0","4.0","14.0","105.0","6235.05","0.65","0.9","0.0","4.01","0.9","3.61","0.67","0.67","0.0","0.0","85.2","112.89","502.92","251.46","417.72","390.03","0.0","","","","","","",""
"2016.0","4.0","15.0","106.0","6235.05","0.56","0.9","0.0","5.41","0.9","4.87","0.0","0.0","0.0","0.0","90.07","112.89","502.92","251.46","412.85","390.03","0.0","","","","","","",""
"2016.0","4.0","16.0","107.0","6235.05","0.5","0.9","0.0","5.5","0.9","4.95","0.0","0.0","0.0","0.0","95.02","112.89","502.92","251.46","407.9","390.03","0.0","","","","","","",""
"2016.0","4.0","17.0","108.0","6235.05","0.46","0.9","0.0","4.75","0.9","4.28","0.0","0.0","0.0","0.0","99.29","112.89","502.92","251.46","403.63","390.03","0.0","","","","","","",""
"2016.0","4.0","18.0","109.0","6235.05","0.43","0.9","0.0","5.12","0.9","4.61","0.0","0.0","0.0","0.0","103.9","112.89","502.92","251.46","399.02","390.03","0.0","","","","","","",""
"2016.0","4.0","19.0","110.0","6235.05","0.4","0.9","0.0","5.07","0.9","4.56","0.0","0.0","0.0","0.0","108.46","112.89","502.92","251.46","394.46","390.03","0.0","","","","","","",""
"2016.0","4.0","20.0","111.0","6235.05","0.38","0.9","0.0","5.26","0.9","4.73","0.0","0.0","0.0","0.0","0.0","112.89","502.92","251.46","502.92","390.03","113.2","","","","","","",""
"2016.0","4.0","21.0","112.0","6235.05","0.37","0.9","0.0","3.95","0.9","3.56","0.0","0.0","0.0","0.0","3.56","112.89","502.92","251.46","499.37","390.03","0.0","","","","","","",""
"2016.0","4.0","22.0","113.0","6235.05","0.36","0.9","0.0","2.78","0.9","2.5","0.28","0.28","0.0","0.0","5.78","112.89","502.92","251.46","497.14","390.03","0.0","","","","","","",""
"2016.0","4.0","23.0","114.0","6235.05","1.06","0.9","0.0","3.98","1.06","4.22","6.11","6.11","0.0","0.0","3.89","112.89","502.92","251.46","499.03","390.03","0.0","","","","","","",""
"2016.0","4.0","24.0","115.0","6235.05","0.92","0.9","0.0","4.44","0.92","4.08","0.0","0.0","0.0","0.0","7.97","112.89","502.92","251.46","494.95","390.03","0.0","","","","","","",""
"2016.0","4.0","25.0","116.0","6235.05","0.71","0.9","0.0","5.39","0.9","4.85","0.0","0.0","0.0","0.0","12.82","112.89","502.92","251.46","490.1","390.03","0.0","","","","","","",""
"2016.0","4.0","26.0","117.0","6235.05","0.62","0.9","0.0","4.58","0.9","4.12","0.0","0.0","0.0","0.0","16.94","112.89","502.92","251.46","485.98","390.03","0.0","","","","","","",""
"2016.0","4.0","27.0","118.0","6235.05","0.57","0.9","0.0","3.62","0.9","3.26","0.0","0.0","0.0","0.0","20.2","112.89","502.92","251.46","482.72","390.03","0.0","","","","","","",""
"2016.0","4.0","28.0","119.0","6235.05","0.5","0.9","0.0","5.82","0.9","5.24","4.55","4.55","0.0","0.0","20.89","112.89","502.92","251.46","482.03","390.03","0.0","","","","","","",""
"2016.0","4.0","29.0","120.0","6235.05","0.46","0.9","0.0","5.17","0.9","4.65","0.0","0.0","0.0","0.0","25.54","112.89","502.92","251.46","477.38","390.03","0.0","","","","","","",""
"2016.0","4.0","30.0","121.0","6235.05","0.41","0.9","0.0","7.43","0.9","6.69","0.03","0.03","0.0","0.0","32.2","112.89","502.92","251.46","470.72","390.03","0.0","","","","","","",""
"2016.0","5.0","1.0","122.0","6235.05","0.38","0.9","0.0","5.97","0.9","5.37","0.0","0.0","0.0","0.0","37.57","112.89","502.92","251.46","465.35","390.03","0.0","","","","","","",""
"2016.0","5.0","2.0","123.0","6235.05","0.36","0.9","0.0","5.45","0.9","4.91","0.0","0.0","0.0","0.0","42.48","112.89","502.92","251.46","460.44","390.03","0.0","","","","","","",""
"2016.0","5.0","3.0","124.0","6235.05","0.35","0.9","0.0","4.6","0.9","4.14","0.0","0.0","0.0","0.0","46.62","112.89","502.92","251.46","456.3","390.03","0.0","","","","","","",""
"2016.0","5.0","4.0","125.0","6235.05","0.33","0.9","0.0","4.92","0.9","4.43","0.0","0.0","0.0","0.0","51.04","112.89","502.92","251.46","451.88","390.03","0.0","","","","","","",""
"2016.0","5.0","5.0","126.0","6235.05","0.33","0.9","0.0","2.31","0.9","2.08","0.16","0.16","0.0","0.0","52.96","112.89","502.92","251.46","449.96","390.03","0.0","","","","","","",""
"2016.0","5.0","6.0","127.0","6235.05","0.33","0.9","0.0","2.18","0.9","1.96","1.17","1.17","0.0","0.0","53.75","112.89","502.92","251.46","449.17","390.03","0.0","","","","","","",""
"2016.0","5.0","7.0","128.0","6235.05","0.32","0.9","0.0","2.15","0.9","1.94","1.04","1.04","0.0","0.0","54.65","112.89","502.92","251.46","448.27","390.03","0.0","","","","","","",""
"2016.0","5.0","8.0","129.0","6235.05","0.31","0.9","0.0","3.26","0.9","2.93","1.91","1.91","0.0","0.0","55.67","112.89","502.92","251.46","447.25","390.03","0.0","","","","","","",""
"2016.0","5.0","9.0","130.0","6235.05","0.3","0.9","0.0","4.71","0.9","4.24","0.0","0.0","0.0","0.0","59.91","112.89","502.92","251.46","443.01","390.03","0.0","","","","","","",""
"2016.0","5.0","10.0","131.0","6235.05","0.29","0.9","0.0","5.78","0.9","5.2","0.0","0.0","0.0","0.0","65.11","112.89","502.92","251.46","437.81","390.03","0.0","","","","","","",""
"2016.0","5.0","11.0","132.0","6235.05","0.28","0.9","0.0","6.12","0.9","5.51","0.0","0.0","0.0","0.0","70.62","112.89","502.92","251.46","432.3","390.03","0.0","","","","","","",""
"2016.0","5.0","12.0","133.0","6235.05","0.27","0.9","0.0","6.17","0.9","5.55","0.0","0.0","0.0","0.0","76.18","112.89","502.92","251.46","426.74","390.03","0.0","","","","","","",""
"2016.0","5.0","13.0","134.0","6235.05","0.26","0.9","0.0","5.78","0.9","5.2","0.0","0.0","0.0","0.0","81.38","112.89","502.92","251.46","421.54","390.03","0.0","","","","","","",""
"2016.0","5.0","14.0","135.0","6235.05","0.26","0.9","0.0","5.15","0.9","4.64","0.0","0.0","0.0","0.0","86.01","112.89","502.92","251.46","416.91","390.03","0.0","","","","","","",""
"2016.0","5.0","15.0","136.0","6235.05","0.25","0.9","0.0","5.59","0.9","5.03","0.0","0.0","0.0","0.0","91.04","112.89","502.92","251.46","411.88","390.03","0.0","","","","","","",""
"2016.0","5.0","16.0","137.0","6235.05","0.24","0.9","0.0","6.64","0.9","5.98","0.0","0.0","0.0","0.0","97.02","112.89","502.92","251.46","405.9","390.03","0.0","","","","","","",""
"2016.0","5.0","17.0","138.0","6235.05","0.23","0.9","0.0","7.82","0.9","7.04","0.0","0.0","0.0","0.0","104.06","112.89","502.92","251.46","398.86","390.03","0.0","","","","","","",""
"2016.0","5.0","18.0","139.0","6235.05","0.23","0.9","0.0","7.09","0.9","6.38","0.0","0.0","0.0","0.0","110.44","112.89","502.92","251.46","392.48","390.03","0.0","","","","","","",""
"2016.0","5.0","19.0","140.0","6235.05","0.22","0.9","0.0","6.34","0.9","5.71","0.0","0.0","0.0","0.0","0.0","112.89","502.92","251.46","502.92","390.03","116.14","","","","","","",""
"2016.0","5.0","20.0","141.0","6235.05","0.22","0.9","0.0","4.71","0.9","4.24","0.0","0.0","0.0","0.0","4.24","112.89","502.92","251.46","498.68","390.03","0.0","","","","","","",""
"2016.0","5.0","21.0","142.0","6235.05","0.22","0.9","0.0","4.08","0.9","3.67","3.3","3.3","0.0","0.0","4.61","112.89","502.92","251.46","498.31","390.03","0.0","","","","","","",""
"2016.0","5.0","22.0","143.0","6235.05","0.21","0.9","0.0","4.38","0.9","3.94","0.7","0.7","0.0","0.0","7.85","112.89","502.92","251.46","495.07","390.03","0.0","","","","","","",""
"2016.0","5.0","23.0","144.0","6235.05","0.21","0.9","0.0","4.66","0.9","4.19","0.0","0.0","0.0","0.0","12.05","112.89","502.92","251.46","490.87","390.03","0.0","","","","","","",""
"2016.0","5.0","24.0","145.0","6235.05","0.21","0.9","0.0","4.86","0.9","4.37","0.0","0.0","0.0","0.0","16.42","112.89","502.92","251.46","486.5","390.03","0.0","","","","","","",""
"2016.0","5.0","25.0","146.0","6235.05","0.2","0.9","0.0","5.33","0.9","4.8","0.0","0.0","0.0","0.0","21.22","112.89","502.92","251.46","481.7","390.03","0.0","","","","","","",""
"2016.0","5.0","26.0","147.0","6235.05","0.2","0.9","0.0","5.8","0.9","5.22","0.0","0.0","0.0","0.0","26.44","112.89","502.92","251.46","476.48","390.03","0.0","","","","","","",""
"2016.0","5.0","27.0","148.0","6235.05","0.2","0.9","0.0","6.09","0.9","5.48","0.0","0.0","0.0","0.0","31.92","112.89","502.92","251.46","471.0","390.03","0.0","","","","","","",""
"2016.0","5.0","28.0","149.0","6235.05","0.19","0.9","0.0","7.02","0.9","6.32","0.0","0.0","0.0","0.0","38.24","112.89","502.92","251.46","464.68","390.03","0.0","","","","","","",""
"2016.0","5.0","29.0","150.0","6235.05","0.19","0.9","0.0","6.61","0.9","5.95","0.0","0.0","0.0","0.0","44.19","112.89","502.92","251.46","458.73","390.03","0.0","","","","","","",""
"2016.0","5.0","30.0","151.0","6235.05","0.19","0.9","0.0","6.86","0.9","6.17","0.0","0.0","0.0","0.0","50.36","112.89","502.92","251.46","452.56","390.03","0.0","","","","","","",""
"2016.0","5.0","31.0","152.0","6235.05","0.18","0.9","0.0","7.19","0.9","6.47","0.0","0.0","0.0","0.0","56.83","112.89","502.92","251.46","446.09","390.03","0.0","","","","","","",""
"2016.0","6.0","1.0","153.0","6235.05","0.18","0.9","0.0","7.38","0.9","6.64","0.0","0.0","0.0","0.0","63.47","112.89","502.92","251.46","439.45","390.03","0.0","","","","","","",""
"2016.0","6.0","2.0","154.0","6235.05","0.18","0.9","0.0","6.92","0.9","6.23","0.0","0.0","0.0","0.0","69.7","112.89","502.92","251.46","433.22","390.03","0.0","","","","","","",""
"2016.0","6.0","3.0","155.0","6235.05","0.17","0.9","0.0","7.41","0.9","6.67","0.0","0.0","0.0","0.0","76.37","112.89","502.92","251.46","426.55","390.03","0.0","","","","","","",""
"2016.0","6.0","4.0","156.0","6235.05","0.17","0.9","0.0","4.7","0.9","4.23","0.0","0.0","0.0","0.0","80.6","112.89","502.92","251.46","422.32","390.03","0.0","","","","","","",""
"2016.0","6.0","5.0","157.0","6235.05","0.17","0.9","0.0","7.65","0.9","6.89","0.0","0.0","0.0","0.0","87.49","112.89","502.92","251.46","415.44","390.03","0.0","","","","","","",""
"2016.0","6.0","6.0","158.0","6235.05","0.17","0.9","0.0","7.32","0.9","6.59","0.0","0.0","0.0","0.0","94.07","112.89","502.92","251.46","408.85","390.03","0.0","","","","","","",""
"2016.0","6.0","7.0","159.0","6235.05","0.16","0.9","0.0","6.88","0.9","6.19","0.0","0.0","0.0","0.0","100.27","112.89","502.92","251.46","402.66","390.03","0.0","","","","","","",""
"2016.0","6.0","8.0","160.0","6235.05","0.16","0.9","0.0","6.66","0.9","5.99","0.0","0.0","0.0","0.0","106.26","112.89","502.92","251.46","396.66","390.03","0.0","","","","","","",""
"2016.0","6.0","9.0","161.0","6235.05","0.16","0.9","0.0","6.33","0.9","5.7","0.0","0.0","0.0","0.0","111.96","112.89","502.92","251.46","390.96","390.03","0.0","","","","","","",""
"2016.0","6.0","10.0","162.0","6235.05","0.16","0.9","0.0","6.63","0.9","5.97","0.0","0.0","0.0","0.0","0.0","112.89","502.92","251.46","502.92","390.03","117.92","","","","","","",""
"2016.0","6.0","11.0","163.0","6235.05","0.15","0.9","0.0","6.93","0.9","6.24","0.0","0.0","0.0","0.0","6.24","112.89","502.92","251.46","496.68","390.03","0.0","","","","","","",""
"2016.0","6.0","12.0","164.0","6235.05","0.15","0.9","0.0","7.07","0.9","6.36","0.0","0.0","0.0","0.0","12.6","112.89","502.92","251.46","490.32","390.03","0.0","","","","","","",""
"2016.0","6.0","13.0","165.0","6235.05","0.15","0.9","0.0","6.74","0.9","6.07","0.0","0.0","0.0","0.0","18.67","112.89","502.92","251.46","484.25","390.03","0.0","","","","","","",""
"2016.0","6.0","14.0","166.0","6235.05","0.15","0.9","0.0","6.25","0.9","5.63","0.0","0.0","0.0","0.0","24.29","112.89","502.92","251.46","478.63","390.03","0.0","","","","","","",""
"2016.0","6.0","15.0","167.0","6235.05","0.15","0.9","0.0","5.13","0.9","4.62","0.0","0.0","0.0","0.0","28.91","112.89","502.92","251.46","474.01","390.03","0.0","","","","","","",""
"2016.0","6.0","16.0","168.0","6235.05","0.15","0.9","0.0","5.19","0.9","4.67","0.0","0.0","0.0","0.0","33.58","112.89","502.92","251.46","469.34","390.03","0.0","","","","","","",""
"2016.0","6.0","17.0","169.0","6235.05","0.15","0.9","0.0","4.72","0.9","4.25","0.0","0.0","0.0","0.0","37.83","112.89","502.92","251.46","465.09","390.03","0.0","","","","","","",""
"2016.0","6.0","18.0","170.0","6235.05","0.14","0.9","0.0","6.09","0.9","5.48","0.0","0.0","0.0","0.0","43.31","112.89","502.92","251.46","459.61","390.03","0.0","","","","","","",""
"2016.0","6.0","19.0","171.0","6235.05","0.14","0.9","0.0","6.77","0.9","6.09","0.0","0.0","0.0","0.0","49.4","112.89","502.92","251.46","453.52","390.03","0.0","","","","","","",""
"2016.0","6.0","20.0","172.0","6235.05","0.14","0.9","0.0","7.37","0.9","6.63","0.0","0.0","0.0","0.0","56.03","112.89","502.92","251.46","446.89","390.03","0.0","","","","","","",""
"2016.0","6.0","21.0","173.0","6235.05","0.14","0.9","0.0","7.68","0.9","6.91","0.0","0.0","0.0","0.0","62.95","112.89","502.92","251.46","439.97","390.03","0.0","","","","","","",""
"2016.0","6.0","22.0","174.0","6235.05","0.14","0.9","0.0","7.83","0.9","7.05","0.0","0.0","0.0","0.0","69.99","112.89","502.92","251.46","432.93","390.03","0.0","","","","","","",""
"2016.0","6.0","23.0","175.0","6235.05","0.14","0.9","0.0","7.67","0.9","6.9","0.0","0.0","0.0","0.0","76.9","112.89","502.92","251.46","426.02","390.03","0.0","","","","","","",""
"2016.0","6.0","24.0","176.0","6235.05","0.13","0.9","0.0","7.0","0.9","6.3","0.0","0.0","0.0","0.0","83.2","112.89","502.92","251.46","419.72","390.03","0.0","","","","","","",""
"2016.0","6.0","25.0","177.0","6235.05","0.13","0.9","0.0","7.78","0.9","7.0","0.0","0.0","0.0","0.0","90.2","112.89","502.92","251.46","412.72","390.03","0.0","","","","","","",""
"2016.0","6.0","26.0","178.0","6235.05","0.13","0.9","0.0","7.64","0.9","6.88","0.0","0.0","0.0","0.0","97.07","112.89","502.92","251.46","405.85","390.03","0.0","","","","","","",""
"2016.0","6.0","27.0","179.0","6235.05","0.13","0.9","0.0","8.07","0.9","7.26","0.0","0.0","0.0","0.0","104.34","112.89","502.92","251.46","398.58","390.03","0.0","","","","","","",""
"2016.0","6.0","28.0","180.0","6235.05","0.13","0.9","0.0","8.11","0.9","7.3","0.0","0.0","0.0","0.0","111.64","112.89","502.92","251.46","391.28","390.03","0.0","","","","","","",""
"2016.0","6.0","29.0","181.0","6235.05","0.13","0.9","0.0","7.53","0.9","6.78","0.0","0.0","0.0","0.0","0.0","112.89","502.92","251.46","502.92","390.03","118.41","","","","","","",""
"2016.0","6.0","30.0","182.0","6235.05","0.13","0.9","0.0","7.46","0.9","6.71","0.0","0.0","0.0","0.0","6.71","112.89","502.92","251.46","496.21","390.03","0.0","","","","","","",""
"2016.0","7.0","1.0","183.0","6235.05","0.13","0.9","0.0","7.37","0.9","6.63","0.0","0.0","0.0","0.0","13.35","112.89","502.92","251.46","489.57","390.03","0.0","","","","","","",""
"2016.0","7.0","2.0","184.0","6235.05","0.12","0.9","0.0","7.33","0.9","6.6","0.0","0.0","0.0","0.0","19.94","112.89","502.92","251.46","482.98","390.03","0.0","","","","","","",""
"2016.0","7.0","3.0","185.0","6235.05","0.12","0.9","0.0","7.61","0.9","6.85","0.0","0.0","0.0","0.0","26.79","112.89","502.92","251.46","476.13","390.03","0.0","","","","","","",""
"2016.0","7.0","4.0","186.0","6235.05","0.12","0.9","0.0","7.15","0.9","6.44","0.0","0.0","0.0","0.0","33.23","112.89","502.92","251.46","469.69","390.03","0.0","","","","","","",""
"2016.0","7.0","5.0","187.0","6235.05","0.12","0.9","0.0","6.39","0.9","5.75","0.0","0.0","0.0","0.0","38.98","112.89","502.92","251.46","463.94","390.03","0.0","","","","","","",""
"2016.0","7.0","6.0","188.0","6235.05","0.12","0.9","0.0","6.42","0.9","5.78","0.0","0.0","0.0","0.0","44.76","112.89","502.92","251.46","458.16","390.03","0.0","","","","","","",""
"2016.0","7.0","7.0","189.0","6235.05","0.12","0.9","0.0","6.46","0.9","5.81","0.0","0.0","0.0","0.0","50.57","112.89","502.92","251.46","452.35","390.03","0.0","","","","","","",""
"2016.0","7.0","8.0","190.0","6235.05","0.12","0.9","0.0","7.14","0.9","6.43","0.0","0.0","0.0","0.0","57.0","112.89","502.92","251.46","445.92","390.03","0.0","","","","","","",""
"2016.0","7.0","9.0","191.0","6235.05","0.12","0.9","0.0","6.6","0.9","5.94","0.0","0.0","0.0","0.0","62.94","112.89","502.92","251.46","439.98","390.03","0.0","","","","","","",""
"2016.0","7.0","10.0","192.0","6235.05","0.12","0.9","0.0","6.38","0.9","5.74","0.0","0.0","0.0","0.0","68.68","112.89","502.92","251.46","434.24","390.03","0.0","","","","","","",""
"2016.0","7.0","11.0","193.0","6235.05","0.12","0.9","0.0","7.2","0.9","6.48","0.0","0.0","0.0","0.0","75.16","112.89","502.92","251.46","427.76","390.03","0.0","","","","","","",""
"2016.0","7.0","12.0","194.0","6235.05","0.12","0.9","0.0","6.95","0.9","6.26","0.0","0.0","0.0","0.0","81.41","112.89","502.92","251.46","421.51","390.03","0.0","","","","","","",""
"2016.0","7.0","13.0","195.0","6235.05","0.11","0.9","0.0","7.33","0.9","6.6","0.0","0.0","0.0","0.0","88.01","112.89","502.92","251.46","414.91","390.03","0.0","","","","","","",""
"2016.0","7.0","14.0","196.0","6235.05","0.11","0.9","0.0","7.52","0.9","6.77","0.0","0.0","0.0","0.0","94.78","112.89","502.92","251.46","408.14","390.03","0.0","","","","","","",""
"2016.0","7.0","15.0","197.0","6235.05","0.11","0.9","0.0","7.52","0.9","6.77","0.0","0.0","0.0","0.0","101.55","112.89","502.92","251.46","401.37","390.03","0.0","","","","","","",""
"2016.0","7.0","16.0","198.0","6235.05","0.11","0.9","0.0","7.13","0.9","6.42","0.0","0.0","0.0","0.0","107.96","112.89","502.92","251.46","394.96","390.03","0.0","","","","","","",""
"2016.0","7.0","17.0","199.0","6235.05","0.11","0.9","0.0","6.87","0.9","6.18","0.0","0.0","0.0","0.0","0.0","112.89","502.92","251.46","502.92","390.03","114.15","","","","","","",""
"2016.0","7.0","18.0","200.0","6235.05","0.11","0.9","0.0","6.47","0.9","5.82","0.0","0.0","0.0","0.0","5.82","112.89","502.92","251.46","497.1","390.03","0.0","","","","","","",""
"2016.0","7.0","19.0","201.0","6235.05","0.11","0.9","0.0","6.64","0.9","5.98","0.0","0.0","0.0","0.0","11.8","112.89","502.92","251.46","491.12","390.03","0.0","","","","","","",""
"2016.0","7.0","20.0","202.0","6235.05","0.11","0.9","0.0","6.94","0.9","6.25","0.0","0.0","0.0","0.0","18.05","112.89","502.92","251.46","484.88","390.03","0.0","","","","","","",""
"2016.0","7.0","21.0","203.0","6235.05","0.11","0.9","0.0","7.4","0.9","6.66","0.0","0.0","0.0","0.0","24.71","112.89","502.92","251.46","478.22","390.03","0.0","","","","","","",""
"2016.0","7.0","22.0","204.0","6235.05","0.11","0.9","0.0","7.0","0.9","6.3","0.0","0.0","0.0","0.0","31.01","112.89","502.92","251.46","471.92","390.03","0.0","","","","","","",""
"2016.0","7.0","23.0","205.0","6235.05","0.11","0.9","0.0","7.65","0.9","6.89","0.0","0.0","0.0","0.0","37.89","112.89","502.92","251.46","465.03","390.03","0.0","","","","","","",""
"2016.0","7.0","24.0","206.0","6235.05","0.11","0.9","0.0","7.51","0.9","6.76","0.0","0.0","0.0","0.0","44.65","112.89","502.92","251.46","458.27","390.03","0.0","","","","","","",""
"2016.0","7.0","25.0","207.0","6235.05","0.11","0.9","0.0","7.4","0.9","6.66","0.0","0.0","0.0","0.0","51.31","112.89","502.92","251.46","451.61","390.03","0.0","","","","","","",""
"2016.0","7.0","26.0","208.0","6235.05","0.1","0.9","0.0","7.34","0.9","6.61","0.0","0.0","0.0","0.0","57.92","112.89","502.92","251.46","445.01","390.03","0.0","","","","","","",""
"2016.0","7.0","27.0","209.0","6235.05","0.1","0.9","0.0","7.92","0.9","7.13","0.0","0.0","0.0","0.0","65.04","112.89","502.92","251.46","437.88","390.03","0.0","","","","","","",""
"2016.0","7.0","28.0","210.0","6235.05","0.1","0.9","0.0","7.83","0.9","7.05","0.0","0.0","0.0","0.0","72.09","112.89","502.92","251.46","430.83","390.03","0.0","","","","","","",""
"2016.0","7.0","29.0","211.0","6235.05","0.1","0.9","0.0","7.76","0.9","6.98","0.0","0.0","0.0","0.0","79.07","112.89","502.92","251.46","423.85","390.03","0.0","","","","","","",""
"2016.0","7.0","30.0","212.0","6235.05","0.1","0.9","0.0","8.21","0.9","7.39","0.0","0.0","0.0","0.0","86.46","112.89","502.92","251.46","416.46","390.03","0.0","","","","","","",""
"2016.0","7.0","31.0","213.0","6235.05","0.1","0.9","0.0","7.36","0.9","6.62","0.0","0.0","0.0","0.0","93.09","112.89","502.92","251.46","409.83","390.03","0.0","","","","","","",""
"2016.0","8.0","1.0","214.0","6235.05","0.1","0.9","0.0","6.93","0.9","6.24","0.0","0.0","0.0","0.0","99.32","112.89","502.92","251.46","403.6","390.03","0.0","","","","","","",""
"2016.0","8.0","2.0","215.0","6235.05","0.1","0.9","0.0","6.64","0.9","5.98","0.0","0.0","0.0","0.0","105.3","112.89","502.92","251.46","397.62","390.03","0.0","","","","","","",""
"2016.0","8.0","3.0","216.0","6235.05","0.1","0.9","0.0","7.25","0.9","6.53","0.0","0.0","0.0","0.0","111.83","112.89","502.92","251.46","391.1","390.03","0.0","","","","","","",""
"2016.0","8.0","4.0","217.0","6235.05","0.1","0.9","0.0","6.33","0.9","5.7","0.0","0.0","0.0","0.0","0.0","112.89","502.92","251.46","502.92","390.03","117.52","","","","","","",""
"2016.0","8.0","5.0","218.0","6235.05","0.1","0.9","0.0","5.76","0.9","5.18","0.0","0.0","0.0","0.0","5.18","112.89","502.92","251.46","497.74","390.03","0.0","","","","","","",""
"2016.0","8.0","6.0","219.0","6235.05","0.1","0.9","0.0","6.15","0.9","5.54","0.0","0.0","0.0","0.0","10.72","112.89","502.92","251.46","492.2","390.03","0.0","","","","","","",""
"2016.0","8.0","7.0","220.0","6235.05","0.1","0.9","0.0","6.08","0.9","5.47","0.0","0.0","0.0","0.0","16.19","112.89","502.92","251.46","486.73","390.03","0.0","","","","","","",""
"2016.0","8.0","8.0","221.0","6235.05","0.1","0.9","0.0","6.56","0.9","5.9","0.0","0.0","0.0","0.0","22.1","112.89","502.92","251.46","480.83","390.03","0.0","","","","","","",""
"2016.0","8.0","9.0","222.0","6235.05","0.1","0.9","0.0","6.27","0.9","5.64","0.0","0.0","0.0","0.0","27.74","112.89","502.92","251.46","475.18","390.03","0.0","","","","","","",""
"2016.0","8.0","10.0","223.0","6235.05","0.1","0.9","0.0","6.41","0.9","5.77","0.0","0.0","0.0","0.0","33.51","112.89","502.92","251.46","469.41","390.03","0.0","","","","","","",""
"2016.0","8.0","11.0","224.0","6235.05","0.1","0.9","0.0","6.57","0.9","5.91","0.0","0.0","0.0","0.0","39.42","112.89","502.92","251.46","463.5","390.03","0.0","","","","","","",""
"2016.0","8.0","12.0","225.0","6235.05","0.1","0.9","0.0","6.77","0.9","6.09","0.0","0.0","0.0","0.0","45.51","112.89","502.92","251.46","457.41","390.03","0.0","","","","","","",""
"2016.0","8.0","13.0","226.0","6235.05","0.1","0.9","0.0","7.07","0.9","6.36","0.0","0.0","0.0","0.0","51.88","112.89","502.92","251.46","451.04","390.03","0.0","","","","","","",""
"2016.0","8.0","14.0","227.0","6235.05","0.09","0.9","0.0","7.33","0.9","6.6","0.0","0.0","0.0","0.0","58.47","112.89","502.92","251.46","444.45","390.03","0.0","","","","","","",""
"2016.0","8.0","15.0","228.0","6235.05","0.09","0.9","0.0","6.72","0.9","6.05","0.0","0.0","0.0","0.0","64.52","112.89","502.92","251.46","438.4","390.03","0.0","","","","","","",""
"2016.0","8.0","16.0","229.0","6235.05","0.09","0.9","0.0","6.78","0.9","6.1","0.0","0.0","0.0","0.0","70.62","112.89","502.92","251.46","432.3","390.03","0.0","","","","","","",""
"2016.0","8.0","17.0","230.0","6235.05","0.09","0.9","0.0","6.66","0.9","5.99","0.0","0.0","0.0","0.0","76.62","112.89","502.92","251.46","426.3","390.03","0.0","","","","","","",""
"2016.0","8.0","18.0","231.0","6235.05","0.09","0.9","0.0","6.59","0.9","5.93","0.0","0.0","0.0","0.0","82.55","112.89","502.92","251.46","420.37","390.03","0.0","","","","","","",""
"2016.0","8.0","19.0","232.0","6235.05","0.09","0.9","0.0","6.54","0.9","5.89","0.0","0.0","0.0","0.0","88.43","112.89","502.92","251.46","414.49","390.03","0.0","","","","","","",""
"2016.0","8.0","20.0","233.0","6235.05","0.09","0.9","0.0","6.45","0.9","5.81","0.0","0.0","0.0","0.0","94.24","112.89","502.92","251.46","408.68","390.03","0.0","","","","","","",""
"2016.0","8.0","21.0","234.0","6235.05","0.09","0.9","0.0","6.45","0.9","5.81","0.0","0.0","0.0","0.0","100.04","112.89","502.92","251.46","402.88","390.03","0.0","","","","","","",""
"2016.0","8.0","22.0","235.0","6235.05","0.09","0.9","0.0","6.25","0.9","5.63","0.0","0.0","0.0","0.0","105.67","112.89","502.92","251.46","397.25","390.03","0.0","","","","","","",""
"2016.0","8.0","23.0","236.0","6235.05","0.09","0.9","0.0","6.05","0.9","5.45","0.0","0.0","0.0","0.0","111.11","112.89","502.92","251.46","391.81","390.03","0.0","","","","","","",""
"2016.0","8.0","24.0","237.0","6235.05","0.09","0.9","0.0","6.01","0.9","5.41","0.0","0.0","0.0","0.0","0.0","112.89","502.92","251.46","502.92","390.03","116.52","","","","","","",""
"2016.0","8.0","25.0","238.0","6235.05","0.09","0.9","0.0","5.95","0.9","5.36","0.0","0.0","0.0","0.0","5.36","112.89","502.92","251.46","497.57","390.03","0.0","","","","","","",""
"2016.0","8.0","26.0","239.0","6235.05","0.09","0.9","0.0","5.58","0.9","5.02","0.0","0.0","0.0","0.0","10.38","112.89","502.92","251.46","492.54","390.03","0.0","","","","","","",""
"2016.0","8.0","27.0","240.0","6235.05","0.09","0.9","0.0","5.4","0.9","4.86","0.0","0.0","0.0","0.0","15.24","112.89","502.92","251.46","487.68","390.03","0.0","","","","","","",""
"2016.0","8.0","28.0","241.0","6235.05","0.09","0.9","0.0","5.72","0.9","5.15","0.0","0.0","0.0","0.0","20.39","112.89","502.92","251.46","482.54","390.03","0.0","","","","","","",""
"2016.0","8.0","29.0","242.0","6235.05","0.09","0.9","0.0","5.81","0.9","5.23","0.0","0.0","0.0","0.0","25.61","112.89","502.92","251.46","477.31","390.03","0.0","","","","","","",""
"2016.0","8.0","30.0","243.0","6235.05","0.09","0.9","0.0","6.2","0.9","5.58","0.0","0.0","0.0","0.0","31.19","112.89","502.92","251.46","471.73","390.03","0.0","","","","","","",""
"2016.0","8.0","31.0","244.0","6235.05","0.09","0.9","0.0","6.02","0.9","5.42","0.0","0.0","0.0","0.0","36.61","112.89","502.92","251.46","466.31","390.03","0.0","","","","","","",""
"2016.0","9.0","1.0","245.0","6235.05","0.09","0.9","0.0","5.18","0.9","4.66","0.0","0.0","0.0","0.0","41.27","112.89","502.92","251.46","461.65","390.03","0.0","","","","","","",""
"2016.0","9.0","2.0","246.0","6235.05","0.09","0.9","0.0","5.31","0.9","4.78","0.0","0.0","0.0","0.0","46.05","112.89","502.92","251.46","456.87","390.03","0.0","","","","","","",""
"2016.0","9.0","3.0","247.0","6235.05","0.09","0.9","0.0","5.36","0.9","4.82","0.0","0.0","0.0","0.0","50.88","112.89","502.92","251.46","452.04","390.03","0.0","","","","","","",""
"2016.0","9.0","4.0","248.0","6235.05","0.09","0.9","0.0","4.62","0.9","4.16","0.0","0.0","0.0","0.0","55.04","112.89","502.92","251.46","447.89","390.03","0.0","","","","","","",""
"2016.0","9.0","5.0","249.0","6235.05","0.09","0.9","0.0","5.36","0.9","4.82","0.0","0.0","0.0","0.0","59.86","112.89","502.92","251.46","443.06","390.03","0.0","","","","","","",""
"2016.0","9.0","6.0","250.0","6235.05","0.09","0.9","0.0","5.11","0.9","4.6","0.0","0.0","0.0","0.0","64.46","112.89","502.92","251.46","438.46","390.03","0.0","","","","","","",""
"2016.0","9.0","7.0","251.0","6235.05","0.09","0.9","0.0","5.76","0.9","5.18","0.0","0.0","0.0","0.0","69.64","112.89","502.92","251.46","433.28","390.03","0.0","","","","","","",""
"2016.0","9.0","8.0","252.0","6235.05","0.09","0.9","0.0","5.97","0.9","5.37","0.0","0.0","0.0","0.0","75.02","112.89","502.92","251.46","427.91","390.03","0.0","","","","","","",""
"2016.0","9.0","9.0","253.0","6235.05","0.09","0.9","0.0","5.42","0.9","4.88","0.0","0.0","0.0","0.0","79.89","112.89","502.92","251.46","423.03","390.03","0.0","","","","","","",""
"2016.0","9.0","10.0","254.0","6235.05","0.09","0.9","0.0","5.51","0.9","4.96","0.0","0.0","0.0","0.0","84.85","112.89","502.92","251.46","418.07","390.03","0.0","","","","","","",""
"2016.0","9.0","11.0","255.0","6235.05","0.09","0.9","0.0","5.02","0.9","4.52","0.0","0.0","0.0","0.0","89.37","112.89","502.92","251.46","413.55","390.03","0.0","","","","","","",""
"2016.0","9.0","12.0","256.0","6235.05","0.09","0.9","0.0","4.43","0.9","3.99","0.0","0.0","0.0","0.0","93.36","112.89","502.92","251.46","409.56","390.03","0.0","","","","","","",""
"2016.0","9.0","13.0","257.0","6235.05","0.09","0.9","0.0","3.89","0.9","3.5","0.0","0.0","0.0","0.0","96.86","112.89","502.92","251.46","406.06","390.03","0.0","","","","","","",""
"2016.0","9.0","14.0","258.0","6235.05","0.09","0.9","0.0","4.24","0.9","3.82","0.0","0.0","0.0","0.0","100.67","112.89","502.92","251.46","402.25","390.03","0.0","","","","","","",""
"2016.0","9.0","15.0","259.0","6235.05","0.08","0.9","0.0","4.62","0.9","4.16","0.0","0.0","0.0","0.0","104.83","112.89","502.92","251.46","398.09","390.03","0.0","","","","","","",""
"2016.0","9.0","16.0","260.0","6235.05","0.08","0.9","0.0","4.84","0.9","4.36","0.0","0.0","0.0","0.0","109.19","112.89","502.92","251.46","393.73","390.03","0.0","","","","","","",""
"2016.0","9.0","17.0","261.0","6235.05","0.08","0.9","0.0","4.94","0.9","4.45","0.0","0.0","0.0","0.0","0.0","112.89","502.92","251.46","502.92","390.03","113.63","","","","","","",""
"2016.0","9.0","18.0","262.0","6235.05","0.08","0.9","0.0","4.75","0.9","4.28","0.0","0.0","0.0","0.0","4.28","112.89","502.92","251.46","498.65","390.03","0.0","","","","","","",""
"2016.0","9.0","19.0","263.0","6235.05","0.08","0.9","0.0","5.35","0.9","4.82","0.0","0.0","0.0","0.0","9.09","112.89","502.92","251.46","493.83","390.03","0.0","","","","","","",""
"2016.0","9.0","20.0","264.0","6235.05","0.08","0.9","0.0","6.16","0.9","5.54","0.0","0.0","0.0","0.0","14.63","112.89","502.92","251.46","488.29","390.03","0.0","","","","","","",""
"2016.0","9.0","21.0","265.0","6235.05","0.08","0.9","0.0","5.64","0.9","5.08","0.0","0.0","0.0","0.0","19.71","112.89","502.92","251.46","483.21","390.03","0.0","","","","","","",""
"2016.0","9.0","22.0","266.0","6235.05","0.08","0.9","0.0","4.31","0.9","3.88","0.0","0.0","0.0","0.0","23.59","112.89","502.92","251.46","479.33","390.03","0.0","","","","","","",""
"2016.0","9.0","23.0","267.0","6235.05","0.08","0.9","0.0","4.58","0.9","4.12","0.0","0.0","0.0","0.0","27.71","112.89","502.92","251.46","475.21","390.03","0.0","","","","","","",""
"2016.0","9.0","24.0","268.0","6235.05","0.08","0.9","0.0","4.82","0.9","4.34","0.0","0.0","0.0","0.0","32.05","112.89","502.92","251.46","470.87","390.03","0.0","","","","","","",""
"2016.0","9.0","25.0","269.0","6235.05","0.08","0.9","0.0","4.47","0.9","4.02","0.0","0.0","0.0","0.0","36.07","112.89","502.92","251.46","466.85","390.03","0.0","","","","","","",""
"2016.0","9.0","26.0","270.0","6235.05","0.08","0.9","0.0","4.57","0.9","4.11","0.0","0.0","0.0","0.0","40.19","112.89","502.92","251.46","462.74","390.03","0.0","","","","","","",""
"2016.0","9.0","27.0","271.0","6235.05","0.08","0.9","0.0","4.73","0.9","4.26","0.0","0.0","0.0","0.0","44.44","112.89","502.92","251.46","458.48","390.03","0.0","","","","","","",""
"2016.0","9.0","28.0","272.0","6235.05","0.08","0.9","0.0","4.93","0.9","4.44","0.0","0.0","0.0","0.0","48.88","112.89","502.92","251.46","454.04","390.03","0.0","","","","","","",""
"2016.0","9.0","29.0","273.0","6235.05","0.08","0.9","0.0","4.89","0.9","4.4","0.0","0.0","0.0","0.0","53.28","112.89","502.92","251.46","449.64","390.03","0.0","","","","","","",""
"2016.0","9.0","30.0","274.0","6235.05","0.08","0.9","0.0","3.76","0.9","3.38","0.31","0.31","0.0","0.0","56.35","112.89","502.92","251.46","446.57","390.03","0.0","","","","","","",""
