" Daily soil water balance output for Cherries in 186_Yolo DAU_Co within 05_Sacramento River for WY 2016","","","","","","","","","","","","","","","","","","","","","","","Monthly output  for Cherries in 186_Yolo DAU_Co within 05_Sacramento River for WY 2016","","","","",""
"Year","Mon","Day","DOY"," Area","OKc","IKc","CCKc","ETo","Kc","ETc","Pcp","Er","Spg","Espg","SWD","SWDx","FC","PWP","SWC"," YT ","NA","","Year","Mon"," Area","ETo","ETc","ETc"
" #  "," # "," # ","  #","Acres","   ","   ","    "," mm","mm"," mm"," mm","mm"," mm"," mm "," mm"," mm ","mm"," mm"," mm"," mm"," mm","","#  "," # "," Acres"," mm"," mm","acre-ft"
"2015.0","10.0","1.0","274.0","19.79","0.08","1.05","0.0","3.76","1.05","3.95","0.31","0.31","0.0","0.0","75.02","105.25","421.01","210.51","346.0","315.76","0.0","","2015.0","10.0","19.79","109.58","105.74","6.86546784777"
"2015.0","10.0","2.0","275.0","19.79","0.08","1.05","0.0","4.74","1.05","4.98","0.0","0.0","0.0","0.0","79.99","105.25","421.01","210.51","341.02","315.76","0.0","","2015.0","11.0","19.79","47.12","44.89","2.91460990814"
"2015.0","10.0","3.0","276.0","19.79","0.08","1.05","0.0","4.63","1.05","4.86","0.0","0.0","0.0","0.0","84.86","105.25","421.01","210.51","336.16","315.76","0.0","","2015.0","12.0","19.79","31.38","33.9","2.20105314961"
"2015.0","10.0","4.0","277.0","19.79","0.08","1.05","0.0","3.8","1.05","3.99","2.04","2.04","0.0","0.0","86.81","105.25","421.01","210.51","334.21","315.76","0.0","","2016.0","1.0","19.79","33.5","37.43","2.43024835958"
"2015.0","10.0","5.0","278.0","19.79","0.08","1.05","0.0","3.49","1.05","3.66","0.0","0.0","0.0","0.0","90.47","105.25","421.01","210.51","330.54","315.76","0.0","","2016.0","2.0","19.79","59.83","44.27","2.87435465879"
"2015.0","10.0","6.0","279.0","19.79","0.08","1.05","0.0","3.52","1.05","3.7","0.0","0.0","0.0","0.0","94.17","105.25","421.01","210.51","326.85","315.76","0.0","","2016.0","3.0","19.79","81.79","54.75","3.55479822835"
"2015.0","10.0","7.0","280.0","19.79","0.08","1.05","0.0","3.34","1.05","3.51","0.0","0.0","0.0","0.0","97.67","105.25","421.01","210.51","323.34","315.76","0.0","","2016.0","4.0","19.79","131.53","77.01","5.00009153543"
"2015.0","10.0","8.0","281.0","19.79","0.08","1.05","0.0","3.43","1.05","3.6","0.0","0.0","0.0","0.0","101.28","105.25","421.01","210.51","319.74","315.76","0.0","","2016.0","5.0","19.79","165.62","126.13","8.18934612861"
"2015.0","10.0","9.0","282.0","19.79","0.08","1.04","0.0","4.18","1.04","4.35","0.0","0.0","0.0","0.0","0.0","105.25","421.01","210.51","421.01","315.76","105.62","","2016.0","6.0","19.79","206.91","198.02","12.8570072178"
"2015.0","10.0","10.0","283.0","19.79","0.08","1.03","0.0","4.26","1.03","4.38","0.0","0.0","0.0","0.0","4.38","105.25","421.01","210.51","416.63","315.76","0.0","","2016.0","7.0","19.79","222.8","233.97","15.1911624016"
"2015.0","10.0","11.0","284.0","19.79","0.08","1.02","0.0","3.74","1.02","3.81","0.0","0.0","0.0","0.0","8.19","105.25","421.01","210.51","412.82","315.76","0.0","","2016.0","8.0","19.79","197.3","207.17","13.4510967848"
"2015.0","10.0","12.0","285.0","19.79","0.08","1.01","0.0","3.84","1.01","3.87","0.0","0.0","0.0","0.0","12.07","105.25","421.01","210.51","408.95","315.76","0.0","","2016.0","9.0","19.79","144.78","152.04","9.87162598425"
"2015.0","10.0","13.0","286.0","19.79","0.08","1.0","0.0","4.14","1.0","4.13","0.0","0.0","0.0","0.0","16.2","105.25","421.01","210.51","404.82","315.76","0.0","","","","","","",""
"2015.0","10.0","14.0","287.0","19.79","0.08","0.99","0.0","4.29","0.99","4.24","0.0","0.0","0.0","0.0","20.43","105.25","421.01","210.51","400.58","315.76","0.0","","","","","","",""
"2015.0","10.0","15.0","288.0","19.79","0.08","0.98","0.0","3.77","0.98","3.68","0.0","0.0","0.0","0.0","24.12","105.25","421.01","210.51","396.9","315.76","0.0","","","","","","",""
"2015.0","10.0","16.0","289.0","19.79","0.08","0.97","0.0","3.93","0.97","3.8","0.0","0.0","0.0","0.0","27.92","105.25","421.01","210.51","393.1","315.76","0.0","","","","","","",""
"2015.0","10.0","17.0","290.0","19.79","0.08","0.96","0.0","2.96","0.96","2.83","2.76","2.76","0.0","0.0","27.99","105.25","421.01","210.51","393.03","315.76","0.0","","","","","","",""
"2015.0","10.0","18.0","291.0","19.79","0.08","0.95","0.0","2.48","0.95","2.35","0.11","0.11","0.0","0.0","30.22","105.25","421.01","210.51","390.79","315.76","0.0","","","","","","",""
"2015.0","10.0","19.0","292.0","19.79","0.08","0.94","0.0","2.63","0.94","2.46","0.0","0.0","0.0","0.0","32.68","105.25","421.01","210.51","388.33","315.76","0.0","","","","","","",""
"2015.0","10.0","20.0","293.0","19.79","0.08","0.92","0.0","4.68","0.92","4.33","0.0","0.0","0.0","0.0","37.01","105.25","421.01","210.51","384.0","315.76","0.0","","","","","","",""
"2015.0","10.0","21.0","294.0","19.79","0.08","0.91","0.0","3.66","0.91","3.35","0.0","0.0","0.0","0.0","40.36","105.25","421.01","210.51","380.65","315.76","0.0","","","","","","",""
"2015.0","10.0","22.0","295.0","19.79","0.08","0.9","0.0","3.17","0.9","2.87","0.0","0.0","0.0","0.0","43.23","105.25","421.01","210.51","377.79","315.76","0.0","","","","","","",""
"2015.0","10.0","23.0","296.0","19.79","0.08","0.89","0.0","2.61","0.89","2.33","0.0","0.0","0.0","0.0","45.56","105.25","421.01","210.51","375.46","315.76","0.0","","","","","","",""
"2015.0","10.0","24.0","297.0","19.79","0.08","0.88","0.0","2.57","0.88","2.27","0.0","0.0","0.0","0.0","47.83","105.25","421.01","210.51","373.19","315.76","0.0","","","","","","",""
"2015.0","10.0","25.0","298.0","19.79","0.08","0.87","0.0","3.42","0.87","2.99","0.0","0.0","0.0","0.0","50.81","105.25","421.01","210.51","370.2","315.76","0.0","","","","","","",""
"2015.0","10.0","26.0","299.0","19.79","0.08","0.86","0.0","2.51","0.86","2.16","0.0","0.0","0.0","0.0","52.98","105.25","421.01","210.51","368.03","315.76","0.0","","","","","","",""
"2015.0","10.0","27.0","300.0","19.79","0.08","0.85","0.0","2.19","0.85","1.87","0.0","0.0","0.0","0.0","54.84","105.25","421.01","210.51","366.17","315.76","0.0","","","","","","",""
"2015.0","10.0","28.0","301.0","19.79","0.08","0.84","0.0","2.2","0.84","1.85","0.0","0.0","0.0","0.0","56.7","105.25","421.01","210.51","364.32","315.76","0.0","","","","","","",""
"2015.0","10.0","29.0","302.0","19.79","0.08","0.83","0.0","4.44","0.83","3.69","0.0","0.0","0.0","0.0","60.39","105.25","421.01","210.51","360.63","315.76","0.0","","","","","","",""
"2015.0","10.0","30.0","303.0","19.79","0.08","0.82","0.0","3.82","0.82","3.14","0.0","0.0","0.0","0.0","63.52","105.25","421.01","210.51","357.49","315.76","0.0","","","","","","",""
"2015.0","10.0","31.0","304.0","19.79","0.08","0.81","0.0","3.38","0.81","2.74","0.0","0.0","0.0","0.0","66.26","105.25","421.01","210.51","354.75","315.76","0.0","","","","","","",""
"2015.0","11.0","1.0","305.0","19.79","0.08","0.8","0.0","1.79","0.8","1.43","0.0","0.0","0.0","0.0","67.69","105.25","421.01","210.51","353.32","315.76","0.0","","","","","","",""
"2015.0","11.0","2.0","306.0","19.79","1.17","0.0","0.0","1.2","1.17","1.41","9.97","9.97","0.0","0.0","20.25","20.25","421.01","210.51","400.76","400.76","0.0","","","","","","",""
"2015.0","11.0","3.0","307.0","19.79","1.13","0.0","0.0","2.18","1.13","2.47","7.72","7.72","0.0","0.0","15.0","20.25","421.01","210.51","406.01","400.76","0.0","","","","","","",""
"2015.0","11.0","4.0","308.0","19.79","1.11","0.0","0.0","3.08","1.11","3.43","0.0","0.0","0.0","0.0","18.43","20.25","421.01","210.51","402.58","400.76","0.0","","","","","","",""
"2015.0","11.0","5.0","309.0","19.79","1.05","0.0","0.0","1.68","1.05","1.76","0.0","0.0","0.0","0.0","20.19","20.25","421.01","210.51","400.82","400.76","0.0","","","","","","",""
"2015.0","11.0","6.0","310.0","19.79","0.93","0.0","0.0","1.86","0.93","1.73","0.0","0.0","0.0","0.0","21.93","20.25","421.01","210.51","399.09","400.76","0.0","","","","","","",""
"2015.0","11.0","7.0","311.0","19.79","0.86","0.0","0.0","1.66","0.86","1.42","0.0","0.0","0.0","0.0","20.25","20.25","421.01","210.51","400.76","400.76","0.0","","","","","","",""
"2015.0","11.0","8.0","312.0","19.79","0.82","0.0","0.0","1.14","0.82","0.93","0.0","0.0","0.0","0.0","21.18","20.25","421.01","210.51","399.83","400.76","0.0","","","","","","",""
"2015.0","11.0","9.0","313.0","19.79","1.18","0.0","0.0","0.97","1.18","1.15","4.43","4.43","0.0","0.0","16.75","20.25","421.01","210.51","404.26","400.76","0.0","","","","","","",""
"2015.0","11.0","10.0","314.0","19.79","1.17","0.0","0.0","1.29","1.17","1.51","10.75","10.75","0.0","0.0","7.51","20.25","421.01","210.51","413.51","400.76","0.0","","","","","","",""
"2015.0","11.0","11.0","315.0","19.79","1.17","0.0","0.0","1.21","1.17","1.42","0.0","0.0","0.0","0.0","8.92","20.25","421.01","210.51","412.09","400.76","0.0","","","","","","",""
"2015.0","11.0","12.0","316.0","19.79","1.17","0.0","0.0","1.37","1.17","1.6","0.0","0.0","0.0","0.0","10.52","20.25","421.01","210.51","410.49","400.76","0.0","","","","","","",""
"2015.0","11.0","13.0","317.0","19.79","1.17","0.0","0.0","1.32","1.17","1.54","0.0","0.0","0.0","0.0","12.07","20.25","421.01","210.51","408.95","400.76","0.0","","","","","","",""
"2015.0","11.0","14.0","318.0","19.79","1.1","0.0","0.0","1.34","1.1","1.47","0.0","0.0","0.0","0.0","13.54","20.25","421.01","210.51","407.47","400.76","0.0","","","","","","",""
"2015.0","11.0","15.0","319.0","19.79","1.15","0.0","0.0","1.71","1.15","1.97","1.97","1.97","0.0","0.0","13.54","20.25","421.01","210.51","407.48","400.76","0.0","","","","","","",""
"2015.0","11.0","16.0","320.0","19.79","1.12","0.0","0.0","2.6","1.12","2.9","3.43","3.43","0.0","0.0","13.01","20.25","421.01","210.51","408.0","400.76","0.0","","","","","","",""
"2015.0","11.0","17.0","321.0","19.79","1.14","0.0","0.0","1.43","1.14","1.63","0.0","0.0","0.0","0.0","14.64","20.25","421.01","210.51","406.37","400.76","0.0","","","","","","",""
"2015.0","11.0","18.0","322.0","19.79","1.15","0.0","0.0","1.3","1.15","1.49","0.0","0.0","0.0","0.0","16.13","20.25","421.01","210.51","404.88","400.76","0.0","","","","","","",""
"2015.0","11.0","19.0","323.0","19.79","1.08","0.0","0.0","1.31","1.08","1.42","0.0","0.0","0.0","0.0","17.55","20.25","421.01","210.51","403.46","400.76","0.0","","","","","","",""
"2015.0","11.0","20.0","324.0","19.79","0.97","0.0","0.0","1.65","0.97","1.6","0.0","0.0","0.0","0.0","19.15","20.25","421.01","210.51","401.86","400.76","0.0","","","","","","",""
"2015.0","11.0","21.0","325.0","19.79","0.89","0.0","0.0","1.48","0.89","1.32","0.0","0.0","0.0","0.0","20.48","20.25","421.01","210.51","400.54","400.76","0.0","","","","","","",""
"2015.0","11.0","22.0","326.0","19.79","0.84","0.0","0.0","1.31","0.84","1.1","0.0","0.0","0.0","0.0","20.25","20.25","421.01","210.51","400.76","400.76","0.0","","","","","","",""
"2015.0","11.0","23.0","327.0","19.79","0.79","0.0","0.0","1.51","0.79","1.19","0.0","0.0","0.0","0.0","21.44","20.25","421.01","210.51","399.57","400.76","0.0","","","","","","",""
"2015.0","11.0","24.0","328.0","19.79","0.75","0.0","0.0","1.36","0.75","1.02","0.0","0.0","0.0","0.0","20.25","20.25","421.01","210.51","400.76","400.76","0.0","","","","","","",""
"2015.0","11.0","25.0","329.0","19.79","0.72","0.0","0.0","1.02","0.72","0.74","1.19","1.19","0.0","0.0","19.8","20.25","421.01","210.51","401.22","400.76","0.0","","","","","","",""
"2015.0","11.0","26.0","330.0","19.79","0.68","0.0","0.0","1.78","0.68","1.22","0.0","0.0","0.0","0.0","21.02","20.25","421.01","210.51","400.0","400.76","0.0","","","","","","",""
"2015.0","11.0","27.0","331.0","19.79","0.64","0.0","0.0","2.51","0.64","1.6","0.0","0.0","0.0","0.0","20.25","20.25","421.01","210.51","400.76","400.76","0.0","","","","","","",""
"2015.0","11.0","28.0","332.0","19.79","0.61","0.0","0.0","1.67","0.61","1.02","0.0","0.0","0.0","0.0","21.27","20.25","421.01","210.51","399.74","400.76","0.0","","","","","","",""
"2015.0","11.0","29.0","333.0","19.79","0.59","0.0","0.0","1.37","0.59","0.81","0.0","0.0","0.0","0.0","20.25","20.25","421.01","210.51","400.76","400.76","0.0","","","","","","",""
"2015.0","11.0","30.0","334.0","19.79","0.58","0.0","0.0","1.02","0.58","0.59","0.0","0.0","0.0","0.0","20.84","20.25","421.01","210.51","400.17","400.76","0.0","","","","","","",""
"2015.0","12.0","1.0","335.0","19.79","0.57","0.0","0.0","1.17","0.57","0.66","0.0","0.0","0.0","0.0","20.25","20.25","421.01","210.51","400.76","400.76","0.0","","","","","","",""
"2015.0","12.0","2.0","336.0","19.79","0.55","0.0","0.0","1.11","0.55","0.61","0.0","0.0","0.0","0.0","20.86","20.25","421.01","210.51","400.15","400.76","0.0","","","","","","",""
"2015.0","12.0","3.0","337.0","19.79","0.54","0.0","0.0","1.12","0.54","0.61","0.0","0.0","0.0","0.0","20.25","20.25","421.01","210.51","400.76","400.76","0.0","","","","","","",""
"2015.0","12.0","4.0","338.0","19.79","1.18","0.0","0.0","1.01","1.18","1.19","7.54","7.54","0.0","0.0","13.9","20.25","421.01","210.51","407.11","400.76","0.0","","","","","","",""
"2015.0","12.0","5.0","339.0","19.79","1.18","0.0","0.0","0.76","1.18","0.9","0.0","0.0","0.0","0.0","14.8","20.25","421.01","210.51","406.21","400.76","0.0","","","","","","",""
"2015.0","12.0","6.0","340.0","19.79","1.18","0.0","0.0","1.18","1.18","1.39","0.01","0.01","0.0","0.0","16.18","20.25","421.01","210.51","404.83","400.76","0.0","","","","","","",""
"2015.0","12.0","7.0","341.0","19.79","1.18","0.0","0.0","0.9","1.18","1.06","0.04","0.04","0.0","0.0","17.21","20.25","421.01","210.51","403.81","400.76","0.0","","","","","","",""
"2015.0","12.0","8.0","342.0","19.79","1.18","0.0","0.0","0.55","1.18","0.65","0.0","0.0","0.0","0.0","17.86","20.25","421.01","210.51","403.15","400.76","0.0","","","","","","",""
"2015.0","12.0","9.0","343.0","19.79","1.18","0.0","0.0","0.9","1.18","1.07","0.0","0.0","0.0","0.0","18.93","20.25","421.01","210.51","402.09","400.76","0.0","","","","","","",""
"2015.0","12.0","10.0","344.0","19.79","1.17","0.0","0.0","1.37","1.17","1.6","1.73","1.73","0.0","0.0","18.79","20.25","421.01","210.51","402.22","400.76","0.0","","","","","","",""
"2015.0","12.0","11.0","345.0","19.79","1.18","0.0","0.0","1.05","1.18","1.24","3.37","3.37","0.0","0.0","16.66","20.25","421.01","210.51","404.35","400.76","0.0","","","","","","",""
"2015.0","12.0","12.0","346.0","19.79","1.18","0.0","0.0","0.81","1.18","0.96","0.03","0.03","0.0","0.0","17.59","20.25","421.01","210.51","403.43","400.76","0.0","","","","","","",""
"2015.0","12.0","13.0","347.0","19.79","1.18","0.0","0.0","1.24","1.18","1.46","0.0","0.0","0.0","0.0","19.05","20.25","421.01","210.51","401.96","400.76","0.0","","","","","","",""
"2015.0","12.0","14.0","348.0","19.79","1.16","0.0","0.0","1.53","1.16","1.77","10.75","10.75","0.0","0.0","10.07","20.25","421.01","210.51","410.94","400.76","0.0","","","","","","",""
"2015.0","12.0","15.0","349.0","19.79","1.15","0.0","0.0","2.03","1.15","2.33","0.0","0.0","0.0","0.0","12.4","20.25","421.01","210.51","408.61","400.76","0.0","","","","","","",""
"2015.0","12.0","16.0","350.0","19.79","1.16","0.0","0.0","0.85","1.16","0.99","0.0","0.0","0.0","0.0","13.39","20.25","421.01","210.51","407.62","400.76","0.0","","","","","","",""
"2015.0","12.0","17.0","351.0","19.79","1.17","0.0","0.0","0.95","1.17","1.11","0.0","0.0","0.0","0.0","14.5","20.25","421.01","210.51","406.51","400.76","0.0","","","","","","",""
"2015.0","12.0","18.0","352.0","19.79","1.1","0.0","0.0","1.16","1.1","1.28","0.0","0.0","0.0","0.0","15.78","20.25","421.01","210.51","405.24","400.76","0.0","","","","","","",""
"2015.0","12.0","19.0","353.0","19.79","1.19","0.0","0.0","0.67","1.19","0.8","9.68","9.68","0.0","0.0","6.89","20.25","421.01","210.51","414.12","400.76","0.0","","","","","","",""
"2015.0","12.0","20.0","354.0","19.79","1.2","0.0","0.0","0.56","1.2","0.67","0.44","0.44","0.0","0.0","7.12","20.25","421.01","210.51","413.89","400.76","0.0","","","","","","",""
"2015.0","12.0","21.0","355.0","19.79","1.2","0.0","0.0","0.58","1.2","0.69","5.03","5.03","0.0","0.0","2.79","20.25","421.01","210.51","418.23","400.76","0.0","","","","","","",""
"2015.0","12.0","22.0","356.0","19.79","1.18","0.0","0.0","1.08","1.18","1.27","4.97","4.06","0.0","0.0","0.0","20.25","421.01","210.51","421.01","400.76","0.0","","","","","","",""
"2015.0","12.0","23.0","357.0","19.79","1.17","0.0","0.0","1.27","1.17","1.49","0.0","0.0","0.0","0.0","1.49","20.25","421.01","210.51","419.52","400.76","0.0","","","","","","",""
"2015.0","12.0","24.0","358.0","19.79","1.18","0.0","0.0","1.0","1.18","1.18","0.1","0.1","0.0","0.0","2.57","20.25","421.01","210.51","418.45","400.76","0.0","","","","","","",""
"2015.0","12.0","25.0","359.0","19.79","1.18","0.0","0.0","0.85","1.18","1.0","1.02","1.02","0.0","0.0","2.55","20.25","421.01","210.51","418.47","400.76","0.0","","","","","","",""
"2015.0","12.0","26.0","360.0","19.79","1.17","0.0","0.0","1.56","1.17","1.83","0.0","0.0","0.0","0.0","4.38","20.25","421.01","210.51","416.64","400.76","0.0","","","","","","",""
"2015.0","12.0","27.0","361.0","19.79","1.12","0.0","0.0","0.58","1.12","0.65","0.0","0.0","0.0","0.0","5.03","20.25","421.01","210.51","415.99","400.76","0.0","","","","","","",""
"2015.0","12.0","28.0","362.0","19.79","1.06","0.0","0.0","0.73","1.06","0.78","0.59","0.59","0.0","0.0","5.21","20.25","421.01","210.51","415.8","400.76","0.0","","","","","","",""
"2015.0","12.0","29.0","363.0","19.79","1.0","0.0","0.0","0.94","1.0","0.94","0.0","0.0","0.0","0.0","6.15","20.25","421.01","210.51","414.86","400.76","0.0","","","","","","",""
"2015.0","12.0","30.0","364.0","19.79","0.95","0.0","0.0","0.78","0.95","0.74","0.0","0.0","0.0","0.0","6.89","20.25","421.01","210.51","414.12","400.76","0.0","","","","","","",""
"2015.0","12.0","31.0","365.0","19.79","0.9","0.0","0.0","1.09","0.9","0.98","0.0","0.0","0.0","0.0","7.87","20.25","421.01","210.51","413.14","400.76","0.0","","","","","","",""
"2016.0","1.0","1.0","1.0","19.79","0.84","0.0","0.0","1.45","0.84","1.22","0.0","0.0","0.0","0.0","9.09","20.25","421.01","210.51","411.92","400.76","0.0","","","","","","",""
"2016.0","1.0","2.0","2.0","19.79","0.8","0.0","0.0","1.22","0.8","0.97","0.0","0.0","0.0","0.0","10.06","20.25","421.01","210.51","410.95","400.76","0.0","","","","","","",""
"2016.0","1.0","3.0","3.0","19.79","0.76","0.0","0.0","1.21","0.76","0.92","0.0","0.0","0.0","0.0","10.98","20.25","421.01","210.51","410.03","400.76","0.0","","","","","","",""
"2016.0","1.0","4.0","4.0","19.79","0.74","0.0","0.0","0.87","0.74","0.64","0.17","0.17","0.0","0.0","11.45","20.25","421.01","210.51","409.56","400.76","0.0","","","","","","",""
"2016.0","1.0","5.0","5.0","19.79","1.19","0.0","0.0","0.85","1.19","1.01","18.14","12.46","0.0","0.0","0.0","20.25","421.01","210.51","421.01","400.76","0.0","","","","","","",""
"2016.0","1.0","6.0","6.0","19.79","1.19","0.0","0.0","0.82","1.19","0.97","14.82","0.97","0.0","0.0","0.0","20.25","421.01","210.51","421.01","400.76","0.0","","","","","","",""
"2016.0","1.0","7.0","7.0","19.79","1.2","0.0","0.0","0.59","1.2","0.71","15.26","0.71","0.0","0.0","0.0","20.25","421.01","210.51","421.01","400.76","0.0","","","","","","",""
"2016.0","1.0","8.0","8.0","19.79","1.2","0.0","0.0","0.63","1.2","0.75","0.09","0.09","0.0","0.0","0.66","20.25","421.01","210.51","420.35","400.76","0.0","","","","","","",""
"2016.0","1.0","9.0","9.0","19.79","1.19","0.0","0.0","0.8","1.19","0.95","2.34","1.61","0.0","0.0","0.0","20.25","421.01","210.51","421.01","400.76","0.0","","","","","","",""
"2016.0","1.0","10.0","10.0","19.79","1.18","0.0","0.0","0.91","1.18","1.08","1.28","1.08","0.0","0.0","0.0","20.25","421.01","210.51","421.01","400.76","0.0","","","","","","",""
"2016.0","1.0","11.0","11.0","19.79","1.18","0.0","0.0","0.98","1.18","1.16","0.0","0.0","0.0","0.0","1.16","20.25","421.01","210.51","419.86","400.76","0.0","","","","","","",""
"2016.0","1.0","12.0","12.0","19.79","1.18","0.0","0.0","0.99","1.18","1.17","0.0","0.0","0.0","0.0","2.33","20.25","421.01","210.51","418.69","400.76","0.0","","","","","","",""
"2016.0","1.0","13.0","13.0","19.79","1.17","0.0","0.0","1.36","1.17","1.59","5.0","3.91","0.0","0.0","0.0","20.25","421.01","210.51","421.01","400.76","0.0","","","","","","",""
"2016.0","1.0","14.0","14.0","19.79","1.19","0.0","0.0","0.66","1.19","0.79","2.42","0.79","0.0","0.0","0.0","20.25","421.01","210.51","421.01","400.76","0.0","","","","","","",""
"2016.0","1.0","15.0","15.0","19.79","1.19","0.0","0.0","0.78","1.19","0.93","2.88","0.93","0.0","0.0","0.0","20.25","421.01","210.51","421.01","400.76","0.0","","","","","","",""
"2016.0","1.0","16.0","16.0","19.79","1.19","0.0","0.0","0.8","1.19","0.95","6.95","0.95","0.0","0.0","0.0","20.25","421.01","210.51","421.01","400.76","0.0","","","","","","",""
"2016.0","1.0","17.0","17.0","19.79","1.19","0.0","0.0","0.82","1.19","0.97","1.13","0.97","0.0","0.0","0.0","20.25","421.01","210.51","421.01","400.76","0.0","","","","","","",""
"2016.0","1.0","18.0","18.0","19.79","1.17","0.0","0.0","1.18","1.17","1.38","28.31","1.38","0.0","0.0","0.0","20.25","421.01","210.51","421.01","400.76","0.0","","","","","","",""
"2016.0","1.0","19.0","19.0","19.79","1.17","0.0","0.0","1.31","1.17","1.53","4.94","1.53","0.0","0.0","0.0","20.25","421.01","210.51","421.01","400.76","0.0","","","","","","",""
"2016.0","1.0","20.0","20.0","19.79","1.18","0.0","0.0","1.02","1.18","1.2","18.57","1.2","0.0","0.0","0.0","20.25","421.01","210.51","421.01","400.76","0.0","","","","","","",""
"2016.0","1.0","21.0","21.0","19.79","1.18","0.0","0.0","1.12","1.18","1.32","0.0","0.0","0.0","0.0","1.32","20.25","421.01","210.51","419.7","400.76","0.0","","","","","","",""
"2016.0","1.0","22.0","22.0","19.79","1.18","0.0","0.0","1.16","1.18","1.36","1.05","1.05","0.0","0.0","1.63","20.25","421.01","210.51","419.38","400.76","0.0","","","","","","",""
"2016.0","1.0","23.0","23.0","19.79","1.16","0.0","0.0","1.42","1.16","1.65","10.72","3.28","0.0","0.0","0.0","20.25","421.01","210.51","421.01","400.76","0.0","","","","","","",""
"2016.0","1.0","24.0","24.0","19.79","1.18","0.0","0.0","1.08","1.18","1.27","1.54","1.27","0.0","0.0","0.0","20.25","421.01","210.51","421.01","400.76","0.0","","","","","","",""
"2016.0","1.0","25.0","25.0","19.79","1.17","0.0","0.0","1.21","1.17","1.42","0.4","0.4","0.0","0.0","1.02","20.25","421.01","210.51","419.99","400.76","0.0","","","","","","",""
"2016.0","1.0","26.0","26.0","19.79","1.18","0.0","0.0","1.01","1.18","1.19","0.0","0.0","0.0","0.0","2.21","20.25","421.01","210.51","418.81","400.76","0.0","","","","","","",""
"2016.0","1.0","27.0","27.0","19.79","1.17","0.0","0.0","1.4","1.17","1.64","0.0","0.0","0.0","0.0","3.85","20.25","421.01","210.51","417.16","400.76","0.0","","","","","","",""
"2016.0","1.0","28.0","28.0","19.79","1.18","0.0","0.0","0.89","1.18","1.05","0.0","0.0","0.0","0.0","4.9","20.25","421.01","210.51","416.12","400.76","0.0","","","","","","",""
"2016.0","1.0","29.0","29.0","19.79","1.1","0.0","0.0","1.03","1.1","1.13","0.29","0.29","0.0","0.0","5.74","20.25","421.01","210.51","415.28","400.76","0.0","","","","","","",""
"2016.0","1.0","30.0","30.0","19.79","1.16","0.0","0.0","1.51","1.16","1.75","5.98","5.98","0.0","0.0","1.51","20.25","421.01","210.51","419.51","400.76","0.0","","","","","","",""
"2016.0","1.0","31.0","31.0","19.79","1.14","0.0","0.0","2.42","1.14","2.76","0.0","0.0","0.0","0.0","4.27","20.25","421.01","210.51","416.75","400.76","0.0","","","","","","",""
"2016.0","2.0","1.0","32.0","19.79","1.08","0.0","0.0","2.58","1.08","2.8","0.0","0.0","0.0","0.0","7.07","20.25","421.01","210.51","413.95","400.76","0.0","","","","","","",""
"2016.0","2.0","2.0","33.0","19.79","1.01","0.0","0.0","1.06","1.01","1.07","0.0","0.0","0.0","0.0","8.14","20.25","421.01","210.51","412.87","400.76","0.0","","","","","","",""
"2016.0","2.0","3.0","34.0","19.79","0.95","0.0","0.0","1.04","0.95","0.99","0.84","0.84","0.0","0.0","8.29","20.25","421.01","210.51","412.73","400.76","0.0","","","","","","",""
"2016.0","2.0","4.0","35.0","19.79","0.88","0.0","0.0","1.53","0.88","1.34","0.02","0.02","0.0","0.0","9.61","20.25","421.01","210.51","411.41","400.76","0.0","","","","","","",""
"2016.0","2.0","5.0","36.0","19.79","0.82","0.0","0.0","1.39","0.82","1.14","0.0","0.0","0.0","0.0","10.75","20.25","421.01","210.51","410.26","400.76","0.0","","","","","","",""
"2016.0","2.0","6.0","37.0","19.79","0.77","0.0","0.0","1.63","0.77","1.26","0.0","0.0","0.0","0.0","12.01","20.25","421.01","210.51","409.01","400.76","0.0","","","","","","",""
"2016.0","2.0","7.0","38.0","19.79","0.72","0.0","0.0","1.96","0.72","1.41","0.0","0.0","0.0","0.0","13.41","20.25","421.01","210.51","407.6","400.76","0.0","","","","","","",""
"2016.0","2.0","8.0","39.0","19.79","0.67","0.0","0.0","2.08","0.67","1.4","0.0","0.0","0.0","0.0","14.81","20.25","421.01","210.51","406.2","400.76","0.0","","","","","","",""
"2016.0","2.0","9.0","40.0","19.79","0.64","0.0","0.0","1.96","0.64","1.25","0.0","0.0","0.0","0.0","16.06","20.25","421.01","210.51","404.95","400.76","0.0","","","","","","",""
"2016.0","2.0","10.0","41.0","19.79","0.61","0.0","0.0","1.91","0.61","1.16","0.0","0.0","0.0","0.0","17.22","20.25","421.01","210.51","403.79","400.76","0.0","","","","","","",""
"2016.0","2.0","11.0","42.0","19.79","0.58","0.0","0.0","1.76","0.58","1.03","0.0","0.0","0.0","0.0","18.25","20.25","421.01","210.51","402.76","400.76","0.0","","","","","","",""
"2016.0","2.0","12.0","43.0","19.79","0.56","0.0","0.0","1.83","0.56","1.03","0.0","0.0","0.0","0.0","19.28","20.25","421.01","210.51","401.74","400.76","0.0","","","","","","",""
"2016.0","2.0","13.0","44.0","19.79","0.54","0.0","0.0","2.35","0.54","1.26","0.0","0.0","0.0","0.0","20.54","20.25","421.01","210.51","400.48","400.76","0.0","","","","","","",""
"2016.0","2.0","14.0","45.0","19.79","0.51","0.0","0.0","3.22","0.51","1.63","0.0","0.0","0.0","0.0","20.25","20.25","421.01","210.51","400.76","400.76","0.0","","","","","","",""
"2016.0","2.0","15.0","46.0","19.79","0.48","0.0","0.0","2.64","0.48","1.28","0.0","0.0","0.0","0.0","21.53","20.25","421.01","210.51","399.48","400.76","0.0","","","","","","",""
"2016.0","2.0","16.0","47.0","19.79","0.47","0.0","0.0","2.1","0.47","0.99","0.0","0.0","0.0","0.0","20.25","20.25","421.01","210.51","400.76","400.76","0.0","","","","","","",""
"2016.0","2.0","17.0","48.0","19.79","0.45","0.0","0.0","2.65","0.45","1.2","0.0","0.0","0.0","0.0","21.45","20.25","421.01","210.51","399.56","400.76","0.0","","","","","","",""
"2016.0","2.0","18.0","49.0","19.79","1.15","0.0","0.0","1.85","1.15","2.12","13.67","13.67","0.0","0.0","7.78","20.25","421.01","210.51","413.23","400.76","0.0","","","","","","",""
"2016.0","2.0","19.0","50.0","19.79","1.16","0.0","0.0","1.55","1.16","1.79","3.73","3.73","0.0","0.0","5.84","20.25","421.01","210.51","415.17","400.76","0.0","","","","","","",""
"2016.0","2.0","20.0","51.0","19.79","1.15","0.0","0.0","1.81","1.15","2.09","0.24","0.24","0.0","0.0","7.69","20.25","421.01","210.51","413.32","400.76","0.0","","","","","","",""
"2016.0","2.0","21.0","52.0","19.79","1.15","0.0","0.0","1.96","1.15","2.25","0.0","0.0","0.0","0.0","9.94","20.25","421.01","210.51","411.07","400.76","0.0","","","","","","",""
"2016.0","2.0","22.0","53.0","19.79","0.98","0.0","0.0","2.76","0.98","2.69","0.0","0.0","0.0","0.0","12.64","20.25","421.01","210.51","408.38","400.76","0.0","","","","","","",""
"2016.0","2.0","23.0","54.0","19.79","0.86","0.0","0.0","2.38","0.86","2.04","0.0","0.0","0.0","0.0","14.68","20.25","421.01","210.51","406.34","400.76","0.0","","","","","","",""
"2016.0","2.0","24.0","55.0","19.79","0.78","0.0","0.0","2.23","0.78","1.73","0.0","0.0","0.0","0.0","16.41","20.25","421.01","210.51","404.6","400.76","0.0","","","","","","",""
"2016.0","2.0","25.0","56.0","19.79","0.71","0.0","0.0","2.35","0.71","1.68","0.0","0.0","0.0","0.0","18.09","20.25","421.01","210.51","402.92","400.76","0.0","","","","","","",""
"2016.0","2.0","26.0","57.0","19.79","0.66","0.0","0.0","2.38","0.66","1.58","0.0","0.0","0.0","0.0","19.67","20.25","421.01","210.51","401.35","400.76","0.0","","","","","","",""
"2016.0","2.0","27.0","58.0","19.79","0.63","0.0","0.0","2.08","0.63","1.3","0.0","0.0","0.0","0.0","20.97","20.25","421.01","210.51","400.04","400.76","0.0","","","","","","",""
"2016.0","2.0","28.0","59.0","19.79","0.6","0.0","0.0","2.1","0.6","1.25","0.0","0.0","0.0","0.0","20.25","20.25","421.01","210.51","400.76","400.76","0.0","","","","","","",""
"2016.0","2.0","29.0","60.0","19.79","0.56","0.0","0.0","2.69","0.56","1.51","0.0","0.0","0.0","0.0","21.76","20.25","421.01","210.51","399.25","400.76","0.0","","","","","","",""
"2016.0","3.0","1.0","61.0","19.79","0.53","0.0","0.0","3.02","0.53","1.6","0.0","0.0","0.0","0.0","20.25","20.25","421.01","210.51","400.76","400.76","0.0","","","","","","",""
"2016.0","3.0","2.0","62.0","19.79","0.5","0.0","0.0","2.66","0.5","1.34","0.0","0.0","0.0","0.0","21.59","20.25","421.01","210.51","399.42","400.76","0.0","","","","","","",""
"2016.0","3.0","3.0","63.0","19.79","0.49","0.0","0.0","1.77","0.49","0.87","0.0","0.0","0.0","0.0","20.25","20.25","421.01","210.51","400.76","400.76","0.0","","","","","","",""
"2016.0","3.0","4.0","64.0","19.79","0.48","0.0","0.0","1.55","0.48","0.74","0.14","0.14","0.0","0.0","20.85","20.25","421.01","210.51","400.16","400.76","0.0","","","","","","",""
"2016.0","3.0","5.0","65.0","19.79","1.17","0.0","0.0","1.23","1.17","1.44","16.2","16.2","0.0","0.0","4.65","20.25","421.01","210.51","416.36","400.76","0.0","","","","","","",""
"2016.0","3.0","6.0","66.0","19.79","1.13","0.0","0.0","2.17","1.13","2.46","38.99","7.11","0.0","0.0","0.0","20.25","421.01","210.51","421.01","400.76","0.0","","","","","","",""
"2016.0","3.0","7.0","67.0","19.79","1.16","0.0","0.0","1.57","1.16","1.82","13.12","1.82","0.0","0.0","0.0","20.25","421.01","210.51","421.01","400.76","0.0","","","","","","",""
"2016.0","3.0","8.0","68.0","19.79","1.15","0.0","0.0","1.76","1.15","2.02","2.77","2.02","0.0","0.0","0.0","20.25","421.01","210.51","421.01","400.76","0.0","","","","","","",""
"2016.0","3.0","9.0","69.0","19.79","1.15","0.0","0.0","1.86","1.15","2.13","0.0","0.0","0.0","0.0","2.13","20.25","421.01","210.51","418.88","400.76","0.0","","","","","","",""
"2016.0","3.0","10.0","70.0","19.79","1.15","0.0","0.0","1.4","1.15","1.61","0.02","0.02","0.0","0.0","3.73","20.25","421.01","210.51","417.28","400.76","0.0","","","","","","",""
"2016.0","3.0","11.0","71.0","19.79","1.16","0.0","0.0","1.47","1.16","1.71","14.58","5.44","0.0","0.0","0.0","20.25","421.01","210.51","421.01","400.76","0.0","","","","","","",""
"2016.0","3.0","12.0","72.0","19.79","1.16","0.0","0.0","1.54","1.16","1.78","12.59","1.78","0.0","0.0","0.0","20.25","421.01","210.51","421.01","400.76","0.0","","","","","","",""
"2016.0","3.0","13.0","73.0","19.79","1.17","0.0","0.0","1.15","1.17","1.35","14.06","1.35","0.0","0.0","0.0","20.25","421.01","210.51","421.01","400.76","0.0","","","","","","",""
"2016.0","3.0","14.0","74.0","19.79","1.12","0.0","0.0","2.55","1.12","2.85","12.93","2.85","0.0","0.0","0.0","20.25","421.01","210.51","421.01","400.76","0.0","","","","","","",""
"2016.0","3.0","15.0","75.0","19.79","1.11","0.0","0.0","3.07","1.11","3.4","0.0","0.0","0.0","0.0","3.4","20.25","421.01","210.51","417.61","400.76","0.0","","","","","","",""
"2016.0","3.0","16.0","76.0","19.79","0.92","0.0","0.0","3.12","0.92","2.88","0.0","0.0","0.0","0.0","6.28","20.25","421.01","210.51","414.73","400.76","0.0","","","","","","",""
"2016.0","3.0","17.0","77.0","19.79","0.79","0.0","0.0","3.16","0.79","2.5","0.0","0.0","0.0","0.0","8.78","20.25","421.01","210.51","412.23","400.76","0.0","","","","","","",""
"2016.0","3.0","18.0","78.0","19.79","0.7","0.0","0.0","3.19","0.7","2.24","0.0","0.0","0.0","0.0","11.02","20.25","421.01","210.51","409.99","400.76","0.0","","","","","","",""
"2016.0","3.0","19.0","79.0","19.79","0.64","0.0","0.0","3.17","0.64","2.02","0.0","0.0","0.0","0.0","13.04","20.25","421.01","210.51","407.97","400.76","0.0","","","","","","",""
"2016.0","3.0","20.0","80.0","19.79","0.6","0.0","0.0","2.2","0.6","1.33","0.0","0.0","0.0","0.0","14.37","20.25","421.01","210.51","406.64","400.76","0.0","","","","","","",""
"2016.0","3.0","21.0","81.0","19.79","0.57","0.0","0.0","2.32","0.57","1.33","1.54","1.54","0.0","0.0","14.16","20.25","421.01","210.51","406.85","400.76","0.0","","","","","","",""
"2016.0","3.0","22.0","82.0","19.79","0.54","0.0","0.0","2.92","0.54","1.57","1.83","1.83","0.0","0.0","13.9","20.25","421.01","210.51","407.11","400.76","0.0","","","","","","",""
"2016.0","3.0","23.0","83.0","19.79","0.51","0.0","0.0","3.36","0.51","1.7","0.0","0.0","0.0","0.0","15.61","20.25","421.01","210.51","405.41","400.76","0.0","","","","","","",""
"2016.0","3.0","24.0","84.0","19.79","0.48","0.0","0.0","3.2","0.48","1.54","0.0","0.0","0.0","0.0","17.14","20.25","421.01","210.51","403.87","400.76","0.0","","","","","","",""
"2016.0","3.0","25.0","85.0","19.79","0.45","0.0","0.0","3.71","0.45","1.69","0.0","0.0","0.0","0.0","18.83","20.25","421.01","210.51","402.18","400.76","0.0","","","","","","",""
"2016.0","3.0","26.0","86.0","19.79","0.43","0.0","0.0","4.47","0.43","1.91","0.0","0.0","0.0","0.0","20.74","20.25","421.01","210.51","400.27","400.76","0.0","","","","","","",""
"2016.0","3.0","27.0","87.0","19.79","0.41","0.0","0.0","3.43","0.41","1.41","0.0","0.0","0.0","0.0","20.25","20.25","421.01","210.51","400.76","400.76","0.0","","","","","","",""
"2016.0","3.0","28.0","88.0","19.79","0.39","0.0","0.0","3.53","0.39","1.39","0.0","0.0","0.0","0.0","21.64","20.25","421.01","210.51","399.37","400.76","0.0","","","","","","",""
"2016.0","3.0","29.0","89.0","19.79","0.38","0.0","0.0","3.82","0.38","1.45","0.0","0.0","0.0","0.0","20.25","20.25","421.01","210.51","400.76","400.76","0.0","","","","","","",""
"2016.0","3.0","30.0","90.0","19.79","0.37","0.0","0.0","3.64","0.37","1.33","0.0","0.0","0.0","0.0","21.58","20.25","421.01","210.51","399.43","400.76","0.0","","","","","","",""
"2016.0","3.0","31.0","91.0","19.79","0.35","0.0","0.0","3.78","0.35","1.34","0.0","0.0","0.0","0.0","20.25","20.25","421.01","210.51","400.76","400.76","0.0","","","","","","",""
"2016.0","4.0","1.0","92.0","19.79","0.34","0.0","0.0","3.67","0.34","1.26","0.0","0.0","0.0","0.0","21.51","20.25","421.01","210.51","399.5","400.76","0.0","","","","","","",""
"2016.0","4.0","2.0","93.0","19.79","0.33","0.0","0.0","3.74","0.33","1.25","0.0","0.0","0.0","0.0","20.25","20.25","421.01","210.51","400.76","400.76","0.0","","","","","","",""
"2016.0","4.0","3.0","94.0","19.79","0.32","0.0","0.0","4.08","0.32","1.32","0.0","0.0","0.0","0.0","21.57","20.25","421.01","210.51","399.44","400.76","0.0","","","","","","",""
"2016.0","4.0","4.0","95.0","19.79","0.31","0.0","0.0","4.22","0.31","1.33","0.0","0.0","0.0","0.0","20.25","20.25","421.01","210.51","400.76","400.76","0.0","","","","","","",""
"2016.0","4.0","5.0","96.0","19.79","0.3","0.0","0.0","5.72","0.3","1.73","0.0","0.0","0.0","0.0","21.98","20.25","421.01","210.51","399.04","400.76","0.0","","","","","","",""
"2016.0","4.0","6.0","97.0","19.79","0.29","0.0","0.0","4.95","0.29","1.45","0.0","0.0","0.0","0.0","20.25","20.25","421.01","210.51","400.76","400.76","0.0","","","","","","",""
"2016.0","4.0","7.0","98.0","19.79","0.29","0.0","0.0","4.34","0.29","1.24","0.0","0.0","0.0","0.0","21.49","20.25","421.01","210.51","399.52","400.76","0.0","","","","","","",""
"2016.0","4.0","8.0","99.0","19.79","0.28","0.0","0.0","3.63","0.28","1.02","0.0","0.0","0.0","0.0","20.25","20.25","421.01","210.51","400.76","400.76","0.0","","","","","","",""
"2016.0","4.0","9.0","100.0","19.79","0.28","0.0","0.0","1.42","0.28","0.39","1.32","1.32","0.0","0.0","19.32","20.25","421.01","210.51","401.69","400.76","0.0","","","","","","",""
"2016.0","4.0","10.0","101.0","19.79","1.13","0.0","0.0","2.26","1.13","2.55","9.35","9.35","0.0","0.0","12.53","20.25","421.01","210.51","408.49","400.76","0.0","","","","","","",""
"2016.0","4.0","11.0","102.0","19.79","1.11","0.0","0.0","3.33","1.11","3.69","0.43","0.43","0.0","0.0","15.79","20.25","421.01","210.51","405.23","400.76","0.0","","","","","","",""
"2016.0","4.0","12.0","103.0","19.79","0.9","0.0","0.0","3.61","0.9","3.24","0.0","0.0","0.0","0.0","19.03","20.25","421.01","210.51","401.98","400.76","0.0","","","","","","",""
"2016.0","4.0","13.0","104.0","19.79","0.74","0.0","0.0","4.28","0.74","3.16","0.0","0.0","0.0","0.0","22.19","20.25","421.01","210.51","398.83","400.76","0.0","","","","","","",""
"2016.0","4.0","14.0","105.0","19.79","0.65","0.0","0.0","4.01","0.65","2.59","0.67","0.67","0.0","0.0","20.25","20.25","421.01","210.51","400.76","400.76","0.0","","","","","","",""
"2016.0","4.0","15.0","106.0","19.79","0.56","0.55","0.0","5.41","0.56","3.04","0.0","0.0","0.0","0.0","23.29","94.98","421.01","210.51","397.73","326.04","0.0","","","","","","",""
"2016.0","4.0","16.0","107.0","19.79","0.5","0.56","0.0","5.5","0.56","3.06","0.0","0.0","0.0","0.0","26.35","94.98","421.01","210.51","394.67","326.04","0.0","","","","","","",""
"2016.0","4.0","17.0","108.0","19.79","0.46","0.56","0.0","4.75","0.56","2.68","0.0","0.0","0.0","0.0","29.02","94.98","421.01","210.51","391.99","326.04","0.0","","","","","","",""
"2016.0","4.0","18.0","109.0","19.79","0.43","0.57","0.0","5.12","0.57","2.92","0.0","0.0","0.0","0.0","31.94","94.98","421.01","210.51","389.07","326.04","0.0","","","","","","",""
"2016.0","4.0","19.0","110.0","19.79","0.4","0.58","0.0","5.07","0.58","2.92","0.0","0.0","0.0","0.0","34.86","94.98","421.01","210.51","386.15","326.04","0.0","","","","","","",""
"2016.0","4.0","20.0","111.0","19.79","0.38","0.58","0.0","5.26","0.58","3.07","0.0","0.0","0.0","0.0","37.93","94.98","421.01","210.51","383.09","326.04","0.0","","","","","","",""
"2016.0","4.0","21.0","112.0","19.79","0.37","0.59","0.0","3.95","0.59","2.33","0.0","0.0","0.0","0.0","40.26","94.98","421.01","210.51","380.76","326.04","0.0","","","","","","",""
"2016.0","4.0","22.0","113.0","19.79","0.36","0.6","0.0","2.78","0.6","1.66","0.28","0.28","0.0","0.0","41.63","94.98","421.01","210.51","379.38","326.04","0.0","","","","","","",""
"2016.0","4.0","23.0","114.0","19.79","1.06","0.6","0.0","3.98","1.06","4.22","6.11","6.11","0.0","0.0","39.75","94.98","421.01","210.51","381.27","326.04","0.0","","","","","","",""
"2016.0","4.0","24.0","115.0","19.79","0.92","0.61","0.0","4.44","0.92","4.08","0.0","0.0","0.0","0.0","43.82","94.98","421.01","210.51","377.19","326.04","0.0","","","","","","",""
"2016.0","4.0","25.0","116.0","19.79","0.71","0.62","0.0","5.39","0.71","3.84","0.0","0.0","0.0","0.0","47.66","94.98","421.01","210.51","373.35","326.04","0.0","","","","","","",""
"2016.0","4.0","26.0","117.0","19.79","0.62","0.62","0.0","4.58","0.62","2.85","0.0","0.0","0.0","0.0","50.51","94.98","421.01","210.51","370.5","326.04","0.0","","","","","","",""
"2016.0","4.0","27.0","118.0","19.79","0.57","0.63","0.0","3.62","0.63","2.28","0.0","0.0","0.0","0.0","52.79","94.98","421.01","210.51","368.22","326.04","0.0","","","","","","",""
"2016.0","4.0","28.0","119.0","19.79","0.5","0.64","0.0","5.82","0.64","3.7","4.55","4.55","0.0","0.0","51.94","94.98","421.01","210.51","369.07","326.04","0.0","","","","","","",""
"2016.0","4.0","29.0","120.0","19.79","0.46","0.64","0.0","5.17","0.64","3.32","0.0","0.0","0.0","0.0","55.26","94.98","421.01","210.51","365.75","326.04","0.0","","","","","","",""
"2016.0","4.0","30.0","121.0","19.79","0.41","0.65","0.0","7.43","0.65","4.82","0.03","0.03","0.0","0.0","60.05","94.98","421.01","210.51","360.97","326.04","0.0","","","","","","",""
"2016.0","5.0","1.0","122.0","19.79","0.38","0.66","0.0","5.97","0.66","3.91","0.0","0.0","0.0","0.0","63.96","94.98","421.01","210.51","357.05","326.04","0.0","","","","","","",""
"2016.0","5.0","2.0","123.0","19.79","0.36","0.66","0.0","5.45","0.66","3.61","0.0","0.0","0.0","0.0","67.57","94.98","421.01","210.51","353.45","326.04","0.0","","","","","","",""
"2016.0","5.0","3.0","124.0","19.79","0.35","0.67","0.0","4.6","0.67","3.07","0.0","0.0","0.0","0.0","70.64","94.98","421.01","210.51","350.37","326.04","0.0","","","","","","",""
"2016.0","5.0","4.0","125.0","19.79","0.33","0.67","0.0","4.92","0.67","3.32","0.0","0.0","0.0","0.0","73.96","94.98","421.01","210.51","347.05","326.04","0.0","","","","","","",""
"2016.0","5.0","5.0","126.0","19.79","0.33","0.68","0.0","2.31","0.68","1.57","0.16","0.16","0.0","0.0","75.38","94.98","421.01","210.51","345.64","326.04","0.0","","","","","","",""
"2016.0","5.0","6.0","127.0","19.79","0.33","0.69","0.0","2.18","0.69","1.5","1.17","1.17","0.0","0.0","75.71","94.98","421.01","210.51","345.31","326.04","0.0","","","","","","",""
"2016.0","5.0","7.0","128.0","19.79","0.32","0.69","0.0","2.15","0.69","1.49","1.04","1.04","0.0","0.0","76.16","94.98","421.01","210.51","344.85","326.04","0.0","","","","","","",""
"2016.0","5.0","8.0","129.0","19.79","0.31","0.7","0.0","3.26","0.7","2.29","1.91","1.91","0.0","0.0","76.54","94.98","421.01","210.51","344.48","326.04","0.0","","","","","","",""
"2016.0","5.0","9.0","130.0","19.79","0.3","0.71","0.0","4.71","0.71","3.33","0.0","0.0","0.0","0.0","79.87","94.98","421.01","210.51","341.14","326.04","0.0","","","","","","",""
"2016.0","5.0","10.0","131.0","19.79","0.29","0.71","0.0","5.78","0.71","4.13","0.0","0.0","0.0","0.0","84.0","94.98","421.01","210.51","337.01","326.04","0.0","","","","","","",""
"2016.0","5.0","11.0","132.0","19.79","0.28","0.72","0.0","6.12","0.72","4.41","0.0","0.0","0.0","0.0","88.41","94.98","421.01","210.51","332.6","326.04","0.0","","","","","","",""
"2016.0","5.0","12.0","133.0","19.79","0.27","0.73","0.0","6.17","0.73","4.49","0.0","0.0","0.0","0.0","92.9","94.98","421.01","210.51","328.11","326.04","0.0","","","","","","",""
"2016.0","5.0","13.0","134.0","19.79","0.26","0.73","0.0","5.78","0.73","4.24","0.0","0.0","0.0","0.0","0.0","94.98","421.01","210.51","421.01","326.04","97.15","","","","","","",""
"2016.0","5.0","14.0","135.0","19.79","0.26","0.74","0.0","5.15","0.74","3.82","0.0","0.0","0.0","0.0","3.82","94.98","421.01","210.51","417.2","326.04","0.0","","","","","","",""
"2016.0","5.0","15.0","136.0","19.79","0.25","0.75","0.0","5.59","0.75","4.18","0.0","0.0","0.0","0.0","7.99","94.98","421.01","210.51","413.02","326.04","0.0","","","","","","",""
"2016.0","5.0","16.0","137.0","19.79","0.24","0.75","0.0","6.64","0.75","5.01","0.0","0.0","0.0","0.0","13.0","94.98","421.01","210.51","408.01","326.04","0.0","","","","","","",""
"2016.0","5.0","17.0","138.0","19.79","0.23","0.76","0.0","7.82","0.76","5.95","0.0","0.0","0.0","0.0","18.95","94.98","421.01","210.51","402.07","326.04","0.0","","","","","","",""
"2016.0","5.0","18.0","139.0","19.79","0.23","0.77","0.0","7.09","0.77","5.44","0.0","0.0","0.0","0.0","24.39","94.98","421.01","210.51","396.63","326.04","0.0","","","","","","",""
"2016.0","5.0","19.0","140.0","19.79","0.22","0.77","0.0","6.34","0.77","4.91","0.0","0.0","0.0","0.0","29.29","94.98","421.01","210.51","391.72","326.04","0.0","","","","","","",""
"2016.0","5.0","20.0","141.0","19.79","0.22","0.78","0.0","4.71","0.78","3.68","0.0","0.0","0.0","0.0","32.97","94.98","421.01","210.51","388.05","326.04","0.0","","","","","","",""
"2016.0","5.0","21.0","142.0","19.79","0.22","0.79","0.0","4.08","0.79","3.21","3.3","3.3","0.0","0.0","32.88","94.98","421.01","210.51","388.14","326.04","0.0","","","","","","",""
"2016.0","5.0","22.0","143.0","19.79","0.21","0.79","0.0","4.38","0.79","3.48","0.7","0.7","0.0","0.0","35.65","94.98","421.01","210.51","385.36","326.04","0.0","","","","","","",""
"2016.0","5.0","23.0","144.0","19.79","0.21","0.8","0.0","4.66","0.8","3.73","0.0","0.0","0.0","0.0","39.38","94.98","421.01","210.51","381.63","326.04","0.0","","","","","","",""
"2016.0","5.0","24.0","145.0","19.79","0.21","0.81","0.0","4.86","0.81","3.92","0.0","0.0","0.0","0.0","43.3","94.98","421.01","210.51","377.71","326.04","0.0","","","","","","",""
"2016.0","5.0","25.0","146.0","19.79","0.2","0.81","0.0","5.33","0.81","4.33","0.0","0.0","0.0","0.0","47.63","94.98","421.01","210.51","373.38","326.04","0.0","","","","","","",""
"2016.0","5.0","26.0","147.0","19.79","0.2","0.82","0.0","5.8","0.82","4.75","0.0","0.0","0.0","0.0","52.39","94.98","421.01","210.51","368.63","326.04","0.0","","","","","","",""
"2016.0","5.0","27.0","148.0","19.79","0.2","0.83","0.0","6.09","0.83","5.03","0.0","0.0","0.0","0.0","57.42","94.98","421.01","210.51","363.59","326.04","0.0","","","","","","",""
"2016.0","5.0","28.0","149.0","19.79","0.19","0.83","0.0","7.02","0.83","5.85","0.0","0.0","0.0","0.0","63.27","94.98","421.01","210.51","357.75","326.04","0.0","","","","","","",""
"2016.0","5.0","29.0","150.0","19.79","0.19","0.84","0.0","6.61","0.84","5.55","0.0","0.0","0.0","0.0","68.82","94.98","421.01","210.51","352.2","326.04","0.0","","","","","","",""
"2016.0","5.0","30.0","151.0","19.79","0.19","0.85","0.0","6.86","0.85","5.8","0.0","0.0","0.0","0.0","74.62","94.98","421.01","210.51","346.39","326.04","0.0","","","","","","",""
"2016.0","5.0","31.0","152.0","19.79","0.18","0.85","0.0","7.19","0.85","6.13","0.0","0.0","0.0","0.0","80.75","94.98","421.01","210.51","340.26","326.04","0.0","","","","","","",""
"2016.0","6.0","1.0","153.0","19.79","0.18","0.86","0.0","7.38","0.86","6.34","0.0","0.0","0.0","0.0","87.09","94.98","421.01","210.51","333.92","326.04","0.0","","","","","","",""
"2016.0","6.0","2.0","154.0","19.79","0.18","0.87","0.0","6.92","0.87","5.99","0.0","0.0","0.0","0.0","93.08","94.98","421.01","210.51","327.93","326.04","0.0","","","","","","",""
"2016.0","6.0","3.0","155.0","19.79","0.17","0.87","0.0","7.41","0.87","6.46","0.0","0.0","0.0","0.0","0.0","94.98","421.01","210.51","421.01","326.04","99.55","","","","","","",""
"2016.0","6.0","4.0","156.0","19.79","0.17","0.88","0.0","4.7","0.88","4.13","0.0","0.0","0.0","0.0","4.13","94.98","421.01","210.51","416.88","326.04","0.0","","","","","","",""
"2016.0","6.0","5.0","157.0","19.79","0.17","0.89","0.0","7.65","0.89","6.77","0.0","0.0","0.0","0.0","10.91","94.98","421.01","210.51","410.11","326.04","0.0","","","","","","",""
"2016.0","6.0","6.0","158.0","19.79","0.17","0.89","0.0","7.32","0.89","6.53","0.0","0.0","0.0","0.0","17.44","94.98","421.01","210.51","403.58","326.04","0.0","","","","","","",""
"2016.0","6.0","7.0","159.0","19.79","0.16","0.9","0.0","6.88","0.9","6.18","0.0","0.0","0.0","0.0","23.62","94.98","421.01","210.51","397.4","326.04","0.0","","","","","","",""
"2016.0","6.0","8.0","160.0","19.79","0.16","0.91","0.0","6.66","0.91","6.03","0.0","0.0","0.0","0.0","29.65","94.98","421.01","210.51","391.37","326.04","0.0","","","","","","",""
"2016.0","6.0","9.0","161.0","19.79","0.16","0.91","0.0","6.33","0.91","5.77","0.0","0.0","0.0","0.0","35.42","94.98","421.01","210.51","385.59","326.04","0.0","","","","","","",""
"2016.0","6.0","10.0","162.0","19.79","0.16","0.92","0.0","6.63","0.92","6.09","0.0","0.0","0.0","0.0","41.51","94.98","421.01","210.51","379.51","326.04","0.0","","","","","","",""
"2016.0","6.0","11.0","163.0","19.79","0.15","0.92","0.0","6.93","0.92","6.41","0.0","0.0","0.0","0.0","47.92","94.98","421.01","210.51","373.09","326.04","0.0","","","","","","",""
"2016.0","6.0","12.0","164.0","19.79","0.15","0.93","0.0","7.07","0.93","6.59","0.0","0.0","0.0","0.0","54.51","94.98","421.01","210.51","366.51","326.04","0.0","","","","","","",""
"2016.0","6.0","13.0","165.0","19.79","0.15","0.94","0.0","6.74","0.94","6.32","0.0","0.0","0.0","0.0","60.83","94.98","421.01","210.51","360.19","326.04","0.0","","","","","","",""
"2016.0","6.0","14.0","166.0","19.79","0.15","0.94","0.0","6.25","0.94","5.9","0.0","0.0","0.0","0.0","66.73","94.98","421.01","210.51","354.28","326.04","0.0","","","","","","",""
"2016.0","6.0","15.0","167.0","19.79","0.15","0.95","0.0","5.13","0.95","4.88","0.0","0.0","0.0","0.0","71.61","94.98","421.01","210.51","349.4","326.04","0.0","","","","","","",""
"2016.0","6.0","16.0","168.0","19.79","0.15","0.96","0.0","5.19","0.96","4.97","0.0","0.0","0.0","0.0","76.58","94.98","421.01","210.51","344.43","326.04","0.0","","","","","","",""
"2016.0","6.0","17.0","169.0","19.79","0.15","0.96","0.0","4.72","0.96","4.55","0.0","0.0","0.0","0.0","81.14","94.98","421.01","210.51","339.88","326.04","0.0","","","","","","",""
"2016.0","6.0","18.0","170.0","19.79","0.14","0.97","0.0","6.09","0.97","5.91","0.0","0.0","0.0","0.0","87.05","94.98","421.01","210.51","333.96","326.04","0.0","","","","","","",""
"2016.0","6.0","19.0","171.0","19.79","0.14","0.98","0.0","6.77","0.98","6.62","0.0","0.0","0.0","0.0","93.67","94.98","421.01","210.51","327.34","326.04","0.0","","","","","","",""
"2016.0","6.0","20.0","172.0","19.79","0.14","0.98","0.0","7.37","0.98","7.25","0.0","0.0","0.0","0.0","0.0","94.98","421.01","210.51","421.01","326.04","100.92","","","","","","",""
"2016.0","6.0","21.0","173.0","19.79","0.14","0.99","0.0","7.68","0.99","7.61","0.0","0.0","0.0","0.0","7.61","94.98","421.01","210.51","413.4","326.04","0.0","","","","","","",""
"2016.0","6.0","22.0","174.0","19.79","0.14","1.0","0.0","7.83","1.0","7.81","0.0","0.0","0.0","0.0","15.42","94.98","421.01","210.51","405.6","326.04","0.0","","","","","","",""
"2016.0","6.0","23.0","175.0","19.79","0.14","1.0","0.0","7.67","1.0","7.7","0.0","0.0","0.0","0.0","23.12","94.98","421.01","210.51","397.89","326.04","0.0","","","","","","",""
"2016.0","6.0","24.0","176.0","19.79","0.13","1.01","0.0","7.0","1.01","7.07","0.0","0.0","0.0","0.0","30.19","94.98","421.01","210.51","390.82","326.04","0.0","","","","","","",""
"2016.0","6.0","25.0","177.0","19.79","0.13","1.02","0.0","7.78","1.02","7.91","0.0","0.0","0.0","0.0","38.11","94.98","421.01","210.51","382.91","326.04","0.0","","","","","","",""
"2016.0","6.0","26.0","178.0","19.79","0.13","1.02","0.0","7.64","1.02","7.82","0.0","0.0","0.0","0.0","45.93","94.98","421.01","210.51","375.09","326.04","0.0","","","","","","",""
"2016.0","6.0","27.0","179.0","19.79","0.13","1.03","0.0","8.07","1.03","8.31","0.0","0.0","0.0","0.0","54.24","94.98","421.01","210.51","366.77","326.04","0.0","","","","","","",""
"2016.0","6.0","28.0","180.0","19.79","0.13","1.04","0.0","8.11","1.04","8.41","0.0","0.0","0.0","0.0","62.65","94.98","421.01","210.51","358.36","326.04","0.0","","","","","","",""
"2016.0","6.0","29.0","181.0","19.79","0.13","1.04","0.0","7.53","1.04","7.86","0.0","0.0","0.0","0.0","70.51","94.98","421.01","210.51","350.51","326.04","0.0","","","","","","",""
"2016.0","6.0","30.0","182.0","19.79","0.13","1.05","0.0","7.46","1.05","7.83","0.0","0.0","0.0","0.0","78.34","94.98","421.01","210.51","342.67","326.04","0.0","","","","","","",""
"2016.0","7.0","1.0","183.0","19.79","0.13","1.05","0.0","7.37","1.05","7.74","0.0","0.0","0.0","0.0","86.08","94.98","421.01","210.51","334.94","326.04","0.0","","","","","","",""
"2016.0","7.0","2.0","184.0","19.79","0.12","1.05","0.0","7.33","1.05","7.7","0.0","0.0","0.0","0.0","93.77","94.98","421.01","210.51","327.24","326.04","0.0","","","","","","",""
"2016.0","7.0","3.0","185.0","19.79","0.12","1.05","0.0","7.61","1.05","7.99","0.0","0.0","0.0","0.0","0.0","94.98","421.01","210.51","421.01","326.04","101.77","","","","","","",""
"2016.0","7.0","4.0","186.0","19.79","0.12","1.05","0.0","7.15","1.05","7.51","0.0","0.0","0.0","0.0","7.51","94.98","421.01","210.51","413.51","326.04","0.0","","","","","","",""
"2016.0","7.0","5.0","187.0","19.79","0.12","1.05","0.0","6.39","1.05","6.71","0.0","0.0","0.0","0.0","14.22","94.98","421.01","210.51","406.8","326.04","0.0","","","","","","",""
"2016.0","7.0","6.0","188.0","19.79","0.12","1.05","0.0","6.42","1.05","6.74","0.0","0.0","0.0","0.0","20.96","94.98","421.01","210.51","400.06","326.04","0.0","","","","","","",""
"2016.0","7.0","7.0","189.0","19.79","0.12","1.05","0.0","6.46","1.05","6.78","0.0","0.0","0.0","0.0","27.74","94.98","421.01","210.51","393.27","326.04","0.0","","","","","","",""
"2016.0","7.0","8.0","190.0","19.79","0.12","1.05","0.0","7.14","1.05","7.5","0.0","0.0","0.0","0.0","35.24","94.98","421.01","210.51","385.78","326.04","0.0","","","","","","",""
"2016.0","7.0","9.0","191.0","19.79","0.12","1.05","0.0","6.6","1.05","6.93","0.0","0.0","0.0","0.0","42.17","94.98","421.01","210.51","378.85","326.04","0.0","","","","","","",""
"2016.0","7.0","10.0","192.0","19.79","0.12","1.05","0.0","6.38","1.05","6.7","0.0","0.0","0.0","0.0","48.87","94.98","421.01","210.51","372.15","326.04","0.0","","","","","","",""
"2016.0","7.0","11.0","193.0","19.79","0.12","1.05","0.0","7.2","1.05","7.56","0.0","0.0","0.0","0.0","56.43","94.98","421.01","210.51","364.59","326.04","0.0","","","","","","",""
"2016.0","7.0","12.0","194.0","19.79","0.12","1.05","0.0","6.95","1.05","7.3","0.0","0.0","0.0","0.0","63.72","94.98","421.01","210.51","357.29","326.04","0.0","","","","","","",""
"2016.0","7.0","13.0","195.0","19.79","0.11","1.05","0.0","7.33","1.05","7.7","0.0","0.0","0.0","0.0","71.42","94.98","421.01","210.51","349.59","326.04","0.0","","","","","","",""
"2016.0","7.0","14.0","196.0","19.79","0.11","1.05","0.0","7.52","1.05","7.9","0.0","0.0","0.0","0.0","79.32","94.98","421.01","210.51","341.7","326.04","0.0","","","","","","",""
"2016.0","7.0","15.0","197.0","19.79","0.11","1.05","0.0","7.52","1.05","7.9","0.0","0.0","0.0","0.0","87.21","94.98","421.01","210.51","333.8","326.04","0.0","","","","","","",""
"2016.0","7.0","16.0","198.0","19.79","0.11","1.05","0.0","7.13","1.05","7.49","0.0","0.0","0.0","0.0","94.7","94.98","421.01","210.51","326.31","326.04","0.0","","","","","","",""
"2016.0","7.0","17.0","199.0","19.79","0.11","1.05","0.0","6.87","1.05","7.21","0.0","0.0","0.0","0.0","0.0","94.98","421.01","210.51","421.01","326.04","101.91","","","","","","",""
"2016.0","7.0","18.0","200.0","19.79","0.11","1.05","0.0","6.47","1.05","6.79","0.0","0.0","0.0","0.0","6.79","94.98","421.01","210.51","414.22","326.04","0.0","","","","","","",""
"2016.0","7.0","19.0","201.0","19.79","0.11","1.05","0.0","6.64","1.05","6.97","0.0","0.0","0.0","0.0","13.77","94.98","421.01","210.51","407.25","326.04","0.0","","","","","","",""
"2016.0","7.0","20.0","202.0","19.79","0.11","1.05","0.0","6.94","1.05","7.29","0.0","0.0","0.0","0.0","21.05","94.98","421.01","210.51","399.96","326.04","0.0","","","","","","",""
"2016.0","7.0","21.0","203.0","19.79","0.11","1.05","0.0","7.4","1.05","7.77","0.0","0.0","0.0","0.0","28.82","94.98","421.01","210.51","392.19","326.04","0.0","","","","","","",""
"2016.0","7.0","22.0","204.0","19.79","0.11","1.05","0.0","7.0","1.05","7.35","0.0","0.0","0.0","0.0","36.17","94.98","421.01","210.51","384.84","326.04","0.0","","","","","","",""
"2016.0","7.0","23.0","205.0","19.79","0.11","1.05","0.0","7.65","1.05","8.03","0.0","0.0","0.0","0.0","44.2","94.98","421.01","210.51","376.81","326.04","0.0","","","","","","",""
"2016.0","7.0","24.0","206.0","19.79","0.11","1.05","0.0","7.51","1.05","7.89","0.0","0.0","0.0","0.0","52.09","94.98","421.01","210.51","368.92","326.04","0.0","","","","","","",""
"2016.0","7.0","25.0","207.0","19.79","0.11","1.05","0.0","7.4","1.05","7.77","0.0","0.0","0.0","0.0","59.86","94.98","421.01","210.51","361.15","326.04","0.0","","","","","","",""
"2016.0","7.0","26.0","208.0","19.79","0.1","1.05","0.0","7.34","1.05","7.71","0.0","0.0","0.0","0.0","67.57","94.98","421.01","210.51","353.45","326.04","0.0","","","","","","",""
"2016.0","7.0","27.0","209.0","19.79","0.1","1.05","0.0","7.92","1.05","8.32","0.0","0.0","0.0","0.0","75.88","94.98","421.01","210.51","345.13","326.04","0.0","","","","","","",""
"2016.0","7.0","28.0","210.0","19.79","0.1","1.05","0.0","7.83","1.05","8.22","0.0","0.0","0.0","0.0","84.1","94.98","421.01","210.51","336.91","326.04","0.0","","","","","","",""
"2016.0","7.0","29.0","211.0","19.79","0.1","1.05","0.0","7.76","1.05","8.15","0.0","0.0","0.0","0.0","92.25","94.98","421.01","210.51","328.76","326.04","0.0","","","","","","",""
"2016.0","7.0","30.0","212.0","19.79","0.1","1.05","0.0","8.21","1.05","8.62","0.0","0.0","0.0","0.0","0.0","94.98","421.01","210.51","421.01","326.04","100.87","","","","","","",""
"2016.0","7.0","31.0","213.0","19.79","0.1","1.05","0.0","7.36","1.05","7.73","0.0","0.0","0.0","0.0","7.73","94.98","421.01","210.51","413.29","326.04","0.0","","","","","","",""
"2016.0","8.0","1.0","214.0","19.79","0.1","1.05","0.0","6.93","1.05","7.28","0.0","0.0","0.0","0.0","15.0","94.98","421.01","210.51","406.01","326.04","0.0","","","","","","",""
"2016.0","8.0","2.0","215.0","19.79","0.1","1.05","0.0","6.64","1.05","6.97","0.0","0.0","0.0","0.0","21.98","94.98","421.01","210.51","399.04","326.04","0.0","","","","","","",""
"2016.0","8.0","3.0","216.0","19.79","0.1","1.05","0.0","7.25","1.05","7.61","0.0","0.0","0.0","0.0","29.59","94.98","421.01","210.51","391.42","326.04","0.0","","","","","","",""
"2016.0","8.0","4.0","217.0","19.79","0.1","1.05","0.0","6.33","1.05","6.65","0.0","0.0","0.0","0.0","36.24","94.98","421.01","210.51","384.78","326.04","0.0","","","","","","",""
"2016.0","8.0","5.0","218.0","19.79","0.1","1.05","0.0","5.76","1.05","6.05","0.0","0.0","0.0","0.0","42.28","94.98","421.01","210.51","378.73","326.04","0.0","","","","","","",""
"2016.0","8.0","6.0","219.0","19.79","0.1","1.05","0.0","6.15","1.05","6.46","0.0","0.0","0.0","0.0","48.74","94.98","421.01","210.51","372.27","326.04","0.0","","","","","","",""
"2016.0","8.0","7.0","220.0","19.79","0.1","1.05","0.0","6.08","1.05","6.38","0.0","0.0","0.0","0.0","55.12","94.98","421.01","210.51","365.89","326.04","0.0","","","","","","",""
"2016.0","8.0","8.0","221.0","19.79","0.1","1.05","0.0","6.56","1.05","6.89","0.0","0.0","0.0","0.0","62.01","94.98","421.01","210.51","359.0","326.04","0.0","","","","","","",""
"2016.0","8.0","9.0","222.0","19.79","0.1","1.05","0.0","6.27","1.05","6.58","0.0","0.0","0.0","0.0","68.6","94.98","421.01","210.51","352.42","326.04","0.0","","","","","","",""
"2016.0","8.0","10.0","223.0","19.79","0.1","1.05","0.0","6.41","1.05","6.73","0.0","0.0","0.0","0.0","75.33","94.98","421.01","210.51","345.69","326.04","0.0","","","","","","",""
"2016.0","8.0","11.0","224.0","19.79","0.1","1.05","0.0","6.57","1.05","6.9","0.0","0.0","0.0","0.0","82.23","94.98","421.01","210.51","338.79","326.04","0.0","","","","","","",""
"2016.0","8.0","12.0","225.0","19.79","0.1","1.05","0.0","6.77","1.05","7.11","0.0","0.0","0.0","0.0","89.33","94.98","421.01","210.51","331.68","326.04","0.0","","","","","","",""
"2016.0","8.0","13.0","226.0","19.79","0.1","1.05","0.0","7.07","1.05","7.42","0.0","0.0","0.0","0.0","0.0","94.98","421.01","210.51","421.01","326.04","96.76","","","","","","",""
"2016.0","8.0","14.0","227.0","19.79","0.09","1.05","0.0","7.33","1.05","7.7","0.0","0.0","0.0","0.0","7.7","94.98","421.01","210.51","413.32","326.04","0.0","","","","","","",""
"2016.0","8.0","15.0","228.0","19.79","0.09","1.05","0.0","6.72","1.05","7.06","0.0","0.0","0.0","0.0","14.75","94.98","421.01","210.51","406.26","326.04","0.0","","","","","","",""
"2016.0","8.0","16.0","229.0","19.79","0.09","1.05","0.0","6.78","1.05","7.12","0.0","0.0","0.0","0.0","21.87","94.98","421.01","210.51","399.14","326.04","0.0","","","","","","",""
"2016.0","8.0","17.0","230.0","19.79","0.09","1.05","0.0","6.66","1.05","6.99","0.0","0.0","0.0","0.0","28.86","94.98","421.01","210.51","392.15","326.04","0.0","","","","","","",""
"2016.0","8.0","18.0","231.0","19.79","0.09","1.05","0.0","6.59","1.05","6.92","0.0","0.0","0.0","0.0","35.78","94.98","421.01","210.51","385.23","326.04","0.0","","","","","","",""
"2016.0","8.0","19.0","232.0","19.79","0.09","1.05","0.0","6.54","1.05","6.87","0.0","0.0","0.0","0.0","42.65","94.98","421.01","210.51","378.36","326.04","0.0","","","","","","",""
"2016.0","8.0","20.0","233.0","19.79","0.09","1.05","0.0","6.45","1.05","6.77","0.0","0.0","0.0","0.0","49.42","94.98","421.01","210.51","371.59","326.04","0.0","","","","","","",""
"2016.0","8.0","21.0","234.0","19.79","0.09","1.05","0.0","6.45","1.05","6.77","0.0","0.0","0.0","0.0","56.2","94.98","421.01","210.51","364.82","326.04","0.0","","","","","","",""
"2016.0","8.0","22.0","235.0","19.79","0.09","1.05","0.0","6.25","1.05","6.56","0.0","0.0","0.0","0.0","62.76","94.98","421.01","210.51","358.26","326.04","0.0","","","","","","",""
"2016.0","8.0","23.0","236.0","19.79","0.09","1.05","0.0","6.05","1.05","6.35","0.0","0.0","0.0","0.0","69.11","94.98","421.01","210.51","351.9","326.04","0.0","","","","","","",""
"2016.0","8.0","24.0","237.0","19.79","0.09","1.05","0.0","6.01","1.05","6.31","0.0","0.0","0.0","0.0","75.42","94.98","421.01","210.51","345.59","326.04","0.0","","","","","","",""
"2016.0","8.0","25.0","238.0","19.79","0.09","1.05","0.0","5.95","1.05","6.25","0.0","0.0","0.0","0.0","81.67","94.98","421.01","210.51","339.34","326.04","0.0","","","","","","",""
"2016.0","8.0","26.0","239.0","19.79","0.09","1.05","0.0","5.58","1.05","5.86","0.0","0.0","0.0","0.0","87.53","94.98","421.01","210.51","333.49","326.04","0.0","","","","","","",""
"2016.0","8.0","27.0","240.0","19.79","0.09","1.05","0.0","5.4","1.05","5.67","0.0","0.0","0.0","0.0","93.2","94.98","421.01","210.51","327.82","326.04","0.0","","","","","","",""
"2016.0","8.0","28.0","241.0","19.79","0.09","1.05","0.0","5.72","1.05","6.01","0.0","0.0","0.0","0.0","0.0","94.98","421.01","210.51","421.01","326.04","99.2","","","","","","",""
"2016.0","8.0","29.0","242.0","19.79","0.09","1.05","0.0","5.81","1.05","6.1","0.0","0.0","0.0","0.0","6.1","94.98","421.01","210.51","414.91","326.04","0.0","","","","","","",""
"2016.0","8.0","30.0","243.0","19.79","0.09","1.05","0.0","6.2","1.05","6.51","0.0","0.0","0.0","0.0","12.61","94.98","421.01","210.51","408.4","326.04","0.0","","","","","","",""
"2016.0","8.0","31.0","244.0","19.79","0.09","1.05","0.0","6.02","1.05","6.32","0.0","0.0","0.0","0.0","18.93","94.98","421.01","210.51","402.08","326.04","0.0","","","","","","",""
"2016.0","9.0","1.0","245.0","19.79","0.09","1.05","0.0","5.18","1.05","5.44","0.0","0.0","0.0","0.0","24.37","94.98","421.01","210.51","396.64","326.04","0.0","","","","","","",""
"2016.0","9.0","2.0","246.0","19.79","0.09","1.05","0.0","5.31","1.05","5.58","0.0","0.0","0.0","0.0","29.95","94.98","421.01","210.51","391.07","326.04","0.0","","","","","","",""
"2016.0","9.0","3.0","247.0","19.79","0.09","1.05","0.0","5.36","1.05","5.63","0.0","0.0","0.0","0.0","35.57","94.98","421.01","210.51","385.44","326.04","0.0","","","","","","",""
"2016.0","9.0","4.0","248.0","19.79","0.09","1.05","0.0","4.62","1.05","4.85","0.0","0.0","0.0","0.0","40.42","94.98","421.01","210.51","380.59","326.04","0.0","","","","","","",""
"2016.0","9.0","5.0","249.0","19.79","0.09","1.05","0.0","5.36","1.05","5.63","0.0","0.0","0.0","0.0","46.05","94.98","421.01","210.51","374.96","326.04","0.0","","","","","","",""
"2016.0","9.0","6.0","250.0","19.79","0.09","1.05","0.0","5.11","1.05","5.37","0.0","0.0","0.0","0.0","51.42","94.98","421.01","210.51","369.6","326.04","0.0","","","","","","",""
"2016.0","9.0","7.0","251.0","19.79","0.09","1.05","0.0","5.76","1.05","6.05","0.0","0.0","0.0","0.0","57.47","94.98","421.01","210.51","363.55","326.04","0.0","","","","","","",""
"2016.0","9.0","8.0","252.0","19.79","0.09","1.05","0.0","5.97","1.05","6.27","0.0","0.0","0.0","0.0","63.73","94.98","421.01","210.51","357.28","326.04","0.0","","","","","","",""
"2016.0","9.0","9.0","253.0","19.79","0.09","1.05","0.0","5.42","1.05","5.69","0.0","0.0","0.0","0.0","69.43","94.98","421.01","210.51","351.59","326.04","0.0","","","","","","",""
"2016.0","9.0","10.0","254.0","19.79","0.09","1.05","0.0","5.51","1.05","5.79","0.0","0.0","0.0","0.0","75.21","94.98","421.01","210.51","345.8","326.04","0.0","","","","","","",""
"2016.0","9.0","11.0","255.0","19.79","0.09","1.05","0.0","5.02","1.05","5.27","0.0","0.0","0.0","0.0","80.48","94.98","421.01","210.51","340.53","326.04","0.0","","","","","","",""
"2016.0","9.0","12.0","256.0","19.79","0.09","1.05","0.0","4.43","1.05","4.65","0.0","0.0","0.0","0.0","85.13","94.98","421.01","210.51","335.88","326.04","0.0","","","","","","",""
"2016.0","9.0","13.0","257.0","19.79","0.09","1.05","0.0","3.89","1.05","4.08","0.0","0.0","0.0","0.0","89.22","94.98","421.01","210.51","331.8","326.04","0.0","","","","","","",""
"2016.0","9.0","14.0","258.0","19.79","0.09","1.05","0.0","4.24","1.05","4.45","0.0","0.0","0.0","0.0","93.67","94.98","421.01","210.51","327.34","326.04","0.0","","","","","","",""
"2016.0","9.0","15.0","259.0","19.79","0.08","1.05","0.0","4.62","1.05","4.85","0.0","0.0","0.0","0.0","0.0","94.98","421.01","210.51","421.01","326.04","98.52","","","","","","",""
"2016.0","9.0","16.0","260.0","19.79","0.08","1.05","0.0","4.84","1.05","5.08","0.0","0.0","0.0","0.0","5.08","94.98","421.01","210.51","415.93","326.04","0.0","","","","","","",""
"2016.0","9.0","17.0","261.0","19.79","0.08","1.05","0.0","4.94","1.05","5.19","0.0","0.0","0.0","0.0","10.27","94.98","421.01","210.51","410.74","326.04","0.0","","","","","","",""
"2016.0","9.0","18.0","262.0","19.79","0.08","1.05","0.0","4.75","1.05","4.99","0.0","0.0","0.0","0.0","15.26","94.98","421.01","210.51","405.76","326.04","0.0","","","","","","",""
"2016.0","9.0","19.0","263.0","19.79","0.08","1.05","0.0","5.35","1.05","5.62","0.0","0.0","0.0","0.0","20.87","94.98","421.01","210.51","400.14","326.04","0.0","","","","","","",""
"2016.0","9.0","20.0","264.0","19.79","0.08","1.05","0.0","6.16","1.05","6.47","0.0","0.0","0.0","0.0","27.34","94.98","421.01","210.51","393.67","326.04","0.0","","","","","","",""
"2016.0","9.0","21.0","265.0","19.79","0.08","1.05","0.0","5.64","1.05","5.92","0.0","0.0","0.0","0.0","33.26","94.98","421.01","210.51","387.75","326.04","0.0","","","","","","",""
"2016.0","9.0","22.0","266.0","19.79","0.08","1.05","0.0","4.31","1.05","4.53","0.0","0.0","0.0","0.0","37.79","94.98","421.01","210.51","383.22","326.04","0.0","","","","","","",""
"2016.0","9.0","23.0","267.0","19.79","0.08","1.05","0.0","4.58","1.05","4.81","0.0","0.0","0.0","0.0","42.6","94.98","421.01","210.51","378.42","326.04","0.0","","","","","","",""
"2016.0","9.0","24.0","268.0","19.79","0.08","1.05","0.0","4.82","1.05","5.06","0.0","0.0","0.0","0.0","47.66","94.98","421.01","210.51","373.35","326.04","0.0","","","","","","",""
"2016.0","9.0","25.0","269.0","19.79","0.08","1.05","0.0","4.47","1.05","4.69","0.0","0.0","0.0","0.0","52.35","94.98","421.01","210.51","368.66","326.04","0.0","","","","","","",""
"2016.0","9.0","26.0","270.0","19.79","0.08","1.05","0.0","4.57","1.05","4.8","0.0","0.0","0.0","0.0","57.15","94.98","421.01","210.51","363.86","326.04","0.0","","","","","","",""
"2016.0","9.0","27.0","271.0","19.79","0.08","1.05","0.0","4.73","1.05","4.97","0.0","0.0","0.0","0.0","62.12","105.25","421.01","210.51","358.9","315.76","0.0","","","","","","",""
"2016.0","9.0","28.0","272.0","19.79","0.08","1.05","0.0","4.93","1.05","5.18","0.0","0.0","0.0","0.0","67.29","105.25","421.01","210.51","353.72","315.76","0.0","","","","","","",""
"2016.0","9.0","29.0","273.0","19.79","0.08","1.05","0.0","4.89","1.05","5.13","0.0","0.0","0.0","0.0","72.43","105.25","421.01","210.51","348.58","315.76","0.0","","","","","","",""
"2016.0","9.0","30.0","274.0","19.79","0.08","1.05","0.0","3.76","1.05","3.95","0.31","0.31","0.0","0.0","76.07","105.25","421.01","210.51","344.95","315.76","0.0","","","","","","",""
