" Daily soil water balance output for Citrus in 186_Yolo DAU_Co within 05_Sacramento River for WY 2016","","","","","","","","","","","","","","","","","","","","","","","Monthly output  for Citrus in 186_Yolo DAU_Co within 05_Sacramento River for WY 2016","","","","",""
"Year","Mon","Day","DOY"," Area","OKc","IKc","CCKc","ETo","Kc","ETc","Pcp","Er","Spg","Espg","SWD","SWDx","FC","PWP","SWC"," YT ","NA","","Year","Mon"," Area","ETo","ETc","ETc"
" #  "," # "," # ","  #","Acres","   ","   ","    "," mm","mm"," mm"," mm","mm"," mm"," mm "," mm"," mm ","mm"," mm"," mm"," mm"," mm","","#  "," # "," Acres"," mm"," mm","acre-ft"
"2015.0","10.0","1.0","274.0","0.44","0.08","0.7","0.0","3.76","0.7","2.63","0.31","0.31","0.0","0.0","53.04","75.68","329.18","164.59","276.15","253.51","0.0","","2015.0","10.0","0.44","109.58","76.71","0.110736220472"
"2015.0","10.0","2.0","275.0","0.44","0.08","0.7","0.0","4.74","0.7","3.32","0.0","0.0","0.0","0.0","56.36","75.68","329.18","164.59","272.83","253.51","0.0","","2015.0","11.0","0.44","47.12","45.32","0.0654225721785"
"2015.0","10.0","3.0","276.0","0.44","0.08","0.7","0.0","4.63","0.7","3.24","0.0","0.0","0.0","0.0","59.6","75.68","329.18","164.59","269.59","253.51","0.0","","2015.0","12.0","0.44","31.38","34.4","0.0496587926509"
"2015.0","10.0","4.0","277.0","0.44","0.08","0.7","0.0","3.8","0.7","2.66","2.04","2.04","0.0","0.0","60.22","75.68","329.18","164.59","268.97","253.51","0.0","","2016.0","1.0","0.44","33.5","37.43","0.054032808399"
"2015.0","10.0","5.0","278.0","0.44","0.08","0.7","0.0","3.49","0.7","2.44","0.0","0.0","0.0","0.0","62.66","75.68","329.18","164.59","266.52","253.51","0.0","","2016.0","2.0","0.44","59.83","48.64","0.0702152230971"
"2015.0","10.0","6.0","279.0","0.44","0.08","0.7","0.0","3.52","0.7","2.46","0.0","0.0","0.0","0.0","65.12","75.68","329.18","164.59","264.06","253.51","0.0","","2016.0","3.0","0.44","81.79","66.97","0.0966758530184"
"2015.0","10.0","7.0","280.0","0.44","0.08","0.7","0.0","3.34","0.7","2.34","0.0","0.0","0.0","0.0","67.46","75.68","329.18","164.59","261.72","253.51","0.0","","2016.0","4.0","0.44","131.53","97.76","0.14112335958"
"2015.0","10.0","8.0","281.0","0.44","0.08","0.7","0.0","3.43","0.7","2.4","0.0","0.0","0.0","0.0","69.86","75.68","329.18","164.59","259.32","253.51","0.0","","2016.0","5.0","0.44","165.62","115.95","0.167381889764"
"2015.0","10.0","9.0","282.0","0.44","0.08","0.7","0.0","4.18","0.7","2.93","0.0","0.0","0.0","0.0","72.79","75.68","329.18","164.59","256.4","253.51","0.0","","2016.0","6.0","0.44","206.91","144.85","0.209101049869"
"2015.0","10.0","10.0","283.0","0.44","0.08","0.7","0.0","4.26","0.7","2.98","0.0","0.0","0.0","0.0","0.0","75.68","329.18","164.59","329.18","253.51","75.77","","2016.0","7.0","0.44","222.8","155.97","0.225153543307"
"2015.0","10.0","11.0","284.0","0.44","0.08","0.7","0.0","3.74","0.7","2.62","0.0","0.0","0.0","0.0","2.62","75.68","329.18","164.59","326.57","253.51","0.0","","2016.0","8.0","0.44","197.3","138.15","0.199429133858"
"2015.0","10.0","12.0","285.0","0.44","0.08","0.7","0.0","3.84","0.7","2.69","0.0","0.0","0.0","0.0","5.31","75.68","329.18","164.59","323.88","253.51","0.0","","2016.0","9.0","0.44","144.78","101.35","0.146305774278"
"2015.0","10.0","13.0","286.0","0.44","0.08","0.7","0.0","4.14","0.7","2.9","0.0","0.0","0.0","0.0","8.2","75.68","329.18","164.59","320.98","253.51","0.0","","","","","","",""
"2015.0","10.0","14.0","287.0","0.44","0.08","0.7","0.0","4.29","0.7","3.0","0.0","0.0","0.0","0.0","11.21","75.68","329.18","164.59","317.98","253.51","0.0","","","","","","",""
"2015.0","10.0","15.0","288.0","0.44","0.08","0.7","0.0","3.77","0.7","2.64","0.0","0.0","0.0","0.0","13.85","75.68","329.18","164.59","315.34","253.51","0.0","","","","","","",""
"2015.0","10.0","16.0","289.0","0.44","0.08","0.7","0.0","3.93","0.7","2.75","0.0","0.0","0.0","0.0","16.6","75.68","329.18","164.59","312.59","253.51","0.0","","","","","","",""
"2015.0","10.0","17.0","290.0","0.44","0.08","0.7","0.0","2.96","0.7","2.07","2.76","2.76","0.0","0.0","15.91","75.68","329.18","164.59","313.28","253.51","0.0","","","","","","",""
"2015.0","10.0","18.0","291.0","0.44","0.08","0.7","0.0","2.48","0.7","1.74","0.11","0.11","0.0","0.0","17.54","75.68","329.18","164.59","311.65","253.51","0.0","","","","","","",""
"2015.0","10.0","19.0","292.0","0.44","0.08","0.7","0.0","2.63","0.7","1.84","0.0","0.0","0.0","0.0","19.38","75.68","329.18","164.59","309.81","253.51","0.0","","","","","","",""
"2015.0","10.0","20.0","293.0","0.44","0.08","0.7","0.0","4.68","0.7","3.28","0.0","0.0","0.0","0.0","22.65","75.68","329.18","164.59","306.53","253.51","0.0","","","","","","",""
"2015.0","10.0","21.0","294.0","0.44","0.08","0.7","0.0","3.66","0.7","2.56","0.0","0.0","0.0","0.0","25.21","75.68","329.18","164.59","303.97","253.51","0.0","","","","","","",""
"2015.0","10.0","22.0","295.0","0.44","0.08","0.7","0.0","3.17","0.7","2.22","0.0","0.0","0.0","0.0","27.43","75.68","329.18","164.59","301.75","253.51","0.0","","","","","","",""
"2015.0","10.0","23.0","296.0","0.44","0.08","0.7","0.0","2.61","0.7","1.83","0.0","0.0","0.0","0.0","29.26","75.68","329.18","164.59","299.92","253.51","0.0","","","","","","",""
"2015.0","10.0","24.0","297.0","0.44","0.08","0.7","0.0","2.57","0.7","1.8","0.0","0.0","0.0","0.0","31.06","75.68","329.18","164.59","298.13","253.51","0.0","","","","","","",""
"2015.0","10.0","25.0","298.0","0.44","0.08","0.7","0.0","3.42","0.7","2.39","0.0","0.0","0.0","0.0","33.45","75.68","329.18","164.59","295.73","253.51","0.0","","","","","","",""
"2015.0","10.0","26.0","299.0","0.44","0.08","0.7","0.0","2.51","0.7","1.76","0.0","0.0","0.0","0.0","35.21","82.3","329.18","164.59","293.97","246.89","0.0","","","","","","",""
"2015.0","10.0","27.0","300.0","0.44","0.08","0.7","0.0","2.19","0.7","1.53","0.0","0.0","0.0","0.0","36.74","82.3","329.18","164.59","292.44","246.89","0.0","","","","","","",""
"2015.0","10.0","28.0","301.0","0.44","0.08","0.7","0.0","2.2","0.7","1.54","0.0","0.0","0.0","0.0","38.28","82.3","329.18","164.59","290.9","246.89","0.0","","","","","","",""
"2015.0","10.0","29.0","302.0","0.44","0.08","0.7","0.0","4.44","0.7","3.11","0.0","0.0","0.0","0.0","41.39","82.3","329.18","164.59","287.79","246.89","0.0","","","","","","",""
"2015.0","10.0","30.0","303.0","0.44","0.08","0.7","0.0","3.82","0.7","2.67","0.0","0.0","0.0","0.0","44.07","82.3","329.18","164.59","285.12","246.89","0.0","","","","","","",""
"2015.0","10.0","31.0","304.0","0.44","0.08","0.7","0.0","3.38","0.7","2.37","0.0","0.0","0.0","0.0","46.43","82.3","329.18","164.59","282.75","246.89","0.0","","","","","","",""
"2015.0","11.0","1.0","305.0","0.44","0.08","0.7","0.0","1.79","0.7","1.25","0.0","0.0","0.0","0.0","47.68","82.3","329.18","164.59","281.5","246.89","0.0","","","","","","",""
"2015.0","11.0","2.0","306.0","0.44","1.17","0.7","0.0","1.2","1.17","1.41","9.97","9.97","0.0","0.0","39.12","82.3","329.18","164.59","290.06","246.89","0.0","","","","","","",""
"2015.0","11.0","3.0","307.0","0.44","1.13","0.7","0.0","2.18","1.13","2.47","7.72","7.72","0.0","0.0","33.87","82.3","329.18","164.59","295.31","246.89","0.0","","","","","","",""
"2015.0","11.0","4.0","308.0","0.44","1.11","0.7","0.0","3.08","1.11","3.43","0.0","0.0","0.0","0.0","37.3","82.3","329.18","164.59","291.88","246.89","0.0","","","","","","",""
"2015.0","11.0","5.0","309.0","0.44","1.05","0.7","0.0","1.68","1.05","1.76","0.0","0.0","0.0","0.0","39.06","82.3","329.18","164.59","290.12","246.89","0.0","","","","","","",""
"2015.0","11.0","6.0","310.0","0.44","0.93","0.7","0.0","1.86","0.93","1.73","0.0","0.0","0.0","0.0","40.8","82.3","329.18","164.59","288.39","246.89","0.0","","","","","","",""
"2015.0","11.0","7.0","311.0","0.44","0.86","0.7","0.0","1.66","0.86","1.42","0.0","0.0","0.0","0.0","42.22","82.3","329.18","164.59","286.96","246.89","0.0","","","","","","",""
"2015.0","11.0","8.0","312.0","0.44","0.82","0.7","0.0","1.14","0.82","0.93","0.0","0.0","0.0","0.0","43.15","82.3","329.18","164.59","286.03","246.89","0.0","","","","","","",""
"2015.0","11.0","9.0","313.0","0.44","1.18","0.7","0.0","0.97","1.18","1.15","4.43","4.43","0.0","0.0","39.87","82.3","329.18","164.59","289.32","246.89","0.0","","","","","","",""
"2015.0","11.0","10.0","314.0","0.44","1.17","0.7","0.0","1.29","1.17","1.51","10.75","10.75","0.0","0.0","30.62","82.3","329.18","164.59","298.56","246.89","0.0","","","","","","",""
"2015.0","11.0","11.0","315.0","0.44","1.17","0.7","0.0","1.21","1.17","1.42","0.0","0.0","0.0","0.0","32.04","82.3","329.18","164.59","297.14","246.89","0.0","","","","","","",""
"2015.0","11.0","12.0","316.0","0.44","1.17","0.7","0.0","1.37","1.17","1.6","0.0","0.0","0.0","0.0","33.64","82.3","329.18","164.59","295.54","246.89","0.0","","","","","","",""
"2015.0","11.0","13.0","317.0","0.44","1.17","0.7","0.0","1.32","1.17","1.54","0.0","0.0","0.0","0.0","35.18","82.3","329.18","164.59","294.0","246.89","0.0","","","","","","",""
"2015.0","11.0","14.0","318.0","0.44","1.1","0.7","0.0","1.34","1.1","1.47","0.0","0.0","0.0","0.0","36.66","82.3","329.18","164.59","292.53","246.89","0.0","","","","","","",""
"2015.0","11.0","15.0","319.0","0.44","1.15","0.7","0.0","1.71","1.15","1.97","1.97","1.97","0.0","0.0","36.66","82.3","329.18","164.59","292.53","246.89","0.0","","","","","","",""
"2015.0","11.0","16.0","320.0","0.44","1.12","0.7","0.0","2.6","1.12","2.9","3.43","3.43","0.0","0.0","36.13","82.3","329.18","164.59","293.06","246.89","0.0","","","","","","",""
"2015.0","11.0","17.0","321.0","0.44","1.14","0.7","0.0","1.43","1.14","1.63","0.0","0.0","0.0","0.0","37.76","82.3","329.18","164.59","291.43","246.89","0.0","","","","","","",""
"2015.0","11.0","18.0","322.0","0.44","1.15","0.7","0.0","1.3","1.15","1.49","0.0","0.0","0.0","0.0","39.25","82.3","329.18","164.59","289.93","246.89","0.0","","","","","","",""
"2015.0","11.0","19.0","323.0","0.44","1.08","0.7","0.0","1.31","1.08","1.42","0.0","0.0","0.0","0.0","40.67","82.3","329.18","164.59","288.51","246.89","0.0","","","","","","",""
"2015.0","11.0","20.0","324.0","0.44","0.97","0.7","0.0","1.65","0.97","1.6","0.0","0.0","0.0","0.0","42.27","82.3","329.18","164.59","286.91","246.89","0.0","","","","","","",""
"2015.0","11.0","21.0","325.0","0.44","0.89","0.7","0.0","1.48","0.89","1.32","0.0","0.0","0.0","0.0","43.59","82.3","329.18","164.59","285.59","246.89","0.0","","","","","","",""
"2015.0","11.0","22.0","326.0","0.44","0.84","0.7","0.0","1.31","0.84","1.1","0.0","0.0","0.0","0.0","44.69","82.3","329.18","164.59","284.49","246.89","0.0","","","","","","",""
"2015.0","11.0","23.0","327.0","0.44","0.79","0.7","0.0","1.51","0.79","1.19","0.0","0.0","0.0","0.0","45.88","82.3","329.18","164.59","283.3","246.89","0.0","","","","","","",""
"2015.0","11.0","24.0","328.0","0.44","0.75","0.7","0.0","1.36","0.75","1.02","0.0","0.0","0.0","0.0","46.9","82.3","329.18","164.59","282.28","246.89","0.0","","","","","","",""
"2015.0","11.0","25.0","329.0","0.44","0.72","0.7","0.0","1.02","0.72","0.74","1.19","1.19","0.0","0.0","46.45","82.3","329.18","164.59","282.73","246.89","0.0","","","","","","",""
"2015.0","11.0","26.0","330.0","0.44","0.68","0.7","0.0","1.78","0.7","1.25","0.0","0.0","0.0","0.0","47.7","82.3","329.18","164.59","281.49","246.89","0.0","","","","","","",""
"2015.0","11.0","27.0","331.0","0.44","0.64","0.7","0.0","2.51","0.7","1.76","0.0","0.0","0.0","0.0","49.45","82.3","329.18","164.59","279.73","246.89","0.0","","","","","","",""
"2015.0","11.0","28.0","332.0","0.44","0.61","0.7","0.0","1.67","0.7","1.17","0.0","0.0","0.0","0.0","50.62","82.3","329.18","164.59","278.56","246.89","0.0","","","","","","",""
"2015.0","11.0","29.0","333.0","0.44","0.59","0.7","0.0","1.37","0.7","0.96","0.0","0.0","0.0","0.0","51.58","82.3","329.18","164.59","277.6","246.89","0.0","","","","","","",""
"2015.0","11.0","30.0","334.0","0.44","0.58","0.7","0.0","1.02","0.7","0.71","0.0","0.0","0.0","0.0","52.3","82.3","329.18","164.59","276.89","246.89","0.0","","","","","","",""
"2015.0","12.0","1.0","335.0","0.44","0.57","0.7","0.0","1.17","0.7","0.82","0.0","0.0","0.0","0.0","53.11","82.3","329.18","164.59","276.07","246.89","0.0","","","","","","",""
"2015.0","12.0","2.0","336.0","0.44","0.55","0.7","0.0","1.11","0.7","0.78","0.0","0.0","0.0","0.0","53.89","82.3","329.18","164.59","275.29","246.89","0.0","","","","","","",""
"2015.0","12.0","3.0","337.0","0.44","0.54","0.7","0.0","1.12","0.7","0.78","0.0","0.0","0.0","0.0","54.68","82.3","329.18","164.59","274.51","246.89","0.0","","","","","","",""
"2015.0","12.0","4.0","338.0","0.44","1.18","0.7","0.0","1.01","1.18","1.19","7.54","7.54","0.0","0.0","48.33","82.3","329.18","164.59","280.86","246.89","0.0","","","","","","",""
"2015.0","12.0","5.0","339.0","0.44","1.18","0.7","0.0","0.76","1.18","0.9","0.0","0.0","0.0","0.0","49.23","82.3","329.18","164.59","279.96","246.89","0.0","","","","","","",""
"2015.0","12.0","6.0","340.0","0.44","1.18","0.7","0.0","1.18","1.18","1.39","0.01","0.01","0.0","0.0","50.61","82.3","329.18","164.59","278.57","246.89","0.0","","","","","","",""
"2015.0","12.0","7.0","341.0","0.44","1.18","0.7","0.0","0.9","1.18","1.06","0.04","0.04","0.0","0.0","51.63","82.3","329.18","164.59","277.55","246.89","0.0","","","","","","",""
"2015.0","12.0","8.0","342.0","0.44","1.18","0.7","0.0","0.55","1.18","0.65","0.0","0.0","0.0","0.0","52.29","82.3","329.18","164.59","276.9","246.89","0.0","","","","","","",""
"2015.0","12.0","9.0","343.0","0.44","1.18","0.7","0.0","0.9","1.18","1.07","0.0","0.0","0.0","0.0","53.35","82.3","329.18","164.59","275.83","246.89","0.0","","","","","","",""
"2015.0","12.0","10.0","344.0","0.44","1.17","0.7","0.0","1.37","1.17","1.6","1.73","1.73","0.0","0.0","53.22","82.3","329.18","164.59","275.97","246.89","0.0","","","","","","",""
"2015.0","12.0","11.0","345.0","0.44","1.18","0.7","0.0","1.05","1.18","1.24","3.37","3.37","0.0","0.0","51.08","82.3","329.18","164.59","278.1","246.89","0.0","","","","","","",""
"2015.0","12.0","12.0","346.0","0.44","1.18","0.7","0.0","0.81","1.18","0.96","0.03","0.03","0.0","0.0","52.01","82.3","329.18","164.59","277.17","246.89","0.0","","","","","","",""
"2015.0","12.0","13.0","347.0","0.44","1.18","0.7","0.0","1.24","1.18","1.46","0.0","0.0","0.0","0.0","53.47","82.3","329.18","164.59","275.71","246.89","0.0","","","","","","",""
"2015.0","12.0","14.0","348.0","0.44","1.16","0.7","0.0","1.53","1.16","1.77","10.75","10.75","0.0","0.0","44.5","82.3","329.18","164.59","284.69","246.89","0.0","","","","","","",""
"2015.0","12.0","15.0","349.0","0.44","1.15","0.7","0.0","2.03","1.15","2.33","0.0","0.0","0.0","0.0","46.83","82.3","329.18","164.59","282.35","246.89","0.0","","","","","","",""
"2015.0","12.0","16.0","350.0","0.44","1.16","0.7","0.0","0.85","1.16","0.99","0.0","0.0","0.0","0.0","47.82","82.3","329.18","164.59","281.37","246.89","0.0","","","","","","",""
"2015.0","12.0","17.0","351.0","0.44","1.17","0.7","0.0","0.95","1.17","1.11","0.0","0.0","0.0","0.0","48.92","82.3","329.18","164.59","280.26","246.89","0.0","","","","","","",""
"2015.0","12.0","18.0","352.0","0.44","1.1","0.7","0.0","1.16","1.1","1.28","0.0","0.0","0.0","0.0","50.2","82.3","329.18","164.59","278.98","246.89","0.0","","","","","","",""
"2015.0","12.0","19.0","353.0","0.44","1.19","0.7","0.0","0.67","1.19","0.8","9.68","9.68","0.0","0.0","41.32","82.3","329.18","164.59","287.86","246.89","0.0","","","","","","",""
"2015.0","12.0","20.0","354.0","0.44","1.2","0.7","0.0","0.56","1.2","0.67","0.44","0.44","0.0","0.0","41.55","82.3","329.18","164.59","287.63","246.89","0.0","","","","","","",""
"2015.0","12.0","21.0","355.0","0.44","1.2","0.7","0.0","0.58","1.2","0.69","5.03","5.03","0.0","0.0","37.21","82.3","329.18","164.59","291.97","246.89","0.0","","","","","","",""
"2015.0","12.0","22.0","356.0","0.44","1.18","0.7","0.0","1.08","1.18","1.27","4.97","4.97","0.0","0.0","33.51","82.3","329.18","164.59","295.67","246.89","0.0","","","","","","",""
"2015.0","12.0","23.0","357.0","0.44","1.17","0.7","0.0","1.27","1.17","1.49","0.0","0.0","0.0","0.0","35.0","82.3","329.18","164.59","294.18","246.89","0.0","","","","","","",""
"2015.0","12.0","24.0","358.0","0.44","1.18","0.7","0.0","1.0","1.18","1.18","0.1","0.1","0.0","0.0","36.08","82.3","329.18","164.59","293.1","246.89","0.0","","","","","","",""
"2015.0","12.0","25.0","359.0","0.44","1.18","0.7","0.0","0.85","1.18","1.0","1.02","1.02","0.0","0.0","36.06","82.3","329.18","164.59","293.12","246.89","0.0","","","","","","",""
"2015.0","12.0","26.0","360.0","0.44","1.17","0.7","0.0","1.56","1.17","1.83","0.0","0.0","0.0","0.0","37.89","82.3","329.18","164.59","291.29","246.89","0.0","","","","","","",""
"2015.0","12.0","27.0","361.0","0.44","1.12","0.7","0.0","0.58","1.12","0.65","0.0","0.0","0.0","0.0","38.54","82.3","329.18","164.59","290.64","246.89","0.0","","","","","","",""
"2015.0","12.0","28.0","362.0","0.44","1.06","0.7","0.0","0.73","1.06","0.78","0.59","0.59","0.0","0.0","38.73","82.3","329.18","164.59","290.46","246.89","0.0","","","","","","",""
"2015.0","12.0","29.0","363.0","0.44","1.0","0.7","0.0","0.94","1.0","0.94","0.0","0.0","0.0","0.0","39.67","82.3","329.18","164.59","289.52","246.89","0.0","","","","","","",""
"2015.0","12.0","30.0","364.0","0.44","0.95","0.7","0.0","0.78","0.95","0.74","0.0","0.0","0.0","0.0","40.41","82.3","329.18","164.59","288.78","246.89","0.0","","","","","","",""
"2015.0","12.0","31.0","365.0","0.44","0.9","0.7","0.0","1.09","0.9","0.98","0.0","0.0","0.0","0.0","41.39","82.3","329.18","164.59","287.8","246.89","0.0","","","","","","",""
"2016.0","1.0","1.0","1.0","0.44","0.84","0.7","0.0","1.45","0.84","1.22","0.0","0.0","0.0","0.0","42.6","82.3","329.18","164.59","286.58","246.89","0.0","","","","","","",""
"2016.0","1.0","2.0","2.0","0.44","0.8","0.7","0.0","1.22","0.8","0.97","0.0","0.0","0.0","0.0","43.58","74.08","329.18","164.59","285.61","255.11","0.0","","","","","","",""
"2016.0","1.0","3.0","3.0","0.44","0.76","0.7","0.0","1.21","0.76","0.92","0.0","0.0","0.0","0.0","44.5","74.08","329.18","164.59","284.69","255.11","0.0","","","","","","",""
"2016.0","1.0","4.0","4.0","0.44","0.74","0.7","0.0","0.87","0.74","0.64","0.17","0.17","0.0","0.0","44.97","74.08","329.18","164.59","284.22","255.11","0.0","","","","","","",""
"2016.0","1.0","5.0","5.0","0.44","1.19","0.7","0.0","0.85","1.19","1.01","18.14","18.14","0.0","0.0","27.84","74.08","329.18","164.59","301.35","255.11","0.0","","","","","","",""
"2016.0","1.0","6.0","6.0","0.44","1.19","0.7","0.0","0.82","1.19","0.97","14.82","14.82","0.0","0.0","13.99","74.08","329.18","164.59","315.19","255.11","0.0","","","","","","",""
"2016.0","1.0","7.0","7.0","0.44","1.2","0.7","0.0","0.59","1.2","0.71","15.26","14.7","0.0","0.0","0.0","74.08","329.18","164.59","329.18","255.11","0.0","","","","","","",""
"2016.0","1.0","8.0","8.0","0.44","1.2","0.7","0.0","0.63","1.2","0.75","0.09","0.09","0.0","0.0","0.66","74.08","329.18","164.59","328.52","255.11","0.0","","","","","","",""
"2016.0","1.0","9.0","9.0","0.44","1.19","0.7","0.0","0.8","1.19","0.95","2.34","1.61","0.0","0.0","0.0","74.08","329.18","164.59","329.18","255.11","0.0","","","","","","",""
"2016.0","1.0","10.0","10.0","0.44","1.18","0.7","0.0","0.91","1.18","1.08","1.28","1.08","0.0","0.0","0.0","74.08","329.18","164.59","329.18","255.11","0.0","","","","","","",""
"2016.0","1.0","11.0","11.0","0.44","1.18","0.7","0.0","0.98","1.18","1.16","0.0","0.0","0.0","0.0","1.16","74.08","329.18","164.59","328.03","255.11","0.0","","","","","","",""
"2016.0","1.0","12.0","12.0","0.44","1.18","0.7","0.0","0.99","1.18","1.17","0.0","0.0","0.0","0.0","2.33","74.08","329.18","164.59","326.86","255.11","0.0","","","","","","",""
"2016.0","1.0","13.0","13.0","0.44","1.17","0.7","0.0","1.36","1.17","1.59","5.0","3.91","0.0","0.0","0.0","74.08","329.18","164.59","329.18","255.11","0.0","","","","","","",""
"2016.0","1.0","14.0","14.0","0.44","1.19","0.7","0.0","0.66","1.19","0.79","2.42","0.79","0.0","0.0","0.0","74.08","329.18","164.59","329.18","255.11","0.0","","","","","","",""
"2016.0","1.0","15.0","15.0","0.44","1.19","0.7","0.0","0.78","1.19","0.93","2.88","0.93","0.0","0.0","0.0","74.08","329.18","164.59","329.18","255.11","0.0","","","","","","",""
"2016.0","1.0","16.0","16.0","0.44","1.19","0.7","0.0","0.8","1.19","0.95","6.95","0.95","0.0","0.0","0.0","74.08","329.18","164.59","329.18","255.11","0.0","","","","","","",""
"2016.0","1.0","17.0","17.0","0.44","1.19","0.7","0.0","0.82","1.19","0.97","1.13","0.97","0.0","0.0","0.0","74.08","329.18","164.59","329.18","255.11","0.0","","","","","","",""
"2016.0","1.0","18.0","18.0","0.44","1.17","0.7","0.0","1.18","1.17","1.38","28.31","1.38","0.0","0.0","0.0","74.08","329.18","164.59","329.18","255.11","0.0","","","","","","",""
"2016.0","1.0","19.0","19.0","0.44","1.17","0.7","0.0","1.31","1.17","1.53","4.94","1.53","0.0","0.0","0.0","74.08","329.18","164.59","329.18","255.11","0.0","","","","","","",""
"2016.0","1.0","20.0","20.0","0.44","1.18","0.7","0.0","1.02","1.18","1.2","18.57","1.2","0.0","0.0","0.0","74.08","329.18","164.59","329.18","255.11","0.0","","","","","","",""
"2016.0","1.0","21.0","21.0","0.44","1.18","0.7","0.0","1.12","1.18","1.32","0.0","0.0","0.0","0.0","1.32","74.08","329.18","164.59","327.87","255.11","0.0","","","","","","",""
"2016.0","1.0","22.0","22.0","0.44","1.18","0.7","0.0","1.16","1.18","1.36","1.05","1.05","0.0","0.0","1.63","74.08","329.18","164.59","327.55","255.11","0.0","","","","","","",""
"2016.0","1.0","23.0","23.0","0.44","1.16","0.7","0.0","1.42","1.16","1.65","10.72","3.28","0.0","0.0","0.0","74.08","329.18","164.59","329.18","255.11","0.0","","","","","","",""
"2016.0","1.0","24.0","24.0","0.44","1.18","0.7","0.0","1.08","1.18","1.27","1.54","1.27","0.0","0.0","0.0","74.08","329.18","164.59","329.18","255.11","0.0","","","","","","",""
"2016.0","1.0","25.0","25.0","0.44","1.17","0.7","0.0","1.21","1.17","1.42","0.4","0.4","0.0","0.0","1.02","74.08","329.18","164.59","328.16","255.11","0.0","","","","","","",""
"2016.0","1.0","26.0","26.0","0.44","1.18","0.7","0.0","1.01","1.18","1.19","0.0","0.0","0.0","0.0","2.21","74.08","329.18","164.59","326.98","255.11","0.0","","","","","","",""
"2016.0","1.0","27.0","27.0","0.44","1.17","0.7","0.0","1.4","1.17","1.64","0.0","0.0","0.0","0.0","3.85","74.08","329.18","164.59","325.33","255.11","0.0","","","","","","",""
"2016.0","1.0","28.0","28.0","0.44","1.18","0.7","0.0","0.89","1.18","1.05","0.0","0.0","0.0","0.0","4.9","74.08","329.18","164.59","324.29","255.11","0.0","","","","","","",""
"2016.0","1.0","29.0","29.0","0.44","1.1","0.7","0.0","1.03","1.1","1.13","0.29","0.29","0.0","0.0","5.74","74.08","329.18","164.59","323.45","255.11","0.0","","","","","","",""
"2016.0","1.0","30.0","30.0","0.44","1.16","0.7","0.0","1.51","1.16","1.75","5.98","5.98","0.0","0.0","1.51","74.08","329.18","164.59","327.68","255.11","0.0","","","","","","",""
"2016.0","1.0","31.0","31.0","0.44","1.14","0.7","0.0","2.42","1.14","2.76","0.0","0.0","0.0","0.0","4.27","74.08","329.18","164.59","324.92","255.11","0.0","","","","","","",""
"2016.0","2.0","1.0","32.0","0.44","1.08","0.7","0.0","2.58","1.08","2.8","0.0","0.0","0.0","0.0","7.07","74.08","329.18","164.59","322.12","255.11","0.0","","","","","","",""
"2016.0","2.0","2.0","33.0","0.44","1.01","0.7","0.0","1.06","1.01","1.07","0.0","0.0","0.0","0.0","8.14","74.08","329.18","164.59","321.05","255.11","0.0","","","","","","",""
"2016.0","2.0","3.0","34.0","0.44","0.95","0.7","0.0","1.04","0.95","0.99","0.84","0.84","0.0","0.0","8.29","74.08","329.18","164.59","320.9","255.11","0.0","","","","","","",""
"2016.0","2.0","4.0","35.0","0.44","0.88","0.7","0.0","1.53","0.88","1.34","0.02","0.02","0.0","0.0","9.61","74.08","329.18","164.59","319.58","255.11","0.0","","","","","","",""
"2016.0","2.0","5.0","36.0","0.44","0.82","0.7","0.0","1.39","0.82","1.14","0.0","0.0","0.0","0.0","10.75","74.08","329.18","164.59","318.43","255.11","0.0","","","","","","",""
"2016.0","2.0","6.0","37.0","0.44","0.77","0.7","0.0","1.63","0.77","1.26","0.0","0.0","0.0","0.0","12.01","74.08","329.18","164.59","317.18","255.11","0.0","","","","","","",""
"2016.0","2.0","7.0","38.0","0.44","0.72","0.7","0.0","1.96","0.72","1.41","0.0","0.0","0.0","0.0","13.41","74.08","329.18","164.59","315.77","255.11","0.0","","","","","","",""
"2016.0","2.0","8.0","39.0","0.44","0.67","0.7","0.0","2.08","0.7","1.46","0.0","0.0","0.0","0.0","14.87","74.08","329.18","164.59","314.31","255.11","0.0","","","","","","",""
"2016.0","2.0","9.0","40.0","0.44","0.64","0.7","0.0","1.96","0.7","1.37","0.0","0.0","0.0","0.0","16.24","74.08","329.18","164.59","312.94","255.11","0.0","","","","","","",""
"2016.0","2.0","10.0","41.0","0.44","0.61","0.7","0.0","1.91","0.7","1.34","0.0","0.0","0.0","0.0","17.58","74.08","329.18","164.59","311.6","255.11","0.0","","","","","","",""
"2016.0","2.0","11.0","42.0","0.44","0.58","0.7","0.0","1.76","0.7","1.23","0.0","0.0","0.0","0.0","18.81","74.08","329.18","164.59","310.37","255.11","0.0","","","","","","",""
"2016.0","2.0","12.0","43.0","0.44","0.56","0.7","0.0","1.83","0.7","1.28","0.0","0.0","0.0","0.0","20.09","74.08","329.18","164.59","309.09","255.11","0.0","","","","","","",""
"2016.0","2.0","13.0","44.0","0.44","0.54","0.7","0.0","2.35","0.7","1.65","0.0","0.0","0.0","0.0","21.74","74.08","329.18","164.59","307.45","255.11","0.0","","","","","","",""
"2016.0","2.0","14.0","45.0","0.44","0.51","0.7","0.0","3.22","0.7","2.25","0.0","0.0","0.0","0.0","23.99","74.08","329.18","164.59","305.19","255.11","0.0","","","","","","",""
"2016.0","2.0","15.0","46.0","0.44","0.48","0.7","0.0","2.64","0.7","1.85","0.0","0.0","0.0","0.0","25.84","74.08","329.18","164.59","303.34","255.11","0.0","","","","","","",""
"2016.0","2.0","16.0","47.0","0.44","0.47","0.7","0.0","2.1","0.7","1.47","0.0","0.0","0.0","0.0","27.31","74.08","329.18","164.59","301.87","255.11","0.0","","","","","","",""
"2016.0","2.0","17.0","48.0","0.44","0.45","0.7","0.0","2.65","0.7","1.86","0.0","0.0","0.0","0.0","29.16","74.08","329.18","164.59","300.02","255.11","0.0","","","","","","",""
"2016.0","2.0","18.0","49.0","0.44","1.15","0.7","0.0","1.85","1.15","2.12","13.67","13.67","0.0","0.0","17.61","74.08","329.18","164.59","311.57","255.11","0.0","","","","","","",""
"2016.0","2.0","19.0","50.0","0.44","1.16","0.7","0.0","1.55","1.16","1.79","3.73","3.73","0.0","0.0","15.68","74.08","329.18","164.59","313.5","255.11","0.0","","","","","","",""
"2016.0","2.0","20.0","51.0","0.44","1.15","0.7","0.0","1.81","1.15","2.09","0.24","0.24","0.0","0.0","17.53","74.08","329.18","164.59","311.66","255.11","0.0","","","","","","",""
"2016.0","2.0","21.0","52.0","0.44","1.15","0.7","0.0","1.96","1.15","2.25","0.0","0.0","0.0","0.0","19.78","74.08","329.18","164.59","309.41","255.11","0.0","","","","","","",""
"2016.0","2.0","22.0","53.0","0.44","0.98","0.7","0.0","2.76","0.98","2.69","0.0","0.0","0.0","0.0","22.47","74.08","329.18","164.59","306.71","255.11","0.0","","","","","","",""
"2016.0","2.0","23.0","54.0","0.44","0.86","0.7","0.0","2.38","0.86","2.04","0.0","0.0","0.0","0.0","24.51","74.08","329.18","164.59","304.67","255.11","0.0","","","","","","",""
"2016.0","2.0","24.0","55.0","0.44","0.78","0.7","0.0","2.23","0.78","1.73","0.0","0.0","0.0","0.0","26.25","74.08","329.18","164.59","302.94","255.11","0.0","","","","","","",""
"2016.0","2.0","25.0","56.0","0.44","0.71","0.7","0.0","2.35","0.71","1.68","0.0","0.0","0.0","0.0","27.92","74.08","329.18","164.59","301.26","255.11","0.0","","","","","","",""
"2016.0","2.0","26.0","57.0","0.44","0.66","0.7","0.0","2.38","0.7","1.67","0.0","0.0","0.0","0.0","29.59","74.08","329.18","164.59","299.59","255.11","0.0","","","","","","",""
"2016.0","2.0","27.0","58.0","0.44","0.63","0.7","0.0","2.08","0.7","1.46","0.0","0.0","0.0","0.0","31.05","74.08","329.18","164.59","298.14","255.11","0.0","","","","","","",""
"2016.0","2.0","28.0","59.0","0.44","0.6","0.7","0.0","2.1","0.7","1.47","0.0","0.0","0.0","0.0","32.52","74.08","329.18","164.59","296.67","255.11","0.0","","","","","","",""
"2016.0","2.0","29.0","60.0","0.44","0.56","0.7","0.0","2.69","0.7","1.88","0.0","0.0","0.0","0.0","34.4","74.08","329.18","164.59","294.78","255.11","0.0","","","","","","",""
"2016.0","3.0","1.0","61.0","0.44","0.53","0.7","0.0","3.02","0.7","2.11","0.0","0.0","0.0","0.0","36.51","74.08","329.18","164.59","292.67","255.11","0.0","","","","","","",""
"2016.0","3.0","2.0","62.0","0.44","0.5","0.7","0.0","2.66","0.7","1.86","0.0","0.0","0.0","0.0","38.38","74.08","329.18","164.59","290.81","255.11","0.0","","","","","","",""
"2016.0","3.0","3.0","63.0","0.44","0.49","0.7","0.0","1.77","0.7","1.24","0.0","0.0","0.0","0.0","39.61","74.08","329.18","164.59","289.57","255.11","0.0","","","","","","",""
"2016.0","3.0","4.0","64.0","0.44","0.48","0.7","0.0","1.55","0.7","1.09","0.14","0.14","0.0","0.0","40.56","74.08","329.18","164.59","288.62","255.11","0.0","","","","","","",""
"2016.0","3.0","5.0","65.0","0.44","1.17","0.7","0.0","1.23","1.17","1.44","16.2","16.2","0.0","0.0","25.8","74.08","329.18","164.59","303.38","255.11","0.0","","","","","","",""
"2016.0","3.0","6.0","66.0","0.44","1.13","0.7","0.0","2.17","1.13","2.46","38.99","28.26","0.0","0.0","0.0","74.08","329.18","164.59","329.18","255.11","0.0","","","","","","",""
"2016.0","3.0","7.0","67.0","0.44","1.16","0.7","0.0","1.57","1.16","1.82","13.12","1.82","0.0","0.0","0.0","74.08","329.18","164.59","329.18","255.11","0.0","","","","","","",""
"2016.0","3.0","8.0","68.0","0.44","1.15","0.7","0.0","1.76","1.15","2.02","2.77","2.02","0.0","0.0","0.0","74.08","329.18","164.59","329.18","255.11","0.0","","","","","","",""
"2016.0","3.0","9.0","69.0","0.44","1.15","0.7","0.0","1.86","1.15","2.13","0.0","0.0","0.0","0.0","2.13","74.08","329.18","164.59","327.05","255.11","0.0","","","","","","",""
"2016.0","3.0","10.0","70.0","0.44","1.15","0.7","0.0","1.4","1.15","1.61","0.02","0.02","0.0","0.0","3.73","74.08","329.18","164.59","325.46","255.11","0.0","","","","","","",""
"2016.0","3.0","11.0","71.0","0.44","1.16","0.7","0.0","1.47","1.16","1.71","14.58","5.44","0.0","0.0","0.0","74.08","329.18","164.59","329.18","255.11","0.0","","","","","","",""
"2016.0","3.0","12.0","72.0","0.44","1.16","0.7","0.0","1.54","1.16","1.78","12.59","1.78","0.0","0.0","0.0","74.08","329.18","164.59","329.18","255.11","0.0","","","","","","",""
"2016.0","3.0","13.0","73.0","0.44","1.17","0.7","0.0","1.15","1.17","1.35","14.06","1.35","0.0","0.0","0.0","74.08","329.18","164.59","329.18","255.11","0.0","","","","","","",""
"2016.0","3.0","14.0","74.0","0.44","1.12","0.7","0.0","2.55","1.12","2.85","12.93","2.85","0.0","0.0","0.0","74.08","329.18","164.59","329.18","255.11","0.0","","","","","","",""
"2016.0","3.0","15.0","75.0","0.44","1.11","0.7","0.0","3.07","1.11","3.4","0.0","0.0","0.0","0.0","3.4","74.08","329.18","164.59","325.78","255.11","0.0","","","","","","",""
"2016.0","3.0","16.0","76.0","0.44","0.92","0.7","0.0","3.12","0.92","2.88","0.0","0.0","0.0","0.0","6.28","74.08","329.18","164.59","322.9","255.11","0.0","","","","","","",""
"2016.0","3.0","17.0","77.0","0.44","0.79","0.7","0.0","3.16","0.79","2.5","0.0","0.0","0.0","0.0","8.78","74.08","329.18","164.59","320.4","255.11","0.0","","","","","","",""
"2016.0","3.0","18.0","78.0","0.44","0.7","0.7","0.0","3.19","0.7","2.24","0.0","0.0","0.0","0.0","11.02","74.08","329.18","164.59","318.16","255.11","0.0","","","","","","",""
"2016.0","3.0","19.0","79.0","0.44","0.64","0.7","0.0","3.17","0.7","2.22","0.0","0.0","0.0","0.0","13.24","74.08","329.18","164.59","315.94","255.11","0.0","","","","","","",""
"2016.0","3.0","20.0","80.0","0.44","0.6","0.7","0.0","2.2","0.7","1.54","0.0","0.0","0.0","0.0","14.78","74.08","329.18","164.59","314.4","255.11","0.0","","","","","","",""
"2016.0","3.0","21.0","81.0","0.44","0.57","0.7","0.0","2.32","0.7","1.62","1.54","1.54","0.0","0.0","14.86","74.08","329.18","164.59","314.32","255.11","0.0","","","","","","",""
"2016.0","3.0","22.0","82.0","0.44","0.54","0.7","0.0","2.92","0.7","2.04","1.83","1.83","0.0","0.0","15.08","74.08","329.18","164.59","314.11","255.11","0.0","","","","","","",""
"2016.0","3.0","23.0","83.0","0.44","0.51","0.7","0.0","3.36","0.7","2.35","0.0","0.0","0.0","0.0","17.43","74.08","329.18","164.59","311.75","255.11","0.0","","","","","","",""
"2016.0","3.0","24.0","84.0","0.44","0.48","0.7","0.0","3.2","0.7","2.24","0.0","0.0","0.0","0.0","19.67","74.08","329.18","164.59","309.51","255.11","0.0","","","","","","",""
"2016.0","3.0","25.0","85.0","0.44","0.45","0.7","0.0","3.71","0.7","2.6","0.0","0.0","0.0","0.0","22.27","74.08","329.18","164.59","306.92","255.11","0.0","","","","","","",""
"2016.0","3.0","26.0","86.0","0.44","0.43","0.7","0.0","4.47","0.7","3.13","0.0","0.0","0.0","0.0","25.4","74.08","329.18","164.59","303.79","255.11","0.0","","","","","","",""
"2016.0","3.0","27.0","87.0","0.44","0.41","0.7","0.0","3.43","0.7","2.4","0.0","0.0","0.0","0.0","27.8","74.08","329.18","164.59","301.39","255.11","0.0","","","","","","",""
"2016.0","3.0","28.0","88.0","0.44","0.39","0.7","0.0","3.53","0.7","2.47","0.0","0.0","0.0","0.0","30.27","74.08","329.18","164.59","298.92","255.11","0.0","","","","","","",""
"2016.0","3.0","29.0","89.0","0.44","0.38","0.7","0.0","3.82","0.7","2.67","0.0","0.0","0.0","0.0","32.94","74.08","329.18","164.59","296.24","255.11","0.0","","","","","","",""
"2016.0","3.0","30.0","90.0","0.44","0.37","0.7","0.0","3.64","0.7","2.55","0.0","0.0","0.0","0.0","35.49","74.08","329.18","164.59","293.69","255.11","0.0","","","","","","",""
"2016.0","3.0","31.0","91.0","0.44","0.35","0.7","0.0","3.78","0.7","2.65","0.0","0.0","0.0","0.0","38.14","74.08","329.18","164.59","291.05","255.11","0.0","","","","","","",""
"2016.0","4.0","1.0","92.0","0.44","0.34","0.7","0.0","3.67","0.7","2.57","0.0","0.0","0.0","0.0","40.7","74.08","329.18","164.59","288.48","255.11","0.0","","","","","","",""
"2016.0","4.0","2.0","93.0","0.44","0.33","0.7","0.0","3.74","0.7","2.62","0.0","0.0","0.0","0.0","43.32","74.08","329.18","164.59","285.86","255.11","0.0","","","","","","",""
"2016.0","4.0","3.0","94.0","0.44","0.32","0.7","0.0","4.08","0.7","2.86","0.0","0.0","0.0","0.0","46.18","74.08","329.18","164.59","283.01","255.11","0.0","","","","","","",""
"2016.0","4.0","4.0","95.0","0.44","0.31","0.7","0.0","4.22","0.7","2.95","0.0","0.0","0.0","0.0","49.13","74.08","329.18","164.59","280.05","255.11","0.0","","","","","","",""
"2016.0","4.0","5.0","96.0","0.44","0.3","0.7","0.0","5.72","0.7","4.0","0.0","0.0","0.0","0.0","53.14","74.08","329.18","164.59","276.05","255.11","0.0","","","","","","",""
"2016.0","4.0","6.0","97.0","0.44","0.29","0.7","0.0","4.95","0.7","3.47","0.0","0.0","0.0","0.0","56.6","74.08","329.18","164.59","272.58","255.11","0.0","","","","","","",""
"2016.0","4.0","7.0","98.0","0.44","0.29","0.7","0.0","4.34","0.7","3.04","0.0","0.0","0.0","0.0","59.64","74.08","329.18","164.59","269.54","255.11","0.0","","","","","","",""
"2016.0","4.0","8.0","99.0","0.44","0.28","0.7","0.0","3.63","0.7","2.54","0.0","0.0","0.0","0.0","62.18","74.08","329.18","164.59","267.0","255.11","0.0","","","","","","",""
"2016.0","4.0","9.0","100.0","0.44","0.28","0.7","0.0","1.42","0.7","0.99","1.32","1.32","0.0","0.0","61.85","74.08","329.18","164.59","267.33","255.11","0.0","","","","","","",""
"2016.0","4.0","10.0","101.0","0.44","1.13","0.7","0.0","2.26","1.13","2.55","9.35","9.35","0.0","0.0","55.06","74.08","329.18","164.59","274.13","255.11","0.0","","","","","","",""
"2016.0","4.0","11.0","102.0","0.44","1.11","0.7","0.0","3.33","1.11","3.69","0.43","0.43","0.0","0.0","58.32","74.08","329.18","164.59","270.87","255.11","0.0","","","","","","",""
"2016.0","4.0","12.0","103.0","0.44","0.9","0.7","0.0","3.61","0.9","3.24","0.0","0.0","0.0","0.0","61.56","74.08","329.18","164.59","267.62","255.11","0.0","","","","","","",""
"2016.0","4.0","13.0","104.0","0.44","0.74","0.7","0.0","4.28","0.74","3.16","0.0","0.0","0.0","0.0","64.72","74.08","329.18","164.59","264.47","255.11","0.0","","","","","","",""
"2016.0","4.0","14.0","105.0","0.44","0.65","0.7","0.0","4.01","0.7","2.81","0.67","0.67","0.0","0.0","66.85","74.08","329.18","164.59","262.33","255.11","0.0","","","","","","",""
"2016.0","4.0","15.0","106.0","0.44","0.56","0.7","0.0","5.41","0.7","3.79","0.0","0.0","0.0","0.0","70.64","74.08","329.18","164.59","258.54","255.11","0.0","","","","","","",""
"2016.0","4.0","16.0","107.0","0.44","0.5","0.7","0.0","5.5","0.7","3.85","0.0","0.0","0.0","0.0","0.0","74.08","329.18","164.59","329.18","255.11","74.49","","","","","","",""
"2016.0","4.0","17.0","108.0","0.44","0.46","0.7","0.0","4.75","0.7","3.33","0.0","0.0","0.0","0.0","3.33","74.08","329.18","164.59","325.86","255.11","0.0","","","","","","",""
"2016.0","4.0","18.0","109.0","0.44","0.43","0.7","0.0","5.12","0.7","3.58","0.0","0.0","0.0","0.0","6.91","74.08","329.18","164.59","322.28","255.11","0.0","","","","","","",""
"2016.0","4.0","19.0","110.0","0.44","0.4","0.7","0.0","5.07","0.7","3.55","0.0","0.0","0.0","0.0","10.46","74.08","329.18","164.59","318.73","255.11","0.0","","","","","","",""
"2016.0","4.0","20.0","111.0","0.44","0.38","0.7","0.0","5.26","0.7","3.68","0.0","0.0","0.0","0.0","14.14","74.08","329.18","164.59","315.04","255.11","0.0","","","","","","",""
"2016.0","4.0","21.0","112.0","0.44","0.37","0.7","0.0","3.95","0.7","2.77","0.0","0.0","0.0","0.0","16.91","74.08","329.18","164.59","312.28","255.11","0.0","","","","","","",""
"2016.0","4.0","22.0","113.0","0.44","0.36","0.7","0.0","2.78","0.7","1.95","0.28","0.28","0.0","0.0","18.57","74.08","329.18","164.59","310.61","255.11","0.0","","","","","","",""
"2016.0","4.0","23.0","114.0","0.44","1.06","0.7","0.0","3.98","1.06","4.22","6.11","6.11","0.0","0.0","16.68","74.08","329.18","164.59","312.5","255.11","0.0","","","","","","",""
"2016.0","4.0","24.0","115.0","0.44","0.92","0.7","0.0","4.44","0.92","4.08","0.0","0.0","0.0","0.0","20.76","74.08","329.18","164.59","308.42","255.11","0.0","","","","","","",""
"2016.0","4.0","25.0","116.0","0.44","0.71","0.7","0.0","5.39","0.71","3.84","0.0","0.0","0.0","0.0","24.6","74.08","329.18","164.59","304.58","255.11","0.0","","","","","","",""
"2016.0","4.0","26.0","117.0","0.44","0.62","0.7","0.0","4.58","0.7","3.21","0.0","0.0","0.0","0.0","27.81","74.08","329.18","164.59","301.38","255.11","0.0","","","","","","",""
"2016.0","4.0","27.0","118.0","0.44","0.57","0.7","0.0","3.62","0.7","2.53","0.0","0.0","0.0","0.0","30.34","74.08","329.18","164.59","298.84","255.11","0.0","","","","","","",""
"2016.0","4.0","28.0","119.0","0.44","0.5","0.7","0.0","5.82","0.7","4.07","4.55","4.55","0.0","0.0","29.86","74.08","329.18","164.59","299.32","255.11","0.0","","","","","","",""
"2016.0","4.0","29.0","120.0","0.44","0.46","0.7","0.0","5.17","0.7","3.62","0.0","0.0","0.0","0.0","33.48","74.08","329.18","164.59","295.7","255.11","0.0","","","","","","",""
"2016.0","4.0","30.0","121.0","0.44","0.41","0.7","0.0","7.43","0.7","5.2","0.03","0.03","0.0","0.0","38.65","74.08","329.18","164.59","290.53","255.11","0.0","","","","","","",""
"2016.0","5.0","1.0","122.0","0.44","0.38","0.7","0.0","5.97","0.7","4.18","0.0","0.0","0.0","0.0","42.83","74.08","329.18","164.59","286.35","255.11","0.0","","","","","","",""
"2016.0","5.0","2.0","123.0","0.44","0.36","0.7","0.0","5.45","0.7","3.82","0.0","0.0","0.0","0.0","46.65","74.08","329.18","164.59","282.54","255.11","0.0","","","","","","",""
"2016.0","5.0","3.0","124.0","0.44","0.35","0.7","0.0","4.6","0.7","3.22","0.0","0.0","0.0","0.0","49.87","74.08","329.18","164.59","279.32","255.11","0.0","","","","","","",""
"2016.0","5.0","4.0","125.0","0.44","0.33","0.7","0.0","4.92","0.7","3.44","0.0","0.0","0.0","0.0","53.31","74.08","329.18","164.59","275.87","255.11","0.0","","","","","","",""
"2016.0","5.0","5.0","126.0","0.44","0.33","0.7","0.0","2.31","0.7","1.62","0.16","0.16","0.0","0.0","54.77","74.08","329.18","164.59","274.41","255.11","0.0","","","","","","",""
"2016.0","5.0","6.0","127.0","0.44","0.33","0.7","0.0","2.18","0.7","1.53","1.17","1.17","0.0","0.0","55.13","74.08","329.18","164.59","274.06","255.11","0.0","","","","","","",""
"2016.0","5.0","7.0","128.0","0.44","0.32","0.7","0.0","2.15","0.7","1.51","1.04","1.04","0.0","0.0","55.59","74.08","329.18","164.59","273.59","255.11","0.0","","","","","","",""
"2016.0","5.0","8.0","129.0","0.44","0.31","0.7","0.0","3.26","0.7","2.28","1.91","1.91","0.0","0.0","55.96","74.08","329.18","164.59","273.22","255.11","0.0","","","","","","",""
"2016.0","5.0","9.0","130.0","0.44","0.3","0.7","0.0","4.71","0.7","3.3","0.0","0.0","0.0","0.0","59.26","74.08","329.18","164.59","269.92","255.11","0.0","","","","","","",""
"2016.0","5.0","10.0","131.0","0.44","0.29","0.7","0.0","5.78","0.7","4.05","0.0","0.0","0.0","0.0","63.31","74.08","329.18","164.59","265.88","255.11","0.0","","","","","","",""
"2016.0","5.0","11.0","132.0","0.44","0.28","0.7","0.0","6.12","0.7","4.28","0.0","0.0","0.0","0.0","67.59","74.08","329.18","164.59","261.59","255.11","0.0","","","","","","",""
"2016.0","5.0","12.0","133.0","0.44","0.27","0.7","0.0","6.17","0.7","4.32","0.0","0.0","0.0","0.0","71.91","74.08","329.18","164.59","257.28","255.11","0.0","","","","","","",""
"2016.0","5.0","13.0","134.0","0.44","0.26","0.7","0.0","5.78","0.7","4.05","0.0","0.0","0.0","0.0","0.0","74.08","329.18","164.59","329.18","255.11","75.95","","","","","","",""
"2016.0","5.0","14.0","135.0","0.44","0.26","0.7","0.0","5.15","0.7","3.61","0.0","0.0","0.0","0.0","3.61","74.08","329.18","164.59","325.58","255.11","0.0","","","","","","",""
"2016.0","5.0","15.0","136.0","0.44","0.25","0.7","0.0","5.59","0.7","3.91","0.0","0.0","0.0","0.0","7.52","74.08","329.18","164.59","321.67","255.11","0.0","","","","","","",""
"2016.0","5.0","16.0","137.0","0.44","0.24","0.7","0.0","6.64","0.7","4.65","0.0","0.0","0.0","0.0","12.17","74.08","329.18","164.59","317.02","255.11","0.0","","","","","","",""
"2016.0","5.0","17.0","138.0","0.44","0.23","0.7","0.0","7.82","0.7","5.47","0.0","0.0","0.0","0.0","17.64","74.08","329.18","164.59","311.54","255.11","0.0","","","","","","",""
"2016.0","5.0","18.0","139.0","0.44","0.23","0.7","0.0","7.09","0.7","4.96","0.0","0.0","0.0","0.0","22.6","74.08","329.18","164.59","306.58","255.11","0.0","","","","","","",""
"2016.0","5.0","19.0","140.0","0.44","0.22","0.7","0.0","6.34","0.7","4.44","0.0","0.0","0.0","0.0","27.04","74.08","329.18","164.59","302.14","255.11","0.0","","","","","","",""
"2016.0","5.0","20.0","141.0","0.44","0.22","0.7","0.0","4.71","0.7","3.3","0.0","0.0","0.0","0.0","30.34","74.08","329.18","164.59","298.85","255.11","0.0","","","","","","",""
"2016.0","5.0","21.0","142.0","0.44","0.22","0.7","0.0","4.08","0.7","2.86","3.3","3.3","0.0","0.0","29.89","74.08","329.18","164.59","299.29","255.11","0.0","","","","","","",""
"2016.0","5.0","22.0","143.0","0.44","0.21","0.7","0.0","4.38","0.7","3.07","0.7","0.7","0.0","0.0","32.26","74.08","329.18","164.59","296.92","255.11","0.0","","","","","","",""
"2016.0","5.0","23.0","144.0","0.44","0.21","0.7","0.0","4.66","0.7","3.26","0.0","0.0","0.0","0.0","35.52","74.08","329.18","164.59","293.66","255.11","0.0","","","","","","",""
"2016.0","5.0","24.0","145.0","0.44","0.21","0.7","0.0","4.86","0.7","3.4","0.0","0.0","0.0","0.0","38.92","74.08","329.18","164.59","290.26","255.11","0.0","","","","","","",""
"2016.0","5.0","25.0","146.0","0.44","0.2","0.7","0.0","5.33","0.7","3.73","0.0","0.0","0.0","0.0","42.66","74.08","329.18","164.59","286.53","255.11","0.0","","","","","","",""
"2016.0","5.0","26.0","147.0","0.44","0.2","0.7","0.0","5.8","0.7","4.06","0.0","0.0","0.0","0.0","46.72","74.08","329.18","164.59","282.47","255.11","0.0","","","","","","",""
"2016.0","5.0","27.0","148.0","0.44","0.2","0.7","0.0","6.09","0.7","4.26","0.0","0.0","0.0","0.0","50.98","74.08","329.18","164.59","278.21","255.11","0.0","","","","","","",""
"2016.0","5.0","28.0","149.0","0.44","0.19","0.7","0.0","7.02","0.7","4.91","0.0","0.0","0.0","0.0","55.89","74.08","329.18","164.59","273.29","255.11","0.0","","","","","","",""
"2016.0","5.0","29.0","150.0","0.44","0.19","0.7","0.0","6.61","0.7","4.63","0.0","0.0","0.0","0.0","60.52","74.08","329.18","164.59","268.67","255.11","0.0","","","","","","",""
"2016.0","5.0","30.0","151.0","0.44","0.19","0.7","0.0","6.86","0.7","4.8","0.0","0.0","0.0","0.0","65.32","74.08","329.18","164.59","263.86","255.11","0.0","","","","","","",""
"2016.0","5.0","31.0","152.0","0.44","0.18","0.7","0.0","7.19","0.7","5.03","0.0","0.0","0.0","0.0","70.35","74.08","329.18","164.59","258.83","255.11","0.0","","","","","","",""
"2016.0","6.0","1.0","153.0","0.44","0.18","0.7","0.0","7.38","0.7","5.17","0.0","0.0","0.0","0.0","0.0","74.08","329.18","164.59","329.18","255.11","75.52","","","","","","",""
"2016.0","6.0","2.0","154.0","0.44","0.18","0.7","0.0","6.92","0.7","4.84","0.0","0.0","0.0","0.0","4.84","74.08","329.18","164.59","324.34","255.11","0.0","","","","","","",""
"2016.0","6.0","3.0","155.0","0.44","0.17","0.7","0.0","7.41","0.7","5.19","0.0","0.0","0.0","0.0","10.03","74.08","329.18","164.59","319.15","255.11","0.0","","","","","","",""
"2016.0","6.0","4.0","156.0","0.44","0.17","0.7","0.0","4.7","0.7","3.29","0.0","0.0","0.0","0.0","13.32","74.08","329.18","164.59","315.86","255.11","0.0","","","","","","",""
"2016.0","6.0","5.0","157.0","0.44","0.17","0.7","0.0","7.65","0.7","5.36","0.0","0.0","0.0","0.0","18.68","74.08","329.18","164.59","310.51","255.11","0.0","","","","","","",""
"2016.0","6.0","6.0","158.0","0.44","0.17","0.7","0.0","7.32","0.7","5.12","0.0","0.0","0.0","0.0","23.8","74.08","329.18","164.59","305.38","255.11","0.0","","","","","","",""
"2016.0","6.0","7.0","159.0","0.44","0.16","0.7","0.0","6.88","0.7","4.82","0.0","0.0","0.0","0.0","28.62","74.08","329.18","164.59","300.57","255.11","0.0","","","","","","",""
"2016.0","6.0","8.0","160.0","0.44","0.16","0.7","0.0","6.66","0.7","4.66","0.0","0.0","0.0","0.0","33.28","74.08","329.18","164.59","295.91","255.11","0.0","","","","","","",""
"2016.0","6.0","9.0","161.0","0.44","0.16","0.7","0.0","6.33","0.7","4.43","0.0","0.0","0.0","0.0","37.71","74.08","329.18","164.59","291.48","255.11","0.0","","","","","","",""
"2016.0","6.0","10.0","162.0","0.44","0.16","0.7","0.0","6.63","0.7","4.64","0.0","0.0","0.0","0.0","42.35","74.08","329.18","164.59","286.83","255.11","0.0","","","","","","",""
"2016.0","6.0","11.0","163.0","0.44","0.15","0.7","0.0","6.93","0.7","4.85","0.0","0.0","0.0","0.0","47.2","74.08","329.18","164.59","281.98","255.11","0.0","","","","","","",""
"2016.0","6.0","12.0","164.0","0.44","0.15","0.7","0.0","7.07","0.7","4.95","0.0","0.0","0.0","0.0","52.15","74.08","329.18","164.59","277.03","255.11","0.0","","","","","","",""
"2016.0","6.0","13.0","165.0","0.44","0.15","0.7","0.0","6.74","0.7","4.72","0.0","0.0","0.0","0.0","56.87","74.08","329.18","164.59","272.32","255.11","0.0","","","","","","",""
"2016.0","6.0","14.0","166.0","0.44","0.15","0.7","0.0","6.25","0.7","4.38","0.0","0.0","0.0","0.0","61.24","74.08","329.18","164.59","267.94","255.11","0.0","","","","","","",""
"2016.0","6.0","15.0","167.0","0.44","0.15","0.7","0.0","5.13","0.7","3.59","0.0","0.0","0.0","0.0","64.83","74.08","329.18","164.59","264.35","255.11","0.0","","","","","","",""
"2016.0","6.0","16.0","168.0","0.44","0.15","0.7","0.0","5.19","0.7","3.63","0.0","0.0","0.0","0.0","68.47","74.08","329.18","164.59","260.72","255.11","0.0","","","","","","",""
"2016.0","6.0","17.0","169.0","0.44","0.15","0.7","0.0","4.72","0.7","3.3","0.0","0.0","0.0","0.0","71.77","74.08","329.18","164.59","257.41","255.11","0.0","","","","","","",""
"2016.0","6.0","18.0","170.0","0.44","0.14","0.7","0.0","6.09","0.7","4.26","0.0","0.0","0.0","0.0","0.0","74.08","329.18","164.59","329.18","255.11","76.03","","","","","","",""
"2016.0","6.0","19.0","171.0","0.44","0.14","0.7","0.0","6.77","0.7","4.74","0.0","0.0","0.0","0.0","4.74","74.08","329.18","164.59","324.45","255.11","0.0","","","","","","",""
"2016.0","6.0","20.0","172.0","0.44","0.14","0.7","0.0","7.37","0.7","5.16","0.0","0.0","0.0","0.0","9.9","74.08","329.18","164.59","319.29","255.11","0.0","","","","","","",""
"2016.0","6.0","21.0","173.0","0.44","0.14","0.7","0.0","7.68","0.7","5.38","0.0","0.0","0.0","0.0","15.27","74.08","329.18","164.59","313.91","255.11","0.0","","","","","","",""
"2016.0","6.0","22.0","174.0","0.44","0.14","0.7","0.0","7.83","0.7","5.48","0.0","0.0","0.0","0.0","20.76","74.08","329.18","164.59","308.43","255.11","0.0","","","","","","",""
"2016.0","6.0","23.0","175.0","0.44","0.14","0.7","0.0","7.67","0.7","5.37","0.0","0.0","0.0","0.0","26.12","74.08","329.18","164.59","303.06","255.11","0.0","","","","","","",""
"2016.0","6.0","24.0","176.0","0.44","0.13","0.7","0.0","7.0","0.7","4.9","0.0","0.0","0.0","0.0","31.02","74.08","329.18","164.59","298.16","255.11","0.0","","","","","","",""
"2016.0","6.0","25.0","177.0","0.44","0.13","0.7","0.0","7.78","0.7","5.45","0.0","0.0","0.0","0.0","36.47","74.08","329.18","164.59","292.71","255.11","0.0","","","","","","",""
"2016.0","6.0","26.0","178.0","0.44","0.13","0.7","0.0","7.64","0.7","5.35","0.0","0.0","0.0","0.0","41.82","74.08","329.18","164.59","287.37","255.11","0.0","","","","","","",""
"2016.0","6.0","27.0","179.0","0.44","0.13","0.7","0.0","8.07","0.7","5.65","0.0","0.0","0.0","0.0","47.47","74.08","329.18","164.59","281.72","255.11","0.0","","","","","","",""
"2016.0","6.0","28.0","180.0","0.44","0.13","0.7","0.0","8.11","0.7","5.68","0.0","0.0","0.0","0.0","53.14","74.08","329.18","164.59","276.04","255.11","0.0","","","","","","",""
"2016.0","6.0","29.0","181.0","0.44","0.13","0.7","0.0","7.53","0.7","5.27","0.0","0.0","0.0","0.0","58.42","74.08","329.18","164.59","270.77","255.11","0.0","","","","","","",""
"2016.0","6.0","30.0","182.0","0.44","0.13","0.7","0.0","7.46","0.7","5.22","0.0","0.0","0.0","0.0","63.64","74.08","329.18","164.59","265.55","255.11","0.0","","","","","","",""
"2016.0","7.0","1.0","183.0","0.44","0.13","0.7","0.0","7.37","0.7","5.16","0.0","0.0","0.0","0.0","68.8","74.08","329.18","164.59","260.39","255.11","0.0","","","","","","",""
"2016.0","7.0","2.0","184.0","0.44","0.12","0.7","0.0","7.33","0.7","5.13","0.0","0.0","0.0","0.0","73.93","74.08","329.18","164.59","255.26","255.11","0.0","","","","","","",""
"2016.0","7.0","3.0","185.0","0.44","0.12","0.7","0.0","7.61","0.7","5.33","0.0","0.0","0.0","0.0","0.0","74.08","329.18","164.59","329.18","255.11","79.25","","","","","","",""
"2016.0","7.0","4.0","186.0","0.44","0.12","0.7","0.0","7.15","0.7","5.01","0.0","0.0","0.0","0.0","5.01","74.08","329.18","164.59","324.18","255.11","0.0","","","","","","",""
"2016.0","7.0","5.0","187.0","0.44","0.12","0.7","0.0","6.39","0.7","4.47","0.0","0.0","0.0","0.0","9.48","74.08","329.18","164.59","319.71","255.11","0.0","","","","","","",""
"2016.0","7.0","6.0","188.0","0.44","0.12","0.7","0.0","6.42","0.7","4.49","0.0","0.0","0.0","0.0","13.97","74.08","329.18","164.59","315.21","255.11","0.0","","","","","","",""
"2016.0","7.0","7.0","189.0","0.44","0.12","0.7","0.0","6.46","0.7","4.52","0.0","0.0","0.0","0.0","18.49","74.08","329.18","164.59","310.69","255.11","0.0","","","","","","",""
"2016.0","7.0","8.0","190.0","0.44","0.12","0.7","0.0","7.14","0.7","5.0","0.0","0.0","0.0","0.0","23.49","74.08","329.18","164.59","305.69","255.11","0.0","","","","","","",""
"2016.0","7.0","9.0","191.0","0.44","0.12","0.7","0.0","6.6","0.7","4.62","0.0","0.0","0.0","0.0","28.11","74.08","329.18","164.59","301.07","255.11","0.0","","","","","","",""
"2016.0","7.0","10.0","192.0","0.44","0.12","0.7","0.0","6.38","0.7","4.47","0.0","0.0","0.0","0.0","32.58","74.08","329.18","164.59","296.61","255.11","0.0","","","","","","",""
"2016.0","7.0","11.0","193.0","0.44","0.12","0.7","0.0","7.2","0.7","5.04","0.0","0.0","0.0","0.0","37.62","74.08","329.18","164.59","291.57","255.11","0.0","","","","","","",""
"2016.0","7.0","12.0","194.0","0.44","0.12","0.7","0.0","6.95","0.7","4.87","0.0","0.0","0.0","0.0","42.48","74.08","329.18","164.59","286.7","255.11","0.0","","","","","","",""
"2016.0","7.0","13.0","195.0","0.44","0.11","0.7","0.0","7.33","0.7","5.13","0.0","0.0","0.0","0.0","47.61","74.08","329.18","164.59","281.57","255.11","0.0","","","","","","",""
"2016.0","7.0","14.0","196.0","0.44","0.11","0.7","0.0","7.52","0.7","5.26","0.0","0.0","0.0","0.0","52.88","74.08","329.18","164.59","276.31","255.11","0.0","","","","","","",""
"2016.0","7.0","15.0","197.0","0.44","0.11","0.7","0.0","7.52","0.7","5.26","0.0","0.0","0.0","0.0","58.14","74.08","329.18","164.59","271.04","255.11","0.0","","","","","","",""
"2016.0","7.0","16.0","198.0","0.44","0.11","0.7","0.0","7.13","0.7","4.99","0.0","0.0","0.0","0.0","63.13","74.08","329.18","164.59","266.05","255.11","0.0","","","","","","",""
"2016.0","7.0","17.0","199.0","0.44","0.11","0.7","0.0","6.87","0.7","4.81","0.0","0.0","0.0","0.0","67.94","74.08","329.18","164.59","261.24","255.11","0.0","","","","","","",""
"2016.0","7.0","18.0","200.0","0.44","0.11","0.7","0.0","6.47","0.7","4.53","0.0","0.0","0.0","0.0","72.47","74.08","329.18","164.59","256.71","255.11","0.0","","","","","","",""
"2016.0","7.0","19.0","201.0","0.44","0.11","0.7","0.0","6.64","0.7","4.65","0.0","0.0","0.0","0.0","0.0","74.08","329.18","164.59","329.18","255.11","77.12","","","","","","",""
"2016.0","7.0","20.0","202.0","0.44","0.11","0.7","0.0","6.94","0.7","4.86","0.0","0.0","0.0","0.0","4.86","74.08","329.18","164.59","324.33","255.11","0.0","","","","","","",""
"2016.0","7.0","21.0","203.0","0.44","0.11","0.7","0.0","7.4","0.7","5.18","0.0","0.0","0.0","0.0","10.04","74.08","329.18","164.59","319.15","255.11","0.0","","","","","","",""
"2016.0","7.0","22.0","204.0","0.44","0.11","0.7","0.0","7.0","0.7","4.9","0.0","0.0","0.0","0.0","14.94","74.08","329.18","164.59","314.25","255.11","0.0","","","","","","",""
"2016.0","7.0","23.0","205.0","0.44","0.11","0.7","0.0","7.65","0.7","5.36","0.0","0.0","0.0","0.0","20.29","74.08","329.18","164.59","308.89","255.11","0.0","","","","","","",""
"2016.0","7.0","24.0","206.0","0.44","0.11","0.7","0.0","7.51","0.7","5.26","0.0","0.0","0.0","0.0","25.55","74.08","329.18","164.59","303.63","255.11","0.0","","","","","","",""
"2016.0","7.0","25.0","207.0","0.44","0.11","0.7","0.0","7.4","0.7","5.18","0.0","0.0","0.0","0.0","30.73","74.08","329.18","164.59","298.45","255.11","0.0","","","","","","",""
"2016.0","7.0","26.0","208.0","0.44","0.1","0.7","0.0","7.34","0.7","5.14","0.0","0.0","0.0","0.0","35.87","74.08","329.18","164.59","293.32","255.11","0.0","","","","","","",""
"2016.0","7.0","27.0","209.0","0.44","0.1","0.7","0.0","7.92","0.7","5.54","0.0","0.0","0.0","0.0","41.41","74.08","329.18","164.59","287.77","255.11","0.0","","","","","","",""
"2016.0","7.0","28.0","210.0","0.44","0.1","0.7","0.0","7.83","0.7","5.48","0.0","0.0","0.0","0.0","46.89","74.08","329.18","164.59","282.29","255.11","0.0","","","","","","",""
"2016.0","7.0","29.0","211.0","0.44","0.1","0.7","0.0","7.76","0.7","5.43","0.0","0.0","0.0","0.0","52.33","74.08","329.18","164.59","276.86","255.11","0.0","","","","","","",""
"2016.0","7.0","30.0","212.0","0.44","0.1","0.7","0.0","8.21","0.7","5.75","0.0","0.0","0.0","0.0","58.07","74.08","329.18","164.59","271.11","255.11","0.0","","","","","","",""
"2016.0","7.0","31.0","213.0","0.44","0.1","0.7","0.0","7.36","0.7","5.15","0.0","0.0","0.0","0.0","63.22","74.08","329.18","164.59","265.96","255.11","0.0","","","","","","",""
"2016.0","8.0","1.0","214.0","0.44","0.1","0.7","0.0","6.93","0.7","4.85","0.0","0.0","0.0","0.0","68.08","74.08","329.18","164.59","261.11","255.11","0.0","","","","","","",""
"2016.0","8.0","2.0","215.0","0.44","0.1","0.7","0.0","6.64","0.7","4.65","0.0","0.0","0.0","0.0","72.72","74.08","329.18","164.59","256.46","255.11","0.0","","","","","","",""
"2016.0","8.0","3.0","216.0","0.44","0.1","0.7","0.0","7.25","0.7","5.08","0.0","0.0","0.0","0.0","0.0","74.08","329.18","164.59","329.18","255.11","77.8","","","","","","",""
"2016.0","8.0","4.0","217.0","0.44","0.1","0.7","0.0","6.33","0.7","4.43","0.0","0.0","0.0","0.0","4.43","74.08","329.18","164.59","324.75","255.11","0.0","","","","","","",""
"2016.0","8.0","5.0","218.0","0.44","0.1","0.7","0.0","5.76","0.7","4.03","0.0","0.0","0.0","0.0","8.46","74.08","329.18","164.59","320.72","255.11","0.0","","","","","","",""
"2016.0","8.0","6.0","219.0","0.44","0.1","0.7","0.0","6.15","0.7","4.31","0.0","0.0","0.0","0.0","12.77","74.08","329.18","164.59","316.42","255.11","0.0","","","","","","",""
"2016.0","8.0","7.0","220.0","0.44","0.1","0.7","0.0","6.08","0.7","4.26","0.0","0.0","0.0","0.0","17.02","74.08","329.18","164.59","312.16","255.11","0.0","","","","","","",""
"2016.0","8.0","8.0","221.0","0.44","0.1","0.7","0.0","6.56","0.7","4.59","0.0","0.0","0.0","0.0","21.62","74.08","329.18","164.59","307.57","255.11","0.0","","","","","","",""
"2016.0","8.0","9.0","222.0","0.44","0.1","0.7","0.0","6.27","0.7","4.39","0.0","0.0","0.0","0.0","26.01","74.08","329.18","164.59","303.18","255.11","0.0","","","","","","",""
"2016.0","8.0","10.0","223.0","0.44","0.1","0.7","0.0","6.41","0.7","4.49","0.0","0.0","0.0","0.0","30.49","74.08","329.18","164.59","298.69","255.11","0.0","","","","","","",""
"2016.0","8.0","11.0","224.0","0.44","0.1","0.7","0.0","6.57","0.7","4.6","0.0","0.0","0.0","0.0","35.09","74.08","329.18","164.59","294.09","255.11","0.0","","","","","","",""
"2016.0","8.0","12.0","225.0","0.44","0.1","0.7","0.0","6.77","0.7","4.74","0.0","0.0","0.0","0.0","39.83","74.08","329.18","164.59","289.35","255.11","0.0","","","","","","",""
"2016.0","8.0","13.0","226.0","0.44","0.1","0.7","0.0","7.07","0.7","4.95","0.0","0.0","0.0","0.0","44.78","74.08","329.18","164.59","284.41","255.11","0.0","","","","","","",""
"2016.0","8.0","14.0","227.0","0.44","0.09","0.7","0.0","7.33","0.7","5.13","0.0","0.0","0.0","0.0","49.91","74.08","329.18","164.59","279.27","255.11","0.0","","","","","","",""
"2016.0","8.0","15.0","228.0","0.44","0.09","0.7","0.0","6.72","0.7","4.7","0.0","0.0","0.0","0.0","54.61","74.08","329.18","164.59","274.57","255.11","0.0","","","","","","",""
"2016.0","8.0","16.0","229.0","0.44","0.09","0.7","0.0","6.78","0.7","4.75","0.0","0.0","0.0","0.0","59.36","74.08","329.18","164.59","269.82","255.11","0.0","","","","","","",""
"2016.0","8.0","17.0","230.0","0.44","0.09","0.7","0.0","6.66","0.7","4.66","0.0","0.0","0.0","0.0","64.02","74.08","329.18","164.59","265.16","255.11","0.0","","","","","","",""
"2016.0","8.0","18.0","231.0","0.44","0.09","0.7","0.0","6.59","0.7","4.61","0.0","0.0","0.0","0.0","68.64","74.08","329.18","164.59","260.55","255.11","0.0","","","","","","",""
"2016.0","8.0","19.0","232.0","0.44","0.09","0.7","0.0","6.54","0.7","4.58","0.0","0.0","0.0","0.0","73.21","74.08","329.18","164.59","255.97","255.11","0.0","","","","","","",""
"2016.0","8.0","20.0","233.0","0.44","0.09","0.7","0.0","6.45","0.7","4.52","0.0","0.0","0.0","0.0","0.0","74.08","329.18","164.59","329.18","255.11","77.73","","","","","","",""
"2016.0","8.0","21.0","234.0","0.44","0.09","0.7","0.0","6.45","0.7","4.52","0.0","0.0","0.0","0.0","4.52","74.08","329.18","164.59","324.67","255.11","0.0","","","","","","",""
"2016.0","8.0","22.0","235.0","0.44","0.09","0.7","0.0","6.25","0.7","4.38","0.0","0.0","0.0","0.0","8.89","74.08","329.18","164.59","320.29","255.11","0.0","","","","","","",""
"2016.0","8.0","23.0","236.0","0.44","0.09","0.7","0.0","6.05","0.7","4.24","0.0","0.0","0.0","0.0","13.13","74.08","329.18","164.59","316.06","255.11","0.0","","","","","","",""
"2016.0","8.0","24.0","237.0","0.44","0.09","0.7","0.0","6.01","0.7","4.21","0.0","0.0","0.0","0.0","17.33","74.08","329.18","164.59","311.85","255.11","0.0","","","","","","",""
"2016.0","8.0","25.0","238.0","0.44","0.09","0.7","0.0","5.95","0.7","4.17","0.0","0.0","0.0","0.0","21.5","74.08","329.18","164.59","307.69","255.11","0.0","","","","","","",""
"2016.0","8.0","26.0","239.0","0.44","0.09","0.7","0.0","5.58","0.7","3.91","0.0","0.0","0.0","0.0","25.4","74.08","329.18","164.59","303.78","255.11","0.0","","","","","","",""
"2016.0","8.0","27.0","240.0","0.44","0.09","0.7","0.0","5.4","0.7","3.78","0.0","0.0","0.0","0.0","29.18","74.08","329.18","164.59","300.0","255.11","0.0","","","","","","",""
"2016.0","8.0","28.0","241.0","0.44","0.09","0.7","0.0","5.72","0.7","4.0","0.0","0.0","0.0","0.0","33.19","74.08","329.18","164.59","296.0","255.11","0.0","","","","","","",""
"2016.0","8.0","29.0","242.0","0.44","0.09","0.7","0.0","5.81","0.7","4.07","0.0","0.0","0.0","0.0","37.25","74.08","329.18","164.59","291.93","255.11","0.0","","","","","","",""
"2016.0","8.0","30.0","243.0","0.44","0.09","0.7","0.0","6.2","0.7","4.34","0.0","0.0","0.0","0.0","41.59","74.08","329.18","164.59","287.59","255.11","0.0","","","","","","",""
"2016.0","8.0","31.0","244.0","0.44","0.09","0.7","0.0","6.02","0.7","4.21","0.0","0.0","0.0","0.0","45.81","74.08","329.18","164.59","283.38","255.11","0.0","","","","","","",""
"2016.0","9.0","1.0","245.0","0.44","0.09","0.7","0.0","5.18","0.7","3.63","0.0","0.0","0.0","0.0","49.43","74.08","329.18","164.59","279.75","255.11","0.0","","","","","","",""
"2016.0","9.0","2.0","246.0","0.44","0.09","0.7","0.0","5.31","0.7","3.72","0.0","0.0","0.0","0.0","53.15","74.08","329.18","164.59","276.03","255.11","0.0","","","","","","",""
"2016.0","9.0","3.0","247.0","0.44","0.09","0.7","0.0","5.36","0.7","3.75","0.0","0.0","0.0","0.0","56.9","74.08","329.18","164.59","272.28","255.11","0.0","","","","","","",""
"2016.0","9.0","4.0","248.0","0.44","0.09","0.7","0.0","4.62","0.7","3.23","0.0","0.0","0.0","0.0","60.14","74.08","329.18","164.59","269.05","255.11","0.0","","","","","","",""
"2016.0","9.0","5.0","249.0","0.44","0.09","0.7","0.0","5.36","0.7","3.75","0.0","0.0","0.0","0.0","63.89","74.08","329.18","164.59","265.3","255.11","0.0","","","","","","",""
"2016.0","9.0","6.0","250.0","0.44","0.09","0.7","0.0","5.11","0.7","3.58","0.0","0.0","0.0","0.0","67.47","74.08","329.18","164.59","261.72","255.11","0.0","","","","","","",""
"2016.0","9.0","7.0","251.0","0.44","0.09","0.7","0.0","5.76","0.7","4.03","0.0","0.0","0.0","0.0","71.5","74.08","329.18","164.59","257.69","255.11","0.0","","","","","","",""
"2016.0","9.0","8.0","252.0","0.44","0.09","0.7","0.0","5.97","0.7","4.18","0.0","0.0","0.0","0.0","0.0","74.08","329.18","164.59","329.18","255.11","75.68","","","","","","",""
"2016.0","9.0","9.0","253.0","0.44","0.09","0.7","0.0","5.42","0.7","3.79","0.0","0.0","0.0","0.0","3.79","74.08","329.18","164.59","325.39","255.11","0.0","","","","","","",""
"2016.0","9.0","10.0","254.0","0.44","0.09","0.7","0.0","5.51","0.7","3.86","0.0","0.0","0.0","0.0","7.65","74.08","329.18","164.59","321.53","255.11","0.0","","","","","","",""
"2016.0","9.0","11.0","255.0","0.44","0.09","0.7","0.0","5.02","0.7","3.51","0.0","0.0","0.0","0.0","11.17","74.08","329.18","164.59","318.02","255.11","0.0","","","","","","",""
"2016.0","9.0","12.0","256.0","0.44","0.09","0.7","0.0","4.43","0.7","3.1","0.0","0.0","0.0","0.0","14.27","74.08","329.18","164.59","314.92","255.11","0.0","","","","","","",""
"2016.0","9.0","13.0","257.0","0.44","0.09","0.7","0.0","3.89","0.7","2.72","0.0","0.0","0.0","0.0","16.99","74.08","329.18","164.59","312.2","255.11","0.0","","","","","","",""
"2016.0","9.0","14.0","258.0","0.44","0.09","0.7","0.0","4.24","0.7","2.97","0.0","0.0","0.0","0.0","19.96","74.08","329.18","164.59","309.23","255.11","0.0","","","","","","",""
"2016.0","9.0","15.0","259.0","0.44","0.08","0.7","0.0","4.62","0.7","3.23","0.0","0.0","0.0","0.0","23.19","74.08","329.18","164.59","305.99","255.11","0.0","","","","","","",""
"2016.0","9.0","16.0","260.0","0.44","0.08","0.7","0.0","4.84","0.7","3.39","0.0","0.0","0.0","0.0","26.58","74.08","329.18","164.59","302.61","255.11","0.0","","","","","","",""
"2016.0","9.0","17.0","261.0","0.44","0.08","0.7","0.0","4.94","0.7","3.46","0.0","0.0","0.0","0.0","30.04","74.08","329.18","164.59","299.15","255.11","0.0","","","","","","",""
"2016.0","9.0","18.0","262.0","0.44","0.08","0.7","0.0","4.75","0.7","3.33","0.0","0.0","0.0","0.0","33.36","74.08","329.18","164.59","295.82","255.11","0.0","","","","","","",""
"2016.0","9.0","19.0","263.0","0.44","0.08","0.7","0.0","5.35","0.7","3.75","0.0","0.0","0.0","0.0","37.11","74.08","329.18","164.59","292.08","255.11","0.0","","","","","","",""
"2016.0","9.0","20.0","264.0","0.44","0.08","0.7","0.0","6.16","0.7","4.31","0.0","0.0","0.0","0.0","41.42","74.08","329.18","164.59","287.77","255.11","0.0","","","","","","",""
"2016.0","9.0","21.0","265.0","0.44","0.08","0.7","0.0","5.64","0.7","3.95","0.0","0.0","0.0","0.0","45.37","74.08","329.18","164.59","283.82","255.11","0.0","","","","","","",""
"2016.0","9.0","22.0","266.0","0.44","0.08","0.7","0.0","4.31","0.7","3.02","0.0","0.0","0.0","0.0","48.38","74.08","329.18","164.59","280.8","255.11","0.0","","","","","","",""
"2016.0","9.0","23.0","267.0","0.44","0.08","0.7","0.0","4.58","0.7","3.21","0.0","0.0","0.0","0.0","51.59","74.08","329.18","164.59","277.59","255.11","0.0","","","","","","",""
"2016.0","9.0","24.0","268.0","0.44","0.08","0.7","0.0","4.82","0.7","3.37","0.0","0.0","0.0","0.0","54.96","74.08","329.18","164.59","274.22","255.11","0.0","","","","","","",""
"2016.0","9.0","25.0","269.0","0.44","0.08","0.7","0.0","4.47","0.7","3.13","0.0","0.0","0.0","0.0","58.09","74.08","329.18","164.59","271.09","255.11","0.0","","","","","","",""
"2016.0","9.0","26.0","270.0","0.44","0.08","0.7","0.0","4.57","0.7","3.2","0.0","0.0","0.0","0.0","61.29","74.08","329.18","164.59","267.89","255.11","0.0","","","","","","",""
"2016.0","9.0","27.0","271.0","0.44","0.08","0.7","0.0","4.73","0.7","3.31","0.0","0.0","0.0","0.0","64.6","74.08","329.18","164.59","264.58","255.11","0.0","","","","","","",""
"2016.0","9.0","28.0","272.0","0.44","0.08","0.7","0.0","4.93","0.7","3.45","0.0","0.0","0.0","0.0","68.05","74.08","329.18","164.59","261.13","255.11","0.0","","","","","","",""
"2016.0","9.0","29.0","273.0","0.44","0.08","0.7","0.0","4.89","0.7","3.42","0.0","0.0","0.0","0.0","71.48","74.08","329.18","164.59","257.71","255.11","0.0","","","","","","",""
"2016.0","9.0","30.0","274.0","0.44","0.08","0.7","0.0","3.76","0.7","2.63","0.31","0.31","0.0","0.0","73.8","74.08","329.18","164.59","255.39","255.11","0.0","","","","","","",""
