" Daily soil water balance output for Other Deciduous in 185_Contra Costa DAU_Co within 06_San Joaquin River for WY 2016","","","","","","","","","","","","","","","","","","","","","","","Monthly output for Other Deciduous in 185_Contra Costa DAU_Co within 06_San Joaquin River for WY 2016","","","","",""
"Year","Mon","Day","DOY"," Area","OKc","IKc","CCKc","ETo","Kc","ETc","Pcp","Er","Spg","Espg","SWD","SWDx","FC","PWP","SWC"," YT ","NA","","Year","Mon"," Area","ETo","ETc","ETc"
" #  "," # "," # ","  #","Acres","   ","   ","    "," mm","mm"," mm"," mm","mm"," mm"," mm "," mm"," mm ","mm"," mm"," mm"," mm"," mm","","#  "," # "," Acres"," mm"," mm","acre-ft"
"2015.0","10.0","1.0","274.0","464.36","0.09","1.0","0.0","3.46","1.0","3.46","1.26","1.26","0.0","0.0","103.07","116.59","466.34","233.17","363.27","349.76","0.0","","2015.0","10.0","464.36","105.45","95.79","145.935185039"
"2015.0","10.0","2.0","275.0","464.36","0.09","0.99","0.0","4.31","0.99","4.28","0.01","0.01","0.0","0.0","107.34","116.59","466.34","233.17","359.01","349.76","0.0","","2015.0","11.0","464.36","47.37","48.6","74.0416535433"
"2015.0","10.0","3.0","276.0","464.36","0.09","0.99","0.0","4.3","0.99","4.24","0.0","0.0","0.0","0.0","111.58","116.59","466.34","233.17","354.76","349.76","0.0","","2015.0","12.0","464.36","32.3","36.69","55.8968779528"
"2015.0","10.0","4.0","277.0","464.36","0.08","0.98","0.0","3.53","0.98","3.46","0.23","0.23","0.0","0.0","114.81","116.59","466.34","233.17","351.53","349.76","0.0","","2016.0","1.0","464.36","33.38","38.92","59.2942624672"
"2015.0","10.0","5.0","278.0","464.36","0.08","0.97","0.0","3.35","0.97","3.26","0.0","0.0","0.0","0.0","0.0","116.59","466.34","233.17","466.34","349.76","118.07","","2016.0","2.0","464.36","59.73","46.02","70.1110472441"
"2015.0","10.0","6.0","279.0","464.36","0.08","0.97","0.0","3.36","0.97","3.25","0.0","0.0","0.0","0.0","3.25","116.59","466.34","233.17","463.09","349.76","0.0","","2016.0","3.0","464.36","81.77","55.41","84.4166259843"
"2015.0","10.0","7.0","280.0","464.36","0.08","0.96","0.0","3.38","0.96","3.25","0.0","0.0","0.0","0.0","6.5","116.59","466.34","233.17","459.85","349.76","0.0","","2016.0","4.0","464.36","127.51","72.64","110.666372703"
"2015.0","10.0","8.0","281.0","464.36","0.08","0.95","0.0","3.48","0.95","3.32","0.0","0.0","0.0","0.0","9.82","116.59","466.34","233.17","456.53","349.76","0.0","","2016.0","5.0","464.36","157.74","121.98","185.835409449"
"2015.0","10.0","9.0","282.0","464.36","0.08","0.95","0.0","4.25","0.95","4.03","0.0","0.0","0.0","0.0","13.85","116.59","466.34","233.17","452.5","349.76","0.0","","2016.0","6.0","464.36","200.31","188.85","287.711240157"
"2015.0","10.0","10.0","283.0","464.36","0.08","0.94","0.0","4.01","0.94","3.78","0.0","0.0","0.0","0.0","17.62","116.59","466.34","233.17","448.72","349.76","0.0","","2016.0","7.0","464.36","209.1","223.09","339.875565617"
"2015.0","10.0","11.0","284.0","464.36","0.08","0.94","0.0","3.66","0.94","3.42","0.0","0.0","0.0","0.0","21.04","116.59","466.34","233.17","445.3","349.76","0.0","","2016.0","8.0","464.36","184.75","197.68","301.163664042"
"2015.0","10.0","12.0","285.0","464.36","0.08","0.93","0.0","3.68","0.93","3.42","0.0","0.0","0.0","0.0","24.46","116.59","466.34","233.17","441.88","349.76","0.0","","2016.0","9.0","464.36","138.71","146.84","223.709391076"
"2015.0","10.0","13.0","286.0","464.36","0.08","0.92","0.0","4.1","0.92","3.78","0.0","0.0","0.0","0.0","28.24","116.59","466.34","233.17","438.1","349.76","0.0","","","","","","",""
"2015.0","10.0","14.0","287.0","464.36","0.08","0.92","0.0","4.19","0.92","3.84","0.0","0.0","0.0","0.0","32.08","116.59","466.34","233.17","434.27","349.76","0.0","","","","","","",""
"2015.0","10.0","15.0","288.0","464.36","0.08","0.91","0.0","3.65","0.91","3.32","0.0","0.0","0.0","0.0","35.4","116.59","466.34","233.17","430.95","349.76","0.0","","","","","","",""
"2015.0","10.0","16.0","289.0","464.36","0.08","0.9","0.0","3.77","0.9","3.4","0.0","0.0","0.0","0.0","38.8","116.59","466.34","233.17","427.54","349.76","0.0","","","","","","",""
"2015.0","10.0","17.0","290.0","464.36","0.08","0.9","0.0","3.05","0.9","2.73","0.14","0.14","0.0","0.0","41.39","116.59","466.34","233.17","424.95","349.76","0.0","","","","","","",""
"2015.0","10.0","18.0","291.0","464.36","0.08","0.89","0.0","2.6","0.89","2.31","0.0","0.0","0.0","0.0","43.71","116.59","466.34","233.17","422.64","349.76","0.0","","","","","","",""
"2015.0","10.0","19.0","292.0","464.36","0.08","0.88","0.0","2.7","0.88","2.39","0.0","0.0","0.0","0.0","46.09","116.59","466.34","233.17","420.25","349.76","0.0","","","","","","",""
"2015.0","10.0","20.0","293.0","464.36","0.08","0.88","0.0","4.17","0.88","3.66","0.0","0.0","0.0","0.0","49.75","116.59","466.34","233.17","416.59","349.76","0.0","","","","","","",""
"2015.0","10.0","21.0","294.0","464.36","0.08","0.87","0.0","3.41","0.87","2.97","0.0","0.0","0.0","0.0","52.72","116.59","466.34","233.17","413.62","349.76","0.0","","","","","","",""
"2015.0","10.0","22.0","295.0","464.36","0.08","0.86","0.0","2.98","0.86","2.58","0.0","0.0","0.0","0.0","55.3","116.59","466.34","233.17","411.05","349.76","0.0","","","","","","",""
"2015.0","10.0","23.0","296.0","464.36","0.08","0.86","0.0","2.63","0.86","2.26","0.0","0.0","0.0","0.0","57.55","116.59","466.34","233.17","408.79","349.76","0.0","","","","","","",""
"2015.0","10.0","24.0","297.0","464.36","0.08","0.85","0.0","2.48","0.85","2.11","0.0","0.0","0.0","0.0","59.66","116.59","466.34","233.17","406.68","349.76","0.0","","","","","","",""
"2015.0","10.0","25.0","298.0","464.36","0.08","0.85","0.0","3.16","0.85","2.67","0.0","0.0","0.0","0.0","62.33","116.59","466.34","233.17","404.01","349.76","0.0","","","","","","",""
"2015.0","10.0","26.0","299.0","464.36","0.08","0.84","0.0","2.48","0.84","2.08","0.0","0.0","0.0","0.0","64.41","116.59","466.34","233.17","401.93","349.76","0.0","","","","","","",""
"2015.0","10.0","27.0","300.0","464.36","0.08","0.83","0.0","2.07","0.83","1.72","0.0","0.0","0.0","0.0","66.14","116.59","466.34","233.17","400.21","349.76","0.0","","","","","","",""
"2015.0","10.0","28.0","301.0","464.36","0.08","0.83","0.0","2.25","0.83","1.86","0.0","0.0","0.0","0.0","67.99","116.59","466.34","233.17","398.35","349.76","0.0","","","","","","",""
"2015.0","10.0","29.0","302.0","464.36","0.08","0.82","0.0","4.26","0.82","3.49","0.0","0.0","0.0","0.0","71.49","116.59","466.34","233.17","394.86","349.76","0.0","","","","","","",""
"2015.0","10.0","30.0","303.0","464.36","0.08","0.81","0.0","3.56","0.81","2.89","0.0","0.0","0.0","0.0","74.38","116.59","466.34","233.17","391.97","349.76","0.0","","","","","","",""
"2015.0","10.0","31.0","304.0","464.36","0.08","0.81","0.0","3.17","0.81","2.56","0.0","0.0","0.0","0.0","76.94","116.59","466.34","233.17","389.41","349.76","0.0","","","","","","",""
"2015.0","11.0","1.0","305.0","464.36","0.08","0.8","0.0","2.2","0.8","1.76","1.35","1.35","0.0","0.0","77.35","116.59","466.34","233.17","389.0","349.76","0.0","","","","","","",""
"2015.0","11.0","2.0","306.0","464.36","1.17","0.0","0.0","1.25","1.17","1.46","16.49","16.49","0.0","0.0","22.95","22.95","466.34","233.17","443.39","443.39","0.0","","","","","","",""
"2015.0","11.0","3.0","307.0","464.36","1.13","0.0","0.0","2.17","1.13","2.46","8.53","8.53","0.0","0.0","16.88","22.95","466.34","233.17","449.46","443.39","0.0","","","","","","",""
"2015.0","11.0","4.0","308.0","464.36","1.12","0.0","0.0","3.04","1.12","3.39","0.0","0.0","0.0","0.0","20.27","22.95","466.34","233.17","446.07","443.39","0.0","","","","","","",""
"2015.0","11.0","5.0","309.0","464.36","1.05","0.0","0.0","1.71","1.05","1.79","0.0","0.0","0.0","0.0","22.07","22.95","466.34","233.17","444.28","443.39","0.0","","","","","","",""
"2015.0","11.0","6.0","310.0","464.36","0.93","0.0","0.0","1.89","0.93","1.76","0.0","0.0","0.0","0.0","23.83","22.95","466.34","233.17","442.52","443.39","0.0","","","","","","",""
"2015.0","11.0","7.0","311.0","464.36","0.86","0.0","0.0","1.65","0.86","1.41","0.0","0.0","0.0","0.0","22.95","22.95","466.34","233.17","443.39","443.39","0.0","","","","","","",""
"2015.0","11.0","8.0","312.0","464.36","0.81","0.0","0.0","1.2","0.81","0.98","0.07","0.07","0.0","0.0","23.86","22.95","466.34","233.17","442.49","443.39","0.0","","","","","","",""
"2015.0","11.0","9.0","313.0","464.36","1.18","0.0","0.0","1.07","1.18","1.26","5.39","5.39","0.0","0.0","18.47","22.95","466.34","233.17","447.88","443.39","0.0","","","","","","",""
"2015.0","11.0","10.0","314.0","464.36","1.17","0.0","0.0","1.27","1.17","1.48","5.21","5.21","0.0","0.0","14.74","22.95","466.34","233.17","451.6","443.39","0.0","","","","","","",""
"2015.0","11.0","11.0","315.0","464.36","1.17","0.0","0.0","1.22","1.17","1.43","0.0","0.0","0.0","0.0","16.17","22.95","466.34","233.17","450.17","443.39","0.0","","","","","","",""
"2015.0","11.0","12.0","316.0","464.36","1.17","0.0","0.0","1.4","1.17","1.64","0.0","0.0","0.0","0.0","17.8","22.95","466.34","233.17","448.54","443.39","0.0","","","","","","",""
"2015.0","11.0","13.0","317.0","464.36","1.17","0.0","0.0","1.35","1.17","1.58","0.0","0.0","0.0","0.0","19.38","22.95","466.34","233.17","446.96","443.39","0.0","","","","","","",""
"2015.0","11.0","14.0","318.0","464.36","1.1","0.0","0.0","1.34","1.1","1.47","0.0","0.0","0.0","0.0","20.85","22.95","466.34","233.17","445.5","443.39","0.0","","","","","","",""
"2015.0","11.0","15.0","319.0","464.36","1.14","0.0","0.0","1.9","1.14","2.17","1.97","1.97","0.0","0.0","21.05","22.95","466.34","233.17","445.29","443.39","0.0","","","","","","",""
"2015.0","11.0","16.0","320.0","464.36","1.13","0.0","0.0","2.71","1.13","3.06","1.44","1.44","0.0","0.0","22.67","22.95","466.34","233.17","443.68","443.39","0.0","","","","","","",""
"2015.0","11.0","17.0","321.0","464.36","1.13","0.0","0.0","1.45","1.13","1.63","0.0","0.0","0.0","0.0","24.3","22.95","466.34","233.17","442.04","443.39","0.0","","","","","","",""
"2015.0","11.0","18.0","322.0","464.36","1.03","0.0","0.0","1.31","1.03","1.34","0.0","0.0","0.0","0.0","22.95","22.95","466.34","233.17","443.39","443.39","0.0","","","","","","",""
"2015.0","11.0","19.0","323.0","464.36","0.95","0.0","0.0","1.33","0.95","1.26","0.0","0.0","0.0","0.0","24.21","22.95","466.34","233.17","442.14","443.39","0.0","","","","","","",""
"2015.0","11.0","20.0","324.0","464.36","0.87","0.0","0.0","1.59","0.87","1.38","0.0","0.0","0.0","0.0","22.95","22.95","466.34","233.17","443.39","443.39","0.0","","","","","","",""
"2015.0","11.0","21.0","325.0","464.36","0.81","0.0","0.0","1.47","0.81","1.2","0.0","0.0","0.0","0.0","24.15","22.95","466.34","233.17","442.2","443.39","0.0","","","","","","",""
"2015.0","11.0","22.0","326.0","464.36","0.77","0.0","0.0","1.3","0.77","1.01","0.0","0.0","0.0","0.0","22.95","22.95","466.34","233.17","443.39","443.39","0.0","","","","","","",""
"2015.0","11.0","23.0","327.0","464.36","0.74","0.0","0.0","1.35","0.74","0.99","0.0","0.0","0.0","0.0","23.94","22.95","466.34","233.17","442.4","443.39","0.0","","","","","","",""
"2015.0","11.0","24.0","328.0","464.36","0.7","0.0","0.0","1.38","0.7","0.97","0.0","0.0","0.0","0.0","22.95","22.95","466.34","233.17","443.39","443.39","0.0","","","","","","",""
"2015.0","11.0","25.0","329.0","464.36","1.18","0.0","0.0","1.06","1.18","1.25","2.37","2.37","0.0","0.0","21.83","22.95","466.34","233.17","444.52","443.39","0.0","","","","","","",""
"2015.0","11.0","26.0","330.0","464.36","1.17","0.0","0.0","1.6","1.17","1.87","0.0","0.0","0.0","0.0","23.7","22.95","466.34","233.17","442.65","443.39","0.0","","","","","","",""
"2015.0","11.0","27.0","331.0","464.36","1.16","0.0","0.0","2.18","1.16","2.52","0.0","0.0","0.0","0.0","22.95","22.95","466.34","233.17","443.39","443.39","0.0","","","","","","",""
"2015.0","11.0","28.0","332.0","464.36","1.1","0.0","0.0","1.62","1.1","1.78","0.0","0.0","0.0","0.0","24.73","22.95","466.34","233.17","441.61","443.39","0.0","","","","","","",""
"2015.0","11.0","29.0","333.0","464.36","1.0","0.0","0.0","1.36","1.0","1.36","0.0","0.0","0.0","0.0","22.95","22.95","466.34","233.17","443.39","443.39","0.0","","","","","","",""
"2015.0","11.0","30.0","334.0","464.36","0.94","0.0","0.0","1.0","0.94","0.94","0.0","0.0","0.0","0.0","23.89","22.95","466.34","233.17","442.45","443.39","0.0","","","","","","",""
"2015.0","12.0","1.0","335.0","464.36","0.88","0.0","0.0","1.24","0.88","1.1","0.0","0.0","0.0","0.0","22.95","22.95","466.34","233.17","443.39","443.39","0.0","","","","","","",""
"2015.0","12.0","2.0","336.0","464.36","0.84","0.0","0.0","1.15","0.84","0.96","0.0","0.0","0.0","0.0","23.91","22.95","466.34","233.17","442.43","443.39","0.0","","","","","","",""
"2015.0","12.0","3.0","337.0","464.36","0.8","0.0","0.0","1.15","0.8","0.92","0.0","0.0","0.0","0.0","22.95","22.95","466.34","233.17","443.39","443.39","0.0","","","","","","",""
"2015.0","12.0","4.0","338.0","464.36","1.18","0.0","0.0","1.0","1.18","1.18","4.0","4.0","0.0","0.0","20.13","22.95","466.34","233.17","446.21","443.39","0.0","","","","","","",""
"2015.0","12.0","5.0","339.0","464.36","1.19","0.0","0.0","0.73","1.19","0.87","0.0","0.0","0.0","0.0","21.0","22.95","466.34","233.17","445.35","443.39","0.0","","","","","","",""
"2015.0","12.0","6.0","340.0","464.36","1.18","0.0","0.0","1.23","1.18","1.45","0.0","0.0","0.0","0.0","22.45","22.95","466.34","233.17","443.9","443.39","0.0","","","","","","",""
"2015.0","12.0","7.0","341.0","464.36","1.18","0.0","0.0","0.92","1.18","1.09","0.0","0.0","0.0","0.0","23.53","22.95","466.34","233.17","442.81","443.39","0.0","","","","","","",""
"2015.0","12.0","8.0","342.0","464.36","1.18","0.0","0.0","0.6","1.18","0.71","0.0","0.0","0.0","0.0","22.95","22.95","466.34","233.17","443.39","443.39","0.0","","","","","","",""
"2015.0","12.0","9.0","343.0","464.36","1.18","0.0","0.0","0.99","1.18","1.17","0.0","0.0","0.0","0.0","24.12","22.95","466.34","233.17","442.22","443.39","0.0","","","","","","",""
"2015.0","12.0","10.0","344.0","464.36","1.17","0.0","0.0","1.27","1.17","1.48","1.51","1.51","0.0","0.0","22.61","22.95","466.34","233.17","443.73","443.39","0.0","","","","","","",""
"2015.0","12.0","11.0","345.0","464.36","1.18","0.0","0.0","1.12","1.18","1.32","8.07","8.07","0.0","0.0","15.86","22.95","466.34","233.17","450.49","443.39","0.0","","","","","","",""
"2015.0","12.0","12.0","346.0","464.36","1.18","0.0","0.0","0.89","1.18","1.05","0.18","0.18","0.0","0.0","16.73","22.95","466.34","233.17","449.62","443.39","0.0","","","","","","",""
"2015.0","12.0","13.0","347.0","464.36","1.18","0.0","0.0","1.34","1.18","1.57","0.0","0.0","0.0","0.0","18.3","22.95","466.34","233.17","448.04","443.39","0.0","","","","","","",""
"2015.0","12.0","14.0","348.0","464.36","1.15","0.0","0.0","1.64","1.15","1.89","10.97","10.97","0.0","0.0","9.23","22.95","466.34","233.17","457.12","443.39","0.0","","","","","","",""
"2015.0","12.0","15.0","349.0","464.36","1.15","0.0","0.0","1.84","1.15","2.12","0.0","0.0","0.0","0.0","11.34","22.95","466.34","233.17","455.0","443.39","0.0","","","","","","",""
"2015.0","12.0","16.0","350.0","464.36","1.16","0.0","0.0","0.93","1.16","1.08","0.0","0.0","0.0","0.0","12.42","22.95","466.34","233.17","453.92","443.39","0.0","","","","","","",""
"2015.0","12.0","17.0","351.0","464.36","1.17","0.0","0.0","0.96","1.17","1.12","0.0","0.0","0.0","0.0","13.54","22.95","466.34","233.17","452.8","443.39","0.0","","","","","","",""
"2015.0","12.0","18.0","352.0","464.36","1.1","0.0","0.0","1.13","1.1","1.25","0.0","0.0","0.0","0.0","14.79","22.95","466.34","233.17","451.56","443.39","0.0","","","","","","",""
"2015.0","12.0","19.0","353.0","464.36","1.19","0.0","0.0","0.8","1.19","0.95","4.63","4.63","0.0","0.0","11.11","22.95","466.34","233.17","455.24","443.39","0.0","","","","","","",""
"2015.0","12.0","20.0","354.0","464.36","1.2","0.0","0.0","0.6","1.2","0.72","1.61","1.61","0.0","0.0","10.22","22.95","466.34","233.17","456.13","443.39","0.0","","","","","","",""
"2015.0","12.0","21.0","355.0","464.36","1.19","0.0","0.0","0.65","1.19","0.78","2.49","2.49","0.0","0.0","8.5","22.95","466.34","233.17","457.84","443.39","0.0","","","","","","",""
"2015.0","12.0","22.0","356.0","464.36","1.17","0.0","0.0","1.22","1.17","1.43","12.67","9.93","0.0","0.0","0.0","22.95","466.34","233.17","466.34","443.39","0.0","","","","","","",""
"2015.0","12.0","23.0","357.0","464.36","1.17","0.0","0.0","1.51","1.17","1.76","0.45","0.45","0.0","0.0","1.31","22.95","466.34","233.17","465.03","443.39","0.0","","","","","","",""
"2015.0","12.0","24.0","358.0","464.36","1.17","0.0","0.0","1.02","1.17","1.19","0.56","0.56","0.0","0.0","1.94","22.95","466.34","233.17","464.4","443.39","0.0","","","","","","",""
"2015.0","12.0","25.0","359.0","464.36","1.18","0.0","0.0","0.91","1.18","1.08","4.58","3.02","0.0","0.0","0.0","22.95","466.34","233.17","466.34","443.39","0.0","","","","","","",""
"2015.0","12.0","26.0","360.0","464.36","1.17","0.0","0.0","1.45","1.17","1.7","0.0","0.0","0.0","0.0","1.7","22.95","466.34","233.17","464.64","443.39","0.0","","","","","","",""
"2015.0","12.0","27.0","361.0","464.36","1.18","0.0","0.0","0.58","1.18","0.68","0.0","0.0","0.0","0.0","2.39","22.95","466.34","233.17","463.96","443.39","0.0","","","","","","",""
"2015.0","12.0","28.0","362.0","464.36","1.19","0.0","0.0","0.72","1.19","0.86","1.82","1.82","0.0","0.0","1.42","22.95","466.34","233.17","464.92","443.39","0.0","","","","","","",""
"2015.0","12.0","29.0","363.0","464.36","1.19","0.0","0.0","0.93","1.19","1.1","0.0","0.0","0.0","0.0","2.53","22.95","466.34","233.17","463.82","443.39","0.0","","","","","","",""
"2015.0","12.0","30.0","364.0","464.36","1.19","0.0","0.0","0.77","1.19","0.91","0.0","0.0","0.0","0.0","3.44","22.95","466.34","233.17","462.9","443.39","0.0","","","","","","",""
"2015.0","12.0","31.0","365.0","464.36","1.19","0.0","0.0","1.01","1.19","1.2","0.0","0.0","0.0","0.0","4.64","22.95","466.34","233.17","461.7","443.39","0.0","","","","","","",""
"2016.0","1.0","1.0","1.0","464.36","1.18","0.0","0.0","1.29","1.18","1.53","0.0","0.0","0.0","0.0","6.16","22.95","466.34","233.17","460.18","443.39","0.0","","","","","","",""
"2016.0","1.0","2.0","2.0","464.36","1.17","0.0","0.0","1.13","1.17","1.32","0.0","0.0","0.0","0.0","7.48","22.95","466.34","233.17","458.86","443.39","0.0","","","","","","",""
"2016.0","1.0","3.0","3.0","464.36","1.07","0.0","0.0","1.15","1.07","1.23","0.0","0.0","0.0","0.0","8.71","22.95","466.34","233.17","457.63","443.39","0.0","","","","","","",""
"2016.0","1.0","4.0","4.0","464.36","1.18","0.0","0.0","0.95","1.18","1.12","4.06","4.06","0.0","0.0","5.77","22.95","466.34","233.17","460.57","443.39","0.0","","","","","","",""
"2016.0","1.0","5.0","5.0","464.36","1.19","0.0","0.0","0.87","1.19","1.03","14.96","6.81","0.0","0.0","0.0","22.95","466.34","233.17","466.34","443.39","0.0","","","","","","",""
"2016.0","1.0","6.0","6.0","464.36","1.19","0.0","0.0","0.83","1.19","0.99","12.99","0.99","0.0","0.0","0.0","22.95","466.34","233.17","466.34","443.39","0.0","","","","","","",""
"2016.0","1.0","7.0","7.0","464.36","1.19","0.0","0.0","0.63","1.19","0.75","8.15","0.75","0.0","0.0","0.0","22.95","466.34","233.17","466.34","443.39","0.0","","","","","","",""
"2016.0","1.0","8.0","8.0","464.36","1.19","0.0","0.0","0.69","1.19","0.82","0.0","0.0","0.0","0.0","0.82","22.95","466.34","233.17","465.52","443.39","0.0","","","","","","",""
"2016.0","1.0","9.0","9.0","464.36","1.19","0.0","0.0","0.9","1.19","1.07","0.61","0.61","0.0","0.0","1.28","22.95","466.34","233.17","465.06","443.39","0.0","","","","","","",""
"2016.0","1.0","10.0","10.0","464.36","1.18","0.0","0.0","0.89","1.18","1.05","1.03","1.03","0.0","0.0","1.31","22.95","466.34","233.17","465.03","443.39","0.0","","","","","","",""
"2016.0","1.0","11.0","11.0","464.36","1.18","0.0","0.0","0.97","1.18","1.15","0.21","0.21","0.0","0.0","2.25","22.95","466.34","233.17","464.1","443.39","0.0","","","","","","",""
"2016.0","1.0","12.0","12.0","464.36","1.18","0.0","0.0","0.92","1.18","1.09","1.18","1.18","0.0","0.0","2.15","22.95","466.34","233.17","464.19","443.39","0.0","","","","","","",""
"2016.0","1.0","13.0","13.0","464.36","1.17","0.0","0.0","1.33","1.17","1.55","1.44","1.44","0.0","0.0","2.27","22.95","466.34","233.17","464.08","443.39","0.0","","","","","","",""
"2016.0","1.0","14.0","14.0","464.36","1.19","0.0","0.0","0.71","1.19","0.85","1.93","1.93","0.0","0.0","1.18","22.95","466.34","233.17","465.16","443.39","0.0","","","","","","",""
"2016.0","1.0","15.0","15.0","464.36","1.18","0.0","0.0","0.95","1.18","1.12","3.95","2.31","0.0","0.0","0.0","22.95","466.34","233.17","466.34","443.39","0.0","","","","","","",""
"2016.0","1.0","16.0","16.0","464.36","1.18","0.0","0.0","0.88","1.18","1.04","6.37","1.04","0.0","0.0","0.0","22.95","466.34","233.17","466.34","443.39","0.0","","","","","","",""
"2016.0","1.0","17.0","17.0","464.36","1.19","0.0","0.0","0.77","1.19","0.92","9.38","0.92","0.0","0.0","0.0","22.95","466.34","233.17","466.34","443.39","0.0","","","","","","",""
"2016.0","1.0","18.0","18.0","464.36","1.17","0.0","0.0","1.17","1.17","1.37","28.89","1.37","0.0","0.0","0.0","22.95","466.34","233.17","466.34","443.39","0.0","","","","","","",""
"2016.0","1.0","19.0","19.0","464.36","1.17","0.0","0.0","1.25","1.17","1.46","4.53","1.46","0.0","0.0","0.0","22.95","466.34","233.17","466.34","443.39","0.0","","","","","","",""
"2016.0","1.0","20.0","20.0","464.36","1.18","0.0","0.0","1.07","1.18","1.26","10.57","1.26","0.0","0.0","0.0","22.95","466.34","233.17","466.34","443.39","0.0","","","","","","",""
"2016.0","1.0","21.0","21.0","464.36","1.18","0.0","0.0","1.08","1.18","1.27","0.71","0.71","0.0","0.0","0.56","22.95","466.34","233.17","465.78","443.39","0.0","","","","","","",""
"2016.0","1.0","22.0","22.0","464.36","1.18","0.0","0.0","1.1","1.18","1.29","2.16","1.85","0.0","0.0","0.0","22.95","466.34","233.17","466.34","443.39","0.0","","","","","","",""
"2016.0","1.0","23.0","23.0","464.36","1.16","0.0","0.0","1.39","1.16","1.62","8.35","1.62","0.0","0.0","0.0","22.95","466.34","233.17","466.34","443.39","0.0","","","","","","",""
"2016.0","1.0","24.0","24.0","464.36","1.17","0.0","0.0","1.16","1.17","1.36","0.92","0.92","0.0","0.0","0.44","22.95","466.34","233.17","465.91","443.39","0.0","","","","","","",""
"2016.0","1.0","25.0","25.0","464.36","1.17","0.0","0.0","1.07","1.17","1.25","0.0","0.0","0.0","0.0","1.69","22.95","466.34","233.17","464.65","443.39","0.0","","","","","","",""
"2016.0","1.0","26.0","26.0","464.36","1.17","0.0","0.0","1.09","1.17","1.28","0.0","0.0","0.0","0.0","2.97","22.95","466.34","233.17","463.38","443.39","0.0","","","","","","",""
"2016.0","1.0","27.0","27.0","464.36","1.15","0.0","0.0","1.29","1.15","1.48","0.0","0.0","0.0","0.0","4.45","22.95","466.34","233.17","461.89","443.39","0.0","","","","","","",""
"2016.0","1.0","28.0","28.0","464.36","1.07","0.0","0.0","0.92","1.07","0.99","0.0","0.0","0.0","0.0","5.44","22.95","466.34","233.17","460.91","443.39","0.0","","","","","","",""
"2016.0","1.0","29.0","29.0","464.36","1.18","0.0","0.0","1.05","1.18","1.24","1.95","1.95","0.0","0.0","4.72","22.95","466.34","233.17","461.62","443.39","0.0","","","","","","",""
"2016.0","1.0","30.0","30.0","464.36","1.16","0.0","0.0","1.58","1.16","1.83","3.74","3.74","0.0","0.0","2.81","22.95","466.34","233.17","463.53","443.39","0.0","","","","","","",""
"2016.0","1.0","31.0","31.0","464.36","1.13","0.0","0.0","2.3","1.13","2.59","2.88","2.88","0.0","0.0","2.52","22.95","466.34","233.17","463.82","443.39","0.0","","","","","","",""
"2016.0","2.0","1.0","32.0","464.36","1.12","0.0","0.0","2.67","1.12","2.99","0.38","0.38","0.0","0.0","5.14","22.95","466.34","233.17","461.21","443.39","0.0","","","","","","",""
"2016.0","2.0","2.0","33.0","464.36","1.12","0.0","0.0","1.14","1.12","1.28","0.2","0.2","0.0","0.0","6.22","22.95","466.34","233.17","460.13","443.39","0.0","","","","","","",""
"2016.0","2.0","3.0","34.0","464.36","1.04","0.0","0.0","1.1","1.04","1.14","0.03","0.03","0.0","0.0","7.33","22.95","466.34","233.17","459.02","443.39","0.0","","","","","","",""
"2016.0","2.0","4.0","35.0","464.36","0.95","0.0","0.0","1.47","0.95","1.39","0.0","0.0","0.0","0.0","8.72","22.95","466.34","233.17","457.63","443.39","0.0","","","","","","",""
"2016.0","2.0","5.0","36.0","464.36","0.88","0.0","0.0","1.4","0.88","1.23","0.0","0.0","0.0","0.0","9.95","22.95","466.34","233.17","456.39","443.39","0.0","","","","","","",""
"2016.0","2.0","6.0","37.0","464.36","0.82","0.0","0.0","1.6","0.82","1.31","0.0","0.0","0.0","0.0","11.26","22.95","466.34","233.17","455.09","443.39","0.0","","","","","","",""
"2016.0","2.0","7.0","38.0","464.36","0.76","0.0","0.0","1.88","0.76","1.42","0.0","0.0","0.0","0.0","12.68","22.95","466.34","233.17","453.66","443.39","0.0","","","","","","",""
"2016.0","2.0","8.0","39.0","464.36","0.71","0.0","0.0","2.02","0.71","1.43","0.0","0.0","0.0","0.0","14.11","22.95","466.34","233.17","452.23","443.39","0.0","","","","","","",""
"2016.0","2.0","9.0","40.0","464.36","0.67","0.0","0.0","1.96","0.67","1.3","0.0","0.0","0.0","0.0","15.41","22.95","466.34","233.17","450.93","443.39","0.0","","","","","","",""
"2016.0","2.0","10.0","41.0","464.36","0.63","0.0","0.0","1.92","0.63","1.21","0.0","0.0","0.0","0.0","16.63","22.95","466.34","233.17","449.72","443.39","0.0","","","","","","",""
"2016.0","2.0","11.0","42.0","464.36","0.61","0.0","0.0","1.75","0.61","1.06","0.0","0.0","0.0","0.0","17.69","22.95","466.34","233.17","448.66","443.39","0.0","","","","","","",""
"2016.0","2.0","12.0","43.0","464.36","0.58","0.0","0.0","1.85","0.58","1.07","0.0","0.0","0.0","0.0","18.76","22.95","466.34","233.17","447.58","443.39","0.0","","","","","","",""
"2016.0","2.0","13.0","44.0","464.36","0.55","0.0","0.0","2.25","0.55","1.25","0.0","0.0","0.0","0.0","20.01","22.95","466.34","233.17","446.34","443.39","0.0","","","","","","",""
"2016.0","2.0","14.0","45.0","464.36","0.52","0.0","0.0","2.94","0.52","1.54","0.0","0.0","0.0","0.0","21.54","22.95","466.34","233.17","444.8","443.39","0.0","","","","","","",""
"2016.0","2.0","15.0","46.0","464.36","0.5","0.0","0.0","2.45","0.5","1.23","0.0","0.0","0.0","0.0","22.77","22.95","466.34","233.17","443.57","443.39","0.0","","","","","","",""
"2016.0","2.0","16.0","47.0","464.36","0.49","0.0","0.0","2.13","0.49","1.03","0.0","0.0","0.0","0.0","23.81","22.95","466.34","233.17","442.54","443.39","0.0","","","","","","",""
"2016.0","2.0","17.0","48.0","464.36","1.11","0.0","0.0","2.73","1.11","3.03","2.71","2.71","0.0","0.0","21.1","22.95","466.34","233.17","445.25","443.39","0.0","","","","","","",""
"2016.0","2.0","18.0","49.0","464.36","1.14","0.0","0.0","1.95","1.14","2.23","9.85","9.85","0.0","0.0","13.47","22.95","466.34","233.17","452.87","443.39","0.0","","","","","","",""
"2016.0","2.0","19.0","50.0","464.36","1.15","0.0","0.0","1.71","1.15","1.96","1.24","1.24","0.0","0.0","14.19","22.95","466.34","233.17","452.15","443.39","0.0","","","","","","",""
"2016.0","2.0","20.0","51.0","464.36","1.15","0.0","0.0","1.78","1.15","2.04","0.01","0.01","0.0","0.0","16.23","22.95","466.34","233.17","450.12","443.39","0.0","","","","","","",""
"2016.0","2.0","21.0","52.0","464.36","1.02","0.0","0.0","1.99","1.02","2.03","0.0","0.0","0.0","0.0","18.26","22.95","466.34","233.17","448.08","443.39","0.0","","","","","","",""
"2016.0","2.0","22.0","53.0","464.36","0.88","0.0","0.0","2.61","0.88","2.29","0.0","0.0","0.0","0.0","20.55","22.95","466.34","233.17","445.8","443.39","0.0","","","","","","",""
"2016.0","2.0","23.0","54.0","464.36","0.78","0.0","0.0","2.48","0.78","1.94","0.0","0.0","0.0","0.0","22.49","22.95","466.34","233.17","443.86","443.39","0.0","","","","","","",""
"2016.0","2.0","24.0","55.0","464.36","0.72","0.0","0.0","2.24","0.72","1.62","0.0","0.0","0.0","0.0","24.1","22.95","466.34","233.17","442.24","443.39","0.0","","","","","","",""
"2016.0","2.0","25.0","56.0","464.36","0.67","0.0","0.0","2.36","0.67","1.58","0.0","0.0","0.0","0.0","22.95","22.95","466.34","233.17","443.39","443.39","0.0","","","","","","",""
"2016.0","2.0","26.0","57.0","464.36","0.63","0.0","0.0","2.33","0.63","1.46","0.0","0.0","0.0","0.0","24.41","22.95","466.34","233.17","441.93","443.39","0.0","","","","","","",""
"2016.0","2.0","27.0","58.0","464.36","0.59","0.0","0.0","2.37","0.59","1.4","0.0","0.0","0.0","0.0","22.95","22.95","466.34","233.17","443.39","443.39","0.0","","","","","","",""
"2016.0","2.0","28.0","59.0","464.36","0.57","0.0","0.0","2.04","0.57","1.16","0.0","0.0","0.0","0.0","24.11","22.95","466.34","233.17","442.24","443.39","0.0","","","","","","",""
"2016.0","2.0","29.0","60.0","464.36","0.54","0.0","0.0","2.61","0.54","1.4","0.0","0.0","0.0","0.0","22.95","22.95","466.34","233.17","443.39","443.39","0.0","","","","","","",""
"2016.0","3.0","1.0","61.0","464.36","0.51","0.0","0.0","2.95","0.51","1.5","0.0","0.0","0.0","0.0","24.45","22.95","466.34","233.17","441.89","443.39","0.0","","","","","","",""
"2016.0","3.0","2.0","62.0","464.36","0.49","0.0","0.0","2.56","0.49","1.25","0.0","0.0","0.0","0.0","22.95","22.95","466.34","233.17","443.39","443.39","0.0","","","","","","",""
"2016.0","3.0","3.0","63.0","464.36","0.47","0.0","0.0","1.87","0.47","0.89","0.0","0.0","0.0","0.0","23.84","22.95","466.34","233.17","442.51","443.39","0.0","","","","","","",""
"2016.0","3.0","4.0","64.0","464.36","0.47","0.0","0.0","1.5","0.47","0.7","1.71","1.71","0.0","0.0","22.13","22.95","466.34","233.17","444.22","443.39","0.0","","","","","","",""
"2016.0","3.0","5.0","65.0","464.36","1.17","0.0","0.0","1.33","1.17","1.55","14.14","14.14","0.0","0.0","9.54","22.95","466.34","233.17","456.8","443.39","0.0","","","","","","",""
"2016.0","3.0","6.0","66.0","464.36","1.13","0.0","0.0","2.26","1.13","2.55","20.66","12.09","0.0","0.0","0.0","22.95","466.34","233.17","466.34","443.39","0.0","","","","","","",""
"2016.0","3.0","7.0","67.0","464.36","1.16","0.0","0.0","1.53","1.16","1.77","13.1","1.77","0.0","0.0","0.0","22.95","466.34","233.17","466.34","443.39","0.0","","","","","","",""
"2016.0","3.0","8.0","68.0","464.36","1.15","0.0","0.0","1.93","1.15","2.22","1.46","1.46","0.0","0.0","0.76","22.95","466.34","233.17","465.58","443.39","0.0","","","","","","",""
"2016.0","3.0","9.0","69.0","464.36","1.15","0.0","0.0","1.98","1.15","2.27","0.57","0.57","0.0","0.0","2.46","22.95","466.34","233.17","463.88","443.39","0.0","","","","","","",""
"2016.0","3.0","10.0","70.0","464.36","1.16","0.0","0.0","1.59","1.16","1.84","2.01","2.01","0.0","0.0","2.29","22.95","466.34","233.17","464.05","443.39","0.0","","","","","","",""
"2016.0","3.0","11.0","71.0","464.36","1.16","0.0","0.0","1.54","1.16","1.78","5.1","4.08","0.0","0.0","0.0","22.95","466.34","233.17","466.34","443.39","0.0","","","","","","",""
"2016.0","3.0","12.0","72.0","464.36","1.15","0.0","0.0","1.8","1.15","2.07","7.19","2.07","0.0","0.0","0.0","22.95","466.34","233.17","466.34","443.39","0.0","","","","","","",""
"2016.0","3.0","13.0","73.0","464.36","1.17","0.0","0.0","1.19","1.17","1.4","12.32","1.4","0.0","0.0","0.0","22.95","466.34","233.17","466.34","443.39","0.0","","","","","","",""
"2016.0","3.0","14.0","74.0","464.36","1.12","0.0","0.0","2.52","1.12","2.82","10.8","2.82","0.0","0.0","0.0","22.95","466.34","233.17","466.34","443.39","0.0","","","","","","",""
"2016.0","3.0","15.0","75.0","464.36","1.11","0.0","0.0","2.99","1.11","3.32","0.0","0.0","0.0","0.0","3.32","22.95","466.34","233.17","463.03","443.39","0.0","","","","","","",""
"2016.0","3.0","16.0","76.0","464.36","0.93","0.0","0.0","3.1","0.93","2.89","0.0","0.0","0.0","0.0","6.21","22.95","466.34","233.17","460.14","443.39","0.0","","","","","","",""
"2016.0","3.0","17.0","77.0","464.36","0.8","0.0","0.0","3.14","0.8","2.5","0.0","0.0","0.0","0.0","8.71","22.95","466.34","233.17","457.64","443.39","0.0","","","","","","",""
"2016.0","3.0","18.0","78.0","464.36","0.71","0.0","0.0","3.04","0.71","2.16","0.0","0.0","0.0","0.0","10.86","22.95","466.34","233.17","455.48","443.39","0.0","","","","","","",""
"2016.0","3.0","19.0","79.0","464.36","0.65","0.0","0.0","2.97","0.65","1.92","0.0","0.0","0.0","0.0","12.79","22.95","466.34","233.17","453.56","443.39","0.0","","","","","","",""
"2016.0","3.0","20.0","80.0","464.36","0.61","0.0","0.0","2.33","0.61","1.42","0.03","0.03","0.0","0.0","14.18","22.95","466.34","233.17","452.17","443.39","0.0","","","","","","",""
"2016.0","3.0","21.0","81.0","464.36","0.58","0.0","0.0","2.37","0.58","1.37","1.23","1.23","0.0","0.0","14.32","22.95","466.34","233.17","452.03","443.39","0.0","","","","","","",""
"2016.0","3.0","22.0","82.0","464.36","0.54","0.0","0.0","3.0","0.54","1.63","0.94","0.94","0.0","0.0","15.0","22.95","466.34","233.17","451.34","443.39","0.0","","","","","","",""
"2016.0","3.0","23.0","83.0","464.36","0.51","0.0","0.0","3.33","0.51","1.7","0.0","0.0","0.0","0.0","16.7","22.95","466.34","233.17","449.65","443.39","0.0","","","","","","",""
"2016.0","3.0","24.0","84.0","464.36","0.48","0.0","0.0","3.19","0.48","1.54","0.0","0.0","0.0","0.0","18.24","22.95","466.34","233.17","448.1","443.39","0.0","","","","","","",""
"2016.0","3.0","25.0","85.0","464.36","0.46","0.0","0.0","3.61","0.46","1.65","0.0","0.0","0.0","0.0","19.89","22.95","466.34","233.17","446.45","443.39","0.0","","","","","","",""
"2016.0","3.0","26.0","86.0","464.36","0.43","0.0","0.0","4.2","0.43","1.81","0.0","0.0","0.0","0.0","21.7","22.95","466.34","233.17","444.64","443.39","0.0","","","","","","",""
"2016.0","3.0","27.0","87.0","464.36","0.41","0.0","0.0","3.51","0.41","1.45","0.0","0.0","0.0","0.0","23.16","22.95","466.34","233.17","443.19","443.39","0.0","","","","","","",""
"2016.0","3.0","28.0","88.0","464.36","0.4","0.0","0.0","3.52","0.4","1.4","0.0","0.0","0.0","0.0","22.95","22.95","466.34","233.17","443.39","443.39","0.0","","","","","","",""
"2016.0","3.0","29.0","89.0","464.36","0.38","0.0","0.0","3.71","0.38","1.42","0.0","0.0","0.0","0.0","24.37","22.95","466.34","233.17","441.97","443.39","0.0","","","","","","",""
"2016.0","3.0","30.0","90.0","464.36","0.37","0.0","0.0","3.49","0.37","1.29","0.0","0.0","0.0","0.0","22.95","22.95","466.34","233.17","443.39","443.39","0.0","","","","","","",""
"2016.0","3.0","31.0","91.0","464.36","0.36","0.0","0.0","3.72","0.36","1.33","0.0","0.0","0.0","0.0","24.28","22.95","466.34","233.17","442.06","443.39","0.0","","","","","","",""
"2016.0","4.0","1.0","92.0","464.36","0.35","0.0","0.0","3.62","0.35","1.25","0.0","0.0","0.0","0.0","22.95","22.95","466.34","233.17","443.39","443.39","0.0","","","","","","",""
"2016.0","4.0","2.0","93.0","464.36","0.34","0.0","0.0","3.72","0.34","1.25","0.0","0.0","0.0","0.0","24.2","22.95","466.34","233.17","442.14","443.39","0.0","","","","","","",""
"2016.0","4.0","3.0","94.0","464.36","0.33","0.0","0.0","3.94","0.33","1.29","0.0","0.0","0.0","0.0","22.95","22.95","466.34","233.17","443.39","443.39","0.0","","","","","","",""
"2016.0","4.0","4.0","95.0","464.36","0.32","0.0","0.0","4.14","0.32","1.31","0.0","0.0","0.0","0.0","24.26","22.95","466.34","233.17","442.08","443.39","0.0","","","","","","",""
"2016.0","4.0","5.0","96.0","464.36","0.31","0.0","0.0","5.39","0.31","1.65","0.0","0.0","0.0","0.0","22.95","22.95","466.34","233.17","443.39","443.39","0.0","","","","","","",""
"2016.0","4.0","6.0","97.0","464.36","0.3","0.0","0.0","4.84","0.3","1.43","0.0","0.0","0.0","0.0","24.38","22.95","466.34","233.17","441.96","443.39","0.0","","","","","","",""
"2016.0","4.0","7.0","98.0","464.36","0.29","0.0","0.0","4.19","0.29","1.21","0.0","0.0","0.0","0.0","22.95","22.95","466.34","233.17","443.39","443.39","0.0","","","","","","",""
"2016.0","4.0","8.0","99.0","464.36","0.28","0.0","0.0","3.25","0.28","0.92","1.44","1.44","0.0","0.0","22.43","22.95","466.34","233.17","443.91","443.39","0.0","","","","","","",""
"2016.0","4.0","9.0","100.0","464.36","1.16","0.0","0.0","1.59","1.16","1.84","12.65","12.65","0.0","0.0","11.62","22.95","466.34","233.17","454.72","443.39","0.0","","","","","","",""
"2016.0","4.0","10.0","101.0","464.36","1.15","0.0","0.0","1.84","1.15","2.11","20.51","13.73","0.0","0.0","0.0","22.95","466.34","233.17","466.34","443.39","0.0","","","","","","",""
"2016.0","4.0","11.0","102.0","464.36","1.12","0.0","0.0","3.06","1.12","3.43","0.4","0.4","0.0","0.0","3.03","22.95","466.34","233.17","463.31","443.39","0.0","","","","","","",""
"2016.0","4.0","12.0","103.0","464.36","0.95","0.0","0.0","3.42","0.95","3.25","0.0","0.0","0.0","0.0","6.28","22.95","466.34","233.17","460.06","443.39","0.0","","","","","","",""
"2016.0","4.0","13.0","104.0","464.36","0.77","0.0","0.0","4.11","0.77","3.17","0.0","0.0","0.0","0.0","9.45","22.95","466.34","233.17","456.89","443.39","0.0","","","","","","",""
"2016.0","4.0","14.0","105.0","464.36","0.67","0.0","0.0","4.1","0.67","2.73","0.78","0.78","0.0","0.0","11.41","22.95","466.34","233.17","454.94","443.39","0.0","","","","","","",""
"2016.0","4.0","15.0","106.0","464.36","0.58","0.55","0.0","5.34","0.58","3.08","0.0","0.0","0.0","0.0","14.48","98.79","466.34","233.17","451.86","367.55","0.0","","","","","","",""
"2016.0","4.0","16.0","107.0","464.36","0.52","0.56","0.0","5.13","0.56","2.85","0.0","0.0","0.0","0.0","17.34","98.79","466.34","233.17","449.01","367.55","0.0","","","","","","",""
"2016.0","4.0","17.0","108.0","464.36","0.48","0.56","0.0","4.75","0.56","2.67","0.0","0.0","0.0","0.0","20.01","98.79","466.34","233.17","446.33","367.55","0.0","","","","","","",""
"2016.0","4.0","18.0","109.0","464.36","0.44","0.57","0.0","5.08","0.57","2.89","0.0","0.0","0.0","0.0","22.9","98.79","466.34","233.17","443.44","367.55","0.0","","","","","","",""
"2016.0","4.0","19.0","110.0","464.36","0.41","0.58","0.0","4.82","0.58","2.77","0.0","0.0","0.0","0.0","25.67","98.79","466.34","233.17","440.67","367.55","0.0","","","","","","",""
"2016.0","4.0","20.0","111.0","464.36","0.39","0.58","0.0","5.01","0.58","2.91","0.0","0.0","0.0","0.0","28.59","98.79","466.34","233.17","437.75","367.55","0.0","","","","","","",""
"2016.0","4.0","21.0","112.0","464.36","0.38","0.59","0.0","3.61","0.59","2.12","0.0","0.0","0.0","0.0","30.71","98.79","466.34","233.17","435.63","367.55","0.0","","","","","","",""
"2016.0","4.0","22.0","113.0","464.36","0.37","0.59","0.0","2.88","0.59","1.71","0.68","0.68","0.0","0.0","31.74","98.79","466.34","233.17","434.6","367.55","0.0","","","","","","",""
"2016.0","4.0","23.0","114.0","464.36","0.35","0.6","0.0","4.01","0.6","2.41","3.64","3.64","0.0","0.0","30.51","98.79","466.34","233.17","435.83","367.55","0.0","","","","","","",""
"2016.0","4.0","24.0","115.0","464.36","0.34","0.61","0.0","4.5","0.61","2.73","0.0","0.0","0.0","0.0","33.24","98.79","466.34","233.17","433.1","367.55","0.0","","","","","","",""
"2016.0","4.0","25.0","116.0","464.36","0.33","0.61","0.0","5.34","0.61","3.28","0.0","0.0","0.0","0.0","36.52","98.79","466.34","233.17","429.82","367.55","0.0","","","","","","",""
"2016.0","4.0","26.0","117.0","464.36","0.32","0.62","0.0","4.63","0.62","2.87","0.0","0.0","0.0","0.0","39.39","98.79","466.34","233.17","426.95","367.55","0.0","","","","","","",""
"2016.0","4.0","27.0","118.0","464.36","0.31","0.63","0.0","3.59","0.63","2.25","0.1","0.1","0.0","0.0","41.54","98.79","466.34","233.17","424.81","367.55","0.0","","","","","","",""
"2016.0","4.0","28.0","119.0","464.36","0.3","0.63","0.0","5.55","0.63","3.51","1.66","1.66","0.0","0.0","43.39","98.79","466.34","233.17","422.96","367.55","0.0","","","","","","",""
"2016.0","4.0","29.0","120.0","464.36","0.29","0.64","0.0","4.91","0.64","3.14","0.0","0.0","0.0","0.0","46.52","98.79","466.34","233.17","419.82","367.55","0.0","","","","","","",""
"2016.0","4.0","30.0","121.0","464.36","0.28","0.65","0.0","7.15","0.65","4.61","0.0","0.0","0.0","0.0","51.14","98.79","466.34","233.17","415.21","367.55","0.0","","","","","","",""
"2016.0","5.0","1.0","122.0","464.36","0.27","0.65","0.0","5.68","0.65","3.7","0.0","0.0","0.0","0.0","54.84","98.79","466.34","233.17","411.51","367.55","0.0","","","","","","",""
"2016.0","5.0","2.0","123.0","464.36","0.26","0.66","0.0","5.14","0.66","3.38","0.0","0.0","0.0","0.0","58.22","98.79","466.34","233.17","408.13","367.55","0.0","","","","","","",""
"2016.0","5.0","3.0","124.0","464.36","0.26","0.66","0.0","4.27","0.66","2.84","0.0","0.0","0.0","0.0","61.05","98.79","466.34","233.17","405.29","367.55","0.0","","","","","","",""
"2016.0","5.0","4.0","125.0","464.36","0.25","0.67","0.0","4.54","0.67","3.04","0.0","0.0","0.0","0.0","64.1","98.79","466.34","233.17","402.25","367.55","0.0","","","","","","",""
"2016.0","5.0","5.0","126.0","464.36","0.25","0.68","0.0","2.55","0.68","1.73","0.46","0.46","0.0","0.0","65.36","98.79","466.34","233.17","400.98","367.55","0.0","","","","","","",""
"2016.0","5.0","6.0","127.0","464.36","0.25","0.68","0.0","1.88","0.68","1.28","0.47","0.47","0.0","0.0","66.18","98.79","466.34","233.17","400.17","367.55","0.0","","","","","","",""
"2016.0","5.0","7.0","128.0","464.36","1.14","0.69","0.0","2.03","1.14","2.31","4.81","4.81","0.0","0.0","63.68","98.79","466.34","233.17","402.66","367.55","0.0","","","","","","",""
"2016.0","5.0","8.0","129.0","464.36","1.11","0.7","0.0","3.27","1.11","3.64","0.69","0.69","0.0","0.0","66.63","98.79","466.34","233.17","399.71","367.55","0.0","","","","","","",""
"2016.0","5.0","9.0","130.0","464.36","0.87","0.7","0.0","4.52","0.87","3.91","0.0","0.0","0.0","0.0","70.55","98.79","466.34","233.17","395.8","367.55","0.0","","","","","","",""
"2016.0","5.0","10.0","131.0","464.36","0.69","0.71","0.0","5.37","0.71","3.8","0.0","0.0","0.0","0.0","74.35","98.79","466.34","233.17","391.99","367.55","0.0","","","","","","",""
"2016.0","5.0","11.0","132.0","464.36","0.58","0.71","0.0","5.67","0.71","4.05","0.0","0.0","0.0","0.0","78.4","98.79","466.34","233.17","387.94","367.55","0.0","","","","","","",""
"2016.0","5.0","12.0","133.0","464.36","0.52","0.72","0.0","5.67","0.72","4.09","0.0","0.0","0.0","0.0","82.49","98.79","466.34","233.17","383.85","367.55","0.0","","","","","","",""
"2016.0","5.0","13.0","134.0","464.36","0.47","0.73","0.0","5.3","0.73","3.86","0.0","0.0","0.0","0.0","86.35","98.79","466.34","233.17","379.99","367.55","0.0","","","","","","",""
"2016.0","5.0","14.0","135.0","464.36","0.44","0.73","0.0","4.83","0.73","3.54","0.0","0.0","0.0","0.0","89.89","98.79","466.34","233.17","376.45","367.55","0.0","","","","","","",""
"2016.0","5.0","15.0","136.0","464.36","0.41","0.74","0.0","5.41","0.74","4.0","0.0","0.0","0.0","0.0","93.9","98.79","466.34","233.17","372.44","367.55","0.0","","","","","","",""
"2016.0","5.0","16.0","137.0","464.36","0.38","0.75","0.0","6.4","0.75","4.78","0.0","0.0","0.0","0.0","98.68","98.79","466.34","233.17","367.67","367.55","0.0","","","","","","",""
"2016.0","5.0","17.0","138.0","464.36","0.35","0.75","0.0","7.38","0.75","5.56","0.0","0.0","0.0","0.0","0.0","98.79","466.34","233.17","466.34","367.55","104.23","","","","","","",""
"2016.0","5.0","18.0","139.0","464.36","0.33","0.76","0.0","6.85","0.76","5.2","0.0","0.0","0.0","0.0","5.2","98.79","466.34","233.17","461.14","367.55","0.0","","","","","","",""
"2016.0","5.0","19.0","140.0","464.36","0.31","0.77","0.0","6.05","0.77","4.63","0.0","0.0","0.0","0.0","9.83","98.79","466.34","233.17","456.51","367.55","0.0","","","","","","",""
"2016.0","5.0","20.0","141.0","464.36","0.3","0.77","0.0","4.86","0.77","3.75","0.0","0.0","0.0","0.0","13.58","98.79","466.34","233.17","452.76","367.55","0.0","","","","","","",""
"2016.0","5.0","21.0","142.0","464.36","0.3","0.78","0.0","3.64","0.78","2.83","0.0","0.0","0.0","0.0","16.42","98.79","466.34","233.17","449.93","367.55","0.0","","","","","","",""
"2016.0","5.0","22.0","143.0","464.36","0.29","0.78","0.0","4.01","0.78","3.15","0.8","0.8","0.0","0.0","18.76","98.79","466.34","233.17","447.58","367.55","0.0","","","","","","",""
"2016.0","5.0","23.0","144.0","464.36","0.28","0.79","0.0","4.59","0.79","3.63","0.0","0.0","0.0","0.0","22.39","98.79","466.34","233.17","443.95","367.55","0.0","","","","","","",""
"2016.0","5.0","24.0","145.0","464.36","0.28","0.8","0.0","4.79","0.8","3.82","0.0","0.0","0.0","0.0","26.21","98.79","466.34","233.17","440.13","367.55","0.0","","","","","","",""
"2016.0","5.0","25.0","146.0","464.36","0.27","0.8","0.0","5.18","0.8","4.16","0.0","0.0","0.0","0.0","30.38","98.79","466.34","233.17","435.97","367.55","0.0","","","","","","",""
"2016.0","5.0","26.0","147.0","464.36","0.26","0.81","0.0","5.52","0.81","4.47","0.0","0.0","0.0","0.0","34.85","98.79","466.34","233.17","431.5","367.55","0.0","","","","","","",""
"2016.0","5.0","27.0","148.0","464.36","0.25","0.82","0.0","5.89","0.82","4.81","0.0","0.0","0.0","0.0","39.66","98.79","466.34","233.17","426.69","367.55","0.0","","","","","","",""
"2016.0","5.0","28.0","149.0","464.36","0.25","0.82","0.0","6.73","0.82","5.54","0.0","0.0","0.0","0.0","45.19","98.79","466.34","233.17","421.15","367.55","0.0","","","","","","",""
"2016.0","5.0","29.0","150.0","464.36","0.24","0.83","0.0","6.28","0.83","5.21","0.0","0.0","0.0","0.0","50.4","98.79","466.34","233.17","415.94","367.55","0.0","","","","","","",""
"2016.0","5.0","30.0","151.0","464.36","0.23","0.84","0.0","6.56","0.84","5.48","0.0","0.0","0.0","0.0","55.88","98.79","466.34","233.17","410.46","367.55","0.0","","","","","","",""
"2016.0","5.0","31.0","152.0","464.36","0.23","0.84","0.0","6.88","0.84","5.79","0.0","0.0","0.0","0.0","61.67","98.79","466.34","233.17","404.67","367.55","0.0","","","","","","",""
"2016.0","6.0","1.0","153.0","464.36","0.22","0.85","0.0","6.81","0.85","5.78","0.0","0.0","0.0","0.0","67.45","98.79","466.34","233.17","398.9","367.55","0.0","","","","","","",""
"2016.0","6.0","2.0","154.0","464.36","0.21","0.85","0.0","6.66","0.85","5.69","0.0","0.0","0.0","0.0","73.14","98.79","466.34","233.17","393.21","367.55","0.0","","","","","","",""
"2016.0","6.0","3.0","155.0","464.36","0.21","0.86","0.0","7.1","0.86","6.11","0.0","0.0","0.0","0.0","79.25","98.79","466.34","233.17","387.1","367.55","0.0","","","","","","",""
"2016.0","6.0","4.0","156.0","464.36","0.21","0.87","0.0","4.9","0.87","4.25","0.0","0.0","0.0","0.0","83.5","98.79","466.34","233.17","382.85","367.55","0.0","","","","","","",""
"2016.0","6.0","5.0","157.0","464.36","0.2","0.87","0.0","7.37","0.87","6.44","0.0","0.0","0.0","0.0","89.93","98.79","466.34","233.17","376.41","367.55","0.0","","","","","","",""
"2016.0","6.0","6.0","158.0","464.36","0.2","0.88","0.0","6.75","0.88","5.94","0.0","0.0","0.0","0.0","95.87","98.79","466.34","233.17","370.47","367.55","0.0","","","","","","",""
"2016.0","6.0","7.0","159.0","464.36","0.19","0.89","0.0","6.48","0.89","5.74","0.0","0.0","0.0","0.0","0.0","98.79","466.34","233.17","466.34","367.55","101.61","","","","","","",""
"2016.0","6.0","8.0","160.0","464.36","0.19","0.89","0.0","6.22","0.89","5.55","0.0","0.0","0.0","0.0","5.55","98.79","466.34","233.17","460.79","367.55","0.0","","","","","","",""
"2016.0","6.0","9.0","161.0","464.36","0.19","0.9","0.0","5.96","0.9","5.36","0.0","0.0","0.0","0.0","10.91","98.79","466.34","233.17","455.44","367.55","0.0","","","","","","",""
"2016.0","6.0","10.0","162.0","464.36","0.18","0.91","0.0","6.41","0.91","5.8","0.0","0.0","0.0","0.0","16.71","98.79","466.34","233.17","449.63","367.55","0.0","","","","","","",""
"2016.0","6.0","11.0","163.0","464.36","0.18","0.91","0.0","6.68","0.91","6.09","0.0","0.0","0.0","0.0","22.8","98.79","466.34","233.17","443.55","367.55","0.0","","","","","","",""
"2016.0","6.0","12.0","164.0","464.36","0.18","0.92","0.0","6.62","0.92","6.08","0.0","0.0","0.0","0.0","28.87","98.79","466.34","233.17","437.47","367.55","0.0","","","","","","",""
"2016.0","6.0","13.0","165.0","464.36","0.18","0.92","0.0","6.3","0.92","5.82","0.0","0.0","0.0","0.0","34.7","98.79","466.34","233.17","431.65","367.55","0.0","","","","","","",""
"2016.0","6.0","14.0","166.0","464.36","0.17","0.93","0.0","6.24","0.93","5.81","0.0","0.0","0.0","0.0","40.5","98.79","466.34","233.17","425.84","367.55","0.0","","","","","","",""
"2016.0","6.0","15.0","167.0","464.36","0.17","0.94","0.0","5.37","0.94","5.03","0.0","0.0","0.0","0.0","45.53","98.79","466.34","233.17","420.81","367.55","0.0","","","","","","",""
"2016.0","6.0","16.0","168.0","464.36","0.17","0.94","0.0","5.25","0.94","4.95","0.0","0.0","0.0","0.0","50.48","98.79","466.34","233.17","415.86","367.55","0.0","","","","","","",""
"2016.0","6.0","17.0","169.0","464.36","0.17","0.95","0.0","5.14","0.95","4.88","0.0","0.0","0.0","0.0","55.37","98.79","466.34","233.17","410.98","367.55","0.0","","","","","","",""
"2016.0","6.0","18.0","170.0","464.36","0.16","0.96","0.0","6.17","0.96","5.9","0.0","0.0","0.0","0.0","61.26","98.79","466.34","233.17","405.08","367.55","0.0","","","","","","",""
"2016.0","6.0","19.0","171.0","464.36","0.16","0.96","0.0","6.83","0.96","6.57","0.0","0.0","0.0","0.0","67.83","98.79","466.34","233.17","398.51","367.55","0.0","","","","","","",""
"2016.0","6.0","20.0","172.0","464.36","0.16","0.97","0.0","7.19","0.97","6.96","0.0","0.0","0.0","0.0","74.8","98.79","466.34","233.17","391.55","367.55","0.0","","","","","","",""
"2016.0","6.0","21.0","173.0","464.36","0.16","0.97","0.0","7.59","0.97","7.4","0.0","0.0","0.0","0.0","82.2","98.79","466.34","233.17","384.15","367.55","0.0","","","","","","",""
"2016.0","6.0","22.0","174.0","464.36","0.16","0.98","0.0","7.42","0.98","7.28","0.0","0.0","0.0","0.0","89.48","98.79","466.34","233.17","376.87","367.55","0.0","","","","","","",""
"2016.0","6.0","23.0","175.0","464.36","0.15","0.99","0.0","7.46","0.99","7.37","0.0","0.0","0.0","0.0","96.85","98.79","466.34","233.17","369.5","367.55","0.0","","","","","","",""
"2016.0","6.0","24.0","176.0","464.36","0.15","0.99","0.0","6.79","0.99","6.75","0.0","0.0","0.0","0.0","0.0","98.79","466.34","233.17","466.34","367.55","103.59","","","","","","",""
"2016.0","6.0","25.0","177.0","464.36","0.15","1.0","0.0","7.58","1.0","7.58","0.0","0.0","0.0","0.0","7.58","98.79","466.34","233.17","458.76","367.55","0.0","","","","","","",""
"2016.0","6.0","26.0","178.0","464.36","0.15","1.01","0.0","7.44","1.01","7.49","0.0","0.0","0.0","0.0","15.07","98.79","466.34","233.17","451.27","367.55","0.0","","","","","","",""
"2016.0","6.0","27.0","179.0","464.36","0.15","1.01","0.0","7.85","1.01","7.95","0.0","0.0","0.0","0.0","23.02","98.79","466.34","233.17","443.32","367.55","0.0","","","","","","",""
"2016.0","6.0","28.0","180.0","464.36","0.14","1.02","0.0","7.77","1.02","7.92","0.0","0.0","0.0","0.0","30.94","98.79","466.34","233.17","435.4","367.55","0.0","","","","","","",""
"2016.0","6.0","29.0","181.0","464.36","0.14","1.03","0.0","7.0","1.03","7.18","0.0","0.0","0.0","0.0","38.12","98.79","466.34","233.17","428.22","367.55","0.0","","","","","","",""
"2016.0","6.0","30.0","182.0","464.36","0.14","1.03","0.0","6.96","1.03","7.18","0.0","0.0","0.0","0.0","45.3","98.79","466.34","233.17","421.04","367.55","0.0","","","","","","",""
"2016.0","7.0","1.0","183.0","464.36","0.14","1.04","0.0","6.82","1.04","7.08","0.0","0.0","0.0","0.0","52.38","98.79","466.34","233.17","413.96","367.55","0.0","","","","","","",""
"2016.0","7.0","2.0","184.0","464.36","0.14","1.04","0.0","6.74","1.04","7.04","0.0","0.0","0.0","0.0","59.43","98.79","466.34","233.17","406.92","367.55","0.0","","","","","","",""
"2016.0","7.0","3.0","185.0","464.36","0.14","1.05","0.0","7.01","1.05","7.37","0.0","0.0","0.0","0.0","66.79","98.79","466.34","233.17","399.55","367.55","0.0","","","","","","",""
"2016.0","7.0","4.0","186.0","464.36","0.14","1.06","0.0","6.57","1.06","6.95","0.0","0.0","0.0","0.0","73.74","98.79","466.34","233.17","392.6","367.55","0.0","","","","","","",""
"2016.0","7.0","5.0","187.0","464.36","0.13","1.06","0.0","5.91","1.06","6.29","0.0","0.0","0.0","0.0","80.03","98.79","466.34","233.17","386.32","367.55","0.0","","","","","","",""
"2016.0","7.0","6.0","188.0","464.36","0.13","1.07","0.0","6.04","1.07","6.46","0.0","0.0","0.0","0.0","86.49","98.79","466.34","233.17","379.86","367.55","0.0","","","","","","",""
"2016.0","7.0","7.0","189.0","464.36","0.13","1.07","0.0","6.16","1.07","6.59","0.0","0.0","0.0","0.0","93.08","98.79","466.34","233.17","373.26","367.55","0.0","","","","","","",""
"2016.0","7.0","8.0","190.0","464.36","0.13","1.07","0.0","6.78","1.07","7.25","0.0","0.0","0.0","0.0","0.0","98.79","466.34","233.17","466.34","367.55","100.33","","","","","","",""
"2016.0","7.0","9.0","191.0","464.36","0.13","1.07","0.0","6.33","1.07","6.77","0.0","0.0","0.0","0.0","6.77","98.79","466.34","233.17","459.57","367.55","0.0","","","","","","",""
"2016.0","7.0","10.0","192.0","464.36","0.13","1.07","0.0","6.31","1.07","6.75","0.0","0.0","0.0","0.0","13.52","98.79","466.34","233.17","452.82","367.55","0.0","","","","","","",""
"2016.0","7.0","11.0","193.0","464.36","0.13","1.07","0.0","6.98","1.07","7.47","0.0","0.0","0.0","0.0","20.99","98.79","466.34","233.17","445.35","367.55","0.0","","","","","","",""
"2016.0","7.0","12.0","194.0","464.36","0.13","1.07","0.0","6.6","1.07","7.06","0.0","0.0","0.0","0.0","28.06","98.79","466.34","233.17","438.29","367.55","0.0","","","","","","",""
"2016.0","7.0","13.0","195.0","464.36","0.13","1.07","0.0","6.97","1.07","7.46","0.0","0.0","0.0","0.0","35.51","98.79","466.34","233.17","430.83","367.55","0.0","","","","","","",""
"2016.0","7.0","14.0","196.0","464.36","0.12","1.07","0.0","7.11","1.07","7.61","0.0","0.0","0.0","0.0","43.12","98.79","466.34","233.17","423.22","367.55","0.0","","","","","","",""
"2016.0","7.0","15.0","197.0","464.36","0.12","1.07","0.0","6.93","1.07","7.42","0.0","0.0","0.0","0.0","50.54","98.79","466.34","233.17","415.81","367.55","0.0","","","","","","",""
"2016.0","7.0","16.0","198.0","464.36","0.12","1.07","0.0","6.59","1.07","7.05","0.0","0.0","0.0","0.0","57.59","98.79","466.34","233.17","408.76","367.55","0.0","","","","","","",""
"2016.0","7.0","17.0","199.0","464.36","0.12","1.07","0.0","6.32","1.07","6.76","0.0","0.0","0.0","0.0","64.35","98.79","466.34","233.17","401.99","367.55","0.0","","","","","","",""
"2016.0","7.0","18.0","200.0","464.36","0.12","1.07","0.0","6.04","1.07","6.46","0.0","0.0","0.0","0.0","70.81","98.79","466.34","233.17","395.53","367.55","0.0","","","","","","",""
"2016.0","7.0","19.0","201.0","464.36","0.12","1.07","0.0","6.33","1.07","6.77","0.0","0.0","0.0","0.0","77.59","98.79","466.34","233.17","388.76","367.55","0.0","","","","","","",""
"2016.0","7.0","20.0","202.0","464.36","0.12","1.07","0.0","6.77","1.07","7.24","0.0","0.0","0.0","0.0","84.83","98.79","466.34","233.17","381.51","367.55","0.0","","","","","","",""
"2016.0","7.0","21.0","203.0","464.36","0.12","1.07","0.0","6.91","1.07","7.39","0.0","0.0","0.0","0.0","92.22","98.79","466.34","233.17","374.12","367.55","0.0","","","","","","",""
"2016.0","7.0","22.0","204.0","464.36","0.12","1.07","0.0","6.81","1.07","7.29","0.0","0.0","0.0","0.0","0.0","98.79","466.34","233.17","466.34","367.55","99.51","","","","","","",""
"2016.0","7.0","23.0","205.0","464.36","0.12","1.07","0.0","7.41","1.07","7.93","0.0","0.0","0.0","0.0","7.93","98.79","466.34","233.17","458.42","367.55","0.0","","","","","","",""
"2016.0","7.0","24.0","206.0","464.36","0.12","1.07","0.0","7.14","1.07","7.64","0.0","0.0","0.0","0.0","15.57","98.79","466.34","233.17","450.78","367.55","0.0","","","","","","",""
"2016.0","7.0","25.0","207.0","464.36","0.11","1.07","0.0","6.89","1.07","7.37","0.0","0.0","0.0","0.0","22.94","98.79","466.34","233.17","443.4","367.55","0.0","","","","","","",""
"2016.0","7.0","26.0","208.0","464.36","0.11","1.07","0.0","7.01","1.07","7.5","0.0","0.0","0.0","0.0","30.44","98.79","466.34","233.17","435.9","367.55","0.0","","","","","","",""
"2016.0","7.0","27.0","209.0","464.36","0.11","1.07","0.0","7.35","1.07","7.86","0.0","0.0","0.0","0.0","38.31","98.79","466.34","233.17","428.04","367.55","0.0","","","","","","",""
"2016.0","7.0","28.0","210.0","464.36","0.11","1.07","0.0","7.27","1.07","7.78","0.0","0.0","0.0","0.0","46.08","98.79","466.34","233.17","420.26","367.55","0.0","","","","","","",""
"2016.0","7.0","29.0","211.0","464.36","0.11","1.07","0.0","7.1","1.07","7.6","0.0","0.0","0.0","0.0","53.68","98.79","466.34","233.17","412.66","367.55","0.0","","","","","","",""
"2016.0","7.0","30.0","212.0","464.36","0.11","1.07","0.0","7.36","1.07","7.88","0.0","0.0","0.0","0.0","61.56","98.79","466.34","233.17","404.79","367.55","0.0","","","","","","",""
"2016.0","7.0","31.0","213.0","464.36","0.11","1.07","0.0","6.54","1.07","7.0","0.0","0.0","0.0","0.0","68.55","98.79","466.34","233.17","397.79","367.55","0.0","","","","","","",""
"2016.0","8.0","1.0","214.0","464.36","0.11","1.07","0.0","6.31","1.07","6.75","0.0","0.0","0.0","0.0","75.31","98.79","466.34","233.17","391.04","367.55","0.0","","","","","","",""
"2016.0","8.0","2.0","215.0","464.36","0.11","1.07","0.0","6.3","1.07","6.74","0.0","0.0","0.0","0.0","82.05","98.79","466.34","233.17","384.3","367.55","0.0","","","","","","",""
"2016.0","8.0","3.0","216.0","464.36","0.11","1.07","0.0","6.63","1.07","7.09","0.0","0.0","0.0","0.0","89.14","98.79","466.34","233.17","377.2","367.55","0.0","","","","","","",""
"2016.0","8.0","4.0","217.0","464.36","0.11","1.07","0.0","5.71","1.07","6.11","0.0","0.0","0.0","0.0","95.25","98.79","466.34","233.17","371.09","367.55","0.0","","","","","","",""
"2016.0","8.0","5.0","218.0","464.36","0.11","1.07","0.0","5.44","1.07","5.82","0.0","0.0","0.0","0.0","0.0","98.79","466.34","233.17","466.34","367.55","101.07","","","","","","",""
"2016.0","8.0","6.0","219.0","464.36","0.11","1.07","0.0","5.68","1.07","6.08","0.0","0.0","0.0","0.0","6.08","98.79","466.34","233.17","460.27","367.55","0.0","","","","","","",""
"2016.0","8.0","7.0","220.0","464.36","0.11","1.07","0.0","5.85","1.07","6.26","0.0","0.0","0.0","0.0","12.34","98.79","466.34","233.17","454.01","367.55","0.0","","","","","","",""
"2016.0","8.0","8.0","221.0","464.36","0.11","1.07","0.0","6.22","1.07","6.66","0.0","0.0","0.0","0.0","18.99","98.79","466.34","233.17","447.35","367.55","0.0","","","","","","",""
"2016.0","8.0","9.0","222.0","464.36","0.1","1.07","0.0","5.96","1.07","6.38","0.0","0.0","0.0","0.0","25.37","98.79","466.34","233.17","440.97","367.55","0.0","","","","","","",""
"2016.0","8.0","10.0","223.0","464.36","0.1","1.07","0.0","6.0","1.07","6.42","0.0","0.0","0.0","0.0","31.79","98.79","466.34","233.17","434.55","367.55","0.0","","","","","","",""
"2016.0","8.0","11.0","224.0","464.36","0.1","1.07","0.0","6.14","1.07","6.57","0.0","0.0","0.0","0.0","38.36","98.79","466.34","233.17","427.98","367.55","0.0","","","","","","",""
"2016.0","8.0","12.0","225.0","464.36","0.1","1.07","0.0","6.32","1.07","6.76","0.0","0.0","0.0","0.0","45.12","98.79","466.34","233.17","421.22","367.55","0.0","","","","","","",""
"2016.0","8.0","13.0","226.0","464.36","0.1","1.07","0.0","6.75","1.07","7.22","0.0","0.0","0.0","0.0","52.34","98.79","466.34","233.17","414.0","367.55","0.0","","","","","","",""
"2016.0","8.0","14.0","227.0","464.36","0.1","1.07","0.0","6.91","1.07","7.39","0.0","0.0","0.0","0.0","59.74","98.79","466.34","233.17","406.61","367.55","0.0","","","","","","",""
"2016.0","8.0","15.0","228.0","464.36","0.1","1.07","0.0","6.22","1.07","6.66","0.0","0.0","0.0","0.0","66.39","98.79","466.34","233.17","399.95","367.55","0.0","","","","","","",""
"2016.0","8.0","16.0","229.0","464.36","0.1","1.07","0.0","6.25","1.07","6.69","0.0","0.0","0.0","0.0","73.08","98.79","466.34","233.17","393.26","367.55","0.0","","","","","","",""
"2016.0","8.0","17.0","230.0","464.36","0.1","1.07","0.0","6.17","1.07","6.6","0.0","0.0","0.0","0.0","79.68","98.79","466.34","233.17","386.66","367.55","0.0","","","","","","",""
"2016.0","8.0","18.0","231.0","464.36","0.1","1.07","0.0","6.13","1.07","6.56","0.0","0.0","0.0","0.0","86.24","98.79","466.34","233.17","380.1","367.55","0.0","","","","","","",""
"2016.0","8.0","19.0","232.0","464.36","0.1","1.07","0.0","6.11","1.07","6.54","0.0","0.0","0.0","0.0","92.78","98.79","466.34","233.17","373.56","367.55","0.0","","","","","","",""
"2016.0","8.0","20.0","233.0","464.36","0.1","1.07","0.0","5.97","1.07","6.39","0.0","0.0","0.0","0.0","0.0","98.79","466.34","233.17","466.34","367.55","99.17","","","","","","",""
"2016.0","8.0","21.0","234.0","464.36","0.1","1.07","0.0","6.06","1.07","6.48","0.0","0.0","0.0","0.0","6.48","98.79","466.34","233.17","459.86","367.55","0.0","","","","","","",""
"2016.0","8.0","22.0","235.0","464.36","0.1","1.07","0.0","5.78","1.07","6.18","0.0","0.0","0.0","0.0","12.67","98.79","466.34","233.17","453.68","367.55","0.0","","","","","","",""
"2016.0","8.0","23.0","236.0","464.36","0.1","1.07","0.0","5.78","1.07","6.18","0.0","0.0","0.0","0.0","18.85","98.79","466.34","233.17","447.49","367.55","0.0","","","","","","",""
"2016.0","8.0","24.0","237.0","464.36","0.1","1.07","0.0","5.68","1.07","6.08","0.0","0.0","0.0","0.0","24.93","98.79","466.34","233.17","441.41","367.55","0.0","","","","","","",""
"2016.0","8.0","25.0","238.0","464.36","0.1","1.07","0.0","5.45","1.07","5.83","0.0","0.0","0.0","0.0","30.76","98.79","466.34","233.17","435.58","367.55","0.0","","","","","","",""
"2016.0","8.0","26.0","239.0","464.36","0.1","1.07","0.0","5.13","1.07","5.49","0.0","0.0","0.0","0.0","36.25","98.79","466.34","233.17","430.09","367.55","0.0","","","","","","",""
"2016.0","8.0","27.0","240.0","464.36","0.1","1.07","0.0","5.07","1.07","5.42","0.0","0.0","0.0","0.0","41.68","98.79","466.34","233.17","424.67","367.55","0.0","","","","","","",""
"2016.0","8.0","28.0","241.0","464.36","0.1","1.07","0.0","5.37","1.07","5.75","0.0","0.0","0.0","0.0","47.42","98.79","466.34","233.17","418.92","367.55","0.0","","","","","","",""
"2016.0","8.0","29.0","242.0","464.36","0.1","1.07","0.0","5.55","1.07","5.94","0.0","0.0","0.0","0.0","53.36","98.79","466.34","233.17","412.98","367.55","0.0","","","","","","",""
"2016.0","8.0","30.0","243.0","464.36","0.1","1.07","0.0","6.02","1.07","6.44","0.0","0.0","0.0","0.0","59.8","98.79","466.34","233.17","406.54","367.55","0.0","","","","","","",""
"2016.0","8.0","31.0","244.0","464.36","0.09","1.07","0.0","5.79","1.07","6.2","0.0","0.0","0.0","0.0","66.0","98.79","466.34","233.17","400.35","367.55","0.0","","","","","","",""
"2016.0","9.0","1.0","245.0","464.36","0.09","1.07","0.0","5.01","1.07","5.36","0.0","0.0","0.0","0.0","71.36","98.79","466.34","233.17","394.99","367.55","0.0","","","","","","",""
"2016.0","9.0","2.0","246.0","464.36","0.09","1.07","0.0","5.11","1.07","5.47","0.0","0.0","0.0","0.0","76.83","98.79","466.34","233.17","389.52","367.55","0.0","","","","","","",""
"2016.0","9.0","3.0","247.0","464.36","0.09","1.07","0.0","5.0","1.07","5.35","0.0","0.0","0.0","0.0","82.18","98.79","466.34","233.17","384.17","367.55","0.0","","","","","","",""
"2016.0","9.0","4.0","248.0","464.36","0.09","1.07","0.0","4.55","1.07","4.87","0.0","0.0","0.0","0.0","87.04","98.79","466.34","233.17","379.3","367.55","0.0","","","","","","",""
"2016.0","9.0","5.0","249.0","464.36","0.09","1.07","0.0","5.22","1.07","5.59","0.0","0.0","0.0","0.0","92.63","98.79","466.34","233.17","373.71","367.55","0.0","","","","","","",""
"2016.0","9.0","6.0","250.0","464.36","0.09","1.07","0.0","4.99","1.07","5.34","0.0","0.0","0.0","0.0","97.97","98.79","466.34","233.17","368.37","367.55","0.0","","","","","","",""
"2016.0","9.0","7.0","251.0","464.36","0.09","1.07","0.0","5.6","1.07","5.99","0.0","0.0","0.0","0.0","0.0","98.79","466.34","233.17","466.34","367.55","103.96","","","","","","",""
"2016.0","9.0","8.0","252.0","464.36","0.09","1.07","0.0","5.47","1.07","5.85","0.0","0.0","0.0","0.0","5.85","98.79","466.34","233.17","460.49","367.55","0.0","","","","","","",""
"2016.0","9.0","9.0","253.0","464.36","0.09","1.07","0.0","5.19","1.07","5.55","0.0","0.0","0.0","0.0","11.41","98.79","466.34","233.17","454.94","367.55","0.0","","","","","","",""
"2016.0","9.0","10.0","254.0","464.36","0.09","1.07","0.0","5.22","1.07","5.59","0.0","0.0","0.0","0.0","16.99","98.79","466.34","233.17","449.35","367.55","0.0","","","","","","",""
"2016.0","9.0","11.0","255.0","464.36","0.09","1.07","0.0","4.69","1.07","5.02","0.0","0.0","0.0","0.0","22.01","98.79","466.34","233.17","444.33","367.55","0.0","","","","","","",""
"2016.0","9.0","12.0","256.0","464.36","0.09","1.07","0.0","4.31","1.07","4.61","0.0","0.0","0.0","0.0","26.62","98.79","466.34","233.17","439.72","367.55","0.0","","","","","","",""
"2016.0","9.0","13.0","257.0","464.36","0.09","1.07","0.0","3.86","1.07","4.13","0.0","0.0","0.0","0.0","30.75","98.79","466.34","233.17","435.59","367.55","0.0","","","","","","",""
"2016.0","9.0","14.0","258.0","464.36","0.09","1.07","0.0","4.22","1.07","4.52","0.0","0.0","0.0","0.0","35.27","98.79","466.34","233.17","431.08","367.55","0.0","","","","","","",""
"2016.0","9.0","15.0","259.0","464.36","0.09","1.07","0.0","4.56","1.07","4.88","0.0","0.0","0.0","0.0","40.15","98.79","466.34","233.17","426.2","367.55","0.0","","","","","","",""
"2016.0","9.0","16.0","260.0","464.36","0.09","1.07","0.0","4.72","1.07","5.05","0.0","0.0","0.0","0.0","45.2","98.79","466.34","233.17","421.15","367.55","0.0","","","","","","",""
"2016.0","9.0","17.0","261.0","464.36","0.09","1.07","0.0","4.74","1.07","5.07","0.0","0.0","0.0","0.0","50.27","98.79","466.34","233.17","416.08","367.55","0.0","","","","","","",""
"2016.0","9.0","18.0","262.0","464.36","0.09","1.07","0.0","4.65","1.07","4.98","0.0","0.0","0.0","0.0","55.24","98.79","466.34","233.17","411.1","367.55","0.0","","","","","","",""
"2016.0","9.0","19.0","263.0","464.36","0.09","1.07","0.0","5.09","1.07","5.45","0.0","0.0","0.0","0.0","60.69","98.79","466.34","233.17","405.65","367.55","0.0","","","","","","",""
"2016.0","9.0","20.0","264.0","464.36","0.09","1.06","0.0","5.49","1.06","5.84","0.0","0.0","0.0","0.0","66.53","98.79","466.34","233.17","399.81","367.55","0.0","","","","","","",""
"2016.0","9.0","21.0","265.0","464.36","0.09","1.06","0.0","5.4","1.06","5.71","0.0","0.0","0.0","0.0","72.24","98.79","466.34","233.17","394.11","367.55","0.0","","","","","","",""
"2016.0","9.0","22.0","266.0","464.36","0.09","1.05","0.0","4.35","1.05","4.57","0.0","0.0","0.0","0.0","76.81","98.79","466.34","233.17","389.54","367.55","0.0","","","","","","",""
"2016.0","9.0","23.0","267.0","464.36","0.09","1.04","0.0","4.54","1.04","4.74","0.0","0.0","0.0","0.0","81.55","116.59","466.34","233.17","384.79","349.76","0.0","","","","","","",""
"2016.0","9.0","24.0","268.0","464.36","0.09","1.04","0.0","4.49","1.04","4.66","0.0","0.0","0.0","0.0","86.21","116.59","466.34","233.17","380.13","349.76","0.0","","","","","","",""
"2016.0","9.0","25.0","269.0","464.36","0.09","1.03","0.0","4.2","1.03","4.33","0.0","0.0","0.0","0.0","90.54","116.59","466.34","233.17","375.8","349.76","0.0","","","","","","",""
"2016.0","9.0","26.0","270.0","464.36","0.09","1.03","0.0","4.51","1.03","4.62","0.0","0.0","0.0","0.0","95.16","116.59","466.34","233.17","371.18","349.76","0.0","","","","","","",""
"2016.0","9.0","27.0","271.0","464.36","0.09","1.02","0.0","4.62","1.02","4.71","0.0","0.0","0.0","0.0","99.87","116.59","466.34","233.17","366.47","349.76","0.0","","","","","","",""
"2016.0","9.0","28.0","272.0","464.36","0.09","1.01","0.0","4.51","1.01","4.56","0.0","0.0","0.0","0.0","104.43","116.59","466.34","233.17","361.91","349.76","0.0","","","","","","",""
"2016.0","9.0","29.0","273.0","464.36","0.09","1.01","0.0","4.4","1.01","4.43","0.0","0.0","0.0","0.0","108.86","116.59","466.34","233.17","357.48","349.76","0.0","","","","","","",""
"2016.0","9.0","30.0","274.0","464.36","0.09","1.0","0.0","3.46","1.0","3.46","1.26","1.26","0.0","0.0","111.06","116.59","466.34","233.17","355.29","349.76","0.0","","","","","","",""
