" Daily soil water balance output for Pasture in 185_Alameda DAU_Co within 06_San Joaquin River for WY 2016","","","","","","","","","","","","","","","","","","","","","","","Monthly output for Pasture at 185_Alameda DAU_Co within 06_San Joaquin River for WY 2016","","","","",""
"Year","Mon","Day","DOY"," Area","OKc","IKc","CCKc","ETo","Kc","ETc","Pcp","Er","Spg","Espg","SWD","SWDx","FC","PWP","SWC"," YT ","NA","","Year","Mon"," Area","ETo","ETc","ETc"
" #  "," # "," # ","  #","Acres","   ","   ","    "," mm","mm"," mm"," mm","mm"," mm"," mm "," mm"," mm ","mm"," mm"," mm"," mm"," mm","","#  "," # "," Acres"," mm"," mm","acre-ft"
"2015.0","10.0","1.0","274.0","322.25","0.09","0.95","0.0","3.46","0.95","3.29","2.43","2.43","0.0","0.0","2.91","50.68","214.58","107.29","211.67","163.9","0.0","","2015.0","10.0","322.25","105.07","99.82","105.534760499"
"2015.0","10.0","2.0","275.0","322.25","0.09","0.95","0.0","4.19","0.95","3.98","0.0","0.0","0.0","0.0","6.89","50.68","214.58","107.29","207.69","163.9","0.0","","2015.0","11.0","322.25","47.51","50.67","53.570890748"
"2015.0","10.0","3.0","276.0","322.25","0.09","0.95","0.0","4.26","0.95","4.05","0.0","0.0","0.0","0.0","10.94","50.68","214.58","107.29","203.64","163.9","0.0","","2015.0","12.0","322.25","32.91","37.62","39.773769685"
"2015.0","10.0","4.0","277.0","322.25","0.09","0.95","0.0","3.51","0.95","3.33","0.0","0.0","0.0","0.0","14.27","50.68","214.58","107.29","200.31","163.9","0.0","","2016.0","1.0","322.25","33.63","39.11","41.3490731627"
"2015.0","10.0","5.0","278.0","322.25","0.09","0.95","0.0","3.33","0.95","3.16","0.0","0.0","0.0","0.0","17.43","50.68","214.58","107.29","197.14","163.9","0.0","","2016.0","2.0","322.25","60.32","58.94","62.3143536745"
"2015.0","10.0","6.0","279.0","322.25","0.09","0.95","0.0","3.33","0.95","3.16","0.0","0.0","0.0","0.0","20.6","50.68","214.58","107.29","193.98","163.9","0.0","","2016.0","3.0","322.25","82.48","82.34","87.0540190289"
"2015.0","10.0","7.0","280.0","322.25","0.09","0.95","0.0","3.41","0.95","3.24","0.0","0.0","0.0","0.0","23.84","50.68","214.58","107.29","190.74","163.9","0.0","","2016.0","4.0","322.25","126.41","121.82","128.794274934"
"2015.0","10.0","8.0","281.0","322.25","0.09","0.95","0.0","3.55","0.95","3.37","0.0","0.0","0.0","0.0","27.21","50.68","214.58","107.29","187.37","163.9","0.0","","2016.0","5.0","322.25","157.45","150.5","159.116223753"
"2015.0","10.0","9.0","282.0","322.25","0.09","0.95","0.0","4.28","0.95","4.07","0.0","0.0","0.0","0.0","31.28","50.68","214.58","107.29","183.3","163.9","0.0","","2016.0","6.0","322.25","198.28","188.37","199.154306102"
"2015.0","10.0","10.0","283.0","322.25","0.09","0.95","0.0","3.98","0.95","3.78","0.0","0.0","0.0","0.0","35.06","50.68","214.58","107.29","179.52","163.9","0.0","","2016.0","7.0","322.25","205.37","195.13","206.301320538"
"2015.0","10.0","11.0","284.0","322.25","0.09","0.95","0.0","3.67","0.95","3.49","0.0","0.0","0.0","0.0","38.54","50.68","214.58","107.29","176.04","163.9","0.0","","2016.0","8.0","322.25","181.4","172.33","182.196005577"
"2015.0","10.0","12.0","285.0","322.25","0.09","0.95","0.0","3.66","0.95","3.48","0.0","0.0","0.0","0.0","42.02","50.68","214.58","107.29","172.56","163.9","0.0","","2016.0","9.0","322.25","136.5","129.69","137.114837598"
"2015.0","10.0","13.0","286.0","322.25","0.09","0.95","0.0","4.12","0.95","3.91","0.0","0.0","0.0","0.0","45.93","50.68","214.58","107.29","168.64","163.9","0.0","","","","","","",""
"2015.0","10.0","14.0","287.0","322.25","0.09","0.95","0.0","4.14","0.95","3.93","0.0","0.0","0.0","0.0","49.87","50.68","214.58","107.29","164.71","163.9","0.0","","","","","","",""
"2015.0","10.0","15.0","288.0","322.25","0.09","0.95","0.0","3.64","0.95","3.46","0.0","0.0","0.0","0.0","0.0","50.68","214.58","107.29","214.58","163.9","53.33","","","","","","",""
"2015.0","10.0","16.0","289.0","322.25","0.09","0.95","0.0","3.67","0.95","3.49","0.0","0.0","0.0","0.0","3.49","50.68","214.58","107.29","211.09","163.9","0.0","","","","","","",""
"2015.0","10.0","17.0","290.0","322.25","0.09","0.95","0.0","3.08","0.95","2.93","0.0","0.0","0.0","0.0","6.41","50.68","214.58","107.29","208.17","163.9","0.0","","","","","","",""
"2015.0","10.0","18.0","291.0","322.25","0.09","0.95","0.0","2.82","0.95","2.68","0.0","0.0","0.0","0.0","9.09","50.68","214.58","107.29","205.49","163.9","0.0","","","","","","",""
"2015.0","10.0","19.0","292.0","322.25","0.09","0.95","0.0","2.69","0.95","2.56","0.0","0.0","0.0","0.0","11.65","50.68","214.58","107.29","202.93","163.9","0.0","","","","","","",""
"2015.0","10.0","20.0","293.0","322.25","0.09","0.95","0.0","3.98","0.95","3.78","0.0","0.0","0.0","0.0","15.43","50.68","214.58","107.29","199.15","163.9","0.0","","","","","","",""
"2015.0","10.0","21.0","294.0","322.25","0.09","0.95","0.0","3.34","0.95","3.17","0.0","0.0","0.0","0.0","18.6","50.68","214.58","107.29","195.98","163.9","0.0","","","","","","",""
"2015.0","10.0","22.0","295.0","322.25","0.09","0.95","0.0","2.96","0.95","2.81","0.0","0.0","0.0","0.0","21.41","50.68","214.58","107.29","193.17","163.9","0.0","","","","","","",""
"2015.0","10.0","23.0","296.0","322.25","0.09","0.95","0.0","2.7","0.95","2.57","0.0","0.0","0.0","0.0","23.98","50.68","214.58","107.29","190.6","163.9","0.0","","","","","","",""
"2015.0","10.0","24.0","297.0","322.25","0.09","0.95","0.0","2.54","0.95","2.41","0.0","0.0","0.0","0.0","26.39","50.68","214.58","107.29","188.19","163.9","0.0","","","","","","",""
"2015.0","10.0","25.0","298.0","322.25","0.09","0.95","0.0","3.11","0.95","2.95","0.0","0.0","0.0","0.0","29.35","50.68","214.58","107.29","185.23","163.9","0.0","","","","","","",""
"2015.0","10.0","26.0","299.0","322.25","0.09","0.95","0.0","2.52","0.95","2.39","0.0","0.0","0.0","0.0","31.74","50.68","214.58","107.29","182.84","163.9","0.0","","","","","","",""
"2015.0","10.0","27.0","300.0","322.25","0.09","0.95","0.0","2.07","0.95","1.97","0.0","0.0","0.0","0.0","33.71","50.68","214.58","107.29","180.87","163.9","0.0","","","","","","",""
"2015.0","10.0","28.0","301.0","322.25","0.09","0.95","0.0","2.26","0.95","2.15","0.0","0.0","0.0","0.0","35.85","50.68","214.58","107.29","178.73","163.9","0.0","","","","","","",""
"2015.0","10.0","29.0","302.0","322.25","0.09","0.95","0.0","4.17","0.95","3.96","0.0","0.0","0.0","0.0","39.81","50.68","214.58","107.29","174.76","163.9","0.0","","","","","","",""
"2015.0","10.0","30.0","303.0","322.25","0.09","0.95","0.0","3.49","0.95","3.32","0.0","0.0","0.0","0.0","43.13","50.68","214.58","107.29","171.45","163.9","0.0","","","","","","",""
"2015.0","10.0","31.0","304.0","322.25","0.09","0.95","0.0","3.14","0.95","2.98","0.0","0.0","0.0","0.0","46.11","50.68","214.58","107.29","168.47","163.9","0.0","","","","","","",""
"2015.0","11.0","1.0","305.0","322.25","0.09","0.95","0.0","2.32","0.95","2.2","0.0","0.0","0.0","0.0","48.32","50.68","214.58","107.29","166.26","163.9","0.0","","","","","","",""
"2015.0","11.0","2.0","306.0","322.25","1.17","0.95","0.0","1.32","1.17","1.54","18.6","18.6","0.0","0.0","31.26","50.68","214.58","107.29","183.32","163.9","0.0","","","","","","",""
"2015.0","11.0","3.0","307.0","322.25","1.13","0.95","0.0","2.14","1.13","2.43","15.24","15.24","0.0","0.0","18.45","50.68","214.58","107.29","196.13","163.9","0.0","","","","","","",""
"2015.0","11.0","4.0","308.0","322.25","1.12","0.95","0.0","2.99","1.12","3.34","0.0","0.0","0.0","0.0","21.79","50.68","214.58","107.29","192.79","163.9","0.0","","","","","","",""
"2015.0","11.0","5.0","309.0","322.25","1.06","0.95","0.0","1.72","1.06","1.82","0.0","0.0","0.0","0.0","23.6","50.68","214.58","107.29","190.98","163.9","0.0","","","","","","",""
"2015.0","11.0","6.0","310.0","322.25","0.93","0.95","0.0","1.91","0.95","1.81","0.0","0.0","0.0","0.0","25.42","50.68","214.58","107.29","189.16","163.9","0.0","","","","","","",""
"2015.0","11.0","7.0","311.0","322.25","0.86","0.95","0.0","1.67","0.95","1.59","0.0","0.0","0.0","0.0","27.0","50.68","214.58","107.29","187.58","163.9","0.0","","","","","","",""
"2015.0","11.0","8.0","312.0","322.25","0.81","0.95","0.0","1.23","0.95","1.17","0.0","0.0","0.0","0.0","28.17","50.68","214.58","107.29","186.41","163.9","0.0","","","","","","",""
"2015.0","11.0","9.0","313.0","322.25","1.18","0.95","0.0","1.09","1.18","1.28","2.21","2.21","0.0","0.0","27.24","50.68","214.58","107.29","187.34","163.9","0.0","","","","","","",""
"2015.0","11.0","10.0","314.0","322.25","1.17","0.95","0.0","1.23","1.17","1.44","6.76","6.76","0.0","0.0","21.92","50.68","214.58","107.29","192.66","163.9","0.0","","","","","","",""
"2015.0","11.0","11.0","315.0","322.25","1.17","0.95","0.0","1.24","1.17","1.45","0.0","0.0","0.0","0.0","23.38","50.68","214.58","107.29","191.2","163.9","0.0","","","","","","",""
"2015.0","11.0","12.0","316.0","322.25","1.17","0.95","0.0","1.43","1.17","1.67","0.0","0.0","0.0","0.0","25.05","50.68","214.58","107.29","189.53","163.9","0.0","","","","","","",""
"2015.0","11.0","13.0","317.0","322.25","1.17","0.95","0.0","1.39","1.17","1.62","0.0","0.0","0.0","0.0","26.67","50.68","214.58","107.29","187.91","163.9","0.0","","","","","","",""
"2015.0","11.0","14.0","318.0","322.25","1.09","0.95","0.0","1.39","1.09","1.51","0.0","0.0","0.0","0.0","28.18","50.68","214.58","107.29","186.4","163.9","0.0","","","","","","",""
"2015.0","11.0","15.0","319.0","322.25","1.14","0.95","0.0","1.93","1.14","2.21","1.66","1.66","0.0","0.0","28.72","50.68","214.58","107.29","185.86","163.9","0.0","","","","","","",""
"2015.0","11.0","16.0","320.0","322.25","1.13","0.95","0.0","2.73","1.13","3.08","2.02","2.02","0.0","0.0","29.78","50.68","214.58","107.29","184.8","163.9","0.0","","","","","","",""
"2015.0","11.0","17.0","321.0","322.25","1.12","0.95","0.0","1.45","1.12","1.63","0.0","0.0","0.0","0.0","31.41","50.68","214.58","107.29","183.17","163.9","0.0","","","","","","",""
"2015.0","11.0","18.0","322.0","322.25","1.02","0.95","0.0","1.32","1.02","1.35","0.0","0.0","0.0","0.0","32.75","50.68","214.58","107.29","181.82","163.9","0.0","","","","","","",""
"2015.0","11.0","19.0","323.0","322.25","0.94","0.95","0.0","1.34","0.95","1.27","0.0","0.0","0.0","0.0","34.03","50.68","214.58","107.29","180.55","163.9","0.0","","","","","","",""
"2015.0","11.0","20.0","324.0","322.25","0.87","0.95","0.0","1.57","0.95","1.49","0.0","0.0","0.0","0.0","35.52","50.68","214.58","107.29","179.06","163.9","0.0","","","","","","",""
"2015.0","11.0","21.0","325.0","322.25","0.81","0.95","0.0","1.49","0.95","1.42","0.0","0.0","0.0","0.0","36.93","50.68","214.58","107.29","177.64","163.9","0.0","","","","","","",""
"2015.0","11.0","22.0","326.0","322.25","0.77","0.95","0.0","1.34","0.95","1.27","0.0","0.0","0.0","0.0","38.21","50.68","214.58","107.29","176.37","163.9","0.0","","","","","","",""
"2015.0","11.0","23.0","327.0","322.25","0.73","0.95","0.0","1.32","0.95","1.25","0.0","0.0","0.0","0.0","39.46","50.68","214.58","107.29","175.12","163.9","0.0","","","","","","",""
"2015.0","11.0","24.0","328.0","322.25","0.7","0.95","0.0","1.38","0.95","1.31","0.0","0.0","0.0","0.0","40.77","50.68","214.58","107.29","173.81","163.9","0.0","","","","","","",""
"2015.0","11.0","25.0","329.0","322.25","1.18","0.95","0.0","1.05","1.18","1.24","3.55","3.55","0.0","0.0","38.46","50.68","214.58","107.29","176.12","163.9","0.0","","","","","","",""
"2015.0","11.0","26.0","330.0","322.25","1.17","0.95","0.0","1.52","1.17","1.78","0.0","0.0","0.0","0.0","40.24","50.68","214.58","107.29","174.34","163.9","0.0","","","","","","",""
"2015.0","11.0","27.0","331.0","322.25","1.16","0.95","0.0","2.02","1.16","2.34","0.0","0.0","0.0","0.0","42.58","50.68","214.58","107.29","172.0","163.9","0.0","","","","","","",""
"2015.0","11.0","28.0","332.0","322.25","1.12","0.95","0.0","1.6","1.12","1.8","0.0","0.0","0.0","0.0","44.38","50.68","214.58","107.29","170.2","163.9","0.0","","","","","","",""
"2015.0","11.0","29.0","333.0","322.25","1.02","0.95","0.0","1.37","1.02","1.39","0.0","0.0","0.0","0.0","45.77","50.68","214.58","107.29","168.81","163.9","0.0","","","","","","",""
"2015.0","11.0","30.0","334.0","322.25","0.96","0.95","0.0","1.01","0.96","0.97","0.0","0.0","0.0","0.0","46.74","50.68","214.58","107.29","167.84","163.9","0.0","","","","","","",""
"2015.0","12.0","1.0","335.0","322.25","0.89","0.95","0.0","1.29","0.95","1.23","0.0","0.0","0.0","0.0","47.96","50.68","214.58","107.29","166.62","163.9","0.0","","","","","","",""
"2015.0","12.0","2.0","336.0","322.25","0.85","0.95","0.0","1.16","0.95","1.1","0.0","0.0","0.0","0.0","49.07","50.68","214.58","107.29","165.51","163.9","0.0","","","","","","",""
"2015.0","12.0","3.0","337.0","322.25","0.8","0.95","0.0","1.23","0.95","1.17","0.0","0.0","0.0","0.0","50.23","50.68","214.58","107.29","164.34","163.9","0.0","","","","","","",""
"2015.0","12.0","4.0","338.0","322.25","1.18","0.95","0.0","1.03","1.18","1.21","2.99","2.99","0.0","0.0","48.46","50.68","214.58","107.29","166.12","163.9","0.0","","","","","","",""
"2015.0","12.0","5.0","339.0","322.25","1.18","0.95","0.0","0.76","1.18","0.9","0.0","0.0","0.0","0.0","49.36","50.68","214.58","107.29","165.22","163.9","0.0","","","","","","",""
"2015.0","12.0","6.0","340.0","322.25","1.18","0.95","0.0","1.29","1.18","1.52","0.0","0.0","0.0","0.0","0.0","50.68","214.58","107.29","214.58","163.9","50.88","","","","","","",""
"2015.0","12.0","7.0","341.0","322.25","1.18","0.95","0.0","0.95","1.18","1.12","0.0","0.0","0.0","0.0","1.12","50.68","214.58","107.29","213.46","163.9","0.0","","","","","","",""
"2015.0","12.0","8.0","342.0","322.25","1.18","0.95","0.0","0.65","1.18","0.77","0.0","0.0","0.0","0.0","1.89","50.68","214.58","107.29","212.69","163.9","0.0","","","","","","",""
"2015.0","12.0","9.0","343.0","322.25","1.18","0.95","0.0","1.04","1.18","1.23","0.0","0.0","0.0","0.0","3.12","50.68","214.58","107.29","211.46","163.9","0.0","","","","","","",""
"2015.0","12.0","10.0","344.0","322.25","1.07","0.95","0.0","1.22","1.07","1.31","0.02","0.02","0.0","0.0","4.41","50.68","214.58","107.29","210.17","163.9","0.0","","","","","","",""
"2015.0","12.0","11.0","345.0","322.25","1.17","0.95","0.0","1.14","1.17","1.34","9.01","5.75","0.0","0.0","0.0","50.68","214.58","107.29","214.58","163.9","0.0","","","","","","",""
"2015.0","12.0","12.0","346.0","322.25","1.18","0.95","0.0","0.93","1.18","1.1","0.23","0.23","0.0","0.0","0.87","50.68","214.58","107.29","213.71","163.9","0.0","","","","","","",""
"2015.0","12.0","13.0","347.0","322.25","1.17","0.95","0.0","1.35","1.17","1.59","0.0","0.0","0.0","0.0","2.45","50.68","214.58","107.29","212.13","163.9","0.0","","","","","","",""
"2015.0","12.0","14.0","348.0","322.25","1.15","0.95","0.0","1.66","1.15","1.91","9.32","4.37","0.0","0.0","0.0","50.68","214.58","107.29","214.58","163.9","0.0","","","","","","",""
"2015.0","12.0","15.0","349.0","322.25","1.15","0.95","0.0","1.73","1.15","1.99","0.0","0.0","0.0","0.0","1.99","50.68","214.58","107.29","212.59","163.9","0.0","","","","","","",""
"2015.0","12.0","16.0","350.0","322.25","1.16","0.95","0.0","0.97","1.16","1.13","0.0","0.0","0.0","0.0","3.12","50.68","214.58","107.29","211.46","163.9","0.0","","","","","","",""
"2015.0","12.0","17.0","351.0","322.25","1.17","0.95","0.0","0.99","1.17","1.15","0.0","0.0","0.0","0.0","4.28","50.68","214.58","107.29","210.3","163.9","0.0","","","","","","",""
"2015.0","12.0","18.0","352.0","322.25","1.1","0.95","0.0","1.17","1.1","1.29","0.0","0.0","0.0","0.0","5.56","50.68","214.58","107.29","209.02","163.9","0.0","","","","","","",""
"2015.0","12.0","19.0","353.0","322.25","1.19","0.95","0.0","0.83","1.19","0.99","3.17","3.17","0.0","0.0","3.38","50.68","214.58","107.29","211.2","163.9","0.0","","","","","","",""
"2015.0","12.0","20.0","354.0","322.25","1.19","0.95","0.0","0.63","1.19","0.75","1.4","1.4","0.0","0.0","2.73","50.68","214.58","107.29","211.85","163.9","0.0","","","","","","",""
"2015.0","12.0","21.0","355.0","322.25","1.19","0.95","0.0","0.7","1.19","0.83","2.38","2.38","0.0","0.0","1.18","50.68","214.58","107.29","213.39","163.9","0.0","","","","","","",""
"2015.0","12.0","22.0","356.0","322.25","1.17","0.95","0.0","1.24","1.17","1.45","14.27","2.64","0.0","0.0","0.0","50.68","214.58","107.29","214.58","163.9","0.0","","","","","","",""
"2015.0","12.0","23.0","357.0","322.25","1.16","0.95","0.0","1.56","1.16","1.81","2.56","1.81","0.0","0.0","0.0","50.68","214.58","107.29","214.58","163.9","0.0","","","","","","",""
"2015.0","12.0","24.0","358.0","322.25","1.17","0.95","0.0","1.0","1.17","1.17","0.03","0.03","0.0","0.0","1.14","50.68","214.58","107.29","213.44","163.9","0.0","","","","","","",""
"2015.0","12.0","25.0","359.0","322.25","1.18","0.95","0.0","0.94","1.18","1.11","4.28","2.25","0.0","0.0","0.0","50.68","214.58","107.29","214.58","163.9","0.0","","","","","","",""
"2015.0","12.0","26.0","360.0","322.25","1.17","0.95","0.0","1.4","1.17","1.64","0.0","0.0","0.0","0.0","1.64","50.68","214.58","107.29","212.94","163.9","0.0","","","","","","",""
"2015.0","12.0","27.0","361.0","322.25","1.18","0.95","0.0","0.6","1.18","0.71","0.0","0.0","0.0","0.0","2.35","50.68","214.58","107.29","212.23","163.9","0.0","","","","","","",""
"2015.0","12.0","28.0","362.0","322.25","1.19","0.95","0.0","0.72","1.19","0.86","2.01","2.01","0.0","0.0","1.2","50.68","214.58","107.29","213.38","163.9","0.0","","","","","","",""
"2015.0","12.0","29.0","363.0","322.25","1.19","0.95","0.0","0.93","1.19","1.1","0.0","0.0","0.0","0.0","2.3","50.68","214.58","107.29","212.28","163.9","0.0","","","","","","",""
"2015.0","12.0","30.0","364.0","322.25","1.19","0.95","0.0","0.8","1.19","0.95","0.0","0.0","0.0","0.0","3.25","50.68","214.58","107.29","211.33","163.9","0.0","","","","","","",""
"2015.0","12.0","31.0","365.0","322.25","1.19","0.95","0.0","1.0","1.19","1.19","0.0","0.0","0.0","0.0","4.44","50.68","214.58","107.29","210.14","163.9","0.0","","","","","","",""
"2016.0","1.0","1.0","1.0","322.25","1.18","0.95","0.0","1.23","1.18","1.45","0.0","0.0","0.0","0.0","5.89","52.29","214.58","107.29","208.69","162.29","0.0","","","","","","",""
"2016.0","1.0","2.0","2.0","322.25","1.18","0.95","0.0","1.08","1.18","1.27","0.0","0.0","0.0","0.0","7.16","52.29","214.58","107.29","207.41","162.29","0.0","","","","","","",""
"2016.0","1.0","3.0","3.0","322.25","1.08","0.95","0.0","1.14","1.08","1.23","0.0","0.0","0.0","0.0","8.39","52.29","214.58","107.29","206.19","162.29","0.0","","","","","","",""
"2016.0","1.0","4.0","4.0","322.25","1.18","0.95","0.0","0.99","1.18","1.17","1.78","1.78","0.0","0.0","7.78","52.29","214.58","107.29","206.8","162.29","0.0","","","","","","",""
"2016.0","1.0","5.0","5.0","322.25","1.18","0.95","0.0","0.89","1.18","1.05","11.4","8.83","0.0","0.0","0.0","52.29","214.58","107.29","214.58","162.29","0.0","","","","","","",""
"2016.0","1.0","6.0","6.0","322.25","1.19","0.95","0.0","0.83","1.19","0.99","11.28","0.99","0.0","0.0","0.0","52.29","214.58","107.29","214.58","162.29","0.0","","","","","","",""
"2016.0","1.0","7.0","7.0","322.25","1.19","0.95","0.0","0.65","1.19","0.78","5.87","0.78","0.0","0.0","0.0","52.29","214.58","107.29","214.58","162.29","0.0","","","","","","",""
"2016.0","1.0","8.0","8.0","322.25","1.19","0.95","0.0","0.72","1.19","0.86","0.0","0.0","0.0","0.0","0.86","52.29","214.58","107.29","213.72","162.29","0.0","","","","","","",""
"2016.0","1.0","9.0","9.0","322.25","1.19","0.95","0.0","0.94","1.19","1.12","0.49","0.49","0.0","0.0","1.49","52.29","214.58","107.29","213.09","162.29","0.0","","","","","","",""
"2016.0","1.0","10.0","10.0","322.25","1.19","0.95","0.0","0.89","1.19","1.06","0.59","0.59","0.0","0.0","1.95","52.29","214.58","107.29","212.63","162.29","0.0","","","","","","",""
"2016.0","1.0","11.0","11.0","322.25","1.19","0.95","0.0","0.97","1.19","1.15","0.0","0.0","0.0","0.0","3.1","52.29","214.58","107.29","211.47","162.29","0.0","","","","","","",""
"2016.0","1.0","12.0","12.0","322.25","1.19","0.95","0.0","0.93","1.19","1.1","0.0","0.0","0.0","0.0","4.21","52.29","214.58","107.29","210.37","162.29","0.0","","","","","","",""
"2016.0","1.0","13.0","13.0","322.25","1.17","0.95","0.0","1.36","1.17","1.59","1.62","1.62","0.0","0.0","4.17","52.29","214.58","107.29","210.41","162.29","0.0","","","","","","",""
"2016.0","1.0","14.0","14.0","322.25","1.19","0.95","0.0","0.75","1.19","0.89","1.14","1.14","0.0","0.0","3.93","52.29","214.58","107.29","210.65","162.29","0.0","","","","","","",""
"2016.0","1.0","15.0","15.0","322.25","1.18","0.95","0.0","1.02","1.18","1.2","2.68","2.68","0.0","0.0","2.45","52.29","214.58","107.29","212.13","162.29","0.0","","","","","","",""
"2016.0","1.0","16.0","16.0","322.25","1.18","0.95","0.0","0.9","1.18","1.07","7.78","3.51","0.0","0.0","0.0","52.29","214.58","107.29","214.58","162.29","0.0","","","","","","",""
"2016.0","1.0","17.0","17.0","322.25","1.19","0.95","0.0","0.78","1.19","0.93","2.89","0.93","0.0","0.0","0.0","52.29","214.58","107.29","214.58","162.29","0.0","","","","","","",""
"2016.0","1.0","18.0","18.0","322.25","1.17","0.95","0.0","1.2","1.17","1.41","28.9","1.41","0.0","0.0","0.0","52.29","214.58","107.29","214.58","162.29","0.0","","","","","","",""
"2016.0","1.0","19.0","19.0","322.25","1.17","0.95","0.0","1.25","1.17","1.46","8.8","1.46","0.0","0.0","0.0","52.29","214.58","107.29","214.58","162.29","0.0","","","","","","",""
"2016.0","1.0","20.0","20.0","322.25","1.18","0.95","0.0","1.1","1.18","1.29","10.62","1.29","0.0","0.0","0.0","52.29","214.58","107.29","214.58","162.29","0.0","","","","","","",""
"2016.0","1.0","21.0","21.0","322.25","1.18","0.95","0.0","1.1","1.18","1.29","0.0","0.0","0.0","0.0","1.29","52.29","214.58","107.29","213.29","162.29","0.0","","","","","","",""
"2016.0","1.0","22.0","22.0","322.25","1.18","0.95","0.0","1.11","1.18","1.31","1.09","1.09","0.0","0.0","1.51","52.29","214.58","107.29","213.07","162.29","0.0","","","","","","",""
"2016.0","1.0","23.0","23.0","322.25","1.17","0.95","0.0","1.37","1.17","1.6","8.71","3.11","0.0","0.0","0.0","52.29","214.58","107.29","214.58","162.29","0.0","","","","","","",""
"2016.0","1.0","24.0","24.0","322.25","1.17","0.95","0.0","1.17","1.17","1.37","1.12","1.12","0.0","0.0","0.25","52.29","214.58","107.29","214.33","162.29","0.0","","","","","","",""
"2016.0","1.0","25.0","25.0","322.25","1.17","0.95","0.0","1.04","1.17","1.22","0.0","0.0","0.0","0.0","1.47","52.29","214.58","107.29","213.11","162.29","0.0","","","","","","",""
"2016.0","1.0","26.0","26.0","322.25","1.17","0.95","0.0","1.13","1.17","1.33","0.0","0.0","0.0","0.0","2.79","52.29","214.58","107.29","211.79","162.29","0.0","","","","","","",""
"2016.0","1.0","27.0","27.0","322.25","1.15","0.95","0.0","1.28","1.15","1.47","0.0","0.0","0.0","0.0","4.26","52.29","214.58","107.29","210.31","162.29","0.0","","","","","","",""
"2016.0","1.0","28.0","28.0","322.25","1.07","0.95","0.0","0.92","1.07","0.99","0.0","0.0","0.0","0.0","5.25","52.29","214.58","107.29","209.33","162.29","0.0","","","","","","",""
"2016.0","1.0","29.0","29.0","322.25","1.0","0.95","0.0","1.08","1.0","1.08","0.0","0.0","0.0","0.0","6.33","52.29","214.58","107.29","208.25","162.29","0.0","","","","","","",""
"2016.0","1.0","30.0","30.0","322.25","1.16","0.95","0.0","1.59","1.16","1.84","2.9","2.9","0.0","0.0","5.27","52.29","214.58","107.29","209.31","162.29","0.0","","","","","","",""
"2016.0","1.0","31.0","31.0","322.25","1.14","0.95","0.0","2.22","1.14","2.54","1.0","1.0","0.0","0.0","6.8","52.29","214.58","107.29","207.77","162.29","0.0","","","","","","",""
"2016.0","2.0","1.0","32.0","322.25","1.09","0.95","0.0","2.68","1.09","2.91","1.55","1.55","0.0","0.0","8.17","52.29","214.58","107.29","206.41","162.29","0.0","","","","","","",""
"2016.0","2.0","2.0","33.0","322.25","1.0","0.95","0.0","1.2","1.0","1.2","0.27","0.27","0.0","0.0","9.1","52.29","214.58","107.29","205.48","162.29","0.0","","","","","","",""
"2016.0","2.0","3.0","34.0","322.25","0.94","0.95","0.0","1.14","0.95","1.08","0.31","0.31","0.0","0.0","9.87","52.29","214.58","107.29","204.71","162.29","0.0","","","","","","",""
"2016.0","2.0","4.0","35.0","322.25","0.87","0.95","0.0","1.44","0.95","1.37","0.0","0.0","0.0","0.0","11.24","52.29","214.58","107.29","203.34","162.29","0.0","","","","","","",""
"2016.0","2.0","5.0","36.0","322.25","0.82","0.95","0.0","1.42","0.95","1.35","0.0","0.0","0.0","0.0","12.59","52.29","214.58","107.29","201.99","162.29","0.0","","","","","","",""
"2016.0","2.0","6.0","37.0","322.25","0.77","0.95","0.0","1.6","0.95","1.52","0.0","0.0","0.0","0.0","14.11","52.29","214.58","107.29","200.47","162.29","0.0","","","","","","",""
"2016.0","2.0","7.0","38.0","322.25","0.72","0.95","0.0","1.89","0.95","1.8","0.0","0.0","0.0","0.0","15.91","52.29","214.58","107.29","198.67","162.29","0.0","","","","","","",""
"2016.0","2.0","8.0","39.0","322.25","0.67","0.95","0.0","2.03","0.95","1.93","0.0","0.0","0.0","0.0","17.83","52.29","214.58","107.29","196.75","162.29","0.0","","","","","","",""
"2016.0","2.0","9.0","40.0","322.25","0.64","0.95","0.0","2.01","0.95","1.91","0.0","0.0","0.0","0.0","19.74","52.29","214.58","107.29","194.84","162.29","0.0","","","","","","",""
"2016.0","2.0","10.0","41.0","322.25","0.61","0.95","0.0","1.97","0.95","1.87","0.0","0.0","0.0","0.0","21.61","52.29","214.58","107.29","192.96","162.29","0.0","","","","","","",""
"2016.0","2.0","11.0","42.0","322.25","0.58","0.95","0.0","1.79","0.95","1.7","0.0","0.0","0.0","0.0","23.32","52.29","214.58","107.29","191.26","162.29","0.0","","","","","","",""
"2016.0","2.0","12.0","43.0","322.25","0.56","0.95","0.0","1.83","0.95","1.74","0.0","0.0","0.0","0.0","25.05","52.29","214.58","107.29","189.53","162.29","0.0","","","","","","",""
"2016.0","2.0","13.0","44.0","322.25","0.54","0.95","0.0","2.23","0.95","2.12","0.0","0.0","0.0","0.0","27.17","52.29","214.58","107.29","187.41","162.29","0.0","","","","","","",""
"2016.0","2.0","14.0","45.0","322.25","0.51","0.95","0.0","2.77","0.95","2.63","0.0","0.0","0.0","0.0","29.8","52.29","214.58","107.29","184.78","162.29","0.0","","","","","","",""
"2016.0","2.0","15.0","46.0","322.25","0.49","0.95","0.0","2.41","0.95","2.29","0.0","0.0","0.0","0.0","32.09","52.29","214.58","107.29","182.49","162.29","0.0","","","","","","",""
"2016.0","2.0","16.0","47.0","322.25","0.47","0.95","0.0","2.19","0.95","2.08","0.0","0.0","0.0","0.0","34.17","52.29","214.58","107.29","180.41","162.29","0.0","","","","","","",""
"2016.0","2.0","17.0","48.0","322.25","0.46","0.95","0.0","2.81","0.95","2.67","0.0","0.0","0.0","0.0","36.84","52.29","214.58","107.29","177.74","162.29","0.0","","","","","","",""
"2016.0","2.0","18.0","49.0","322.25","1.14","0.95","0.0","1.99","1.14","2.27","11.41","11.41","0.0","0.0","27.7","52.29","214.58","107.29","186.88","162.29","0.0","","","","","","",""
"2016.0","2.0","19.0","50.0","322.25","1.14","0.95","0.0","1.8","1.14","2.06","0.6","0.6","0.0","0.0","29.16","52.29","214.58","107.29","185.42","162.29","0.0","","","","","","",""
"2016.0","2.0","20.0","51.0","322.25","1.15","0.95","0.0","1.79","1.15","2.05","0.0","0.0","0.0","0.0","31.21","52.29","214.58","107.29","183.37","162.29","0.0","","","","","","",""
"2016.0","2.0","21.0","52.0","322.25","1.01","0.95","0.0","2.02","1.01","2.04","0.0","0.0","0.0","0.0","33.25","52.29","214.58","107.29","181.33","162.29","0.0","","","","","","",""
"2016.0","2.0","22.0","53.0","322.25","0.87","0.95","0.0","2.59","0.95","2.46","0.0","0.0","0.0","0.0","35.71","52.29","214.58","107.29","178.87","162.29","0.0","","","","","","",""
"2016.0","2.0","23.0","54.0","322.25","0.78","0.95","0.0","2.54","0.95","2.41","0.0","0.0","0.0","0.0","38.12","52.29","214.58","107.29","176.46","162.29","0.0","","","","","","",""
"2016.0","2.0","24.0","55.0","322.25","0.71","0.95","0.0","2.3","0.95","2.19","0.0","0.0","0.0","0.0","40.31","52.29","214.58","107.29","174.27","162.29","0.0","","","","","","",""
"2016.0","2.0","25.0","56.0","322.25","0.66","0.95","0.0","2.39","0.95","2.27","0.0","0.0","0.0","0.0","42.58","52.29","214.58","107.29","172.0","162.29","0.0","","","","","","",""
"2016.0","2.0","26.0","57.0","322.25","0.62","0.95","0.0","2.38","0.95","2.26","0.0","0.0","0.0","0.0","44.84","52.29","214.58","107.29","169.74","162.29","0.0","","","","","","",""
"2016.0","2.0","27.0","58.0","322.25","0.59","0.95","0.0","2.47","0.95","2.35","0.0","0.0","0.0","0.0","47.19","52.29","214.58","107.29","167.39","162.29","0.0","","","","","","",""
"2016.0","2.0","28.0","59.0","322.25","0.56","0.95","0.0","1.98","0.95","1.88","0.0","0.0","0.0","0.0","49.07","52.29","214.58","107.29","165.51","162.29","0.0","","","","","","",""
"2016.0","2.0","29.0","60.0","322.25","0.53","0.95","0.0","2.66","0.95","2.53","0.0","0.0","0.0","0.0","51.6","52.29","214.58","107.29","162.98","162.29","0.0","","","","","","",""
"2016.0","3.0","1.0","61.0","322.25","0.51","0.95","0.0","2.99","0.95","2.84","0.0","0.0","0.0","0.0","0.0","52.29","214.58","107.29","214.58","162.29","54.44","","","","","","",""
"2016.0","3.0","2.0","62.0","322.25","0.48","0.95","0.0","2.58","0.95","2.45","0.0","0.0","0.0","0.0","2.45","52.29","214.58","107.29","212.13","162.29","0.0","","","","","","",""
"2016.0","3.0","3.0","63.0","322.25","0.47","0.95","0.0","2.01","0.95","1.91","0.0","0.0","0.0","0.0","4.36","52.29","214.58","107.29","210.22","162.29","0.0","","","","","","",""
"2016.0","3.0","4.0","64.0","322.25","0.46","0.95","0.0","1.57","0.95","1.49","0.0","0.0","0.0","0.0","5.85","52.29","214.58","107.29","208.73","162.29","0.0","","","","","","",""
"2016.0","3.0","5.0","65.0","322.25","1.17","0.95","0.0","1.33","1.17","1.55","8.94","7.4","0.0","0.0","0.0","52.29","214.58","107.29","214.58","162.29","0.0","","","","","","",""
"2016.0","3.0","6.0","66.0","322.25","1.13","0.95","0.0","2.35","1.13","2.65","15.39","2.65","0.0","0.0","0.0","52.29","214.58","107.29","214.58","162.29","0.0","","","","","","",""
"2016.0","3.0","7.0","67.0","322.25","1.16","0.95","0.0","1.45","1.16","1.68","11.15","1.68","0.0","0.0","0.0","52.29","214.58","107.29","214.58","162.29","0.0","","","","","","",""
"2016.0","3.0","8.0","68.0","322.25","1.14","0.95","0.0","1.96","1.14","2.24","2.39","2.24","0.0","0.0","0.0","52.29","214.58","107.29","214.58","162.29","0.0","","","","","","",""
"2016.0","3.0","9.0","69.0","322.25","1.14","0.95","0.0","2.13","1.14","2.42","0.0","0.0","0.0","0.0","2.42","52.29","214.58","107.29","212.15","162.29","0.0","","","","","","",""
"2016.0","3.0","10.0","70.0","322.25","1.14","0.95","0.0","1.68","1.14","1.92","0.63","0.63","0.0","0.0","3.71","52.29","214.58","107.29","210.86","162.29","0.0","","","","","","",""
"2016.0","3.0","11.0","71.0","322.25","1.15","0.95","0.0","1.74","1.15","2.0","1.88","1.88","0.0","0.0","3.84","52.29","214.58","107.29","210.74","162.29","0.0","","","","","","",""
"2016.0","3.0","12.0","72.0","322.25","1.15","0.95","0.0","1.85","1.15","2.12","4.36","4.36","0.0","0.0","1.6","52.29","214.58","107.29","212.98","162.29","0.0","","","","","","",""
"2016.0","3.0","13.0","73.0","322.25","1.17","0.95","0.0","1.21","1.17","1.42","6.19","3.01","0.0","0.0","0.0","52.29","214.58","107.29","214.58","162.29","0.0","","","","","","",""
"2016.0","3.0","14.0","74.0","322.25","1.12","0.95","0.0","2.5","1.12","2.8","12.58","2.8","0.0","0.0","0.0","52.29","214.58","107.29","214.58","162.29","0.0","","","","","","",""
"2016.0","3.0","15.0","75.0","322.25","1.11","0.95","0.0","2.97","1.11","3.3","0.0","0.0","0.0","0.0","3.3","52.29","214.58","107.29","211.28","162.29","0.0","","","","","","",""
"2016.0","3.0","16.0","76.0","322.25","0.93","0.95","0.0","3.12","0.95","2.96","0.0","0.0","0.0","0.0","6.26","52.29","214.58","107.29","208.32","162.29","0.0","","","","","","",""
"2016.0","3.0","17.0","77.0","322.25","0.8","0.95","0.0","3.16","0.95","3.0","0.0","0.0","0.0","0.0","9.26","52.29","214.58","107.29","205.31","162.29","0.0","","","","","","",""
"2016.0","3.0","18.0","78.0","322.25","0.71","0.95","0.0","3.01","0.95","2.86","0.0","0.0","0.0","0.0","12.12","52.29","214.58","107.29","202.46","162.29","0.0","","","","","","",""
"2016.0","3.0","19.0","79.0","322.25","0.65","0.95","0.0","2.88","0.95","2.74","0.0","0.0","0.0","0.0","14.86","52.29","214.58","107.29","199.72","162.29","0.0","","","","","","",""
"2016.0","3.0","20.0","80.0","322.25","0.61","0.95","0.0","2.45","0.95","2.33","0.0","0.0","0.0","0.0","17.19","52.29","214.58","107.29","197.39","162.29","0.0","","","","","","",""
"2016.0","3.0","21.0","81.0","322.25","0.58","0.95","0.0","2.48","0.95","2.36","0.81","0.81","0.0","0.0","18.73","52.29","214.58","107.29","195.85","162.29","0.0","","","","","","",""
"2016.0","3.0","22.0","82.0","322.25","0.54","0.95","0.0","3.02","0.95","2.87","1.9","1.9","0.0","0.0","19.7","52.29","214.58","107.29","194.88","162.29","0.0","","","","","","",""
"2016.0","3.0","23.0","83.0","322.25","0.51","0.95","0.0","3.33","0.95","3.16","0.0","0.0","0.0","0.0","22.87","52.29","214.58","107.29","191.71","162.29","0.0","","","","","","",""
"2016.0","3.0","24.0","84.0","322.25","0.48","0.95","0.0","3.2","0.95","3.04","0.0","0.0","0.0","0.0","25.91","52.29","214.58","107.29","188.67","162.29","0.0","","","","","","",""
"2016.0","3.0","25.0","85.0","322.25","0.46","0.95","0.0","3.57","0.95","3.39","0.0","0.0","0.0","0.0","29.3","52.29","214.58","107.29","185.28","162.29","0.0","","","","","","",""
"2016.0","3.0","26.0","86.0","322.25","0.43","0.95","0.0","4.13","0.95","3.92","0.0","0.0","0.0","0.0","33.22","52.29","214.58","107.29","181.36","162.29","0.0","","","","","","",""
"2016.0","3.0","27.0","87.0","322.25","0.41","0.95","0.0","3.54","0.95","3.36","0.0","0.0","0.0","0.0","36.58","52.29","214.58","107.29","178.0","162.29","0.0","","","","","","",""
"2016.0","3.0","28.0","88.0","322.25","0.4","0.95","0.0","3.45","0.95","3.28","0.0","0.0","0.0","0.0","39.86","52.29","214.58","107.29","174.72","162.29","0.0","","","","","","",""
"2016.0","3.0","29.0","89.0","322.25","0.38","0.95","0.0","3.66","0.95","3.48","0.0","0.0","0.0","0.0","43.34","52.29","214.58","107.29","171.24","162.29","0.0","","","","","","",""
"2016.0","3.0","30.0","90.0","322.25","0.37","0.95","0.0","3.45","0.95","3.28","0.0","0.0","0.0","0.0","46.62","52.29","214.58","107.29","167.96","162.29","0.0","","","","","","",""
"2016.0","3.0","31.0","91.0","322.25","0.36","0.95","0.0","3.71","0.95","3.52","0.0","0.0","0.0","0.0","50.14","52.29","214.58","107.29","164.44","162.29","0.0","","","","","","",""
"2016.0","4.0","1.0","92.0","322.25","0.35","0.95","0.0","3.62","0.95","3.44","0.0","0.0","0.0","0.0","0.0","52.29","214.58","107.29","214.58","162.29","53.58","","","","","","",""
"2016.0","4.0","2.0","93.0","322.25","0.34","0.95","0.0","3.76","0.95","3.57","0.0","0.0","0.0","0.0","3.57","52.29","214.58","107.29","211.01","162.29","0.0","","","","","","",""
"2016.0","4.0","3.0","94.0","322.25","0.33","0.95","0.0","3.92","0.95","3.72","0.0","0.0","0.0","0.0","7.3","52.29","214.58","107.29","207.28","162.29","0.0","","","","","","",""
"2016.0","4.0","4.0","95.0","322.25","0.32","0.95","0.0","4.15","0.95","3.94","0.0","0.0","0.0","0.0","11.24","52.29","214.58","107.29","203.34","162.29","0.0","","","","","","",""
"2016.0","4.0","5.0","96.0","322.25","0.31","0.95","0.0","5.31","0.95","5.04","0.0","0.0","0.0","0.0","16.28","52.29","214.58","107.29","198.3","162.29","0.0","","","","","","",""
"2016.0","4.0","6.0","97.0","322.25","0.3","0.95","0.0","4.82","0.95","4.58","0.0","0.0","0.0","0.0","20.86","52.29","214.58","107.29","193.72","162.29","0.0","","","","","","",""
"2016.0","4.0","7.0","98.0","322.25","0.29","0.95","0.0","4.09","0.95","3.89","0.0","0.0","0.0","0.0","24.75","52.29","214.58","107.29","189.83","162.29","0.0","","","","","","",""
"2016.0","4.0","8.0","99.0","322.25","0.28","0.95","0.0","3.17","0.95","3.01","0.0","0.0","0.0","0.0","27.76","52.29","214.58","107.29","186.82","162.29","0.0","","","","","","",""
"2016.0","4.0","9.0","100.0","322.25","1.15","0.95","0.0","1.67","1.15","1.93","10.08","10.08","0.0","0.0","19.6","52.29","214.58","107.29","194.97","162.29","0.0","","","","","","",""
"2016.0","4.0","10.0","101.0","322.25","1.15","0.95","0.0","1.79","1.15","2.06","22.52","21.66","0.0","0.0","0.0","52.29","214.58","107.29","214.58","162.29","0.0","","","","","","",""
"2016.0","4.0","11.0","102.0","322.25","1.13","0.95","0.0","2.63","1.13","2.98","0.5","0.5","0.0","0.0","2.48","52.29","214.58","107.29","212.1","162.29","0.0","","","","","","",""
"2016.0","4.0","12.0","103.0","322.25","0.98","0.95","0.0","3.39","0.98","3.33","0.0","0.0","0.0","0.0","5.81","52.29","214.58","107.29","208.77","162.29","0.0","","","","","","",""
"2016.0","4.0","13.0","104.0","322.25","0.79","0.95","0.0","4.11","0.95","3.9","0.0","0.0","0.0","0.0","9.71","52.29","214.58","107.29","204.87","162.29","0.0","","","","","","",""
"2016.0","4.0","14.0","105.0","322.25","0.68","0.95","0.0","4.09","0.95","3.89","0.6","0.6","0.0","0.0","13.0","52.29","214.58","107.29","201.58","162.29","0.0","","","","","","",""
"2016.0","4.0","15.0","106.0","322.25","0.58","0.95","0.0","5.31","0.95","5.04","0.0","0.0","0.0","0.0","18.04","52.29","214.58","107.29","196.54","162.29","0.0","","","","","","",""
"2016.0","4.0","16.0","107.0","322.25","0.52","0.95","0.0","5.03","0.95","4.78","0.0","0.0","0.0","0.0","22.82","52.29","214.58","107.29","191.76","162.29","0.0","","","","","","",""
"2016.0","4.0","17.0","108.0","322.25","0.48","0.95","0.0","4.83","0.95","4.59","0.0","0.0","0.0","0.0","27.41","52.29","214.58","107.29","187.17","162.29","0.0","","","","","","",""
"2016.0","4.0","18.0","109.0","322.25","0.44","0.95","0.0","5.14","0.95","4.88","0.0","0.0","0.0","0.0","32.29","52.29","214.58","107.29","182.29","162.29","0.0","","","","","","",""
"2016.0","4.0","19.0","110.0","322.25","0.42","0.95","0.0","4.86","0.95","4.62","0.0","0.0","0.0","0.0","36.91","52.29","214.58","107.29","177.67","162.29","0.0","","","","","","",""
"2016.0","4.0","20.0","111.0","322.25","0.39","0.95","0.0","5.01","0.95","4.76","0.0","0.0","0.0","0.0","41.67","52.29","214.58","107.29","172.91","162.29","0.0","","","","","","",""
"2016.0","4.0","21.0","112.0","322.25","0.38","0.95","0.0","3.57","0.95","3.39","0.0","0.0","0.0","0.0","45.06","52.29","214.58","107.29","169.52","162.29","0.0","","","","","","",""
"2016.0","4.0","22.0","113.0","322.25","0.37","0.95","0.0","2.93","0.95","2.78","0.0","0.0","0.0","0.0","47.84","52.29","214.58","107.29","166.74","162.29","0.0","","","","","","",""
"2016.0","4.0","23.0","114.0","322.25","1.07","0.95","0.0","3.8","1.07","4.06","4.37","4.37","0.0","0.0","47.53","52.29","214.58","107.29","167.05","162.29","0.0","","","","","","",""
"2016.0","4.0","24.0","115.0","322.25","0.93","0.95","0.0","4.41","0.95","4.19","0.0","0.0","0.0","0.0","51.72","52.29","214.58","107.29","162.86","162.29","0.0","","","","","","",""
"2016.0","4.0","25.0","116.0","322.25","0.72","0.95","0.0","5.33","0.95","5.06","0.0","0.0","0.0","0.0","0.0","52.29","214.58","107.29","214.58","162.29","56.79","","","","","","",""
"2016.0","4.0","26.0","117.0","322.25","0.62","0.95","0.0","4.64","0.95","4.41","0.0","0.0","0.0","0.0","4.41","52.29","214.58","107.29","210.17","162.29","0.0","","","","","","",""
"2016.0","4.0","27.0","118.0","322.25","0.57","0.95","0.0","3.74","0.95","3.55","1.02","1.02","0.0","0.0","6.94","52.29","214.58","107.29","207.64","162.29","0.0","","","","","","",""
"2016.0","4.0","28.0","119.0","322.25","0.51","0.95","0.0","5.44","0.95","5.17","0.06","0.06","0.0","0.0","12.05","52.29","214.58","107.29","202.53","162.29","0.0","","","","","","",""
"2016.0","4.0","29.0","120.0","322.25","0.47","0.95","0.0","4.83","0.95","4.59","0.0","0.0","0.0","0.0","16.64","52.29","214.58","107.29","197.94","162.29","0.0","","","","","","",""
"2016.0","4.0","30.0","121.0","322.25","0.42","0.95","0.0","7.02","0.95","6.67","0.0","0.0","0.0","0.0","23.31","52.29","214.58","107.29","191.27","162.29","0.0","","","","","","",""
"2016.0","5.0","1.0","122.0","322.25","0.39","0.95","0.0","5.56","0.95","5.28","0.0","0.0","0.0","0.0","28.59","52.29","214.58","107.29","185.99","162.29","0.0","","","","","","",""
"2016.0","5.0","2.0","123.0","322.25","0.37","0.95","0.0","5.08","0.95","4.83","0.0","0.0","0.0","0.0","33.41","52.29","214.58","107.29","181.16","162.29","0.0","","","","","","",""
"2016.0","5.0","3.0","124.0","322.25","0.36","0.95","0.0","4.27","0.95","4.06","0.0","0.0","0.0","0.0","37.47","52.29","214.58","107.29","177.11","162.29","0.0","","","","","","",""
"2016.0","5.0","4.0","125.0","322.25","0.34","0.95","0.0","4.46","0.95","4.24","0.0","0.0","0.0","0.0","41.71","52.29","214.58","107.29","172.87","162.29","0.0","","","","","","",""
"2016.0","5.0","5.0","126.0","322.25","0.34","0.95","0.0","2.51","0.95","2.38","0.0","0.0","0.0","0.0","44.09","52.29","214.58","107.29","170.49","162.29","0.0","","","","","","",""
"2016.0","5.0","6.0","127.0","322.25","0.33","0.95","0.0","1.88","0.95","1.79","0.33","0.33","0.0","0.0","45.55","52.29","214.58","107.29","169.03","162.29","0.0","","","","","","",""
"2016.0","5.0","7.0","128.0","322.25","1.14","0.95","0.0","2.02","1.14","2.3","5.71","5.71","0.0","0.0","42.14","52.29","214.58","107.29","172.44","162.29","0.0","","","","","","",""
"2016.0","5.0","8.0","129.0","322.25","1.12","0.95","0.0","3.22","1.12","3.59","0.88","0.88","0.0","0.0","44.85","52.29","214.58","107.29","169.73","162.29","0.0","","","","","","",""
"2016.0","5.0","9.0","130.0","322.25","0.87","0.95","0.0","4.58","0.95","4.35","0.0","0.0","0.0","0.0","49.2","52.29","214.58","107.29","165.38","162.29","0.0","","","","","","",""
"2016.0","5.0","10.0","131.0","322.25","0.69","0.95","0.0","5.26","0.95","5.0","0.0","0.0","0.0","0.0","0.0","52.29","214.58","107.29","214.58","162.29","54.2","","","","","","",""
"2016.0","5.0","11.0","132.0","322.25","0.59","0.95","0.0","5.52","0.95","5.24","0.0","0.0","0.0","0.0","5.24","52.29","214.58","107.29","209.34","162.29","0.0","","","","","","",""
"2016.0","5.0","12.0","133.0","322.25","0.52","0.95","0.0","5.57","0.95","5.29","0.0","0.0","0.0","0.0","10.54","52.29","214.58","107.29","204.04","162.29","0.0","","","","","","",""
"2016.0","5.0","13.0","134.0","322.25","0.47","0.95","0.0","5.2","0.95","4.94","0.0","0.0","0.0","0.0","15.48","52.29","214.58","107.29","199.1","162.29","0.0","","","","","","",""
"2016.0","5.0","14.0","135.0","322.25","0.44","0.95","0.0","4.93","0.95","4.68","0.0","0.0","0.0","0.0","20.16","52.29","214.58","107.29","194.42","162.29","0.0","","","","","","",""
"2016.0","5.0","15.0","136.0","322.25","0.41","0.95","0.0","5.35","0.95","5.08","0.0","0.0","0.0","0.0","25.24","52.29","214.58","107.29","189.34","162.29","0.0","","","","","","",""
"2016.0","5.0","16.0","137.0","322.25","0.38","0.95","0.0","6.32","0.95","6.0","0.0","0.0","0.0","0.0","31.25","52.29","214.58","107.29","183.33","162.29","0.0","","","","","","",""
"2016.0","5.0","17.0","138.0","322.25","0.35","0.95","0.0","7.24","0.95","6.88","0.0","0.0","0.0","0.0","38.12","52.29","214.58","107.29","176.46","162.29","0.0","","","","","","",""
"2016.0","5.0","18.0","139.0","322.25","0.33","0.95","0.0","6.77","0.95","6.43","0.0","0.0","0.0","0.0","44.56","52.29","214.58","107.29","170.02","162.29","0.0","","","","","","",""
"2016.0","5.0","19.0","140.0","322.25","0.32","0.95","0.0","6.08","0.95","5.78","0.0","0.0","0.0","0.0","50.33","52.29","214.58","107.29","164.25","162.29","0.0","","","","","","",""
"2016.0","5.0","20.0","141.0","322.25","0.31","0.95","0.0","4.95","0.95","4.7","0.0","0.0","0.0","0.0","0.0","52.29","214.58","107.29","214.58","162.29","55.03","","","","","","",""
"2016.0","5.0","21.0","142.0","322.25","0.3","0.95","0.0","3.91","0.95","3.71","0.0","0.0","0.0","0.0","3.71","52.29","214.58","107.29","210.86","162.29","0.0","","","","","","",""
"2016.0","5.0","22.0","143.0","322.25","0.29","0.95","0.0","4.27","0.95","4.06","0.01","0.01","0.0","0.0","7.76","52.29","214.58","107.29","206.82","162.29","0.0","","","","","","",""
"2016.0","5.0","23.0","144.0","322.25","0.28","0.95","0.0","4.9","0.95","4.66","0.0","0.0","0.0","0.0","12.42","52.29","214.58","107.29","202.16","162.29","0.0","","","","","","",""
"2016.0","5.0","24.0","145.0","322.25","0.28","0.95","0.0","4.88","0.95","4.64","0.0","0.0","0.0","0.0","17.05","52.29","214.58","107.29","197.53","162.29","0.0","","","","","","",""
"2016.0","5.0","25.0","146.0","322.25","0.27","0.95","0.0","5.16","0.95","4.9","0.0","0.0","0.0","0.0","21.95","52.29","214.58","107.29","192.63","162.29","0.0","","","","","","",""
"2016.0","5.0","26.0","147.0","322.25","0.26","0.95","0.0","5.46","0.95","5.19","0.0","0.0","0.0","0.0","27.14","52.29","214.58","107.29","187.44","162.29","0.0","","","","","","",""
"2016.0","5.0","27.0","148.0","322.25","0.25","0.95","0.0","5.87","0.95","5.58","0.0","0.0","0.0","0.0","32.72","52.29","214.58","107.29","181.86","162.29","0.0","","","","","","",""
"2016.0","5.0","28.0","149.0","322.25","0.24","0.95","0.0","6.71","0.95","6.37","0.0","0.0","0.0","0.0","39.09","52.29","214.58","107.29","175.49","162.29","0.0","","","","","","",""
"2016.0","5.0","29.0","150.0","322.25","0.24","0.95","0.0","6.25","0.95","5.94","0.0","0.0","0.0","0.0","45.03","52.29","214.58","107.29","169.55","162.29","0.0","","","","","","",""
"2016.0","5.0","30.0","151.0","322.25","0.23","0.95","0.0","6.48","0.95","6.16","0.0","0.0","0.0","0.0","51.19","52.29","214.58","107.29","163.39","162.29","0.0","","","","","","",""
"2016.0","5.0","31.0","152.0","322.25","0.23","0.95","0.0","6.79","0.95","6.45","0.0","0.0","0.0","0.0","0.0","52.29","214.58","107.29","214.58","162.29","57.64","","","","","","",""
"2016.0","6.0","1.0","153.0","322.25","0.22","0.95","0.0","6.66","0.95","6.33","0.0","0.0","0.0","0.0","6.33","52.29","214.58","107.29","208.25","162.29","0.0","","","","","","",""
"2016.0","6.0","2.0","154.0","322.25","0.21","0.95","0.0","6.66","0.95","6.33","0.0","0.0","0.0","0.0","12.65","52.29","214.58","107.29","201.93","162.29","0.0","","","","","","",""
"2016.0","6.0","3.0","155.0","322.25","0.21","0.95","0.0","7.06","0.95","6.71","0.0","0.0","0.0","0.0","19.36","52.29","214.58","107.29","195.22","162.29","0.0","","","","","","",""
"2016.0","6.0","4.0","156.0","322.25","0.21","0.95","0.0","5.11","0.95","4.85","0.0","0.0","0.0","0.0","24.22","52.29","214.58","107.29","190.36","162.29","0.0","","","","","","",""
"2016.0","6.0","5.0","157.0","322.25","0.2","0.95","0.0","7.26","0.95","6.9","0.0","0.0","0.0","0.0","31.11","52.29","214.58","107.29","183.47","162.29","0.0","","","","","","",""
"2016.0","6.0","6.0","158.0","322.25","0.2","0.95","0.0","6.66","0.95","6.33","0.0","0.0","0.0","0.0","37.44","52.29","214.58","107.29","177.14","162.29","0.0","","","","","","",""
"2016.0","6.0","7.0","159.0","322.25","0.19","0.95","0.0","6.41","0.95","6.09","0.0","0.0","0.0","0.0","43.53","52.29","214.58","107.29","171.05","162.29","0.0","","","","","","",""
"2016.0","6.0","8.0","160.0","322.25","0.19","0.95","0.0","6.1","0.95","5.8","0.0","0.0","0.0","0.0","49.32","52.29","214.58","107.29","165.26","162.29","0.0","","","","","","",""
"2016.0","6.0","9.0","161.0","322.25","0.19","0.95","0.0","5.92","0.95","5.62","0.0","0.0","0.0","0.0","0.0","52.29","214.58","107.29","214.58","162.29","54.95","","","","","","",""
"2016.0","6.0","10.0","162.0","322.25","0.18","0.95","0.0","6.34","0.95","6.02","0.0","0.0","0.0","0.0","6.02","52.29","214.58","107.29","208.56","162.29","0.0","","","","","","",""
"2016.0","6.0","11.0","163.0","322.25","0.18","0.95","0.0","6.63","0.95","6.3","0.0","0.0","0.0","0.0","12.32","52.29","214.58","107.29","202.26","162.29","0.0","","","","","","",""
"2016.0","6.0","12.0","164.0","322.25","0.18","0.95","0.0","6.49","0.95","6.17","0.0","0.0","0.0","0.0","18.49","52.29","214.58","107.29","196.09","162.29","0.0","","","","","","",""
"2016.0","6.0","13.0","165.0","322.25","0.18","0.95","0.0","6.18","0.95","5.87","0.0","0.0","0.0","0.0","24.36","52.29","214.58","107.29","190.22","162.29","0.0","","","","","","",""
"2016.0","6.0","14.0","166.0","322.25","0.17","0.95","0.0","6.18","0.95","5.87","0.0","0.0","0.0","0.0","30.23","52.29","214.58","107.29","184.35","162.29","0.0","","","","","","",""
"2016.0","6.0","15.0","167.0","322.25","0.17","0.95","0.0","5.33","0.95","5.06","0.0","0.0","0.0","0.0","35.29","52.29","214.58","107.29","179.29","162.29","0.0","","","","","","",""
"2016.0","6.0","16.0","168.0","322.25","0.17","0.95","0.0","5.34","0.95","5.07","0.0","0.0","0.0","0.0","40.37","52.29","214.58","107.29","174.21","162.29","0.0","","","","","","",""
"2016.0","6.0","17.0","169.0","322.25","0.17","0.95","0.0","5.01","0.95","4.76","0.0","0.0","0.0","0.0","45.13","52.29","214.58","107.29","169.45","162.29","0.0","","","","","","",""
"2016.0","6.0","18.0","170.0","322.25","0.17","0.95","0.0","6.2","0.95","5.89","0.0","0.0","0.0","0.0","51.02","52.29","214.58","107.29","163.56","162.29","0.0","","","","","","",""
"2016.0","6.0","19.0","171.0","322.25","0.16","0.95","0.0","6.84","0.95","6.5","0.0","0.0","0.0","0.0","0.0","52.29","214.58","107.29","214.58","162.29","57.51","","","","","","",""
"2016.0","6.0","20.0","172.0","322.25","0.16","0.95","0.0","7.15","0.95","6.79","0.0","0.0","0.0","0.0","6.79","52.29","214.58","107.29","207.79","162.29","0.0","","","","","","",""
"2016.0","6.0","21.0","173.0","322.25","0.16","0.95","0.0","7.59","0.95","7.21","0.0","0.0","0.0","0.0","14.0","52.29","214.58","107.29","200.58","162.29","0.0","","","","","","",""
"2016.0","6.0","22.0","174.0","322.25","0.16","0.95","0.0","7.32","0.95","6.95","0.0","0.0","0.0","0.0","20.96","52.29","214.58","107.29","193.62","162.29","0.0","","","","","","",""
"2016.0","6.0","23.0","175.0","322.25","0.15","0.95","0.0","7.37","0.95","7.0","0.0","0.0","0.0","0.0","27.96","52.29","214.58","107.29","186.62","162.29","0.0","","","","","","",""
"2016.0","6.0","24.0","176.0","322.25","0.15","0.95","0.0","6.72","0.95","6.38","0.0","0.0","0.0","0.0","34.34","52.29","214.58","107.29","180.24","162.29","0.0","","","","","","",""
"2016.0","6.0","25.0","177.0","322.25","0.15","0.95","0.0","7.49","0.95","7.12","0.0","0.0","0.0","0.0","41.46","52.29","214.58","107.29","173.12","162.29","0.0","","","","","","",""
"2016.0","6.0","26.0","178.0","322.25","0.15","0.95","0.0","7.36","0.95","6.99","0.0","0.0","0.0","0.0","48.45","52.29","214.58","107.29","166.13","162.29","0.0","","","","","","",""
"2016.0","6.0","27.0","179.0","322.25","0.15","0.95","0.0","7.71","0.95","7.32","0.0","0.0","0.0","0.0","0.0","52.29","214.58","107.29","214.58","162.29","55.77","","","","","","",""
"2016.0","6.0","28.0","180.0","322.25","0.14","0.95","0.0","7.6","0.95","7.22","0.0","0.0","0.0","0.0","7.22","52.29","214.58","107.29","207.36","162.29","0.0","","","","","","",""
"2016.0","6.0","29.0","181.0","322.25","0.14","0.95","0.0","6.89","0.95","6.55","0.0","0.0","0.0","0.0","13.77","52.29","214.58","107.29","200.81","162.29","0.0","","","","","","",""
"2016.0","6.0","30.0","182.0","322.25","0.14","0.95","0.0","6.7","0.95","6.37","0.0","0.0","0.0","0.0","20.13","52.29","214.58","107.29","194.45","162.29","0.0","","","","","","",""
"2016.0","7.0","1.0","183.0","322.25","0.14","0.95","0.0","6.67","0.95","6.34","0.0","0.0","0.0","0.0","26.47","52.29","214.58","107.29","188.11","162.29","0.0","","","","","","",""
"2016.0","7.0","2.0","184.0","322.25","0.14","0.95","0.0","6.62","0.95","6.29","0.0","0.0","0.0","0.0","32.76","52.29","214.58","107.29","181.82","162.29","0.0","","","","","","",""
"2016.0","7.0","3.0","185.0","322.25","0.14","0.95","0.0","6.84","0.95","6.5","0.0","0.0","0.0","0.0","39.25","52.29","214.58","107.29","175.33","162.29","0.0","","","","","","",""
"2016.0","7.0","4.0","186.0","322.25","0.14","0.95","0.0","6.46","0.95","6.14","0.0","0.0","0.0","0.0","45.39","52.29","214.58","107.29","169.19","162.29","0.0","","","","","","",""
"2016.0","7.0","5.0","187.0","322.25","0.13","0.95","0.0","5.85","0.95","5.56","0.0","0.0","0.0","0.0","50.95","52.29","214.58","107.29","163.63","162.29","0.0","","","","","","",""
"2016.0","7.0","6.0","188.0","322.25","0.13","0.95","0.0","6.0","0.95","5.7","0.0","0.0","0.0","0.0","0.0","52.29","214.58","107.29","214.58","162.29","56.65","","","","","","",""
"2016.0","7.0","7.0","189.0","322.25","0.13","0.95","0.0","6.13","0.95","5.82","0.0","0.0","0.0","0.0","5.82","52.29","214.58","107.29","208.76","162.29","0.0","","","","","","",""
"2016.0","7.0","8.0","190.0","322.25","0.13","0.95","0.0","6.68","0.95","6.35","0.0","0.0","0.0","0.0","12.17","52.29","214.58","107.29","202.41","162.29","0.0","","","","","","",""
"2016.0","7.0","9.0","191.0","322.25","0.13","0.95","0.0","6.25","0.95","5.94","0.0","0.0","0.0","0.0","18.11","52.29","214.58","107.29","196.47","162.29","0.0","","","","","","",""
"2016.0","7.0","10.0","192.0","322.25","0.13","0.95","0.0","6.28","0.95","5.97","0.0","0.0","0.0","0.0","24.07","52.29","214.58","107.29","190.51","162.29","0.0","","","","","","",""
"2016.0","7.0","11.0","193.0","322.25","0.13","0.95","0.0","6.9","0.95","6.56","0.0","0.0","0.0","0.0","30.63","52.29","214.58","107.29","183.95","162.29","0.0","","","","","","",""
"2016.0","7.0","12.0","194.0","322.25","0.13","0.95","0.0","6.53","0.95","6.2","0.0","0.0","0.0","0.0","36.83","52.29","214.58","107.29","177.75","162.29","0.0","","","","","","",""
"2016.0","7.0","13.0","195.0","322.25","0.13","0.95","0.0","6.8","0.95","6.46","0.0","0.0","0.0","0.0","43.29","52.29","214.58","107.29","171.29","162.29","0.0","","","","","","",""
"2016.0","7.0","14.0","196.0","322.25","0.12","0.95","0.0","7.0","0.95","6.65","0.0","0.0","0.0","0.0","49.94","52.29","214.58","107.29","164.64","162.29","0.0","","","","","","",""
"2016.0","7.0","15.0","197.0","322.25","0.12","0.95","0.0","6.74","0.95","6.4","0.0","0.0","0.0","0.0","0.0","52.29","214.58","107.29","214.58","162.29","56.34","","","","","","",""
"2016.0","7.0","16.0","198.0","322.25","0.12","0.95","0.0","6.45","0.95","6.13","0.0","0.0","0.0","0.0","6.13","52.29","214.58","107.29","208.45","162.29","0.0","","","","","","",""
"2016.0","7.0","17.0","199.0","322.25","0.12","0.95","0.0","6.19","0.95","5.88","0.0","0.0","0.0","0.0","12.01","52.29","214.58","107.29","202.57","162.29","0.0","","","","","","",""
"2016.0","7.0","18.0","200.0","322.25","0.12","0.95","0.0","5.95","0.95","5.65","0.0","0.0","0.0","0.0","17.66","52.29","214.58","107.29","196.92","162.29","0.0","","","","","","",""
"2016.0","7.0","19.0","201.0","322.25","0.12","0.95","0.0","6.24","0.95","5.93","0.0","0.0","0.0","0.0","23.59","52.29","214.58","107.29","190.99","162.29","0.0","","","","","","",""
"2016.0","7.0","20.0","202.0","322.25","0.12","0.95","0.0","6.69","0.95","6.36","0.0","0.0","0.0","0.0","29.94","52.29","214.58","107.29","184.64","162.29","0.0","","","","","","",""
"2016.0","7.0","21.0","203.0","322.25","0.12","0.95","0.0","6.76","0.95","6.42","0.0","0.0","0.0","0.0","36.37","52.29","214.58","107.29","178.21","162.29","0.0","","","","","","",""
"2016.0","7.0","22.0","204.0","322.25","0.12","0.95","0.0","6.7","0.95","6.37","0.0","0.0","0.0","0.0","42.73","52.29","214.58","107.29","171.85","162.29","0.0","","","","","","",""
"2016.0","7.0","23.0","205.0","322.25","0.12","0.95","0.0","7.26","0.95","6.9","0.0","0.0","0.0","0.0","49.63","52.29","214.58","107.29","164.95","162.29","0.0","","","","","","",""
"2016.0","7.0","24.0","206.0","322.25","0.12","0.95","0.0","6.98","0.95","6.63","0.0","0.0","0.0","0.0","0.0","52.29","214.58","107.29","214.58","162.29","56.26","","","","","","",""
"2016.0","7.0","25.0","207.0","322.25","0.12","0.95","0.0","6.71","0.95","6.37","0.0","0.0","0.0","0.0","6.37","52.29","214.58","107.29","208.2","162.29","0.0","","","","","","",""
"2016.0","7.0","26.0","208.0","322.25","0.11","0.95","0.0","6.86","0.95","6.52","0.0","0.0","0.0","0.0","12.89","52.29","214.58","107.29","201.69","162.29","0.0","","","","","","",""
"2016.0","7.0","27.0","209.0","322.25","0.11","0.95","0.0","7.16","0.95","6.8","0.0","0.0","0.0","0.0","19.69","52.29","214.58","107.29","194.89","162.29","0.0","","","","","","",""
"2016.0","7.0","28.0","210.0","322.25","0.11","0.95","0.0","7.18","0.95","6.82","0.0","0.0","0.0","0.0","26.51","52.29","214.58","107.29","188.06","162.29","0.0","","","","","","",""
"2016.0","7.0","29.0","211.0","322.25","0.11","0.95","0.0","7.04","0.95","6.69","0.0","0.0","0.0","0.0","33.2","52.29","214.58","107.29","181.38","162.29","0.0","","","","","","",""
"2016.0","7.0","30.0","212.0","322.25","0.11","0.95","0.0","7.1","0.95","6.75","0.0","0.0","0.0","0.0","39.95","52.29","214.58","107.29","174.63","162.29","0.0","","","","","","",""
"2016.0","7.0","31.0","213.0","322.25","0.11","0.95","0.0","6.35","0.95","6.03","0.0","0.0","0.0","0.0","45.98","52.29","214.58","107.29","168.6","162.29","0.0","","","","","","",""
"2016.0","8.0","1.0","214.0","322.25","0.11","0.95","0.0","6.18","0.95","5.87","0.0","0.0","0.0","0.0","51.85","52.29","214.58","107.29","162.73","162.29","0.0","","","","","","",""
"2016.0","8.0","2.0","215.0","322.25","0.11","0.95","0.0","6.17","0.95","5.86","0.0","0.0","0.0","0.0","0.0","52.29","214.58","107.29","214.58","162.29","57.71","","","","","","",""
"2016.0","8.0","3.0","216.0","322.25","0.11","0.95","0.0","6.39","0.95","6.07","0.0","0.0","0.0","0.0","6.07","52.29","214.58","107.29","208.51","162.29","0.0","","","","","","",""
"2016.0","8.0","4.0","217.0","322.25","0.11","0.95","0.0","5.59","0.95","5.31","0.0","0.0","0.0","0.0","11.38","52.29","214.58","107.29","203.2","162.29","0.0","","","","","","",""
"2016.0","8.0","5.0","218.0","322.25","0.11","0.95","0.0","5.37","0.95","5.1","0.0","0.0","0.0","0.0","16.48","52.29","214.58","107.29","198.1","162.29","0.0","","","","","","",""
"2016.0","8.0","6.0","219.0","322.25","0.11","0.95","0.0","5.54","0.95","5.26","0.0","0.0","0.0","0.0","21.75","52.29","214.58","107.29","192.83","162.29","0.0","","","","","","",""
"2016.0","8.0","7.0","220.0","322.25","0.11","0.95","0.0","5.78","0.95","5.49","0.0","0.0","0.0","0.0","27.24","52.29","214.58","107.29","187.34","162.29","0.0","","","","","","",""
"2016.0","8.0","8.0","221.0","322.25","0.11","0.95","0.0","6.11","0.95","5.8","0.0","0.0","0.0","0.0","33.04","52.29","214.58","107.29","181.54","162.29","0.0","","","","","","",""
"2016.0","8.0","9.0","222.0","322.25","0.11","0.95","0.0","5.79","0.95","5.5","0.0","0.0","0.0","0.0","38.54","52.29","214.58","107.29","176.04","162.29","0.0","","","","","","",""
"2016.0","8.0","10.0","223.0","322.25","0.1","0.95","0.0","5.87","0.95","5.58","0.0","0.0","0.0","0.0","44.12","52.29","214.58","107.29","170.46","162.29","0.0","","","","","","",""
"2016.0","8.0","11.0","224.0","322.25","0.1","0.95","0.0","6.06","0.95","5.76","0.0","0.0","0.0","0.0","49.88","52.29","214.58","107.29","164.7","162.29","0.0","","","","","","",""
"2016.0","8.0","12.0","225.0","322.25","0.1","0.95","0.0","6.19","0.95","5.88","0.0","0.0","0.0","0.0","0.0","52.29","214.58","107.29","214.58","162.29","55.76","","","","","","",""
"2016.0","8.0","13.0","226.0","322.25","0.1","0.95","0.0","6.65","0.95","6.32","0.0","0.0","0.0","0.0","6.32","52.29","214.58","107.29","208.26","162.29","0.0","","","","","","",""
"2016.0","8.0","14.0","227.0","322.25","0.1","0.95","0.0","6.83","0.95","6.49","0.0","0.0","0.0","0.0","12.81","52.29","214.58","107.29","201.77","162.29","0.0","","","","","","",""
"2016.0","8.0","15.0","228.0","322.25","0.1","0.95","0.0","6.1","0.95","5.8","0.0","0.0","0.0","0.0","18.6","52.29","214.58","107.29","195.98","162.29","0.0","","","","","","",""
"2016.0","8.0","16.0","229.0","322.25","0.1","0.95","0.0","6.12","0.95","5.81","0.0","0.0","0.0","0.0","24.42","52.29","214.58","107.29","190.16","162.29","0.0","","","","","","",""
"2016.0","8.0","17.0","230.0","322.25","0.1","0.95","0.0","6.01","0.95","5.71","0.0","0.0","0.0","0.0","30.12","52.29","214.58","107.29","184.45","162.29","0.0","","","","","","",""
"2016.0","8.0","18.0","231.0","322.25","0.1","0.95","0.0","6.02","0.95","5.72","0.0","0.0","0.0","0.0","35.84","52.29","214.58","107.29","178.74","162.29","0.0","","","","","","",""
"2016.0","8.0","19.0","232.0","322.25","0.1","0.95","0.0","5.96","0.95","5.66","0.0","0.0","0.0","0.0","41.51","52.29","214.58","107.29","173.07","162.29","0.0","","","","","","",""
"2016.0","8.0","20.0","233.0","322.25","0.1","0.95","0.0","5.87","0.95","5.58","0.0","0.0","0.0","0.0","47.08","52.29","214.58","107.29","167.5","162.29","0.0","","","","","","",""
"2016.0","8.0","21.0","234.0","322.25","0.1","0.95","0.0","5.99","0.95","5.69","0.0","0.0","0.0","0.0","0.0","52.29","214.58","107.29","214.58","162.29","52.77","","","","","","",""
"2016.0","8.0","22.0","235.0","322.25","0.1","0.95","0.0","5.69","0.95","5.41","0.0","0.0","0.0","0.0","5.41","52.29","214.58","107.29","209.17","162.29","0.0","","","","","","",""
"2016.0","8.0","23.0","236.0","322.25","0.1","0.95","0.0","5.75","0.95","5.46","0.0","0.0","0.0","0.0","10.87","52.29","214.58","107.29","203.71","162.29","0.0","","","","","","",""
"2016.0","8.0","24.0","237.0","322.25","0.1","0.95","0.0","5.6","0.95","5.32","0.0","0.0","0.0","0.0","16.19","52.29","214.58","107.29","198.39","162.29","0.0","","","","","","",""
"2016.0","8.0","25.0","238.0","322.25","0.1","0.95","0.0","5.36","0.95","5.09","0.0","0.0","0.0","0.0","21.28","52.29","214.58","107.29","193.3","162.29","0.0","","","","","","",""
"2016.0","8.0","26.0","239.0","322.25","0.1","0.95","0.0","5.05","0.95","4.8","0.0","0.0","0.0","0.0","26.08","52.29","214.58","107.29","188.5","162.29","0.0","","","","","","",""
"2016.0","8.0","27.0","240.0","322.25","0.1","0.95","0.0","4.99","0.95","4.74","0.0","0.0","0.0","0.0","30.82","52.29","214.58","107.29","183.76","162.29","0.0","","","","","","",""
"2016.0","8.0","28.0","241.0","322.25","0.1","0.95","0.0","5.24","0.95","4.98","0.0","0.0","0.0","0.0","35.8","52.29","214.58","107.29","178.78","162.29","0.0","","","","","","",""
"2016.0","8.0","29.0","242.0","322.25","0.1","0.95","0.0","5.45","0.95","5.18","0.0","0.0","0.0","0.0","40.97","52.29","214.58","107.29","173.61","162.29","0.0","","","","","","",""
"2016.0","8.0","30.0","243.0","322.25","0.1","0.95","0.0","5.96","0.95","5.66","0.0","0.0","0.0","0.0","46.64","52.29","214.58","107.29","167.94","162.29","0.0","","","","","","",""
"2016.0","8.0","31.0","244.0","322.25","0.1","0.95","0.0","5.72","0.95","5.43","0.0","0.0","0.0","0.0","52.07","52.29","214.58","107.29","162.51","162.29","0.0","","","","","","",""
"2016.0","9.0","1.0","245.0","322.25","0.1","0.95","0.0","5.01","0.95","4.76","0.0","0.0","0.0","0.0","0.0","52.29","214.58","107.29","214.58","162.29","56.83","","","","","","",""
"2016.0","9.0","2.0","246.0","322.25","0.1","0.95","0.0","5.04","0.95","4.79","0.0","0.0","0.0","0.0","4.79","52.29","214.58","107.29","209.79","162.29","0.0","","","","","","",""
"2016.0","9.0","3.0","247.0","322.25","0.09","0.95","0.0","4.88","0.95","4.64","0.0","0.0","0.0","0.0","9.42","52.29","214.58","107.29","205.16","162.29","0.0","","","","","","",""
"2016.0","9.0","4.0","248.0","322.25","0.09","0.95","0.0","4.48","0.95","4.26","0.0","0.0","0.0","0.0","13.68","52.29","214.58","107.29","200.9","162.29","0.0","","","","","","",""
"2016.0","9.0","5.0","249.0","322.25","0.09","0.95","0.0","5.15","0.95","4.89","0.0","0.0","0.0","0.0","18.57","52.29","214.58","107.29","196.01","162.29","0.0","","","","","","",""
"2016.0","9.0","6.0","250.0","322.25","0.09","0.95","0.0","4.98","0.95","4.73","0.0","0.0","0.0","0.0","23.3","52.29","214.58","107.29","191.28","162.29","0.0","","","","","","",""
"2016.0","9.0","7.0","251.0","322.25","0.09","0.95","0.0","5.57","0.95","5.29","0.0","0.0","0.0","0.0","28.6","52.29","214.58","107.29","185.98","162.29","0.0","","","","","","",""
"2016.0","9.0","8.0","252.0","322.25","0.09","0.95","0.0","5.3","0.95","5.04","0.0","0.0","0.0","0.0","33.63","52.29","214.58","107.29","180.95","162.29","0.0","","","","","","",""
"2016.0","9.0","9.0","253.0","322.25","0.09","0.95","0.0","5.05","0.95","4.8","0.0","0.0","0.0","0.0","38.43","52.29","214.58","107.29","176.15","162.29","0.0","","","","","","",""
"2016.0","9.0","10.0","254.0","322.25","0.09","0.95","0.0","5.12","0.95","4.86","0.0","0.0","0.0","0.0","43.29","52.29","214.58","107.29","171.29","162.29","0.0","","","","","","",""
"2016.0","9.0","11.0","255.0","322.25","0.09","0.95","0.0","4.64","0.95","4.41","0.0","0.0","0.0","0.0","47.7","52.29","214.58","107.29","166.88","162.29","0.0","","","","","","",""
"2016.0","9.0","12.0","256.0","322.25","0.09","0.95","0.0","4.32","0.95","4.1","0.0","0.0","0.0","0.0","51.8","52.29","214.58","107.29","162.78","162.29","0.0","","","","","","",""
"2016.0","9.0","13.0","257.0","322.25","0.09","0.95","0.0","3.84","0.95","3.65","0.0","0.0","0.0","0.0","0.0","52.29","214.58","107.29","214.58","162.29","55.45","","","","","","",""
"2016.0","9.0","14.0","258.0","322.25","0.09","0.95","0.0","4.2","0.95","3.99","0.0","0.0","0.0","0.0","3.99","52.29","214.58","107.29","210.59","162.29","0.0","","","","","","",""
"2016.0","9.0","15.0","259.0","322.25","0.09","0.95","0.0","4.53","0.95","4.3","0.0","0.0","0.0","0.0","8.29","52.29","214.58","107.29","206.29","162.29","0.0","","","","","","",""
"2016.0","9.0","16.0","260.0","322.25","0.09","0.95","0.0","4.69","0.95","4.46","0.0","0.0","0.0","0.0","12.75","52.29","214.58","107.29","201.83","162.29","0.0","","","","","","",""
"2016.0","9.0","17.0","261.0","322.25","0.09","0.95","0.0","4.72","0.95","4.48","0.0","0.0","0.0","0.0","17.23","52.29","214.58","107.29","197.35","162.29","0.0","","","","","","",""
"2016.0","9.0","18.0","262.0","322.25","0.09","0.95","0.0","4.67","0.95","4.44","0.0","0.0","0.0","0.0","21.67","52.29","214.58","107.29","192.91","162.29","0.0","","","","","","",""
"2016.0","9.0","19.0","263.0","322.25","0.09","0.95","0.0","5.09","0.95","4.84","0.0","0.0","0.0","0.0","26.51","52.29","214.58","107.29","188.07","162.29","0.0","","","","","","",""
"2016.0","9.0","20.0","264.0","322.25","0.09","0.95","0.0","5.29","0.95","5.03","0.0","0.0","0.0","0.0","31.53","52.29","214.58","107.29","183.05","162.29","0.0","","","","","","",""
"2016.0","9.0","21.0","265.0","322.25","0.09","0.95","0.0","4.97","0.95","4.72","0.0","0.0","0.0","0.0","36.25","52.29","214.58","107.29","178.33","162.29","0.0","","","","","","",""
"2016.0","9.0","22.0","266.0","322.25","0.09","0.95","0.0","4.2","0.95","3.99","0.0","0.0","0.0","0.0","40.24","52.29","214.58","107.29","174.34","162.29","0.0","","","","","","",""
"2016.0","9.0","23.0","267.0","322.25","0.09","0.95","0.0","4.49","0.95","4.27","0.0","0.0","0.0","0.0","44.51","52.29","214.58","107.29","170.07","162.29","0.0","","","","","","",""
"2016.0","9.0","24.0","268.0","322.25","0.09","0.95","0.0","4.36","0.95","4.14","0.0","0.0","0.0","0.0","48.65","52.29","214.58","107.29","165.93","162.29","0.0","","","","","","",""
"2016.0","9.0","25.0","269.0","322.25","0.09","0.95","0.0","4.17","0.95","3.96","0.0","0.0","0.0","0.0","0.0","52.29","214.58","107.29","214.58","162.29","52.61","","","","","","",""
"2016.0","9.0","26.0","270.0","322.25","0.09","0.95","0.0","4.53","0.95","4.3","0.0","0.0","0.0","0.0","4.3","52.29","214.58","107.29","210.28","162.29","0.0","","","","","","",""
"2016.0","9.0","27.0","271.0","322.25","0.09","0.95","0.0","4.56","0.95","4.33","0.0","0.0","0.0","0.0","8.64","52.29","214.58","107.29","205.94","162.29","0.0","","","","","","",""
"2016.0","9.0","28.0","272.0","322.25","0.09","0.95","0.0","4.38","0.95","4.16","0.0","0.0","0.0","0.0","12.8","52.29","214.58","107.29","201.78","162.29","0.0","","","","","","",""
"2016.0","9.0","29.0","273.0","322.25","0.09","0.95","0.0","4.27","0.95","4.06","0.0","0.0","0.0","0.0","16.85","52.29","214.58","107.29","197.73","162.29","0.0","","","","","","",""
"2016.0","9.0","30.0","274.0","322.25","0.09","0.95","0.0","3.46","0.95","3.29","2.43","2.43","0.0","0.0","17.71","52.29","214.58","107.29","196.87","162.29","0.0","","","","","","",""
