" Daily soil water balance output for Pistachios in 185_San Joaquin DAU_Co within 06_San Joaquin River for WY 2016","","","","","","","","","","","","","","","","","","","","","","","Monthly output  for Citrus & Subtropical in 185_Contra Costa DAU_Co within 06_San Joaquin River for WY 2016","","","","",""
"Year","Mon","Day","DOY"," Area","OKc","IKc","CCKc","ETo","Kc","ETc","Pcp","Er","Spg","Espg","SWD","SWDx","FC","PWP","SWC"," YT ","NA","","Year","Mon"," Area","ETo","ETc","ETc"
" #  "," # "," # ","  #","Acres","   ","   ","    "," mm","mm"," mm"," mm","mm"," mm"," mm "," mm"," mm ","mm"," mm"," mm"," mm"," mm","","#  "," # "," Acres"," mm"," mm","acre-ft"
"2015.0","10.0","1.0","274.0","223.06","0.08","0.7","0.0","3.59","0.7","2.5","2.27","2.27","0.0","0.0","58.23","148.36","593.45","296.72","535.21","445.08","0.0","","2015.0","10.0","223.06","108.2","43.91","32.134398294"
"2015.0","10.0","2.0","275.0","223.06","0.08","0.69","0.0","4.41","0.69","3.04","0.36","0.36","0.0","0.0","60.91","148.36","593.45","296.72","532.53","445.08","0.0","","2015.0","11.0","223.06","47.2","46.86","34.2932795276"
"2015.0","10.0","3.0","276.0","223.06","0.08","0.68","0.0","4.46","0.68","3.05","0.0","0.0","0.0","0.0","63.96","148.36","593.45","296.72","529.49","445.08","0.0","","2015.0","12.0","223.06","32.8","37.22","27.2384947507"
"2015.0","10.0","4.0","277.0","223.06","0.08","0.68","0.0","3.55","0.68","2.4","0.41","0.41","0.0","0.0","65.95","148.36","593.45","296.72","527.49","445.08","0.0","","2016.0","1.0","223.06","34.3","39.6","28.9802362205"
"2015.0","10.0","5.0","278.0","223.06","0.08","0.67","0.0","3.41","0.67","2.29","0.0","0.0","0.0","0.0","68.24","148.36","593.45","296.72","525.21","445.08","0.0","","2016.0","2.0","223.06","60.9","43.74","32.009988189"
"2015.0","10.0","6.0","279.0","223.06","0.08","0.66","0.0","3.44","0.66","2.28","0.0","0.0","0.0","0.0","70.52","148.36","593.45","296.72","522.92","445.08","0.0","","2016.0","3.0","223.06","83.8","72.22","52.852339895"
"2015.0","10.0","7.0","280.0","223.06","0.08","0.66","0.0","3.44","0.66","2.26","0.0","0.0","0.0","0.0","72.78","148.36","593.45","296.72","520.66","445.08","0.0","","2016.0","4.0","223.06","130.55","113.77","83.2596332021"
"2015.0","10.0","8.0","281.0","223.06","0.08","0.65","0.0","3.53","0.65","2.3","0.0","0.0","0.0","0.0","75.08","148.36","593.45","296.72","518.37","445.08","0.0","","2016.0","5.0","223.06","164.12","147.07","107.629377297"
"2015.0","10.0","9.0","282.0","223.06","0.08","0.64","0.0","4.37","0.64","2.82","0.0","0.0","0.0","0.0","77.9","148.36","593.45","296.72","515.55","445.08","0.0","","2016.0","6.0","223.06","209.37","188.44","137.904942257"
"2015.0","10.0","10.0","283.0","223.06","0.08","0.64","0.0","4.22","0.64","2.69","0.0","0.0","0.0","0.0","80.59","148.36","593.45","296.72","512.85","445.08","0.0","","2016.0","7.0","223.06","219.93","197.93","144.849953412"
"2015.0","10.0","11.0","284.0","223.06","0.08","0.63","0.0","3.82","0.63","2.41","0.0","0.0","0.0","0.0","83.01","148.36","593.45","296.72","510.44","445.08","0.0","","2016.0","8.0","223.06","194.47","174.92","128.01067979"
"2015.0","10.0","12.0","285.0","223.06","0.08","0.63","0.0","3.76","0.63","2.35","0.0","0.0","0.0","0.0","85.36","148.36","593.45","296.72","508.09","445.08","0.0","","2016.0","9.0","223.06","143.12","113.6","83.1352230971"
"2015.0","10.0","13.0","286.0","223.06","0.08","0.62","0.0","4.18","0.62","2.59","0.0","0.0","0.0","0.0","87.95","148.36","593.45","296.72","505.5","445.08","0.0","","","","","","",""
"2015.0","10.0","14.0","287.0","223.06","0.08","0.61","0.0","4.25","0.61","2.6","0.0","0.0","0.0","0.0","90.55","148.36","593.45","296.72","502.9","445.08","0.0","","","","","","",""
"2015.0","10.0","15.0","288.0","223.06","0.08","0.61","0.0","3.81","0.61","2.31","0.0","0.0","0.0","0.0","92.86","148.36","593.45","296.72","500.59","445.08","0.0","","","","","","",""
"2015.0","10.0","16.0","289.0","223.06","0.08","0.6","0.0","3.87","0.6","2.32","0.0","0.0","0.0","0.0","95.18","148.36","593.45","296.72","498.26","445.08","0.0","","","","","","",""
"2015.0","10.0","17.0","290.0","223.06","0.08","0.0","0.0","3.07","0.08","0.25","0.46","0.46","0.0","0.0","29.7","29.7","593.45","296.72","563.75","563.75","0.0","","","","","","",""
"2015.0","10.0","18.0","291.0","223.06","0.08","0.0","0.0","2.72","0.08","0.22","0.25","0.25","0.0","0.0","29.67","29.7","593.45","296.72","563.78","563.75","0.0","","","","","","",""
"2015.0","10.0","19.0","292.0","223.06","0.08","0.0","0.0","2.76","0.08","0.22","0.0","0.0","0.0","0.0","29.89","29.7","593.45","296.72","563.55","563.75","0.0","","","","","","",""
"2015.0","10.0","20.0","293.0","223.06","0.08","0.0","0.0","4.23","0.08","0.34","0.0","0.0","0.0","0.0","29.7","29.7","593.45","296.72","563.75","563.75","0.0","","","","","","",""
"2015.0","10.0","21.0","294.0","223.06","0.08","0.0","0.0","3.4","0.08","0.27","0.0","0.0","0.0","0.0","29.97","29.7","593.45","296.72","563.47","563.75","0.0","","","","","","",""
"2015.0","10.0","22.0","295.0","223.06","0.08","0.0","0.0","3.1","0.08","0.25","0.0","0.0","0.0","0.0","29.7","29.7","593.45","296.72","563.75","563.75","0.0","","","","","","",""
"2015.0","10.0","23.0","296.0","223.06","0.08","0.0","0.0","2.7","0.08","0.22","0.0","0.0","0.0","0.0","29.92","29.7","593.45","296.72","563.53","563.75","0.0","","","","","","",""
"2015.0","10.0","24.0","297.0","223.06","0.08","0.0","0.0","2.55","0.08","0.21","0.0","0.0","0.0","0.0","29.7","29.7","593.45","296.72","563.75","563.75","0.0","","","","","","",""
"2015.0","10.0","25.0","298.0","223.06","0.08","0.0","0.0","3.28","0.08","0.26","0.0","0.0","0.0","0.0","29.96","29.7","593.45","296.72","563.48","563.75","0.0","","","","","","",""
"2015.0","10.0","26.0","299.0","223.06","0.08","0.0","0.0","2.56","0.08","0.21","0.0","0.0","0.0","0.0","29.7","29.7","593.45","296.72","563.75","563.75","0.0","","","","","","",""
"2015.0","10.0","27.0","300.0","223.06","0.08","0.0","0.0","2.18","0.08","0.17","0.0","0.0","0.0","0.0","29.87","29.7","593.45","296.72","563.57","563.75","0.0","","","","","","",""
"2015.0","10.0","28.0","301.0","223.06","0.08","0.0","0.0","2.28","0.08","0.18","0.11","0.11","0.0","0.0","29.7","29.7","593.45","296.72","563.75","563.75","0.0","","","","","","",""
"2015.0","10.0","29.0","302.0","223.06","0.08","0.0","0.0","4.38","0.08","0.35","0.0","0.0","0.0","0.0","30.05","29.7","593.45","296.72","563.4","563.75","0.0","","","","","","",""
"2015.0","10.0","30.0","303.0","223.06","0.08","0.0","0.0","3.64","0.08","0.29","0.0","0.0","0.0","0.0","29.7","29.7","593.45","296.72","563.75","563.75","0.0","","","","","","",""
"2015.0","10.0","31.0","304.0","223.06","0.08","0.0","0.0","3.24","0.08","0.26","0.0","0.0","0.0","0.0","29.96","29.7","593.45","296.72","563.49","563.75","0.0","","","","","","",""
"2015.0","11.0","1.0","305.0","223.06","0.08","0.0","0.0","2.27","0.08","0.18","0.0","0.0","0.0","0.0","29.7","29.7","593.45","296.72","563.75","563.75","0.0","","","","","","",""
"2015.0","11.0","2.0","306.0","223.06","1.17","0.0","0.0","1.22","1.17","1.43","13.87","13.87","0.0","0.0","17.26","29.7","593.45","296.72","576.19","563.75","0.0","","","","","","",""
"2015.0","11.0","3.0","307.0","223.06","1.14","0.0","0.0","2.1","1.14","2.39","10.1","10.1","0.0","0.0","9.54","29.7","593.45","296.72","583.9","563.75","0.0","","","","","","",""
"2015.0","11.0","4.0","308.0","223.06","1.12","0.0","0.0","3.06","1.12","3.42","0.0","0.0","0.0","0.0","12.96","29.7","593.45","296.72","580.48","563.75","0.0","","","","","","",""
"2015.0","11.0","5.0","309.0","223.06","1.05","0.0","0.0","1.73","1.05","1.82","0.0","0.0","0.0","0.0","14.78","29.7","593.45","296.72","578.66","563.75","0.0","","","","","","",""
"2015.0","11.0","6.0","310.0","223.06","0.93","0.0","0.0","1.87","0.93","1.75","0.0","0.0","0.0","0.0","16.53","29.7","593.45","296.72","576.92","563.75","0.0","","","","","","",""
"2015.0","11.0","7.0","311.0","223.06","0.86","0.0","0.0","1.66","0.86","1.43","0.0","0.0","0.0","0.0","17.96","29.7","593.45","296.72","575.49","563.75","0.0","","","","","","",""
"2015.0","11.0","8.0","312.0","223.06","0.81","0.0","0.0","1.24","0.81","1.01","0.0","0.0","0.0","0.0","18.96","29.7","593.45","296.72","574.48","563.75","0.0","","","","","","",""
"2015.0","11.0","9.0","313.0","223.06","1.18","0.0","0.0","1.05","1.18","1.24","4.18","4.18","0.0","0.0","16.02","29.7","593.45","296.72","577.42","563.75","0.0","","","","","","",""
"2015.0","11.0","10.0","314.0","223.06","1.17","0.0","0.0","1.22","1.17","1.43","7.78","7.78","0.0","0.0","9.67","29.7","593.45","296.72","583.78","563.75","0.0","","","","","","",""
"2015.0","11.0","11.0","315.0","223.06","1.17","0.0","0.0","1.23","1.17","1.44","0.0","0.0","0.0","0.0","11.11","29.7","593.45","296.72","582.33","563.75","0.0","","","","","","",""
"2015.0","11.0","12.0","316.0","223.06","1.17","0.0","0.0","1.4","1.17","1.64","0.0","0.0","0.0","0.0","12.75","29.7","593.45","296.72","580.7","563.75","0.0","","","","","","",""
"2015.0","11.0","13.0","317.0","223.06","1.17","0.0","0.0","1.36","1.17","1.59","0.06","0.06","0.0","0.0","14.28","29.7","593.45","296.72","579.17","563.75","0.0","","","","","","",""
"2015.0","11.0","14.0","318.0","223.06","1.09","0.0","0.0","1.38","1.09","1.51","0.0","0.0","0.0","0.0","15.79","29.7","593.45","296.72","577.66","563.75","0.0","","","","","","",""
"2015.0","11.0","15.0","319.0","223.06","1.15","0.0","0.0","1.83","1.15","2.1","2.04","2.04","0.0","0.0","15.84","29.7","593.45","296.72","577.6","563.75","0.0","","","","","","",""
"2015.0","11.0","16.0","320.0","223.06","1.13","0.0","0.0","2.75","1.13","3.1","2.1","2.1","0.0","0.0","16.85","29.7","593.45","296.72","576.6","563.75","0.0","","","","","","",""
"2015.0","11.0","17.0","321.0","223.06","1.13","0.0","0.0","1.44","1.13","1.63","0.0","0.0","0.0","0.0","18.48","29.7","593.45","296.72","574.97","563.75","0.0","","","","","","",""
"2015.0","11.0","18.0","322.0","223.06","1.03","0.0","0.0","1.31","1.03","1.35","0.0","0.0","0.0","0.0","19.82","29.7","593.45","296.72","573.62","563.75","0.0","","","","","","",""
"2015.0","11.0","19.0","323.0","223.06","0.95","0.0","0.0","1.34","0.95","1.27","0.0","0.0","0.0","0.0","21.09","29.7","593.45","296.72","572.35","563.75","0.0","","","","","","",""
"2015.0","11.0","20.0","324.0","223.06","0.87","0.0","0.0","1.57","0.87","1.37","0.0","0.0","0.0","0.0","22.46","29.7","593.45","296.72","570.98","563.75","0.0","","","","","","",""
"2015.0","11.0","21.0","325.0","223.06","0.82","0.0","0.0","1.46","0.82","1.19","0.0","0.0","0.0","0.0","23.65","29.7","593.45","296.72","569.79","563.75","0.0","","","","","","",""
"2015.0","11.0","22.0","326.0","223.06","0.77","0.0","0.0","1.31","0.77","1.01","0.0","0.0","0.0","0.0","24.67","29.7","593.45","296.72","568.78","563.75","0.0","","","","","","",""
"2015.0","11.0","23.0","327.0","223.06","0.74","0.0","0.0","1.44","0.74","1.06","0.0","0.0","0.0","0.0","25.73","29.7","593.45","296.72","567.72","563.75","0.0","","","","","","",""
"2015.0","11.0","24.0","328.0","223.06","0.7","0.0","0.0","1.38","0.7","0.97","0.0","0.0","0.0","0.0","26.7","29.7","593.45","296.72","566.75","563.75","0.0","","","","","","",""
"2015.0","11.0","25.0","329.0","223.06","1.18","0.0","0.0","1.02","1.18","1.2","3.41","3.41","0.0","0.0","24.49","29.7","593.45","296.72","568.96","563.75","0.0","","","","","","",""
"2015.0","11.0","26.0","330.0","223.06","1.17","0.0","0.0","1.52","1.17","1.78","0.0","0.0","0.0","0.0","26.27","29.7","593.45","296.72","567.18","563.75","0.0","","","","","","",""
"2015.0","11.0","27.0","331.0","223.06","1.16","0.0","0.0","2.1","1.16","2.43","0.0","0.0","0.0","0.0","28.7","29.7","593.45","296.72","564.75","563.75","0.0","","","","","","",""
"2015.0","11.0","28.0","332.0","223.06","1.12","0.0","0.0","1.57","1.12","1.76","0.0","0.0","0.0","0.0","30.46","29.7","593.45","296.72","562.98","563.75","0.0","","","","","","",""
"2015.0","11.0","29.0","333.0","223.06","1.02","0.0","0.0","1.34","1.02","1.37","0.0","0.0","0.0","0.0","29.7","29.7","593.45","296.72","563.75","563.75","0.0","","","","","","",""
"2015.0","11.0","30.0","334.0","223.06","0.96","0.0","0.0","1.03","0.96","0.99","0.0","0.0","0.0","0.0","30.69","29.7","593.45","296.72","562.76","563.75","0.0","","","","","","",""
"2015.0","12.0","1.0","335.0","223.06","0.89","0.0","0.0","1.25","0.89","1.12","0.0","0.0","0.0","0.0","29.7","29.7","593.45","296.72","563.75","563.75","0.0","","","","","","",""
"2015.0","12.0","2.0","336.0","223.06","0.85","0.0","0.0","1.12","0.85","0.95","0.0","0.0","0.0","0.0","30.65","29.7","593.45","296.72","562.8","563.75","0.0","","","","","","",""
"2015.0","12.0","3.0","337.0","223.06","0.8","0.0","0.0","1.3","0.8","1.04","0.0","0.0","0.0","0.0","29.7","29.7","593.45","296.72","563.75","563.75","0.0","","","","","","",""
"2015.0","12.0","4.0","338.0","223.06","1.18","0.0","0.0","1.05","1.18","1.24","4.84","4.84","0.0","0.0","26.1","29.7","593.45","296.72","567.35","563.75","0.0","","","","","","",""
"2015.0","12.0","5.0","339.0","223.06","1.18","0.0","0.0","0.78","1.18","0.92","0.0","0.0","0.0","0.0","27.02","29.7","593.45","296.72","566.43","563.75","0.0","","","","","","",""
"2015.0","12.0","6.0","340.0","223.06","1.18","0.0","0.0","1.35","1.18","1.59","0.0","0.0","0.0","0.0","28.61","29.7","593.45","296.72","564.84","563.75","0.0","","","","","","",""
"2015.0","12.0","7.0","341.0","223.06","1.18","0.0","0.0","0.96","1.18","1.13","0.0","0.0","0.0","0.0","29.74","29.7","593.45","296.72","563.7","563.75","0.0","","","","","","",""
"2015.0","12.0","8.0","342.0","223.06","1.18","0.0","0.0","0.63","1.18","0.74","0.0","0.0","0.0","0.0","29.7","29.7","593.45","296.72","563.75","563.75","0.0","","","","","","",""
"2015.0","12.0","9.0","343.0","223.06","1.17","0.0","0.0","1.04","1.17","1.22","0.0","0.0","0.0","0.0","30.92","29.7","593.45","296.72","562.53","563.75","0.0","","","","","","",""
"2015.0","12.0","10.0","344.0","223.06","1.17","0.0","0.0","1.2","1.17","1.41","1.34","1.34","0.0","0.0","29.58","29.7","593.45","296.72","563.87","563.75","0.0","","","","","","",""
"2015.0","12.0","11.0","345.0","223.06","1.18","0.0","0.0","1.1","1.18","1.29","7.14","7.14","0.0","0.0","23.73","29.7","593.45","296.72","569.71","563.75","0.0","","","","","","",""
"2015.0","12.0","12.0","346.0","223.06","1.18","0.0","0.0","0.91","1.18","1.07","0.42","0.42","0.0","0.0","24.39","29.7","593.45","296.72","569.06","563.75","0.0","","","","","","",""
"2015.0","12.0","13.0","347.0","223.06","1.18","0.0","0.0","1.3","1.18","1.53","0.0","0.0","0.0","0.0","25.92","29.7","593.45","296.72","567.53","563.75","0.0","","","","","","",""
"2015.0","12.0","14.0","348.0","223.06","1.15","0.0","0.0","1.67","1.15","1.93","9.79","9.79","0.0","0.0","18.05","29.7","593.45","296.72","575.39","563.75","0.0","","","","","","",""
"2015.0","12.0","15.0","349.0","223.06","1.15","0.0","0.0","1.78","1.15","2.05","0.0","0.0","0.0","0.0","20.1","29.7","593.45","296.72","573.35","563.75","0.0","","","","","","",""
"2015.0","12.0","16.0","350.0","223.06","1.16","0.0","0.0","0.95","1.16","1.1","0.0","0.0","0.0","0.0","21.2","29.7","593.45","296.72","572.24","563.75","0.0","","","","","","",""
"2015.0","12.0","17.0","351.0","223.06","1.17","0.0","0.0","1.02","1.17","1.19","0.0","0.0","0.0","0.0","22.39","29.7","593.45","296.72","571.05","563.75","0.0","","","","","","",""
"2015.0","12.0","18.0","352.0","223.06","1.09","0.0","0.0","1.23","1.09","1.34","0.0","0.0","0.0","0.0","23.73","29.7","593.45","296.72","569.71","563.75","0.0","","","","","","",""
"2015.0","12.0","19.0","353.0","223.06","1.19","0.0","0.0","0.78","1.19","0.93","5.89","5.89","0.0","0.0","18.77","29.7","593.45","296.72","574.68","563.75","0.0","","","","","","",""
"2015.0","12.0","20.0","354.0","223.06","1.19","0.0","0.0","0.64","1.19","0.76","2.01","2.01","0.0","0.0","17.52","29.7","593.45","296.72","575.92","563.75","0.0","","","","","","",""
"2015.0","12.0","21.0","355.0","223.06","1.19","0.0","0.0","0.69","1.19","0.82","2.49","2.49","0.0","0.0","15.86","29.7","593.45","296.72","577.59","563.75","0.0","","","","","","",""
"2015.0","12.0","22.0","356.0","223.06","1.17","0.0","0.0","1.22","1.17","1.43","12.24","12.24","0.0","0.0","5.04","29.7","593.45","296.72","588.4","563.75","0.0","","","","","","",""
"2015.0","12.0","23.0","357.0","223.06","1.17","0.0","0.0","1.52","1.17","1.77","0.56","0.56","0.0","0.0","6.26","29.7","593.45","296.72","587.19","563.75","0.0","","","","","","",""
"2015.0","12.0","24.0","358.0","223.06","1.17","0.0","0.0","0.97","1.17","1.14","0.59","0.59","0.0","0.0","6.8","29.7","593.45","296.72","586.64","563.75","0.0","","","","","","",""
"2015.0","12.0","25.0","359.0","223.06","1.18","0.0","0.0","0.91","1.18","1.08","4.96","4.96","0.0","0.0","2.92","29.7","593.45","296.72","590.53","563.75","0.0","","","","","","",""
"2015.0","12.0","26.0","360.0","223.06","1.17","0.0","0.0","1.42","1.17","1.67","0.0","0.0","0.0","0.0","4.58","29.7","593.45","296.72","588.86","563.75","0.0","","","","","","",""
"2015.0","12.0","27.0","361.0","223.06","1.18","0.0","0.0","0.58","1.18","0.69","0.0","0.0","0.0","0.0","5.27","29.7","593.45","296.72","588.18","563.75","0.0","","","","","","",""
"2015.0","12.0","28.0","362.0","223.06","1.19","0.0","0.0","0.71","1.19","0.85","1.51","1.51","0.0","0.0","4.61","29.7","593.45","296.72","588.84","563.75","0.0","","","","","","",""
"2015.0","12.0","29.0","363.0","223.06","1.19","0.0","0.0","0.91","1.19","1.08","0.16","0.16","0.0","0.0","5.53","29.7","593.45","296.72","587.92","563.75","0.0","","","","","","",""
"2015.0","12.0","30.0","364.0","223.06","1.19","0.0","0.0","0.82","1.19","0.97","0.0","0.0","0.0","0.0","6.5","29.7","593.45","296.72","586.95","563.75","0.0","","","","","","",""
"2015.0","12.0","31.0","365.0","223.06","1.19","0.0","0.0","0.99","1.19","1.17","0.0","0.0","0.0","0.0","7.67","29.7","593.45","296.72","585.77","563.75","0.0","","","","","","",""
"2016.0","1.0","1.0","1.0","223.06","1.18","0.0","0.0","1.26","1.18","1.49","0.0","0.0","0.0","0.0","9.16","29.7","593.45","296.72","584.28","563.75","0.0","","","","","","",""
"2016.0","1.0","2.0","2.0","223.06","1.18","0.0","0.0","1.08","1.18","1.27","0.0","0.0","0.0","0.0","10.43","29.7","593.45","296.72","583.01","563.75","0.0","","","","","","",""
"2016.0","1.0","3.0","3.0","223.06","1.07","0.0","0.0","1.16","1.07","1.24","0.0","0.0","0.0","0.0","11.68","29.7","593.45","296.72","581.77","563.75","0.0","","","","","","",""
"2016.0","1.0","4.0","4.0","223.06","1.0","0.0","0.0","0.98","1.0","0.98","0.49","0.49","0.0","0.0","12.17","29.7","593.45","296.72","581.27","563.75","0.0","","","","","","",""
"2016.0","1.0","5.0","5.0","223.06","1.18","0.0","0.0","0.92","1.18","1.09","16.91","13.26","0.0","0.0","0.0","29.7","593.45","296.72","593.45","563.75","0.0","","","","","","",""
"2016.0","1.0","6.0","6.0","223.06","1.19","0.0","0.0","0.84","1.19","1.0","13.14","1.0","0.0","0.0","0.0","29.7","593.45","296.72","593.45","563.75","0.0","","","","","","",""
"2016.0","1.0","7.0","7.0","223.06","1.2","0.0","0.0","0.62","1.2","0.74","4.52","0.74","0.0","0.0","0.0","29.7","593.45","296.72","593.45","563.75","0.0","","","","","","",""
"2016.0","1.0","8.0","8.0","223.06","1.19","0.0","0.0","0.71","1.19","0.85","0.04","0.04","0.0","0.0","0.81","29.7","593.45","296.72","592.64","563.75","0.0","","","","","","",""
"2016.0","1.0","9.0","9.0","223.06","1.18","0.0","0.0","0.96","1.18","1.13","0.86","0.86","0.0","0.0","1.08","29.7","593.45","296.72","592.36","563.75","0.0","","","","","","",""
"2016.0","1.0","10.0","10.0","223.06","1.18","0.0","0.0","0.9","1.18","1.06","0.39","0.39","0.0","0.0","1.76","29.7","593.45","296.72","591.69","563.75","0.0","","","","","","",""
"2016.0","1.0","11.0","11.0","223.06","1.18","0.0","0.0","1.0","1.18","1.18","0.07","0.07","0.0","0.0","2.87","29.7","593.45","296.72","590.58","563.75","0.0","","","","","","",""
"2016.0","1.0","12.0","12.0","223.06","1.18","0.0","0.0","0.98","1.18","1.16","0.0","0.0","0.0","0.0","4.03","29.7","593.45","296.72","589.42","563.75","0.0","","","","","","",""
"2016.0","1.0","13.0","13.0","223.06","1.16","0.0","0.0","1.46","1.16","1.7","1.29","1.29","0.0","0.0","4.43","29.7","593.45","296.72","589.01","563.75","0.0","","","","","","",""
"2016.0","1.0","14.0","14.0","223.06","1.19","0.0","0.0","0.74","1.19","0.88","1.66","1.66","0.0","0.0","3.65","29.7","593.45","296.72","589.79","563.75","0.0","","","","","","",""
"2016.0","1.0","15.0","15.0","223.06","1.18","0.0","0.0","0.98","1.18","1.16","2.54","2.54","0.0","0.0","2.27","29.7","593.45","296.72","591.18","563.75","0.0","","","","","","",""
"2016.0","1.0","16.0","16.0","223.06","1.18","0.0","0.0","0.93","1.18","1.1","5.84","3.37","0.0","0.0","0.0","29.7","593.45","296.72","593.45","563.75","0.0","","","","","","",""
"2016.0","1.0","17.0","17.0","223.06","1.19","0.0","0.0","0.83","1.19","0.99","1.4","0.99","0.0","0.0","0.0","29.7","593.45","296.72","593.45","563.75","0.0","","","","","","",""
"2016.0","1.0","18.0","18.0","223.06","1.17","0.0","0.0","1.26","1.17","1.47","34.61","1.47","0.0","0.0","0.0","29.7","593.45","296.72","593.45","563.75","0.0","","","","","","",""
"2016.0","1.0","19.0","19.0","223.06","1.17","0.0","0.0","1.26","1.17","1.47","6.57","1.47","0.0","0.0","0.0","29.7","593.45","296.72","593.45","563.75","0.0","","","","","","",""
"2016.0","1.0","20.0","20.0","223.06","1.18","0.0","0.0","1.1","1.18","1.29","15.1","1.29","0.0","0.0","0.0","29.7","593.45","296.72","593.45","563.75","0.0","","","","","","",""
"2016.0","1.0","21.0","21.0","223.06","1.17","0.0","0.0","1.17","1.17","1.37","0.1","0.1","0.0","0.0","1.27","29.7","593.45","296.72","592.17","563.75","0.0","","","","","","",""
"2016.0","1.0","22.0","22.0","223.06","1.17","0.0","0.0","1.16","1.17","1.36","0.14","0.14","0.0","0.0","2.5","29.7","593.45","296.72","590.95","563.75","0.0","","","","","","",""
"2016.0","1.0","23.0","23.0","223.06","1.16","0.0","0.0","1.4","1.16","1.63","10.69","4.13","0.0","0.0","0.0","29.7","593.45","296.72","593.45","563.75","0.0","","","","","","",""
"2016.0","1.0","24.0","24.0","223.06","1.17","0.0","0.0","1.16","1.17","1.36","0.76","0.76","0.0","0.0","0.6","29.7","593.45","296.72","592.85","563.75","0.0","","","","","","",""
"2016.0","1.0","25.0","25.0","223.06","1.17","0.0","0.0","1.11","1.17","1.3","0.1","0.1","0.0","0.0","1.8","29.7","593.45","296.72","591.65","563.75","0.0","","","","","","",""
"2016.0","1.0","26.0","26.0","223.06","1.17","0.0","0.0","1.12","1.17","1.31","0.0","0.0","0.0","0.0","3.11","29.7","593.45","296.72","590.34","563.75","0.0","","","","","","",""
"2016.0","1.0","27.0","27.0","223.06","1.14","0.0","0.0","1.3","1.14","1.48","0.0","0.0","0.0","0.0","4.59","29.7","593.45","296.72","588.85","563.75","0.0","","","","","","",""
"2016.0","1.0","28.0","28.0","223.06","1.06","0.0","0.0","0.93","1.06","0.99","0.0","0.0","0.0","0.0","5.58","29.7","593.45","296.72","587.87","563.75","0.0","","","","","","",""
"2016.0","1.0","29.0","29.0","223.06","0.99","0.0","0.0","1.11","0.99","1.1","0.05","0.05","0.0","0.0","6.63","29.7","593.45","296.72","586.82","563.75","0.0","","","","","","",""
"2016.0","1.0","30.0","30.0","223.06","1.16","0.0","0.0","1.58","1.16","1.83","5.56","5.56","0.0","0.0","2.89","29.7","593.45","296.72","590.55","563.75","0.0","","","","","","",""
"2016.0","1.0","31.0","31.0","223.06","1.14","0.0","0.0","2.29","1.14","2.62","0.68","0.68","0.0","0.0","4.83","29.7","593.45","296.72","588.62","563.75","0.0","","","","","","",""
"2016.0","2.0","1.0","32.0","223.06","1.08","0.0","0.0","2.73","1.08","2.94","1.11","1.11","0.0","0.0","6.66","29.7","593.45","296.72","586.79","563.75","0.0","","","","","","",""
"2016.0","2.0","2.0","33.0","223.06","1.0","0.0","0.0","1.18","1.0","1.18","0.03","0.03","0.0","0.0","7.81","29.7","593.45","296.72","585.64","563.75","0.0","","","","","","",""
"2016.0","2.0","3.0","34.0","223.06","0.93","0.0","0.0","1.14","0.93","1.06","0.1","0.1","0.0","0.0","8.77","29.7","593.45","296.72","584.68","563.75","0.0","","","","","","",""
"2016.0","2.0","4.0","35.0","223.06","0.86","0.0","0.0","1.5","0.86","1.3","0.0","0.0","0.0","0.0","10.06","29.7","593.45","296.72","583.38","563.75","0.0","","","","","","",""
"2016.0","2.0","5.0","36.0","223.06","0.81","0.0","0.0","1.43","0.81","1.16","0.0","0.0","0.0","0.0","11.22","29.7","593.45","296.72","582.22","563.75","0.0","","","","","","",""
"2016.0","2.0","6.0","37.0","223.06","0.76","0.0","0.0","1.64","0.76","1.25","0.0","0.0","0.0","0.0","12.47","29.7","593.45","296.72","580.98","563.75","0.0","","","","","","",""
"2016.0","2.0","7.0","38.0","223.06","0.71","0.0","0.0","1.87","0.71","1.33","0.0","0.0","0.0","0.0","13.8","29.7","593.45","296.72","579.64","563.75","0.0","","","","","","",""
"2016.0","2.0","8.0","39.0","223.06","0.67","0.0","0.0","1.98","0.67","1.33","0.0","0.0","0.0","0.0","15.13","29.7","593.45","296.72","578.32","563.75","0.0","","","","","","",""
"2016.0","2.0","9.0","40.0","223.06","0.63","0.0","0.0","1.99","0.63","1.26","0.0","0.0","0.0","0.0","16.39","29.7","593.45","296.72","577.06","563.75","0.0","","","","","","",""
"2016.0","2.0","10.0","41.0","223.06","0.6","0.0","0.0","1.96","0.6","1.18","0.0","0.0","0.0","0.0","17.57","29.7","593.45","296.72","575.87","563.75","0.0","","","","","","",""
"2016.0","2.0","11.0","42.0","223.06","0.58","0.0","0.0","1.8","0.58","1.04","0.0","0.0","0.0","0.0","18.62","29.7","593.45","296.72","574.83","563.75","0.0","","","","","","",""
"2016.0","2.0","12.0","43.0","223.06","0.56","0.0","0.0","1.89","0.56","1.05","0.0","0.0","0.0","0.0","19.67","29.7","593.45","296.72","573.77","563.75","0.0","","","","","","",""
"2016.0","2.0","13.0","44.0","223.06","0.53","0.0","0.0","2.32","0.53","1.24","0.0","0.0","0.0","0.0","20.91","29.7","593.45","296.72","572.54","563.75","0.0","","","","","","",""
"2016.0","2.0","14.0","45.0","223.06","0.51","0.0","0.0","2.94","0.51","1.49","0.0","0.0","0.0","0.0","22.39","29.7","593.45","296.72","571.05","563.75","0.0","","","","","","",""
"2016.0","2.0","15.0","46.0","223.06","0.49","0.0","0.0","2.4","0.49","1.17","0.0","0.0","0.0","0.0","23.56","29.7","593.45","296.72","569.88","563.75","0.0","","","","","","",""
"2016.0","2.0","16.0","47.0","223.06","0.47","0.0","0.0","2.18","0.47","1.03","0.0","0.0","0.0","0.0","24.59","29.7","593.45","296.72","568.86","563.75","0.0","","","","","","",""
"2016.0","2.0","17.0","48.0","223.06","0.45","0.0","0.0","2.89","0.45","1.31","0.0","0.0","0.0","0.0","25.9","29.7","593.45","296.72","567.55","563.75","0.0","","","","","","",""
"2016.0","2.0","18.0","49.0","223.06","1.14","0.0","0.0","1.93","1.14","2.21","12.6","12.6","0.0","0.0","15.5","29.7","593.45","296.72","577.94","563.75","0.0","","","","","","",""
"2016.0","2.0","19.0","50.0","223.06","1.15","0.0","0.0","1.79","1.15","2.05","1.68","1.68","0.0","0.0","15.87","29.7","593.45","296.72","577.57","563.75","0.0","","","","","","",""
"2016.0","2.0","20.0","51.0","223.06","1.15","0.0","0.0","1.78","1.15","2.04","0.0","0.0","0.0","0.0","17.91","29.7","593.45","296.72","575.53","563.75","0.0","","","","","","",""
"2016.0","2.0","21.0","52.0","223.06","1.01","0.0","0.0","2.03","1.01","2.06","0.0","0.0","0.0","0.0","19.97","29.7","593.45","296.72","573.47","563.75","0.0","","","","","","",""
"2016.0","2.0","22.0","53.0","223.06","0.87","0.0","0.0","2.67","0.87","2.32","0.0","0.0","0.0","0.0","22.29","29.7","593.45","296.72","571.16","563.75","0.0","","","","","","",""
"2016.0","2.0","23.0","54.0","223.06","0.78","0.0","0.0","2.49","0.78","1.94","0.0","0.0","0.0","0.0","24.23","29.7","593.45","296.72","569.22","563.75","0.0","","","","","","",""
"2016.0","2.0","24.0","55.0","223.06","0.72","0.0","0.0","2.29","0.72","1.64","0.0","0.0","0.0","0.0","25.87","29.7","593.45","296.72","567.58","563.75","0.0","","","","","","",""
"2016.0","2.0","25.0","56.0","223.06","0.66","0.0","0.0","2.39","0.66","1.59","0.0","0.0","0.0","0.0","27.45","29.7","593.45","296.72","565.99","563.75","0.0","","","","","","",""
"2016.0","2.0","26.0","57.0","223.06","0.62","0.0","0.0","2.46","0.62","1.53","0.0","0.0","0.0","0.0","28.98","29.7","593.45","296.72","564.46","563.75","0.0","","","","","","",""
"2016.0","2.0","27.0","58.0","223.06","0.59","0.0","0.0","2.45","0.59","1.44","0.0","0.0","0.0","0.0","30.42","29.7","593.45","296.72","563.03","563.75","0.0","","","","","","",""
"2016.0","2.0","28.0","59.0","223.06","0.56","0.0","0.0","2.08","0.56","1.17","0.0","0.0","0.0","0.0","29.7","29.7","593.45","296.72","563.75","563.75","0.0","","","","","","",""
"2016.0","2.0","29.0","60.0","223.06","0.53","0.0","0.0","2.7","0.53","1.43","0.0","0.0","0.0","0.0","31.13","29.7","593.45","296.72","562.31","563.75","0.0","","","","","","",""
"2016.0","3.0","1.0","61.0","223.06","0.5","0.0","0.0","3.07","0.5","1.54","0.0","0.0","0.0","0.0","29.7","29.7","593.45","296.72","563.75","563.75","0.0","","","","","","",""
"2016.0","3.0","2.0","62.0","223.06","0.48","0.0","0.0","2.66","0.48","1.28","0.0","0.0","0.0","0.0","30.98","29.7","593.45","296.72","562.46","563.75","0.0","","","","","","",""
"2016.0","3.0","3.0","63.0","223.06","0.47","0.0","0.0","2.01","0.47","0.94","0.0","0.0","0.0","0.0","29.7","29.7","593.45","296.72","563.75","563.75","0.0","","","","","","",""
"2016.0","3.0","4.0","64.0","223.06","0.46","0.0","0.0","1.63","0.46","0.75","0.0","0.0","0.0","0.0","30.45","29.7","593.45","296.72","563.0","563.75","0.0","","","","","","",""
"2016.0","3.0","5.0","65.0","223.06","1.17","0.0","0.0","1.29","1.17","1.51","9.53","9.53","0.0","0.0","20.92","29.7","593.45","296.72","572.53","563.75","0.0","","","","","","",""
"2016.0","3.0","6.0","66.0","223.06","1.13","0.0","0.0","2.24","1.13","2.53","23.66","23.45","0.0","0.0","0.0","29.7","593.45","296.72","593.45","563.75","0.0","","","","","","",""
"2016.0","3.0","7.0","67.0","223.06","1.16","0.0","0.0","1.43","1.16","1.66","16.86","1.66","0.0","0.0","0.0","29.7","593.45","296.72","593.45","563.75","0.0","","","","","","",""
"2016.0","3.0","8.0","68.0","223.06","1.14","0.0","0.0","2.0","1.14","2.28","2.25","2.25","0.0","0.0","0.03","29.7","593.45","296.72","593.42","563.75","0.0","","","","","","",""
"2016.0","3.0","9.0","69.0","223.06","1.14","0.0","0.0","2.17","1.14","2.47","0.01","0.01","0.0","0.0","2.49","29.7","593.45","296.72","590.96","563.75","0.0","","","","","","",""
"2016.0","3.0","10.0","70.0","223.06","1.14","0.0","0.0","1.49","1.14","1.71","0.09","0.09","0.0","0.0","4.1","29.7","593.45","296.72","589.34","563.75","0.0","","","","","","",""
"2016.0","3.0","11.0","71.0","223.06","1.16","0.0","0.0","1.56","1.16","1.81","2.52","2.52","0.0","0.0","3.39","29.7","593.45","296.72","590.06","563.75","0.0","","","","","","",""
"2016.0","3.0","12.0","72.0","223.06","1.14","0.0","0.0","1.94","1.14","2.22","10.13","5.6","0.0","0.0","0.0","29.7","593.45","296.72","593.45","563.75","0.0","","","","","","",""
"2016.0","3.0","13.0","73.0","223.06","1.17","0.0","0.0","1.23","1.17","1.44","5.53","1.44","0.0","0.0","0.0","29.7","593.45","296.72","593.45","563.75","0.0","","","","","","",""
"2016.0","3.0","14.0","74.0","223.06","1.12","0.0","0.0","2.53","1.12","2.83","16.17","2.83","0.0","0.0","0.0","29.7","593.45","296.72","593.45","563.75","0.0","","","","","","",""
"2016.0","3.0","15.0","75.0","223.06","1.11","0.8","0.0","3.04","1.11","3.37","0.0","0.0","0.0","0.0","3.37","124.37","593.45","296.72","590.08","469.07","0.0","","","","","","",""
"2016.0","3.0","16.0","76.0","223.06","0.93","0.8","0.0","3.13","0.93","2.9","0.0","0.0","0.0","0.0","6.27","124.37","593.45","296.72","587.18","469.07","0.0","","","","","","",""
"2016.0","3.0","17.0","77.0","223.06","0.79","0.8","0.0","3.15","0.8","2.53","0.0","0.0","0.0","0.0","8.8","124.37","593.45","296.72","584.65","469.07","0.0","","","","","","",""
"2016.0","3.0","18.0","78.0","223.06","0.7","0.8","0.0","3.12","0.8","2.51","0.0","0.0","0.0","0.0","11.31","124.37","593.45","296.72","582.14","469.07","0.0","","","","","","",""
"2016.0","3.0","19.0","79.0","223.06","0.64","0.81","0.0","3.12","0.81","2.51","0.0","0.0","0.0","0.0","13.82","124.37","593.45","296.72","579.62","469.07","0.0","","","","","","",""
"2016.0","3.0","20.0","80.0","223.06","0.6","0.81","0.0","2.58","0.81","2.08","0.0","0.0","0.0","0.0","15.9","124.37","593.45","296.72","577.54","469.07","0.0","","","","","","",""
"2016.0","3.0","21.0","81.0","223.06","0.57","0.81","0.0","2.43","0.81","1.96","1.04","1.04","0.0","0.0","16.83","124.37","593.45","296.72","576.62","469.07","0.0","","","","","","",""
"2016.0","3.0","22.0","82.0","223.06","0.53","0.81","0.0","3.06","0.81","2.48","0.84","0.84","0.0","0.0","18.47","124.37","593.45","296.72","574.98","469.07","0.0","","","","","","",""
"2016.0","3.0","23.0","83.0","223.06","0.5","0.81","0.0","3.41","0.81","2.77","0.0","0.0","0.0","0.0","21.23","124.37","593.45","296.72","572.21","469.07","0.0","","","","","","",""
"2016.0","3.0","24.0","84.0","223.06","0.48","0.81","0.0","3.28","0.81","2.67","0.0","0.0","0.0","0.0","23.9","124.37","593.45","296.72","569.55","469.07","0.0","","","","","","",""
"2016.0","3.0","25.0","85.0","223.06","0.45","0.81","0.0","3.68","0.81","3.0","0.0","0.0","0.0","0.0","26.89","124.37","593.45","296.72","566.55","469.07","0.0","","","","","","",""
"2016.0","3.0","26.0","86.0","223.06","0.43","0.82","0.0","4.3","0.82","3.51","0.0","0.0","0.0","0.0","30.4","124.37","593.45","296.72","563.05","469.07","0.0","","","","","","",""
"2016.0","3.0","27.0","87.0","223.06","0.41","0.82","0.0","3.59","0.82","2.93","0.0","0.0","0.0","0.0","33.33","124.37","593.45","296.72","560.11","469.07","0.0","","","","","","",""
"2016.0","3.0","28.0","88.0","223.06","0.39","0.82","0.0","3.48","0.82","2.85","0.0","0.0","0.0","0.0","36.18","124.37","593.45","296.72","557.27","469.07","0.0","","","","","","",""
"2016.0","3.0","29.0","89.0","223.06","0.38","0.82","0.0","3.78","0.82","3.1","0.01","0.01","0.0","0.0","39.27","124.37","593.45","296.72","554.18","469.07","0.0","","","","","","",""
"2016.0","3.0","30.0","90.0","223.06","0.37","0.82","0.0","3.59","0.82","2.95","0.0","0.0","0.0","0.0","42.22","124.37","593.45","296.72","551.23","469.07","0.0","","","","","","",""
"2016.0","3.0","31.0","91.0","223.06","0.35","0.82","0.0","3.81","0.82","3.13","0.0","0.0","0.0","0.0","45.35","124.37","593.45","296.72","548.09","469.07","0.0","","","","","","",""
"2016.0","4.0","1.0","92.0","223.06","0.34","0.82","0.0","3.73","0.82","3.07","0.0","0.0","0.0","0.0","48.42","124.37","593.45","296.72","545.02","469.07","0.0","","","","","","",""
"2016.0","4.0","2.0","93.0","223.06","0.33","0.83","0.0","3.81","0.83","3.14","0.0","0.0","0.0","0.0","51.57","124.37","593.45","296.72","541.88","469.07","0.0","","","","","","",""
"2016.0","4.0","3.0","94.0","223.06","0.32","0.83","0.0","4.13","0.83","3.41","0.0","0.0","0.0","0.0","54.98","124.37","593.45","296.72","538.46","469.07","0.0","","","","","","",""
"2016.0","4.0","4.0","95.0","223.06","0.31","0.83","0.0","4.33","0.83","3.59","0.0","0.0","0.0","0.0","58.57","124.37","593.45","296.72","534.88","469.07","0.0","","","","","","",""
"2016.0","4.0","5.0","96.0","223.06","0.3","0.83","0.0","5.51","0.83","4.57","0.0","0.0","0.0","0.0","63.14","124.37","593.45","296.72","530.31","469.07","0.0","","","","","","",""
"2016.0","4.0","6.0","97.0","223.06","0.29","0.83","0.0","4.85","0.83","4.03","0.0","0.0","0.0","0.0","67.17","124.37","593.45","296.72","526.28","469.07","0.0","","","","","","",""
"2016.0","4.0","7.0","98.0","223.06","0.28","0.83","0.0","4.26","0.83","3.55","0.0","0.0","0.0","0.0","70.72","124.37","593.45","296.72","522.73","469.07","0.0","","","","","","",""
"2016.0","4.0","8.0","99.0","223.06","0.28","0.83","0.0","3.38","0.83","2.82","0.01","0.01","0.0","0.0","73.52","124.37","593.45","296.72","519.92","469.07","0.0","","","","","","",""
"2016.0","4.0","9.0","100.0","223.06","1.16","0.84","0.0","1.55","1.16","1.79","8.15","8.15","0.0","0.0","67.17","124.37","593.45","296.72","526.28","469.07","0.0","","","","","","",""
"2016.0","4.0","10.0","101.0","223.06","1.14","0.84","0.0","2.05","1.14","2.33","30.23","30.23","0.0","0.0","39.27","124.37","593.45","296.72","554.17","469.07","0.0","","","","","","",""
"2016.0","4.0","11.0","102.0","223.06","1.12","0.84","0.0","3.17","1.12","3.54","0.88","0.88","0.0","0.0","41.93","124.37","593.45","296.72","551.52","469.07","0.0","","","","","","",""
"2016.0","4.0","12.0","103.0","223.06","0.94","0.84","0.0","3.22","0.94","3.03","0.0","0.0","0.0","0.0","44.96","124.37","593.45","296.72","548.48","469.07","0.0","","","","","","",""
"2016.0","4.0","13.0","104.0","223.06","0.76","0.84","0.0","4.22","0.84","3.55","0.0","0.0","0.0","0.0","48.51","124.37","593.45","296.72","544.94","469.07","0.0","","","","","","",""
"2016.0","4.0","14.0","105.0","223.06","0.66","0.84","0.0","4.17","0.84","3.51","1.61","1.61","0.0","0.0","50.41","124.37","593.45","296.72","543.03","469.07","0.0","","","","","","",""
"2016.0","4.0","15.0","106.0","223.06","0.57","0.84","0.0","5.48","0.84","4.62","0.0","0.0","0.0","0.0","55.04","124.37","593.45","296.72","538.41","469.07","0.0","","","","","","",""
"2016.0","4.0","16.0","107.0","223.06","0.51","0.85","0.0","5.16","0.85","4.36","0.0","0.0","0.0","0.0","59.4","124.37","593.45","296.72","534.05","469.07","0.0","","","","","","",""
"2016.0","4.0","17.0","108.0","223.06","0.47","0.85","0.0","4.85","0.85","4.11","0.0","0.0","0.0","0.0","63.5","124.37","593.45","296.72","529.94","469.07","0.0","","","","","","",""
"2016.0","4.0","18.0","109.0","223.06","0.44","0.85","0.0","5.18","0.85","4.39","0.0","0.0","0.0","0.0","67.89","124.37","593.45","296.72","525.55","469.07","0.0","","","","","","",""
"2016.0","4.0","19.0","110.0","223.06","0.41","0.85","0.0","4.94","0.85","4.2","0.0","0.0","0.0","0.0","72.09","124.37","593.45","296.72","521.36","469.07","0.0","","","","","","",""
"2016.0","4.0","20.0","111.0","223.06","0.39","0.85","0.0","5.19","0.85","4.42","0.0","0.0","0.0","0.0","76.5","124.37","593.45","296.72","516.94","469.07","0.0","","","","","","",""
"2016.0","4.0","21.0","112.0","223.06","0.37","0.85","0.0","3.95","0.85","3.37","0.0","0.0","0.0","0.0","79.87","124.37","593.45","296.72","513.58","469.07","0.0","","","","","","",""
"2016.0","4.0","22.0","113.0","223.06","0.36","0.85","0.0","2.76","0.85","2.36","0.01","0.01","0.0","0.0","82.22","124.37","593.45","296.72","511.23","469.07","0.0","","","","","","",""
"2016.0","4.0","23.0","114.0","223.06","1.06","0.85","0.0","4.11","1.06","4.34","5.94","5.94","0.0","0.0","80.61","124.37","593.45","296.72","512.83","469.07","0.0","","","","","","",""
"2016.0","4.0","24.0","115.0","223.06","0.9","0.86","0.0","4.63","0.9","4.16","0.0","0.0","0.0","0.0","84.78","124.37","593.45","296.72","508.67","469.07","0.0","","","","","","",""
"2016.0","4.0","25.0","116.0","223.06","0.7","0.86","0.0","5.42","0.86","4.65","0.0","0.0","0.0","0.0","89.43","124.37","593.45","296.72","504.02","469.07","0.0","","","","","","",""
"2016.0","4.0","26.0","117.0","223.06","0.61","0.86","0.0","4.78","0.86","4.11","0.0","0.0","0.0","0.0","93.53","124.37","593.45","296.72","499.91","469.07","0.0","","","","","","",""
"2016.0","4.0","27.0","118.0","223.06","0.56","0.86","0.0","3.73","0.86","3.21","0.04","0.04","0.0","0.0","96.7","124.37","593.45","296.72","496.74","469.07","0.0","","","","","","",""
"2016.0","4.0","28.0","119.0","223.06","0.5","0.86","0.0","5.66","0.86","4.88","3.4","3.4","0.0","0.0","98.18","124.37","593.45","296.72","495.26","469.07","0.0","","","","","","",""
"2016.0","4.0","29.0","120.0","223.06","0.46","0.86","0.0","5.01","0.86","4.33","0.0","0.0","0.0","0.0","102.51","124.37","593.45","296.72","490.94","469.07","0.0","","","","","","",""
"2016.0","4.0","30.0","121.0","223.06","0.41","0.86","0.0","7.32","0.86","6.33","0.0","0.0","0.0","0.0","108.84","124.37","593.45","296.72","484.61","469.07","0.0","","","","","","",""
"2016.0","5.0","1.0","122.0","223.06","0.38","0.87","0.0","5.79","0.87","5.02","0.0","0.0","0.0","0.0","113.85","124.37","593.45","296.72","479.59","469.07","0.0","","","","","","",""
"2016.0","5.0","2.0","123.0","223.06","0.36","0.87","0.0","5.39","0.87","4.68","0.0","0.0","0.0","0.0","118.53","124.37","593.45","296.72","474.92","469.07","0.0","","","","","","",""
"2016.0","5.0","3.0","124.0","223.06","0.35","0.87","0.0","4.47","0.87","3.88","0.0","0.0","0.0","0.0","122.41","124.37","593.45","296.72","471.03","469.07","0.0","","","","","","",""
"2016.0","5.0","4.0","125.0","223.06","0.34","0.87","0.0","4.71","0.87","4.1","0.0","0.0","0.0","0.0","0.0","124.37","593.45","296.72","593.45","469.07","126.51","","","","","","",""
"2016.0","5.0","5.0","126.0","223.06","0.33","0.87","0.0","2.67","0.87","2.33","0.0","0.0","0.0","0.0","2.33","124.37","593.45","296.72","591.12","469.07","0.0","","","","","","",""
"2016.0","5.0","6.0","127.0","223.06","0.33","0.87","0.0","1.97","0.87","1.72","0.26","0.26","0.0","0.0","3.79","124.37","593.45","296.72","589.66","469.07","0.0","","","","","","",""
"2016.0","5.0","7.0","128.0","223.06","1.13","0.87","0.0","2.2","1.13","2.49","7.17","6.28","0.0","0.0","0.0","124.37","593.45","296.72","593.45","469.07","0.0","","","","","","",""
"2016.0","5.0","8.0","129.0","223.06","1.11","0.88","0.0","3.41","1.11","3.78","0.77","0.77","0.0","0.0","3.01","124.37","593.45","296.72","590.44","469.07","0.0","","","","","","",""
"2016.0","5.0","9.0","130.0","223.06","0.84","0.88","0.0","4.7","0.88","4.12","0.0","0.0","0.0","0.0","7.13","124.37","593.45","296.72","586.31","469.07","0.0","","","","","","",""
"2016.0","5.0","10.0","131.0","223.06","0.67","0.88","0.0","5.58","0.88","4.9","0.0","0.0","0.0","0.0","12.04","124.37","593.45","296.72","581.41","469.07","0.0","","","","","","",""
"2016.0","5.0","11.0","132.0","223.06","0.57","0.88","0.0","5.92","0.88","5.21","0.0","0.0","0.0","0.0","17.25","124.37","593.45","296.72","576.2","469.07","0.0","","","","","","",""
"2016.0","5.0","12.0","133.0","223.06","0.5","0.88","0.0","6.04","0.88","5.33","0.0","0.0","0.0","0.0","22.57","124.37","593.45","296.72","570.87","469.07","0.0","","","","","","",""
"2016.0","5.0","13.0","134.0","223.06","0.46","0.88","0.0","5.58","0.88","4.93","0.0","0.0","0.0","0.0","27.5","124.37","593.45","296.72","565.95","469.07","0.0","","","","","","",""
"2016.0","5.0","14.0","135.0","223.06","0.42","0.88","0.0","5.14","0.88","4.55","0.0","0.0","0.0","0.0","32.05","124.37","593.45","296.72","561.4","469.07","0.0","","","","","","",""
"2016.0","5.0","15.0","136.0","223.06","0.4","0.89","0.0","5.58","0.89","4.94","0.0","0.0","0.0","0.0","36.99","124.37","593.45","296.72","556.46","469.07","0.0","","","","","","",""
"2016.0","5.0","16.0","137.0","223.06","0.37","0.89","0.0","6.65","0.89","5.9","0.0","0.0","0.0","0.0","42.89","124.37","593.45","296.72","550.55","469.07","0.0","","","","","","",""
"2016.0","5.0","17.0","138.0","223.06","0.34","0.89","0.0","7.63","0.89","6.78","0.0","0.0","0.0","0.0","49.67","124.37","593.45","296.72","543.77","469.07","0.0","","","","","","",""
"2016.0","5.0","18.0","139.0","223.06","0.32","0.89","0.0","7.1","0.89","6.32","0.0","0.0","0.0","0.0","55.99","124.37","593.45","296.72","537.45","469.07","0.0","","","","","","",""
"2016.0","5.0","19.0","140.0","223.06","0.31","0.89","0.0","6.31","0.89","5.63","0.0","0.0","0.0","0.0","61.62","124.37","593.45","296.72","531.83","469.07","0.0","","","","","","",""
"2016.0","5.0","20.0","141.0","223.06","0.3","0.89","0.0","5.02","0.89","4.48","0.0","0.0","0.0","0.0","66.1","124.37","593.45","296.72","527.35","469.07","0.0","","","","","","",""
"2016.0","5.0","21.0","142.0","223.06","0.29","0.89","0.0","3.47","0.89","3.1","0.0","0.0","0.0","0.0","69.2","124.37","593.45","296.72","524.24","469.07","0.0","","","","","","",""
"2016.0","5.0","22.0","143.0","223.06","0.28","0.9","0.0","4.27","0.9","3.82","1.71","1.71","0.0","0.0","71.32","124.37","593.45","296.72","522.13","469.07","0.0","","","","","","",""
"2016.0","5.0","23.0","144.0","223.06","0.28","0.9","0.0","4.87","0.9","4.37","0.0","0.0","0.0","0.0","75.69","124.37","593.45","296.72","517.76","469.07","0.0","","","","","","",""
"2016.0","5.0","24.0","145.0","223.06","0.27","0.9","0.0","4.92","0.9","4.42","0.0","0.0","0.0","0.0","80.11","124.37","593.45","296.72","513.34","469.07","0.0","","","","","","",""
"2016.0","5.0","25.0","146.0","223.06","0.26","0.9","0.0","5.35","0.9","4.82","0.0","0.0","0.0","0.0","84.92","124.37","593.45","296.72","508.52","469.07","0.0","","","","","","",""
"2016.0","5.0","26.0","147.0","223.06","0.25","0.9","0.0","5.71","0.9","5.14","0.0","0.0","0.0","0.0","90.06","124.37","593.45","296.72","503.38","469.07","0.0","","","","","","",""
"2016.0","5.0","27.0","148.0","223.06","0.25","0.9","0.0","6.09","0.9","5.48","0.0","0.0","0.0","0.0","95.54","124.37","593.45","296.72","497.9","469.07","0.0","","","","","","",""
"2016.0","5.0","28.0","149.0","223.06","0.24","0.9","0.0","6.94","0.9","6.25","0.0","0.0","0.0","0.0","101.79","124.37","593.45","296.72","491.66","469.07","0.0","","","","","","",""
"2016.0","5.0","29.0","150.0","223.06","0.23","0.9","0.0","6.63","0.9","5.97","0.0","0.0","0.0","0.0","107.76","124.37","593.45","296.72","485.69","469.07","0.0","","","","","","",""
"2016.0","5.0","30.0","151.0","223.06","0.23","0.9","0.0","6.85","0.9","6.17","0.0","0.0","0.0","0.0","113.92","124.37","593.45","296.72","479.52","469.07","0.0","","","","","","",""
"2016.0","5.0","31.0","152.0","223.06","0.22","0.9","0.0","7.16","0.9","6.44","0.0","0.0","0.0","0.0","120.37","124.37","593.45","296.72","473.08","469.07","0.0","","","","","","",""
"2016.0","6.0","1.0","153.0","223.06","0.21","0.9","0.0","7.16","0.9","6.44","0.0","0.0","0.0","0.0","0.0","124.37","593.45","296.72","593.45","469.07","126.81","","","","","","",""
"2016.0","6.0","2.0","154.0","223.06","0.21","0.9","0.0","7.01","0.9","6.31","0.0","0.0","0.0","0.0","6.31","124.37","593.45","296.72","587.14","469.07","0.0","","","","","","",""
"2016.0","6.0","3.0","155.0","223.06","0.2","0.9","0.0","7.38","0.9","6.64","0.0","0.0","0.0","0.0","12.95","124.37","593.45","296.72","580.49","469.07","0.0","","","","","","",""
"2016.0","6.0","4.0","156.0","223.06","0.2","0.9","0.0","5.17","0.9","4.65","0.0","0.0","0.0","0.0","17.6","124.37","593.45","296.72","575.84","469.07","0.0","","","","","","",""
"2016.0","6.0","5.0","157.0","223.06","0.2","0.9","0.0","7.76","0.9","6.98","0.0","0.0","0.0","0.0","24.59","124.37","593.45","296.72","568.86","469.07","0.0","","","","","","",""
"2016.0","6.0","6.0","158.0","223.06","0.19","0.9","0.0","7.24","0.9","6.52","0.0","0.0","0.0","0.0","31.1","124.37","593.45","296.72","562.34","469.07","0.0","","","","","","",""
"2016.0","6.0","7.0","159.0","223.06","0.19","0.9","0.0","6.94","0.9","6.25","0.0","0.0","0.0","0.0","37.35","124.37","593.45","296.72","556.1","469.07","0.0","","","","","","",""
"2016.0","6.0","8.0","160.0","223.06","0.19","0.9","0.0","6.51","0.9","5.86","0.0","0.0","0.0","0.0","43.21","124.37","593.45","296.72","550.24","469.07","0.0","","","","","","",""
"2016.0","6.0","9.0","161.0","223.06","0.18","0.9","0.0","6.32","0.9","5.69","0.0","0.0","0.0","0.0","48.9","124.37","593.45","296.72","544.55","469.07","0.0","","","","","","",""
"2016.0","6.0","10.0","162.0","223.06","0.18","0.9","0.0","6.71","0.9","6.04","0.0","0.0","0.0","0.0","54.94","124.37","593.45","296.72","538.51","469.07","0.0","","","","","","",""
"2016.0","6.0","11.0","163.0","223.06","0.18","0.9","0.0","6.85","0.9","6.17","0.0","0.0","0.0","0.0","61.1","124.37","593.45","296.72","532.34","469.07","0.0","","","","","","",""
"2016.0","6.0","12.0","164.0","223.06","0.17","0.9","0.0","6.87","0.9","6.18","0.0","0.0","0.0","0.0","67.28","124.37","593.45","296.72","526.16","469.07","0.0","","","","","","",""
"2016.0","6.0","13.0","165.0","223.06","0.17","0.9","0.0","6.59","0.9","5.93","0.0","0.0","0.0","0.0","73.22","124.37","593.45","296.72","520.23","469.07","0.0","","","","","","",""
"2016.0","6.0","14.0","166.0","223.06","0.17","0.9","0.0","6.48","0.9","5.83","0.0","0.0","0.0","0.0","79.05","124.37","593.45","296.72","514.4","469.07","0.0","","","","","","",""
"2016.0","6.0","15.0","167.0","223.06","0.17","0.9","0.0","5.54","0.9","4.99","0.0","0.0","0.0","0.0","84.03","124.37","593.45","296.72","509.41","469.07","0.0","","","","","","",""
"2016.0","6.0","16.0","168.0","223.06","0.16","0.9","0.0","5.48","0.9","4.93","0.0","0.0","0.0","0.0","88.97","124.37","593.45","296.72","504.48","469.07","0.0","","","","","","",""
"2016.0","6.0","17.0","169.0","223.06","0.16","0.9","0.0","5.34","0.9","4.81","0.0","0.0","0.0","0.0","93.77","124.37","593.45","296.72","499.67","469.07","0.0","","","","","","",""
"2016.0","6.0","18.0","170.0","223.06","0.16","0.9","0.0","6.31","0.9","5.68","0.0","0.0","0.0","0.0","99.45","124.37","593.45","296.72","494.0","469.07","0.0","","","","","","",""
"2016.0","6.0","19.0","171.0","223.06","0.16","0.9","0.0","6.96","0.9","6.26","0.0","0.0","0.0","0.0","105.71","124.37","593.45","296.72","487.73","469.07","0.0","","","","","","",""
"2016.0","6.0","20.0","172.0","223.06","0.16","0.9","0.0","7.57","0.9","6.81","0.0","0.0","0.0","0.0","112.53","124.37","593.45","296.72","480.92","469.07","0.0","","","","","","",""
"2016.0","6.0","21.0","173.0","223.06","0.15","0.9","0.0","7.92","0.9","7.13","0.0","0.0","0.0","0.0","119.66","124.37","593.45","296.72","473.79","469.07","0.0","","","","","","",""
"2016.0","6.0","22.0","174.0","223.06","0.15","0.9","0.0","7.86","0.9","7.07","0.0","0.0","0.0","0.0","0.0","124.37","593.45","296.72","593.45","469.07","126.73","","","","","","",""
"2016.0","6.0","23.0","175.0","223.06","0.15","0.9","0.0","7.8","0.9","7.02","0.0","0.0","0.0","0.0","7.02","124.37","593.45","296.72","586.43","469.07","0.0","","","","","","",""
"2016.0","6.0","24.0","176.0","223.06","0.15","0.9","0.0","7.05","0.9","6.35","0.0","0.0","0.0","0.0","13.37","124.37","593.45","296.72","580.08","469.07","0.0","","","","","","",""
"2016.0","6.0","25.0","177.0","223.06","0.15","0.9","0.0","7.82","0.9","7.04","0.0","0.0","0.0","0.0","20.4","124.37","593.45","296.72","573.04","469.07","0.0","","","","","","",""
"2016.0","6.0","26.0","178.0","223.06","0.14","0.9","0.0","7.71","0.9","6.94","0.0","0.0","0.0","0.0","27.34","124.37","593.45","296.72","566.1","469.07","0.0","","","","","","",""
"2016.0","6.0","27.0","179.0","223.06","0.14","0.9","0.0","8.18","0.9","7.36","0.0","0.0","0.0","0.0","34.7","124.37","593.45","296.72","558.74","469.07","0.0","","","","","","",""
"2016.0","6.0","28.0","180.0","223.06","0.14","0.9","0.0","8.09","0.9","7.28","0.0","0.0","0.0","0.0","41.99","124.37","593.45","296.72","551.46","469.07","0.0","","","","","","",""
"2016.0","6.0","29.0","181.0","223.06","0.14","0.9","0.0","7.45","0.9","6.71","0.0","0.0","0.0","0.0","48.69","124.37","593.45","296.72","544.76","469.07","0.0","","","","","","",""
"2016.0","6.0","30.0","182.0","223.06","0.14","0.9","0.0","7.3","0.9","6.57","0.0","0.0","0.0","0.0","55.26","124.37","593.45","296.72","538.19","469.07","0.0","","","","","","",""
"2016.0","7.0","1.0","183.0","223.06","0.14","0.9","0.0","7.23","0.9","6.51","0.0","0.0","0.0","0.0","61.77","124.37","593.45","296.72","531.68","469.07","0.0","","","","","","",""
"2016.0","7.0","2.0","184.0","223.06","0.13","0.9","0.0","7.18","0.9","6.46","0.0","0.0","0.0","0.0","68.23","124.37","593.45","296.72","525.22","469.07","0.0","","","","","","",""
"2016.0","7.0","3.0","185.0","223.06","0.13","0.9","0.0","7.44","0.9","6.7","0.0","0.0","0.0","0.0","74.93","124.37","593.45","296.72","518.52","469.07","0.0","","","","","","",""
"2016.0","7.0","4.0","186.0","223.06","0.13","0.9","0.0","7.0","0.9","6.3","0.0","0.0","0.0","0.0","81.23","124.37","593.45","296.72","512.22","469.07","0.0","","","","","","",""
"2016.0","7.0","5.0","187.0","223.06","0.13","0.9","0.0","6.29","0.9","5.66","0.0","0.0","0.0","0.0","86.89","124.37","593.45","296.72","506.56","469.07","0.0","","","","","","",""
"2016.0","7.0","6.0","188.0","223.06","0.13","0.9","0.0","6.38","0.9","5.74","0.0","0.0","0.0","0.0","92.63","124.37","593.45","296.72","500.82","469.07","0.0","","","","","","",""
"2016.0","7.0","7.0","189.0","223.06","0.13","0.9","0.0","6.53","0.9","5.88","0.0","0.0","0.0","0.0","98.51","124.37","593.45","296.72","494.94","469.07","0.0","","","","","","",""
"2016.0","7.0","8.0","190.0","223.06","0.13","0.9","0.0","7.11","0.9","6.4","0.0","0.0","0.0","0.0","104.9","124.37","593.45","296.72","488.54","469.07","0.0","","","","","","",""
"2016.0","7.0","9.0","191.0","223.06","0.13","0.9","0.0","6.6","0.9","5.94","0.0","0.0","0.0","0.0","110.84","124.37","593.45","296.72","482.6","469.07","0.0","","","","","","",""
"2016.0","7.0","10.0","192.0","223.06","0.13","0.9","0.0","6.47","0.9","5.82","0.0","0.0","0.0","0.0","116.67","124.37","593.45","296.72","476.78","469.07","0.0","","","","","","",""
"2016.0","7.0","11.0","193.0","223.06","0.12","0.9","0.0","7.23","0.9","6.51","0.0","0.0","0.0","0.0","123.17","124.37","593.45","296.72","470.27","469.07","0.0","","","","","","",""
"2016.0","7.0","12.0","194.0","223.06","0.12","0.9","0.0","6.91","0.9","6.22","0.0","0.0","0.0","0.0","0.0","124.37","593.45","296.72","593.45","469.07","129.39","","","","","","",""
"2016.0","7.0","13.0","195.0","223.06","0.12","0.9","0.0","7.23","0.9","6.51","0.0","0.0","0.0","0.0","6.51","124.37","593.45","296.72","586.94","469.07","0.0","","","","","","",""
"2016.0","7.0","14.0","196.0","223.06","0.12","0.9","0.0","7.4","0.9","6.66","0.0","0.0","0.0","0.0","13.17","124.37","593.45","296.72","580.28","469.07","0.0","","","","","","",""
"2016.0","7.0","15.0","197.0","223.06","0.12","0.9","0.0","7.32","0.9","6.59","0.0","0.0","0.0","0.0","19.76","124.37","593.45","296.72","573.69","469.07","0.0","","","","","","",""
"2016.0","7.0","16.0","198.0","223.06","0.12","0.9","0.0","7.01","0.9","6.31","0.0","0.0","0.0","0.0","26.06","124.37","593.45","296.72","567.38","469.07","0.0","","","","","","",""
"2016.0","7.0","17.0","199.0","223.06","0.12","0.9","0.0","6.76","0.9","6.08","0.0","0.0","0.0","0.0","32.15","124.37","593.45","296.72","561.3","469.07","0.0","","","","","","",""
"2016.0","7.0","18.0","200.0","223.06","0.12","0.9","0.0","6.37","0.9","5.73","0.0","0.0","0.0","0.0","37.88","124.37","593.45","296.72","555.56","469.07","0.0","","","","","","",""
"2016.0","7.0","19.0","201.0","223.06","0.12","0.9","0.0","6.63","0.9","5.97","0.0","0.0","0.0","0.0","43.85","124.37","593.45","296.72","549.6","469.07","0.0","","","","","","",""
"2016.0","7.0","20.0","202.0","223.06","0.12","0.9","0.0","7.06","0.9","6.35","0.0","0.0","0.0","0.0","50.2","124.37","593.45","296.72","543.24","469.07","0.0","","","","","","",""
"2016.0","7.0","21.0","203.0","223.06","0.11","0.9","0.0","7.27","0.9","6.54","0.0","0.0","0.0","0.0","56.75","124.37","593.45","296.72","536.7","469.07","0.0","","","","","","",""
"2016.0","7.0","22.0","204.0","223.06","0.11","0.9","0.0","7.13","0.9","6.42","0.0","0.0","0.0","0.0","63.16","124.37","593.45","296.72","530.28","469.07","0.0","","","","","","",""
"2016.0","7.0","23.0","205.0","223.06","0.11","0.9","0.0","7.72","0.9","6.95","0.0","0.0","0.0","0.0","70.11","124.37","593.45","296.72","523.34","469.07","0.0","","","","","","",""
"2016.0","7.0","24.0","206.0","223.06","0.11","0.9","0.0","7.38","0.9","6.64","0.0","0.0","0.0","0.0","76.75","124.37","593.45","296.72","516.69","469.07","0.0","","","","","","",""
"2016.0","7.0","25.0","207.0","223.06","0.11","0.9","0.0","7.29","0.9","6.56","0.0","0.0","0.0","0.0","83.31","124.37","593.45","296.72","510.13","469.07","0.0","","","","","","",""
"2016.0","7.0","26.0","208.0","223.06","0.11","0.9","0.0","7.3","0.9","6.57","0.0","0.0","0.0","0.0","89.88","124.37","593.45","296.72","503.56","469.07","0.0","","","","","","",""
"2016.0","7.0","27.0","209.0","223.06","0.11","0.9","0.0","7.67","0.9","6.9","0.0","0.0","0.0","0.0","96.79","124.37","593.45","296.72","496.66","469.07","0.0","","","","","","",""
"2016.0","7.0","28.0","210.0","223.06","0.11","0.9","0.0","7.66","0.9","6.89","0.0","0.0","0.0","0.0","103.68","124.37","593.45","296.72","489.77","469.07","0.0","","","","","","",""
"2016.0","7.0","29.0","211.0","223.06","0.11","0.9","0.0","7.57","0.9","6.81","0.0","0.0","0.0","0.0","110.49","124.37","593.45","296.72","482.95","469.07","0.0","","","","","","",""
"2016.0","7.0","30.0","212.0","223.06","0.11","0.9","0.0","7.81","0.9","7.03","0.0","0.0","0.0","0.0","117.52","124.37","593.45","296.72","475.92","469.07","0.0","","","","","","",""
"2016.0","7.0","31.0","213.0","223.06","0.11","0.9","0.0","6.98","0.9","6.28","0.0","0.0","0.0","0.0","123.8","124.37","593.45","296.72","469.64","469.07","0.0","","","","","","",""
"2016.0","8.0","1.0","214.0","223.06","0.11","0.9","0.0","6.7","0.9","6.03","0.0","0.0","0.0","0.0","0.0","124.37","593.45","296.72","593.45","469.07","129.83","","","","","","",""
"2016.0","8.0","2.0","215.0","223.06","0.11","0.9","0.0","6.65","0.9","5.99","0.0","0.0","0.0","0.0","5.99","124.37","593.45","296.72","587.46","469.07","0.0","","","","","","",""
"2016.0","8.0","3.0","216.0","223.06","0.1","0.9","0.0","7.01","0.9","6.31","0.0","0.0","0.0","0.0","12.29","124.37","593.45","296.72","581.15","469.07","0.0","","","","","","",""
"2016.0","8.0","4.0","217.0","223.06","0.1","0.9","0.0","6.22","0.9","5.6","0.0","0.0","0.0","0.0","17.89","124.37","593.45","296.72","575.55","469.07","0.0","","","","","","",""
"2016.0","8.0","5.0","218.0","223.06","0.1","0.9","0.0","5.72","0.9","5.15","0.0","0.0","0.0","0.0","23.04","124.37","593.45","296.72","570.41","469.07","0.0","","","","","","",""
"2016.0","8.0","6.0","219.0","223.06","0.1","0.9","0.0","6.01","0.9","5.41","0.0","0.0","0.0","0.0","28.45","124.37","593.45","296.72","565.0","469.07","0.0","","","","","","",""
"2016.0","8.0","7.0","220.0","223.06","0.1","0.9","0.0","6.09","0.9","5.48","0.0","0.0","0.0","0.0","33.93","124.37","593.45","296.72","559.52","469.07","0.0","","","","","","",""
"2016.0","8.0","8.0","221.0","223.06","0.1","0.9","0.0","6.44","0.9","5.8","0.0","0.0","0.0","0.0","39.73","124.37","593.45","296.72","553.72","469.07","0.0","","","","","","",""
"2016.0","8.0","9.0","222.0","223.06","0.1","0.9","0.0","6.18","0.9","5.56","0.0","0.0","0.0","0.0","45.29","124.37","593.45","296.72","548.16","469.07","0.0","","","","","","",""
"2016.0","8.0","10.0","223.0","223.06","0.1","0.9","0.0","6.26","0.9","5.63","0.0","0.0","0.0","0.0","50.92","124.37","593.45","296.72","542.52","469.07","0.0","","","","","","",""
"2016.0","8.0","11.0","224.0","223.06","0.1","0.9","0.0","6.46","0.9","5.81","0.0","0.0","0.0","0.0","56.74","124.37","593.45","296.72","536.71","469.07","0.0","","","","","","",""
"2016.0","8.0","12.0","225.0","223.06","0.1","0.9","0.0","6.65","0.9","5.99","0.0","0.0","0.0","0.0","62.72","124.37","593.45","296.72","530.72","469.07","0.0","","","","","","",""
"2016.0","8.0","13.0","226.0","223.06","0.1","0.9","0.0","7.06","0.9","6.35","0.0","0.0","0.0","0.0","69.08","124.37","593.45","296.72","524.37","469.07","0.0","","","","","","",""
"2016.0","8.0","14.0","227.0","223.06","0.1","0.9","0.0","7.26","0.9","6.53","0.0","0.0","0.0","0.0","75.61","124.37","593.45","296.72","517.84","469.07","0.0","","","","","","",""
"2016.0","8.0","15.0","228.0","223.06","0.1","0.9","0.0","6.64","0.9","5.98","0.0","0.0","0.0","0.0","81.59","124.37","593.45","296.72","511.86","469.07","0.0","","","","","","",""
"2016.0","8.0","16.0","229.0","223.06","0.1","0.9","0.0","6.57","0.9","5.91","0.0","0.0","0.0","0.0","87.5","124.37","593.45","296.72","505.95","469.07","0.0","","","","","","",""
"2016.0","8.0","17.0","230.0","223.06","0.1","0.9","0.0","6.46","0.9","5.81","0.0","0.0","0.0","0.0","93.31","124.37","593.45","296.72","500.13","469.07","0.0","","","","","","",""
"2016.0","8.0","18.0","231.0","223.06","0.1","0.9","0.0","6.42","0.9","5.78","0.0","0.0","0.0","0.0","99.09","124.37","593.45","296.72","494.36","469.07","0.0","","","","","","",""
"2016.0","8.0","19.0","232.0","223.06","0.1","0.9","0.0","6.44","0.9","5.8","0.0","0.0","0.0","0.0","104.89","124.37","593.45","296.72","488.56","469.07","0.0","","","","","","",""
"2016.0","8.0","20.0","233.0","223.06","0.1","0.9","0.0","6.34","0.9","5.71","0.0","0.0","0.0","0.0","110.59","124.37","593.45","296.72","482.85","469.07","0.0","","","","","","",""
"2016.0","8.0","21.0","234.0","223.06","0.1","0.9","0.0","6.38","0.9","5.74","0.0","0.0","0.0","0.0","116.33","124.37","593.45","296.72","477.11","469.07","0.0","","","","","","",""
"2016.0","8.0","22.0","235.0","223.06","0.1","0.9","0.0","5.96","0.9","5.36","0.0","0.0","0.0","0.0","121.7","124.37","593.45","296.72","471.75","469.07","0.0","","","","","","",""
"2016.0","8.0","23.0","236.0","223.06","0.1","0.9","0.0","6.1","0.9","5.49","0.0","0.0","0.0","0.0","0.0","124.37","593.45","296.72","593.45","469.07","127.19","","","","","","",""
"2016.0","8.0","24.0","237.0","223.06","0.09","0.9","0.0","6.02","0.9","5.42","0.0","0.0","0.0","0.0","5.42","124.37","593.45","296.72","588.03","469.07","0.0","","","","","","",""
"2016.0","8.0","25.0","238.0","223.06","0.09","0.9","0.0","5.81","0.9","5.23","0.0","0.0","0.0","0.0","10.65","124.37","593.45","296.72","582.8","469.07","0.0","","","","","","",""
"2016.0","8.0","26.0","239.0","223.06","0.09","0.9","0.0","5.42","0.9","4.88","0.0","0.0","0.0","0.0","15.53","124.37","593.45","296.72","577.92","469.07","0.0","","","","","","",""
"2016.0","8.0","27.0","240.0","223.06","0.09","0.9","0.0","5.32","0.9","4.79","0.0","0.0","0.0","0.0","20.31","124.37","593.45","296.72","573.13","469.07","0.0","","","","","","",""
"2016.0","8.0","28.0","241.0","223.06","0.09","0.9","0.0","5.62","0.9","5.06","0.0","0.0","0.0","0.0","25.37","124.37","593.45","296.72","568.07","469.07","0.0","","","","","","",""
"2016.0","8.0","29.0","242.0","223.06","0.09","0.9","0.0","5.87","0.9","5.28","0.0","0.0","0.0","0.0","30.65","124.37","593.45","296.72","562.79","469.07","0.0","","","","","","",""
"2016.0","8.0","30.0","243.0","223.06","0.09","0.89","0.0","6.32","0.89","5.65","0.0","0.0","0.0","0.0","36.3","124.37","593.45","296.72","557.14","469.07","0.0","","","","","","",""
"2016.0","8.0","31.0","244.0","223.06","0.09","0.89","0.0","6.07","0.89","5.39","0.0","0.0","0.0","0.0","41.69","124.37","593.45","296.72","551.76","469.07","0.0","","","","","","",""
"2016.0","9.0","1.0","245.0","223.06","0.09","0.88","0.0","5.28","0.88","4.65","0.0","0.0","0.0","0.0","46.34","124.37","593.45","296.72","547.11","469.07","0.0","","","","","","",""
"2016.0","9.0","2.0","246.0","223.06","0.09","0.87","0.0","5.32","0.87","4.65","0.0","0.0","0.0","0.0","50.99","148.36","593.45","296.72","542.46","445.08","0.0","","","","","","",""
"2016.0","9.0","3.0","247.0","223.06","0.09","0.87","0.0","5.21","0.87","4.52","0.0","0.0","0.0","0.0","55.51","148.36","593.45","296.72","537.93","445.08","0.0","","","","","","",""
"2016.0","9.0","4.0","248.0","223.06","0.09","0.86","0.0","4.61","0.86","3.97","0.0","0.0","0.0","0.0","59.49","148.36","593.45","296.72","533.96","445.08","0.0","","","","","","",""
"2016.0","9.0","5.0","249.0","223.06","0.09","0.86","0.0","5.35","0.86","4.58","0.0","0.0","0.0","0.0","64.06","148.36","593.45","296.72","529.38","445.08","0.0","","","","","","",""
"2016.0","9.0","6.0","250.0","223.06","0.09","0.85","0.0","5.1","0.85","4.33","0.0","0.0","0.0","0.0","68.39","148.36","593.45","296.72","525.05","445.08","0.0","","","","","","",""
"2016.0","9.0","7.0","251.0","223.06","0.09","0.84","0.0","5.65","0.84","4.76","0.0","0.0","0.0","0.0","73.15","148.36","593.45","296.72","520.29","445.08","0.0","","","","","","",""
"2016.0","9.0","8.0","252.0","223.06","0.09","0.84","0.0","5.78","0.84","4.83","0.0","0.0","0.0","0.0","77.98","148.36","593.45","296.72","515.46","445.08","0.0","","","","","","",""
"2016.0","9.0","9.0","253.0","223.06","0.09","0.83","0.0","5.43","0.83","4.51","0.0","0.0","0.0","0.0","82.49","148.36","593.45","296.72","510.96","445.08","0.0","","","","","","",""
"2016.0","9.0","10.0","254.0","223.06","0.09","0.82","0.0","5.49","0.82","4.52","0.0","0.0","0.0","0.0","87.01","148.36","593.45","296.72","506.43","445.08","0.0","","","","","","",""
"2016.0","9.0","11.0","255.0","223.06","0.09","0.82","0.0","5.04","0.82","4.12","0.0","0.0","0.0","0.0","91.13","148.36","593.45","296.72","502.32","445.08","0.0","","","","","","",""
"2016.0","9.0","12.0","256.0","223.06","0.09","0.81","0.0","4.58","0.81","3.71","0.0","0.0","0.0","0.0","94.84","148.36","593.45","296.72","498.6","445.08","0.0","","","","","","",""
"2016.0","9.0","13.0","257.0","223.06","0.09","0.8","0.0","3.88","0.8","3.12","0.0","0.0","0.0","0.0","97.96","148.36","593.45","296.72","495.48","445.08","0.0","","","","","","",""
"2016.0","9.0","14.0","258.0","223.06","0.09","0.8","0.0","4.27","0.8","3.41","0.0","0.0","0.0","0.0","101.37","148.36","593.45","296.72","492.08","445.08","0.0","","","","","","",""
"2016.0","9.0","15.0","259.0","223.06","0.09","0.79","0.0","4.71","0.79","3.73","0.0","0.0","0.0","0.0","105.1","148.36","593.45","296.72","488.35","445.08","0.0","","","","","","",""
"2016.0","9.0","16.0","260.0","223.06","0.09","0.79","0.0","4.88","0.79","3.83","0.0","0.0","0.0","0.0","108.93","148.36","593.45","296.72","484.52","445.08","0.0","","","","","","",""
"2016.0","9.0","17.0","261.0","223.06","0.09","0.78","0.0","4.88","0.78","3.8","0.0","0.0","0.0","0.0","112.73","148.36","593.45","296.72","480.72","445.08","0.0","","","","","","",""
"2016.0","9.0","18.0","262.0","223.06","0.09","0.77","0.0","4.73","0.77","3.65","0.0","0.0","0.0","0.0","116.38","148.36","593.45","296.72","477.06","445.08","0.0","","","","","","",""
"2016.0","9.0","19.0","263.0","223.06","0.09","0.77","0.0","5.2","0.77","3.98","0.0","0.0","0.0","0.0","120.36","148.36","593.45","296.72","473.08","445.08","0.0","","","","","","",""
"2016.0","9.0","20.0","264.0","223.06","0.09","0.76","0.0","5.65","0.76","4.29","0.0","0.0","0.0","0.0","124.66","148.36","593.45","296.72","468.79","445.08","0.0","","","","","","",""
"2016.0","9.0","21.0","265.0","223.06","0.09","0.75","0.0","5.42","0.75","4.08","0.0","0.0","0.0","0.0","128.74","148.36","593.45","296.72","464.71","445.08","0.0","","","","","","",""
"2016.0","9.0","22.0","266.0","223.06","0.09","0.75","0.0","4.4","0.75","3.29","0.0","0.0","0.0","0.0","132.02","148.36","593.45","296.72","461.42","445.08","0.0","","","","","","",""
"2016.0","9.0","23.0","267.0","223.06","0.09","0.74","0.0","4.74","0.74","3.51","0.0","0.0","0.0","0.0","135.53","148.36","593.45","296.72","457.91","445.08","0.0","","","","","","",""
"2016.0","9.0","24.0","268.0","223.06","0.09","0.73","0.0","4.57","0.73","3.35","0.0","0.0","0.0","0.0","138.89","148.36","593.45","296.72","454.56","445.08","0.0","","","","","","",""
"2016.0","9.0","25.0","269.0","223.06","0.09","0.73","0.0","4.23","0.73","3.08","0.0","0.0","0.0","0.0","141.97","148.36","593.45","296.72","451.48","445.08","0.0","","","","","","",""
"2016.0","9.0","26.0","270.0","223.06","0.09","0.72","0.0","4.58","0.72","3.3","0.0","0.0","0.0","0.0","145.27","148.36","593.45","296.72","448.18","445.08","0.0","","","","","","",""
"2016.0","9.0","27.0","271.0","223.06","0.09","0.71","0.0","4.68","0.71","3.35","0.0","0.0","0.0","0.0","0.0","148.36","593.45","296.72","593.45","445.08","148.62","","","","","","",""
"2016.0","9.0","28.0","272.0","223.06","0.09","0.71","0.0","4.75","0.71","3.37","0.0","0.0","0.0","0.0","3.37","148.36","593.45","296.72","590.08","445.08","0.0","","","","","","",""
"2016.0","9.0","29.0","273.0","223.06","0.09","0.7","0.0","4.71","0.7","3.31","0.0","0.0","0.0","0.0","6.67","148.36","593.45","296.72","586.77","445.08","0.0","","","","","","",""
"2016.0","9.0","30.0","274.0","223.06","0.09","0.7","0.0","3.59","0.7","2.5","2.27","2.27","0.0","0.0","6.9","148.36","593.45","296.72","586.55","445.08","0.0","","","","","","",""
