" Daily soil water balance output for Sunflower in 186_Solano DAU_Co within 05_Sacramento River for WY 2016","","","","","","","","","","","","","","","","","","","","","","","Monthly output for Sunflower in 186_Solano DAU_Co within 05_Sacramento River for WY 2016","","","","",""
"Year","Mon","Day","DOY"," Area","OKc","IKc","CCKc","ETo","Kc","ETc","Pcp","Er","Spg","Espg","SWD","SWDx","FC","PWP","SWC"," YT ","NA","","Year","Mon"," Area","ETo","ETc","ETc"
" #  "," # "," # ","  #","Acres","   ","   ","    "," mm","mm"," mm"," mm","mm"," mm"," mm "," mm"," mm ","mm"," mm"," mm"," mm"," mm","","#  "," # "," Acres"," mm"," mm","acre-ft"
"2015.0","10.0","1.0","274.0","88.07","0.08","0.0","0.0","3.66","0.08","0.31","0.47","0.47","0.0","0.0","23.69","24.0","341.38","170.69","317.68","317.38","0.0","","2015.0","10.0","88.07","107.84","8.85","2.55715059055"
"2015.0","10.0","2.0","275.0","88.07","0.08","0.0","0.0","4.58","0.08","0.38","0.0","0.0","0.0","0.0","24.08","24.0","341.38","170.69","317.3","317.38","0.0","","2015.0","11.0","88.07","47.31","43.39","12.5372614829"
"2015.0","10.0","3.0","276.0","88.07","0.08","0.0","0.0","4.49","0.08","0.37","0.0","0.0","0.0","0.0","24.0","24.0","341.38","170.69","317.38","317.38","0.0","","2015.0","12.0","88.07","31.35","34.63","10.0061158136"
"2015.0","10.0","4.0","277.0","88.07","0.08","0.0","0.0","3.72","0.08","0.31","0.83","0.83","0.0","0.0","23.48","24.0","341.38","170.69","317.9","317.38","0.0","","2016.0","1.0","88.07","33.06","37.62","10.8700570866"
"2015.0","10.0","5.0","278.0","88.07","0.08","0.0","0.0","3.44","0.08","0.29","0.0","0.0","0.0","0.0","23.77","24.0","341.38","170.69","317.61","317.38","0.0","","2016.0","2.0","88.07","59.04","43.89","12.6817332677"
"2015.0","10.0","6.0","279.0","88.07","0.08","0.0","0.0","3.47","0.08","0.29","0.0","0.0","0.0","0.0","24.05","24.0","341.38","170.69","317.32","317.38","0.0","","2016.0","3.0","88.07","80.87","54.31","15.6925252625"
"2015.0","10.0","7.0","280.0","88.07","0.08","0.0","0.0","3.33","0.08","0.28","0.0","0.0","0.0","0.0","24.0","24.0","341.38","170.69","317.38","317.38","0.0","","2016.0","4.0","88.07","130.44","55.01","15.8947857612"
"2015.0","10.0","8.0","281.0","88.07","0.08","0.0","0.0","3.41","0.08","0.28","0.0","0.0","0.0","0.0","24.28","24.0","341.38","170.69","317.09","317.38","0.0","","2016.0","5.0","88.07","162.51","44.46","12.8464311024"
"2015.0","10.0","9.0","282.0","88.07","0.08","0.0","0.0","4.18","0.08","0.35","0.0","0.0","0.0","0.0","24.0","24.0","341.38","170.69","317.38","317.38","0.0","","2016.0","6.0","88.07","202.95","180.99","52.2958966535"
"2015.0","10.0","10.0","283.0","88.07","0.08","0.0","0.0","4.12","0.08","0.34","0.0","0.0","0.0","0.0","24.34","24.0","341.38","170.69","317.04","317.38","0.0","","2016.0","7.0","88.07","216.37","238.01","68.7714589895"
"2015.0","10.0","11.0","284.0","88.07","0.08","0.0","0.0","3.68","0.08","0.3","0.0","0.0","0.0","0.0","24.0","24.0","341.38","170.69","317.38","317.38","0.0","","2016.0","8.0","88.07","191.21","157.93","45.6328579396"
"2015.0","10.0","12.0","285.0","88.07","0.08","0.0","0.0","3.76","0.08","0.31","0.0","0.0","0.0","0.0","24.31","24.0","341.38","170.69","317.07","317.38","0.0","","2016.0","9.0","88.07","141.73","13.51","3.90362762467"
"2015.0","10.0","13.0","286.0","88.07","0.08","0.0","0.0","4.1","0.08","0.34","0.0","0.0","0.0","0.0","24.0","24.0","341.38","170.69","317.38","317.38","0.0","","","","","","",""
"2015.0","10.0","14.0","287.0","88.07","0.08","0.0","0.0","4.27","0.08","0.35","0.0","0.0","0.0","0.0","24.35","24.0","341.38","170.69","317.03","317.38","0.0","","","","","","",""
"2015.0","10.0","15.0","288.0","88.07","0.08","0.0","0.0","3.73","0.08","0.31","0.0","0.0","0.0","0.0","24.0","24.0","341.38","170.69","317.38","317.38","0.0","","","","","","",""
"2015.0","10.0","16.0","289.0","88.07","0.08","0.0","0.0","3.87","0.08","0.32","0.0","0.0","0.0","0.0","24.32","24.0","341.38","170.69","317.06","317.38","0.0","","","","","","",""
"2015.0","10.0","17.0","290.0","88.07","0.08","0.0","0.0","3.06","0.08","0.25","0.41","0.41","0.0","0.0","23.91","24.0","341.38","170.69","317.47","317.38","0.0","","","","","","",""
"2015.0","10.0","18.0","291.0","88.07","0.08","0.0","0.0","2.56","0.08","0.21","0.0","0.0","0.0","0.0","24.11","24.0","341.38","170.69","317.26","317.38","0.0","","","","","","",""
"2015.0","10.0","19.0","292.0","88.07","0.08","0.0","0.0","2.6","0.08","0.21","0.0","0.0","0.0","0.0","24.0","24.0","341.38","170.69","317.38","317.38","0.0","","","","","","",""
"2015.0","10.0","20.0","293.0","88.07","0.08","0.0","0.0","4.55","0.08","0.37","0.0","0.0","0.0","0.0","24.37","24.0","341.38","170.69","317.01","317.38","0.0","","","","","","",""
"2015.0","10.0","21.0","294.0","88.07","0.08","0.0","0.0","3.61","0.08","0.29","0.0","0.0","0.0","0.0","24.0","24.0","341.38","170.69","317.38","317.38","0.0","","","","","","",""
"2015.0","10.0","22.0","295.0","88.07","0.08","0.0","0.0","3.07","0.08","0.25","0.0","0.0","0.0","0.0","24.25","24.0","341.38","170.69","317.13","317.38","0.0","","","","","","",""
"2015.0","10.0","23.0","296.0","88.07","0.08","0.0","0.0","2.59","0.08","0.21","0.0","0.0","0.0","0.0","24.0","24.0","341.38","170.69","317.38","317.38","0.0","","","","","","",""
"2015.0","10.0","24.0","297.0","88.07","0.08","0.0","0.0","2.49","0.08","0.2","0.0","0.0","0.0","0.0","24.2","24.0","341.38","170.69","317.17","317.38","0.0","","","","","","",""
"2015.0","10.0","25.0","298.0","88.07","0.08","0.0","0.0","3.31","0.08","0.27","0.0","0.0","0.0","0.0","24.0","24.0","341.38","170.69","317.38","317.38","0.0","","","","","","",""
"2015.0","10.0","26.0","299.0","88.07","0.08","0.0","0.0","2.47","0.08","0.2","0.0","0.0","0.0","0.0","24.2","24.0","341.38","170.69","317.18","317.38","0.0","","","","","","",""
"2015.0","10.0","27.0","300.0","88.07","0.08","0.0","0.0","2.1","0.08","0.17","0.0","0.0","0.0","0.0","24.0","24.0","341.38","170.69","317.38","317.38","0.0","","","","","","",""
"2015.0","10.0","28.0","301.0","88.07","0.08","0.0","0.0","2.22","0.08","0.18","0.0","0.0","0.0","0.0","24.18","24.0","341.38","170.69","317.2","317.38","0.0","","","","","","",""
"2015.0","10.0","29.0","302.0","88.07","0.08","0.0","0.0","4.4","0.08","0.35","0.0","0.0","0.0","0.0","24.0","24.0","341.38","170.69","317.38","317.38","0.0","","","","","","",""
"2015.0","10.0","30.0","303.0","88.07","0.08","0.0","0.0","3.72","0.08","0.3","0.0","0.0","0.0","0.0","24.3","24.0","341.38","170.69","317.08","317.38","0.0","","","","","","",""
"2015.0","10.0","31.0","304.0","88.07","0.08","0.0","0.0","3.28","0.08","0.26","0.0","0.0","0.0","0.0","24.0","24.0","341.38","170.69","317.38","317.38","0.0","","","","","","",""
"2015.0","11.0","1.0","305.0","88.07","0.08","0.0","0.0","1.91","0.08","0.15","0.01","0.01","0.0","0.0","24.14","24.0","341.38","170.69","317.23","317.38","0.0","","","","","","",""
"2015.0","11.0","2.0","306.0","88.07","1.17","0.0","0.0","1.25","1.17","1.46","7.83","7.83","0.0","0.0","16.31","24.0","341.38","170.69","325.06","317.38","0.0","","","","","","",""
"2015.0","11.0","3.0","307.0","88.07","1.13","0.0","0.0","2.22","1.13","2.51","10.9","10.9","0.0","0.0","7.92","24.0","341.38","170.69","333.45","317.38","0.0","","","","","","",""
"2015.0","11.0","4.0","308.0","88.07","1.11","0.0","0.0","3.08","1.11","3.43","0.0","0.0","0.0","0.0","11.36","24.0","341.38","170.69","330.02","317.38","0.0","","","","","","",""
"2015.0","11.0","5.0","309.0","88.07","1.05","0.0","0.0","1.67","1.05","1.75","0.0","0.0","0.0","0.0","13.1","24.0","341.38","170.69","328.27","317.38","0.0","","","","","","",""
"2015.0","11.0","6.0","310.0","88.07","0.93","0.0","0.0","1.87","0.93","1.74","0.0","0.0","0.0","0.0","14.84","24.0","341.38","170.69","326.53","317.38","0.0","","","","","","",""
"2015.0","11.0","7.0","311.0","88.07","0.86","0.0","0.0","1.64","0.86","1.4","0.0","0.0","0.0","0.0","16.25","24.0","341.38","170.69","325.13","317.38","0.0","","","","","","",""
"2015.0","11.0","8.0","312.0","88.07","0.81","0.0","0.0","1.15","0.81","0.94","0.0","0.0","0.0","0.0","17.18","24.0","341.38","170.69","324.19","317.38","0.0","","","","","","",""
"2015.0","11.0","9.0","313.0","88.07","1.18","0.0","0.0","0.99","1.18","1.17","2.78","2.78","0.0","0.0","15.57","24.0","341.38","170.69","325.81","317.38","0.0","","","","","","",""
"2015.0","11.0","10.0","314.0","88.07","1.17","0.0","0.0","1.3","1.17","1.52","10.25","10.25","0.0","0.0","6.84","24.0","341.38","170.69","334.54","317.38","0.0","","","","","","",""
"2015.0","11.0","11.0","315.0","88.07","1.17","0.0","0.0","1.2","1.17","1.4","0.0","0.0","0.0","0.0","8.24","24.0","341.38","170.69","333.13","317.38","0.0","","","","","","",""
"2015.0","11.0","12.0","316.0","88.07","1.17","0.0","0.0","1.38","1.17","1.61","0.0","0.0","0.0","0.0","9.86","24.0","341.38","170.69","331.52","317.38","0.0","","","","","","",""
"2015.0","11.0","13.0","317.0","88.07","1.17","0.0","0.0","1.31","1.17","1.53","0.0","0.0","0.0","0.0","11.39","24.0","341.38","170.69","329.99","317.38","0.0","","","","","","",""
"2015.0","11.0","14.0","318.0","88.07","1.1","0.0","0.0","1.33","1.1","1.46","0.0","0.0","0.0","0.0","12.85","24.0","341.38","170.69","328.53","317.38","0.0","","","","","","",""
"2015.0","11.0","15.0","319.0","88.07","0.97","0.0","0.0","1.81","0.97","1.76","0.53","0.53","0.0","0.0","14.08","24.0","341.38","170.69","327.3","317.38","0.0","","","","","","",""
"2015.0","11.0","16.0","320.0","88.07","1.11","0.0","0.0","2.65","1.11","2.95","3.49","3.49","0.0","0.0","13.54","24.0","341.38","170.69","327.84","317.38","0.0","","","","","","",""
"2015.0","11.0","17.0","321.0","88.07","1.14","0.0","0.0","1.45","1.14","1.65","0.0","0.0","0.0","0.0","15.19","24.0","341.38","170.69","326.19","317.38","0.0","","","","","","",""
"2015.0","11.0","18.0","322.0","88.07","1.15","0.0","0.0","1.31","1.15","1.5","0.0","0.0","0.0","0.0","16.69","24.0","341.38","170.69","324.68","317.38","0.0","","","","","","",""
"2015.0","11.0","19.0","323.0","88.07","1.08","0.0","0.0","1.32","1.08","1.42","0.0","0.0","0.0","0.0","18.11","24.0","341.38","170.69","323.26","317.38","0.0","","","","","","",""
"2015.0","11.0","20.0","324.0","88.07","0.97","0.0","0.0","1.63","0.97","1.57","0.0","0.0","0.0","0.0","19.69","24.0","341.38","170.69","321.69","317.38","0.0","","","","","","",""
"2015.0","11.0","21.0","325.0","88.07","0.89","0.0","0.0","1.46","0.89","1.3","0.0","0.0","0.0","0.0","20.99","24.0","341.38","170.69","320.39","317.38","0.0","","","","","","",""
"2015.0","11.0","22.0","326.0","88.07","0.84","0.0","0.0","1.28","0.84","1.07","0.0","0.0","0.0","0.0","22.06","24.0","341.38","170.69","319.31","317.38","0.0","","","","","","",""
"2015.0","11.0","23.0","327.0","88.07","0.79","0.0","0.0","1.43","0.79","1.13","0.0","0.0","0.0","0.0","23.19","24.0","341.38","170.69","318.18","317.38","0.0","","","","","","",""
"2015.0","11.0","24.0","328.0","88.07","0.75","0.0","0.0","1.37","0.75","1.03","0.0","0.0","0.0","0.0","24.22","24.0","341.38","170.69","317.15","317.38","0.0","","","","","","",""
"2015.0","11.0","25.0","329.0","88.07","0.72","0.0","0.0","1.05","0.72","0.76","1.29","1.29","0.0","0.0","22.93","24.0","341.38","170.69","318.44","317.38","0.0","","","","","","",""
"2015.0","11.0","26.0","330.0","88.07","0.68","0.0","0.0","1.77","0.68","1.21","0.0","0.0","0.0","0.0","24.14","24.0","341.38","170.69","317.23","317.38","0.0","","","","","","",""
"2015.0","11.0","27.0","331.0","88.07","0.64","0.0","0.0","2.45","0.64","1.56","0.0","0.0","0.0","0.0","24.0","24.0","341.38","170.69","317.38","317.38","0.0","","","","","","",""
"2015.0","11.0","28.0","332.0","88.07","0.61","0.0","0.0","1.67","0.61","1.02","0.0","0.0","0.0","0.0","25.02","24.0","341.38","170.69","316.35","317.38","0.0","","","","","","",""
"2015.0","11.0","29.0","333.0","88.07","0.59","0.0","0.0","1.37","0.59","0.81","0.0","0.0","0.0","0.0","24.0","24.0","341.38","170.69","317.38","317.38","0.0","","","","","","",""
"2015.0","11.0","30.0","334.0","88.07","0.58","0.0","0.0","0.99","0.58","0.58","0.0","0.0","0.0","0.0","24.58","24.0","341.38","170.69","316.8","317.38","0.0","","","","","","",""
"2015.0","12.0","1.0","335.0","88.07","0.57","0.0","0.0","1.18","0.57","0.67","0.0","0.0","0.0","0.0","24.0","24.0","341.38","170.69","317.38","317.38","0.0","","","","","","",""
"2015.0","12.0","2.0","336.0","88.07","0.55","0.0","0.0","1.12","0.55","0.62","0.0","0.0","0.0","0.0","24.62","24.0","341.38","170.69","316.75","317.38","0.0","","","","","","",""
"2015.0","12.0","3.0","337.0","88.07","0.54","0.0","0.0","1.06","0.54","0.58","0.0","0.0","0.0","0.0","24.0","24.0","341.38","170.69","317.38","317.38","0.0","","","","","","",""
"2015.0","12.0","4.0","338.0","88.07","1.18","0.0","0.0","0.99","1.18","1.17","7.03","7.03","0.0","0.0","18.14","24.0","341.38","170.69","323.24","317.38","0.0","","","","","","",""
"2015.0","12.0","5.0","339.0","88.07","1.19","0.0","0.0","0.72","1.19","0.85","0.0","0.0","0.0","0.0","18.99","24.0","341.38","170.69","322.38","317.38","0.0","","","","","","",""
"2015.0","12.0","6.0","340.0","88.07","1.18","0.0","0.0","1.14","1.18","1.35","0.0","0.0","0.0","0.0","20.34","24.0","341.38","170.69","321.04","317.38","0.0","","","","","","",""
"2015.0","12.0","7.0","341.0","88.07","1.18","0.0","0.0","0.88","1.18","1.04","0.02","0.02","0.0","0.0","21.36","24.0","341.38","170.69","320.02","317.38","0.0","","","","","","",""
"2015.0","12.0","8.0","342.0","88.07","1.19","0.0","0.0","0.55","1.19","0.65","0.0","0.0","0.0","0.0","22.01","24.0","341.38","170.69","319.36","317.38","0.0","","","","","","",""
"2015.0","12.0","9.0","343.0","88.07","1.19","0.0","0.0","0.9","1.19","1.07","0.0","0.0","0.0","0.0","23.08","24.0","341.38","170.69","318.3","317.38","0.0","","","","","","",""
"2015.0","12.0","10.0","344.0","88.07","1.17","0.0","0.0","1.36","1.17","1.59","1.85","1.85","0.0","0.0","22.81","24.0","341.38","170.69","318.56","317.38","0.0","","","","","","",""
"2015.0","12.0","11.0","345.0","88.07","1.18","0.0","0.0","1.08","1.18","1.27","5.24","5.24","0.0","0.0","18.85","24.0","341.38","170.69","322.53","317.38","0.0","","","","","","",""
"2015.0","12.0","12.0","346.0","88.07","1.18","0.0","0.0","0.83","1.18","0.98","0.23","0.23","0.0","0.0","19.6","24.0","341.38","170.69","321.78","317.38","0.0","","","","","","",""
"2015.0","12.0","13.0","347.0","88.07","1.18","0.0","0.0","1.28","1.18","1.51","0.14","0.14","0.0","0.0","20.96","24.0","341.38","170.69","320.41","317.38","0.0","","","","","","",""
"2015.0","12.0","14.0","348.0","88.07","1.16","0.0","0.0","1.56","1.16","1.81","10.81","10.81","0.0","0.0","11.96","24.0","341.38","170.69","329.42","317.38","0.0","","","","","","",""
"2015.0","12.0","15.0","349.0","88.07","1.15","0.0","0.0","2.0","1.15","2.3","0.0","0.0","0.0","0.0","14.26","24.0","341.38","170.69","327.12","317.38","0.0","","","","","","",""
"2015.0","12.0","16.0","350.0","88.07","1.16","0.0","0.0","0.86","1.16","1.0","0.0","0.0","0.0","0.0","15.26","24.0","341.38","170.69","326.12","317.38","0.0","","","","","","",""
"2015.0","12.0","17.0","351.0","88.07","1.17","0.0","0.0","0.93","1.17","1.08","0.0","0.0","0.0","0.0","16.34","24.0","341.38","170.69","325.04","317.38","0.0","","","","","","",""
"2015.0","12.0","18.0","352.0","88.07","1.11","0.0","0.0","1.1","1.11","1.22","0.0","0.0","0.0","0.0","17.56","24.0","341.38","170.69","323.82","317.38","0.0","","","","","","",""
"2015.0","12.0","19.0","353.0","88.07","1.19","0.0","0.0","0.72","1.19","0.86","7.33","7.33","0.0","0.0","11.09","24.0","341.38","170.69","330.29","317.38","0.0","","","","","","",""
"2015.0","12.0","20.0","354.0","88.07","1.2","0.0","0.0","0.55","1.2","0.66","0.69","0.69","0.0","0.0","11.05","24.0","341.38","170.69","330.32","317.38","0.0","","","","","","",""
"2015.0","12.0","21.0","355.0","88.07","1.2","0.0","0.0","0.59","1.2","0.71","5.75","5.75","0.0","0.0","6.01","24.0","341.38","170.69","335.37","317.38","0.0","","","","","","",""
"2015.0","12.0","22.0","356.0","88.07","1.17","0.0","0.0","1.13","1.17","1.33","6.74","6.74","0.0","0.0","0.6","24.0","341.38","170.69","340.78","317.38","0.0","","","","","","",""
"2015.0","12.0","23.0","357.0","88.07","1.17","0.0","0.0","1.36","1.17","1.59","0.0","0.0","0.0","0.0","2.19","24.0","341.38","170.69","339.19","317.38","0.0","","","","","","",""
"2015.0","12.0","24.0","358.0","88.07","1.17","0.0","0.0","1.02","1.17","1.2","0.31","0.31","0.0","0.0","3.08","24.0","341.38","170.69","338.3","317.38","0.0","","","","","","",""
"2015.0","12.0","25.0","359.0","88.07","1.19","0.0","0.0","0.87","1.19","1.03","2.59","2.59","0.0","0.0","1.52","24.0","341.38","170.69","339.86","317.38","0.0","","","","","","",""
"2015.0","12.0","26.0","360.0","88.07","1.17","0.0","0.0","1.53","1.17","1.79","0.0","0.0","0.0","0.0","3.31","24.0","341.38","170.69","338.07","317.38","0.0","","","","","","",""
"2015.0","12.0","27.0","361.0","88.07","1.18","0.0","0.0","0.57","1.18","0.67","0.0","0.0","0.0","0.0","3.98","24.0","341.38","170.69","337.39","317.38","0.0","","","","","","",""
"2015.0","12.0","28.0","362.0","88.07","1.18","0.0","0.0","0.73","1.18","0.86","0.82","0.82","0.0","0.0","4.03","24.0","341.38","170.69","337.35","317.38","0.0","","","","","","",""
"2015.0","12.0","29.0","363.0","88.07","1.18","0.0","0.0","0.94","1.18","1.11","0.03","0.03","0.0","0.0","5.11","24.0","341.38","170.69","336.27","317.38","0.0","","","","","","",""
"2015.0","12.0","30.0","364.0","88.07","1.18","0.0","0.0","0.74","1.18","0.88","0.0","0.0","0.0","0.0","5.98","24.0","341.38","170.69","335.39","317.38","0.0","","","","","","",""
"2015.0","12.0","31.0","365.0","88.07","1.11","0.0","0.0","1.06","1.11","1.18","0.0","0.0","0.0","0.0","7.17","24.0","341.38","170.69","334.21","317.38","0.0","","","","","","",""
"2016.0","1.0","1.0","1.0","88.07","1.01","0.0","0.0","1.41","1.01","1.42","0.0","0.0","0.0","0.0","8.59","24.0","341.38","170.69","332.79","317.38","0.0","","","","","","",""
"2016.0","1.0","2.0","2.0","88.07","0.94","0.0","0.0","1.21","0.94","1.14","0.0","0.0","0.0","0.0","9.72","24.0","341.38","170.69","331.65","317.38","0.0","","","","","","",""
"2016.0","1.0","3.0","3.0","88.07","0.88","0.0","0.0","1.19","0.88","1.05","0.0","0.0","0.0","0.0","10.77","24.0","341.38","170.69","330.6","317.38","0.0","","","","","","",""
"2016.0","1.0","4.0","4.0","88.07","0.85","0.0","0.0","0.87","0.85","0.74","0.13","0.13","0.0","0.0","11.38","24.0","341.38","170.69","330.0","317.38","0.0","","","","","","",""
"2016.0","1.0","5.0","5.0","88.07","1.19","0.0","0.0","0.84","1.19","1.0","14.51","12.38","0.0","0.0","0.0","24.0","341.38","170.69","341.38","317.38","0.0","","","","","","",""
"2016.0","1.0","6.0","6.0","88.07","1.19","0.0","0.0","0.82","1.19","0.97","15.08","0.97","0.0","0.0","0.0","24.0","341.38","170.69","341.38","317.38","0.0","","","","","","",""
"2016.0","1.0","7.0","7.0","88.07","1.2","0.0","0.0","0.6","1.2","0.72","15.82","0.72","0.0","0.0","0.0","24.0","341.38","170.69","341.38","317.38","0.0","","","","","","",""
"2016.0","1.0","8.0","8.0","88.07","1.2","0.0","0.0","0.63","1.2","0.75","0.0","0.0","0.0","0.0","0.75","24.0","341.38","170.69","340.62","317.38","0.0","","","","","","",""
"2016.0","1.0","9.0","9.0","88.07","1.19","0.0","0.0","0.81","1.19","0.96","2.11","1.72","0.0","0.0","0.0","24.0","341.38","170.69","341.38","317.38","0.0","","","","","","",""
"2016.0","1.0","10.0","10.0","88.07","1.18","0.0","0.0","0.9","1.18","1.07","1.36","1.07","0.0","0.0","0.0","24.0","341.38","170.69","341.38","317.38","0.0","","","","","","",""
"2016.0","1.0","11.0","11.0","88.07","1.18","0.0","0.0","0.96","1.18","1.14","0.0","0.0","0.0","0.0","1.14","24.0","341.38","170.69","340.24","317.38","0.0","","","","","","",""
"2016.0","1.0","12.0","12.0","88.07","1.18","0.0","0.0","0.94","1.18","1.11","0.01","0.01","0.0","0.0","2.24","24.0","341.38","170.69","339.14","317.38","0.0","","","","","","",""
"2016.0","1.0","13.0","13.0","88.07","1.17","0.0","0.0","1.3","1.17","1.52","4.02","3.76","0.0","0.0","0.0","24.0","341.38","170.69","341.38","317.38","0.0","","","","","","",""
"2016.0","1.0","14.0","14.0","88.07","1.19","0.0","0.0","0.66","1.19","0.79","2.04","0.79","0.0","0.0","0.0","24.0","341.38","170.69","341.38","317.38","0.0","","","","","","",""
"2016.0","1.0","15.0","15.0","88.07","1.19","0.0","0.0","0.81","1.19","0.96","3.1","0.96","0.0","0.0","0.0","24.0","341.38","170.69","341.38","317.38","0.0","","","","","","",""
"2016.0","1.0","16.0","16.0","88.07","1.19","0.0","0.0","0.81","1.19","0.96","6.85","0.96","0.0","0.0","0.0","24.0","341.38","170.69","341.38","317.38","0.0","","","","","","",""
"2016.0","1.0","17.0","17.0","88.07","1.19","0.0","0.0","0.78","1.19","0.93","2.21","0.93","0.0","0.0","0.0","24.0","341.38","170.69","341.38","317.38","0.0","","","","","","",""
"2016.0","1.0","18.0","18.0","88.07","1.17","0.0","0.0","1.14","1.17","1.34","29.61","1.34","0.0","0.0","0.0","24.0","341.38","170.69","341.38","317.38","0.0","","","","","","",""
"2016.0","1.0","19.0","19.0","88.07","1.17","0.0","0.0","1.28","1.17","1.5","4.31","1.5","0.0","0.0","0.0","24.0","341.38","170.69","341.38","317.38","0.0","","","","","","",""
"2016.0","1.0","20.0","20.0","88.07","1.18","0.0","0.0","1.02","1.18","1.2","19.0","1.2","0.0","0.0","0.0","24.0","341.38","170.69","341.38","317.38","0.0","","","","","","",""
"2016.0","1.0","21.0","21.0","88.07","1.18","0.0","0.0","1.07","1.18","1.26","0.0","0.0","0.0","0.0","1.26","24.0","341.38","170.69","340.12","317.38","0.0","","","","","","",""
"2016.0","1.0","22.0","22.0","88.07","1.18","0.0","0.0","1.1","1.18","1.3","0.25","0.25","0.0","0.0","2.31","24.0","341.38","170.69","339.07","317.38","0.0","","","","","","",""
"2016.0","1.0","23.0","23.0","88.07","1.16","0.0","0.0","1.42","1.16","1.65","10.54","3.96","0.0","0.0","0.0","24.0","341.38","170.69","341.38","317.38","0.0","","","","","","",""
"2016.0","1.0","24.0","24.0","88.07","1.18","0.0","0.0","1.12","1.18","1.32","1.7","1.32","0.0","0.0","0.0","24.0","341.38","170.69","341.38","317.38","0.0","","","","","","",""
"2016.0","1.0","25.0","25.0","88.07","1.17","0.0","0.0","1.17","1.17","1.37","0.02","0.02","0.0","0.0","1.35","24.0","341.38","170.69","340.02","317.38","0.0","","","","","","",""
"2016.0","1.0","26.0","26.0","88.07","1.18","0.0","0.0","1.0","1.18","1.18","0.0","0.0","0.0","0.0","2.53","24.0","341.38","170.69","338.85","317.38","0.0","","","","","","",""
"2016.0","1.0","27.0","27.0","88.07","1.17","0.0","0.0","1.34","1.17","1.57","0.0","0.0","0.0","0.0","4.1","24.0","341.38","170.69","337.27","317.38","0.0","","","","","","",""
"2016.0","1.0","28.0","28.0","88.07","1.18","0.0","0.0","0.89","1.18","1.05","0.0","0.0","0.0","0.0","5.15","24.0","341.38","170.69","336.23","317.38","0.0","","","","","","",""
"2016.0","1.0","29.0","29.0","88.07","1.1","0.0","0.0","1.0","1.1","1.1","0.12","0.12","0.0","0.0","6.13","24.0","341.38","170.69","335.24","317.38","0.0","","","","","","",""
"2016.0","1.0","30.0","30.0","88.07","1.16","0.0","0.0","1.54","1.16","1.78","5.94","5.94","0.0","0.0","1.98","24.0","341.38","170.69","339.4","317.38","0.0","","","","","","",""
"2016.0","1.0","31.0","31.0","88.07","1.14","0.0","0.0","2.43","1.14","2.77","0.05","0.05","0.0","0.0","4.7","24.0","341.38","170.69","336.68","317.38","0.0","","","","","","",""
"2016.0","2.0","1.0","32.0","88.07","1.08","0.0","0.0","2.61","1.08","2.81","0.0","0.0","0.0","0.0","7.51","24.0","341.38","170.69","333.86","317.38","0.0","","","","","","",""
"2016.0","2.0","2.0","33.0","88.07","1.01","0.0","0.0","1.07","1.01","1.08","0.0","0.0","0.0","0.0","8.59","24.0","341.38","170.69","332.79","317.38","0.0","","","","","","",""
"2016.0","2.0","3.0","34.0","88.07","0.95","0.0","0.0","1.04","0.95","0.98","0.52","0.52","0.0","0.0","9.05","24.0","341.38","170.69","332.32","317.38","0.0","","","","","","",""
"2016.0","2.0","4.0","35.0","88.07","0.87","0.0","0.0","1.49","0.87","1.3","0.0","0.0","0.0","0.0","10.36","24.0","341.38","170.69","331.02","317.38","0.0","","","","","","",""
"2016.0","2.0","5.0","36.0","88.07","0.82","0.0","0.0","1.36","0.82","1.12","0.0","0.0","0.0","0.0","11.48","24.0","341.38","170.69","329.9","317.38","0.0","","","","","","",""
"2016.0","2.0","6.0","37.0","88.07","0.77","0.0","0.0","1.59","0.77","1.23","0.0","0.0","0.0","0.0","12.7","24.0","341.38","170.69","328.68","317.38","0.0","","","","","","",""
"2016.0","2.0","7.0","38.0","88.07","0.72","0.0","0.0","1.92","0.72","1.38","0.0","0.0","0.0","0.0","14.08","24.0","341.38","170.69","327.29","317.38","0.0","","","","","","",""
"2016.0","2.0","8.0","39.0","88.07","0.67","0.0","0.0","2.05","0.67","1.38","0.0","0.0","0.0","0.0","15.47","24.0","341.38","170.69","325.91","317.38","0.0","","","","","","",""
"2016.0","2.0","9.0","40.0","88.07","0.64","0.0","0.0","1.92","0.64","1.23","0.0","0.0","0.0","0.0","16.69","24.0","341.38","170.69","324.68","317.38","0.0","","","","","","",""
"2016.0","2.0","10.0","41.0","88.07","0.61","0.0","0.0","1.88","0.61","1.15","0.0","0.0","0.0","0.0","17.84","24.0","341.38","170.69","323.54","317.38","0.0","","","","","","",""
"2016.0","2.0","11.0","42.0","88.07","0.59","0.0","0.0","1.71","0.59","1.0","0.0","0.0","0.0","0.0","18.84","24.0","341.38","170.69","322.53","317.38","0.0","","","","","","",""
"2016.0","2.0","12.0","43.0","88.07","0.56","0.0","0.0","1.78","0.56","1.01","0.0","0.0","0.0","0.0","19.85","24.0","341.38","170.69","321.53","317.38","0.0","","","","","","",""
"2016.0","2.0","13.0","44.0","88.07","0.54","0.0","0.0","2.3","0.54","1.24","0.0","0.0","0.0","0.0","21.09","24.0","341.38","170.69","320.29","317.38","0.0","","","","","","",""
"2016.0","2.0","14.0","45.0","88.07","0.51","0.0","0.0","3.12","0.51","1.59","0.0","0.0","0.0","0.0","22.68","24.0","341.38","170.69","318.7","317.38","0.0","","","","","","",""
"2016.0","2.0","15.0","46.0","88.07","0.49","0.0","0.0","2.59","0.49","1.27","0.0","0.0","0.0","0.0","23.94","24.0","341.38","170.69","317.43","317.38","0.0","","","","","","",""
"2016.0","2.0","16.0","47.0","88.07","0.47","0.0","0.0","2.08","0.47","0.98","0.0","0.0","0.0","0.0","24.93","24.0","341.38","170.69","316.45","317.38","0.0","","","","","","",""
"2016.0","2.0","17.0","48.0","88.07","0.46","0.0","0.0","2.57","0.46","1.17","0.01","0.01","0.0","0.0","24.0","24.0","341.38","170.69","317.38","317.38","0.0","","","","","","",""
"2016.0","2.0","18.0","49.0","88.07","1.15","0.0","0.0","1.86","1.15","2.13","10.65","10.65","0.0","0.0","15.48","24.0","341.38","170.69","325.9","317.38","0.0","","","","","","",""
"2016.0","2.0","19.0","50.0","88.07","1.16","0.0","0.0","1.54","1.16","1.78","3.5","3.5","0.0","0.0","13.76","24.0","341.38","170.69","327.61","317.38","0.0","","","","","","",""
"2016.0","2.0","20.0","51.0","88.07","1.15","0.0","0.0","1.79","1.15","2.06","0.06","0.06","0.0","0.0","15.77","24.0","341.38","170.69","325.61","317.38","0.0","","","","","","",""
"2016.0","2.0","21.0","52.0","88.07","1.15","0.0","0.0","1.95","1.15","2.24","0.0","0.0","0.0","0.0","18.01","24.0","341.38","170.69","323.36","317.38","0.0","","","","","","",""
"2016.0","2.0","22.0","53.0","88.07","0.98","0.0","0.0","2.69","0.98","2.65","0.0","0.0","0.0","0.0","20.66","24.0","341.38","170.69","320.72","317.38","0.0","","","","","","",""
"2016.0","2.0","23.0","54.0","88.07","0.86","0.0","0.0","2.39","0.86","2.06","0.0","0.0","0.0","0.0","22.72","24.0","341.38","170.69","318.66","317.38","0.0","","","","","","",""
"2016.0","2.0","24.0","55.0","88.07","0.78","0.0","0.0","2.21","0.78","1.73","0.0","0.0","0.0","0.0","24.44","24.0","341.38","170.69","316.93","317.38","0.0","","","","","","",""
"2016.0","2.0","25.0","56.0","88.07","0.72","0.0","0.0","2.32","0.72","1.67","0.0","0.0","0.0","0.0","24.0","24.0","341.38","170.69","317.38","317.38","0.0","","","","","","",""
"2016.0","2.0","26.0","57.0","88.07","0.67","0.0","0.0","2.34","0.67","1.56","0.0","0.0","0.0","0.0","25.56","24.0","341.38","170.69","315.82","317.38","0.0","","","","","","",""
"2016.0","2.0","27.0","58.0","88.07","0.63","0.0","0.0","2.18","0.63","1.37","0.0","0.0","0.0","0.0","24.0","24.0","341.38","170.69","317.38","317.38","0.0","","","","","","",""
"2016.0","2.0","28.0","59.0","88.07","0.6","0.0","0.0","2.07","0.6","1.24","0.0","0.0","0.0","0.0","25.24","24.0","341.38","170.69","316.14","317.38","0.0","","","","","","",""
"2016.0","2.0","29.0","60.0","88.07","0.56","0.0","0.0","2.62","0.56","1.48","0.0","0.0","0.0","0.0","24.0","24.0","341.38","170.69","317.38","317.38","0.0","","","","","","",""
"2016.0","3.0","1.0","61.0","88.07","0.53","0.0","0.0","2.94","0.53","1.56","0.0","0.0","0.0","0.0","25.56","24.0","341.38","170.69","315.81","317.38","0.0","","","","","","",""
"2016.0","3.0","2.0","62.0","88.07","0.51","0.0","0.0","2.57","0.51","1.3","0.0","0.0","0.0","0.0","24.0","24.0","341.38","170.69","317.38","317.38","0.0","","","","","","",""
"2016.0","3.0","3.0","63.0","88.07","0.49","0.0","0.0","1.76","0.49","0.87","0.0","0.0","0.0","0.0","24.87","24.0","341.38","170.69","316.51","317.38","0.0","","","","","","",""
"2016.0","3.0","4.0","64.0","88.07","0.48","0.0","0.0","1.47","0.48","0.71","0.08","0.08","0.0","0.0","24.0","24.0","341.38","170.69","317.38","317.38","0.0","","","","","","",""
"2016.0","3.0","5.0","65.0","88.07","1.17","0.0","0.0","1.19","1.17","1.4","13.37","13.37","0.0","0.0","12.03","24.0","341.38","170.69","329.35","317.38","0.0","","","","","","",""
"2016.0","3.0","6.0","66.0","88.07","1.13","0.0","0.0","2.19","1.13","2.48","48.26","14.51","0.0","0.0","0.0","24.0","341.38","170.69","341.38","317.38","0.0","","","","","","",""
"2016.0","3.0","7.0","67.0","88.07","1.16","0.0","0.0","1.61","1.16","1.86","13.88","1.86","0.0","0.0","0.0","24.0","341.38","170.69","341.38","317.38","0.0","","","","","","",""
"2016.0","3.0","8.0","68.0","88.07","1.15","0.0","0.0","1.79","1.15","2.06","1.54","1.54","0.0","0.0","0.52","24.0","341.38","170.69","340.85","317.38","0.0","","","","","","",""
"2016.0","3.0","9.0","69.0","88.07","1.15","0.0","0.0","1.8","1.15","2.07","0.01","0.01","0.0","0.0","2.58","24.0","341.38","170.69","338.79","317.38","0.0","","","","","","",""
"2016.0","3.0","10.0","70.0","88.07","1.09","0.0","0.0","1.41","1.09","1.53","0.07","0.07","0.0","0.0","4.04","24.0","341.38","170.69","337.33","317.38","0.0","","","","","","",""
"2016.0","3.0","11.0","71.0","88.07","1.16","0.0","0.0","1.45","1.16","1.68","13.58","5.73","0.0","0.0","0.0","24.0","341.38","170.69","341.38","317.38","0.0","","","","","","",""
"2016.0","3.0","12.0","72.0","88.07","1.16","0.0","0.0","1.5","1.16","1.74","9.41","1.74","0.0","0.0","0.0","24.0","341.38","170.69","341.38","317.38","0.0","","","","","","",""
"2016.0","3.0","13.0","73.0","88.07","1.17","0.0","0.0","1.17","1.17","1.37","11.27","1.37","0.0","0.0","0.0","24.0","341.38","170.69","341.38","317.38","0.0","","","","","","",""
"2016.0","3.0","14.0","74.0","88.07","1.12","0.0","0.0","2.57","1.12","2.87","11.81","2.87","0.0","0.0","0.0","24.0","341.38","170.69","341.38","317.38","0.0","","","","","","",""
"2016.0","3.0","15.0","75.0","88.07","1.11","0.0","0.0","3.03","1.11","3.36","0.0","0.0","0.0","0.0","3.36","24.0","341.38","170.69","338.02","317.38","0.0","","","","","","",""
"2016.0","3.0","16.0","76.0","88.07","0.93","0.0","0.0","3.1","0.93","2.87","0.0","0.0","0.0","0.0","6.23","24.0","341.38","170.69","335.15","317.38","0.0","","","","","","",""
"2016.0","3.0","17.0","77.0","88.07","0.79","0.0","0.0","3.14","0.79","2.49","0.0","0.0","0.0","0.0","8.72","24.0","341.38","170.69","332.66","317.38","0.0","","","","","","",""
"2016.0","3.0","18.0","78.0","88.07","0.71","0.0","0.0","3.12","0.71","2.2","0.0","0.0","0.0","0.0","10.92","24.0","341.38","170.69","330.46","317.38","0.0","","","","","","",""
"2016.0","3.0","19.0","79.0","88.07","0.64","0.0","0.0","3.11","0.64","1.99","0.0","0.0","0.0","0.0","12.91","24.0","341.38","170.69","328.46","317.38","0.0","","","","","","",""
"2016.0","3.0","20.0","80.0","88.07","0.61","0.0","0.0","2.14","0.61","1.3","0.0","0.0","0.0","0.0","14.21","24.0","341.38","170.69","327.16","317.38","0.0","","","","","","",""
"2016.0","3.0","21.0","81.0","88.07","0.58","0.0","0.0","2.2","0.58","1.27","1.3","1.3","0.0","0.0","14.19","24.0","341.38","170.69","327.19","317.38","0.0","","","","","","",""
"2016.0","3.0","22.0","82.0","88.07","0.54","0.0","0.0","2.94","0.54","1.6","0.94","0.94","0.0","0.0","14.84","24.0","341.38","170.69","326.53","317.38","0.0","","","","","","",""
"2016.0","3.0","23.0","83.0","88.07","0.51","0.0","0.0","3.34","0.51","1.7","0.0","0.0","0.0","0.0","16.55","24.0","341.38","170.69","324.83","317.38","0.0","","","","","","",""
"2016.0","3.0","24.0","84.0","88.07","0.48","0.0","0.0","3.19","0.48","1.54","0.0","0.0","0.0","0.0","18.09","24.0","341.38","170.69","323.28","317.38","0.0","","","","","","",""
"2016.0","3.0","25.0","85.0","88.07","0.46","0.0","0.0","3.68","0.46","1.68","0.0","0.0","0.0","0.0","19.78","24.0","341.38","170.69","321.6","317.38","0.0","","","","","","",""
"2016.0","3.0","26.0","86.0","88.07","0.43","0.0","0.0","4.39","0.43","1.89","0.0","0.0","0.0","0.0","21.67","24.0","341.38","170.69","319.71","317.38","0.0","","","","","","",""
"2016.0","3.0","27.0","87.0","88.07","0.41","0.0","0.0","3.47","0.41","1.43","0.0","0.0","0.0","0.0","23.1","24.0","341.38","170.69","318.28","317.38","0.0","","","","","","",""
"2016.0","3.0","28.0","88.0","88.07","0.4","0.0","0.0","3.49","0.4","1.39","0.0","0.0","0.0","0.0","24.49","24.0","341.38","170.69","316.89","317.38","0.0","","","","","","",""
"2016.0","3.0","29.0","89.0","88.07","0.38","0.0","0.0","3.77","0.38","1.44","0.0","0.0","0.0","0.0","24.0","24.0","341.38","170.69","317.38","317.38","0.0","","","","","","",""
"2016.0","3.0","30.0","90.0","88.07","0.37","0.0","0.0","3.58","0.37","1.32","0.0","0.0","0.0","0.0","25.32","24.0","341.38","170.69","316.06","317.38","0.0","","","","","","",""
"2016.0","3.0","31.0","91.0","88.07","0.36","0.0","0.0","3.76","0.36","1.34","0.0","0.0","0.0","0.0","24.0","24.0","341.38","170.69","317.38","317.38","0.0","","","","","","",""
"2016.0","4.0","1.0","92.0","88.07","0.35","0.0","0.0","3.65","0.35","1.26","0.0","0.0","0.0","0.0","25.26","24.0","341.38","170.69","316.11","317.38","0.0","","","","","","",""
"2016.0","4.0","2.0","93.0","88.07","0.34","0.0","0.0","3.74","0.34","1.25","0.0","0.0","0.0","0.0","24.0","24.0","341.38","170.69","317.38","317.38","0.0","","","","","","",""
"2016.0","4.0","3.0","94.0","88.07","0.33","0.0","0.0","4.02","0.33","1.31","0.0","0.0","0.0","0.0","25.31","24.0","341.38","170.69","316.07","317.38","0.0","","","","","","",""
"2016.0","4.0","4.0","95.0","88.07","0.32","0.0","0.0","4.17","0.32","1.32","0.0","0.0","0.0","0.0","24.0","24.0","341.38","170.69","317.38","317.38","0.0","","","","","","",""
"2016.0","4.0","5.0","96.0","88.07","0.3","0.0","0.0","5.61","0.3","1.7","0.0","0.0","0.0","0.0","25.7","24.0","341.38","170.69","315.67","317.38","0.0","","","","","","",""
"2016.0","4.0","6.0","97.0","88.07","0.29","0.0","0.0","4.91","0.29","1.45","0.0","0.0","0.0","0.0","24.0","24.0","341.38","170.69","317.38","317.38","0.0","","","","","","",""
"2016.0","4.0","7.0","98.0","88.07","0.29","0.0","0.0","4.31","0.29","1.24","0.0","0.0","0.0","0.0","25.24","24.0","341.38","170.69","316.14","317.38","0.0","","","","","","",""
"2016.0","4.0","8.0","99.0","88.07","0.28","0.0","0.0","3.47","0.28","0.98","0.01","0.01","0.0","0.0","24.0","24.0","341.38","170.69","317.38","317.38","0.0","","","","","","",""
"2016.0","4.0","9.0","100.0","88.07","0.28","0.0","0.0","1.5","0.28","0.42","2.32","2.32","0.0","0.0","22.1","24.0","341.38","170.69","319.28","317.38","0.0","","","","","","",""
"2016.0","4.0","10.0","101.0","88.07","1.13","0.0","0.0","2.21","1.13","2.5","8.95","8.95","0.0","0.0","15.65","24.0","341.38","170.69","325.73","317.38","0.0","","","","","","",""
"2016.0","4.0","11.0","102.0","88.07","1.11","0.0","0.0","3.25","1.11","3.61","0.45","0.45","0.0","0.0","18.81","24.0","341.38","170.69","322.57","317.38","0.0","","","","","","",""
"2016.0","4.0","12.0","103.0","88.07","0.91","0.0","0.0","3.47","0.91","3.17","0.0","0.0","0.0","0.0","21.98","24.0","341.38","170.69","319.4","317.38","0.0","","","","","","",""
"2016.0","4.0","13.0","104.0","88.07","0.75","0.0","0.0","4.25","0.75","3.18","0.0","0.0","0.0","0.0","25.15","24.0","341.38","170.69","316.22","317.38","0.0","","","","","","",""
"2016.0","4.0","14.0","105.0","88.07","0.65","0.0","0.0","4.05","0.65","2.64","0.48","0.48","0.0","0.0","24.0","24.0","341.38","170.69","317.38","317.38","0.0","","","","","","",""
"2016.0","4.0","15.0","106.0","88.07","0.57","0.0","0.0","5.4","0.57","3.05","0.0","0.0","0.0","0.0","27.05","24.0","341.38","170.69","314.32","317.38","0.0","","","","","","",""
"2016.0","4.0","16.0","107.0","88.07","0.51","0.0","0.0","5.38","0.51","2.72","0.0","0.0","0.0","0.0","24.0","24.0","341.38","170.69","317.38","317.38","0.0","","","","","","",""
"2016.0","4.0","17.0","108.0","88.07","0.47","0.0","0.0","4.72","0.47","2.2","0.0","0.0","0.0","0.0","26.2","24.0","341.38","170.69","315.17","317.38","0.0","","","","","","",""
"2016.0","4.0","18.0","109.0","88.07","0.43","0.0","0.0","5.09","0.43","2.21","0.0","0.0","0.0","0.0","24.0","24.0","341.38","170.69","317.38","317.38","0.0","","","","","","",""
"2016.0","4.0","19.0","110.0","88.07","0.41","0.0","0.0","4.97","0.41","2.02","0.0","0.0","0.0","0.0","26.02","24.0","341.38","170.69","315.35","317.38","0.0","","","","","","",""
"2016.0","4.0","20.0","111.0","88.07","0.38","0.0","0.0","5.11","0.38","1.96","0.0","0.0","0.0","0.0","24.0","24.0","341.38","170.69","317.38","317.38","0.0","","","","","","",""
"2016.0","4.0","21.0","112.0","88.07","0.37","0.0","0.0","3.83","0.37","1.42","0.0","0.0","0.0","0.0","25.42","24.0","341.38","170.69","315.96","317.38","0.0","","","","","","",""
"2016.0","4.0","22.0","113.0","88.07","0.36","0.0","0.0","2.88","0.36","1.04","0.12","0.12","0.0","0.0","24.0","24.0","341.38","170.69","317.38","317.38","0.0","","","","","","",""
"2016.0","4.0","23.0","114.0","88.07","0.35","0.0","0.0","3.96","0.35","1.38","2.58","2.58","0.0","0.0","22.8","24.0","341.38","170.69","318.58","317.38","0.0","","","","","","",""
"2016.0","4.0","24.0","115.0","88.07","0.34","0.0","0.0","4.41","0.34","1.48","0.0","0.0","0.0","0.0","24.28","24.0","341.38","170.69","317.09","317.38","0.0","","","","","","",""
"2016.0","4.0","25.0","116.0","88.07","0.32","0.2","0.0","5.39","0.32","1.74","0.0","0.0","0.0","0.0","26.02","78.62","341.38","170.69","315.36","262.75","0.0","","","","","","",""
"2016.0","4.0","26.0","117.0","88.07","0.31","0.2","0.0","4.64","0.31","1.45","0.0","0.0","0.0","0.0","27.46","78.62","341.38","170.69","313.91","262.75","0.0","","","","","","",""
"2016.0","4.0","27.0","118.0","88.07","0.3","0.2","0.0","3.84","0.3","1.17","0.0","0.0","0.0","0.0","28.63","78.62","341.38","170.69","312.75","262.75","0.0","","","","","","",""
"2016.0","4.0","28.0","119.0","88.07","0.29","0.2","0.0","5.73","0.29","1.68","3.95","3.95","0.0","0.0","26.36","78.62","341.38","170.69","315.02","262.75","0.0","","","","","","",""
"2016.0","4.0","29.0","120.0","88.07","0.28","0.2","0.0","5.1","0.28","1.45","0.0","0.0","0.0","0.0","27.8","78.62","341.38","170.69","313.57","262.75","0.0","","","","","","",""
"2016.0","4.0","30.0","121.0","88.07","0.27","0.2","0.0","7.38","0.27","2.01","0.0","0.0","0.0","0.0","29.81","78.62","341.38","170.69","311.57","262.75","0.0","","","","","","",""
"2016.0","5.0","1.0","122.0","88.07","0.26","0.2","0.0","5.87","0.26","1.55","0.0","0.0","0.0","0.0","31.36","78.62","341.38","170.69","310.02","262.75","0.0","","","","","","",""
"2016.0","5.0","2.0","123.0","88.07","0.26","0.2","0.0","5.3","0.26","1.36","0.0","0.0","0.0","0.0","32.72","78.62","341.38","170.69","308.66","262.75","0.0","","","","","","",""
"2016.0","5.0","3.0","124.0","88.07","0.25","0.2","0.0","4.33","0.25","1.09","0.0","0.0","0.0","0.0","33.81","78.62","341.38","170.69","307.57","262.75","0.0","","","","","","",""
"2016.0","5.0","4.0","125.0","88.07","0.25","0.2","0.0","4.83","0.25","1.19","0.0","0.0","0.0","0.0","35.0","78.62","341.38","170.69","306.38","262.75","0.0","","","","","","",""
"2016.0","5.0","5.0","126.0","88.07","0.24","0.2","0.0","2.3","0.24","0.56","0.02","0.02","0.0","0.0","35.54","78.62","341.38","170.69","305.84","262.75","0.0","","","","","","",""
"2016.0","5.0","6.0","127.0","88.07","0.24","0.2","0.0","2.1","0.24","0.51","0.13","0.13","0.0","0.0","35.92","78.62","341.38","170.69","305.46","262.75","0.0","","","","","","",""
"2016.0","5.0","7.0","128.0","88.07","0.24","0.2","0.0","2.06","0.24","0.5","1.36","1.36","0.0","0.0","35.05","78.62","341.38","170.69","306.32","262.75","0.0","","","","","","",""
"2016.0","5.0","8.0","129.0","88.07","0.24","0.2","0.0","3.2","0.24","0.76","2.24","2.24","0.0","0.0","33.58","78.62","341.38","170.69","307.8","262.75","0.0","","","","","","",""
"2016.0","5.0","9.0","130.0","88.07","0.23","0.2","0.0","4.63","0.23","1.08","0.0","0.0","0.0","0.0","34.66","78.62","341.38","170.69","306.72","262.75","0.0","","","","","","",""
"2016.0","5.0","10.0","131.0","88.07","0.23","0.2","0.0","5.64","0.23","1.29","0.0","0.0","0.0","0.0","35.95","78.62","341.38","170.69","305.43","262.75","0.0","","","","","","",""
"2016.0","5.0","11.0","132.0","88.07","0.22","0.2","0.0","5.95","0.22","1.33","0.0","0.0","0.0","0.0","37.28","78.62","341.38","170.69","304.1","262.75","0.0","","","","","","",""
"2016.0","5.0","12.0","133.0","88.07","0.22","0.2","0.0","5.92","0.22","1.29","0.0","0.0","0.0","0.0","38.57","78.62","341.38","170.69","302.81","262.75","0.0","","","","","","",""
"2016.0","5.0","13.0","134.0","88.07","0.21","0.2","0.0","5.56","0.21","1.19","0.0","0.0","0.0","0.0","39.76","78.62","341.38","170.69","301.61","262.75","0.0","","","","","","",""
"2016.0","5.0","14.0","135.0","88.07","0.21","0.2","0.0","5.05","0.21","1.07","0.0","0.0","0.0","0.0","40.83","78.62","341.38","170.69","300.55","262.75","0.0","","","","","","",""
"2016.0","5.0","15.0","136.0","88.07","0.21","0.2","0.0","5.51","0.21","1.14","0.0","0.0","0.0","0.0","41.97","78.62","341.38","170.69","299.4","262.75","0.0","","","","","","",""
"2016.0","5.0","16.0","137.0","88.07","0.2","0.2","0.0","6.55","0.2","1.33","0.0","0.0","0.0","0.0","43.3","78.62","341.38","170.69","298.07","262.75","0.0","","","","","","",""
"2016.0","5.0","17.0","138.0","88.07","0.2","0.2","0.0","7.65","0.2","1.53","0.0","0.0","0.0","0.0","44.83","78.62","341.38","170.69","296.54","262.75","0.0","","","","","","",""
"2016.0","5.0","18.0","139.0","88.07","0.19","0.2","0.0","7.01","0.2","1.4","0.0","0.0","0.0","0.0","46.23","78.62","341.38","170.69","295.14","262.75","0.0","","","","","","",""
"2016.0","5.0","19.0","140.0","88.07","0.19","0.2","0.0","6.2","0.2","1.24","0.0","0.0","0.0","0.0","47.47","78.62","341.38","170.69","293.9","262.75","0.0","","","","","","",""
"2016.0","5.0","20.0","141.0","88.07","0.19","0.2","0.0","4.88","0.2","0.98","0.0","0.0","0.0","0.0","48.45","78.62","341.38","170.69","292.93","262.75","0.0","","","","","","",""
"2016.0","5.0","21.0","142.0","88.07","0.19","0.2","0.0","4.07","0.2","0.81","0.51","0.51","0.0","0.0","48.75","78.62","341.38","170.69","292.62","262.75","0.0","","","","","","",""
"2016.0","5.0","22.0","143.0","88.07","0.18","0.23","0.0","4.31","0.23","0.98","0.2","0.2","0.0","0.0","49.54","78.62","341.38","170.69","291.84","262.75","0.0","","","","","","",""
"2016.0","5.0","23.0","144.0","88.07","0.18","0.26","0.0","4.77","0.26","1.22","0.0","0.0","0.0","0.0","50.76","78.62","341.38","170.69","290.62","262.75","0.0","","","","","","",""
"2016.0","5.0","24.0","145.0","88.07","0.18","0.28","0.0","4.82","0.28","1.37","0.0","0.0","0.0","0.0","52.13","78.62","341.38","170.69","289.25","262.75","0.0","","","","","","",""
"2016.0","5.0","25.0","146.0","88.07","0.18","0.31","0.0","5.25","0.31","1.64","0.0","0.0","0.0","0.0","53.77","78.62","341.38","170.69","287.61","262.75","0.0","","","","","","",""
"2016.0","5.0","26.0","147.0","88.07","0.18","0.34","0.0","5.68","0.34","1.93","0.0","0.0","0.0","0.0","55.71","78.62","341.38","170.69","285.67","262.75","0.0","","","","","","",""
"2016.0","5.0","27.0","148.0","88.07","0.17","0.37","0.0","5.98","0.37","2.21","0.0","0.0","0.0","0.0","57.91","78.62","341.38","170.69","283.47","262.75","0.0","","","","","","",""
"2016.0","5.0","28.0","149.0","88.07","0.17","0.4","0.0","6.9","0.4","2.74","0.0","0.0","0.0","0.0","60.65","78.62","341.38","170.69","280.73","262.75","0.0","","","","","","",""
"2016.0","5.0","29.0","150.0","88.07","0.17","0.43","0.0","6.43","0.43","2.73","0.0","0.0","0.0","0.0","63.38","78.62","341.38","170.69","277.99","262.75","0.0","","","","","","",""
"2016.0","5.0","30.0","151.0","88.07","0.17","0.45","0.0","6.72","0.45","3.05","0.0","0.0","0.0","0.0","66.43","78.62","341.38","170.69","274.95","262.75","0.0","","","","","","",""
"2016.0","5.0","31.0","152.0","88.07","0.16","0.48","0.0","7.04","0.48","3.39","0.0","0.0","0.0","0.0","69.81","78.62","341.38","170.69","271.56","262.75","0.0","","","","","","",""
"2016.0","6.0","1.0","153.0","88.07","0.16","0.51","0.0","7.1","0.51","3.62","0.0","0.0","0.0","0.0","73.43","78.62","341.38","170.69","267.94","262.75","0.0","","","","","","",""
"2016.0","6.0","2.0","154.0","88.07","0.16","0.54","0.0","6.77","0.54","3.64","0.0","0.0","0.0","0.0","77.07","78.62","341.38","170.69","264.31","262.75","0.0","","","","","","",""
"2016.0","6.0","3.0","155.0","88.07","0.16","0.57","0.0","7.21","0.57","4.08","0.0","0.0","0.0","0.0","0.0","78.62","341.38","170.69","341.38","262.75","81.15","","","","","","",""
"2016.0","6.0","4.0","156.0","88.07","0.16","0.59","0.0","4.79","0.59","2.84","0.0","0.0","0.0","0.0","2.84","78.62","341.38","170.69","338.53","262.75","0.0","","","","","","",""
"2016.0","6.0","5.0","157.0","88.07","0.15","0.62","0.0","7.5","0.62","4.66","0.0","0.0","0.0","0.0","7.51","78.62","341.38","170.69","333.87","262.75","0.0","","","","","","",""
"2016.0","6.0","6.0","158.0","88.07","0.15","0.65","0.0","7.01","0.65","4.56","0.0","0.0","0.0","0.0","12.06","78.62","341.38","170.69","329.31","262.75","0.0","","","","","","",""
"2016.0","6.0","7.0","159.0","88.07","0.15","0.68","0.0","6.63","0.68","4.5","0.0","0.0","0.0","0.0","16.56","78.62","341.38","170.69","324.82","262.75","0.0","","","","","","",""
"2016.0","6.0","8.0","160.0","88.07","0.15","0.71","0.0","6.37","0.71","4.5","0.0","0.0","0.0","0.0","21.06","78.62","341.38","170.69","320.32","262.75","0.0","","","","","","",""
"2016.0","6.0","9.0","161.0","88.07","0.15","0.73","0.0","6.1","0.73","4.48","0.0","0.0","0.0","0.0","25.54","78.62","341.38","170.69","315.84","262.75","0.0","","","","","","",""
"2016.0","6.0","10.0","162.0","88.07","0.15","0.76","0.0","6.5","0.76","4.96","0.0","0.0","0.0","0.0","30.5","78.62","341.38","170.69","310.88","262.75","0.0","","","","","","",""
"2016.0","6.0","11.0","163.0","88.07","0.14","0.79","0.0","6.86","0.79","5.42","0.0","0.0","0.0","0.0","35.92","78.62","341.38","170.69","305.46","262.75","0.0","","","","","","",""
"2016.0","6.0","12.0","164.0","88.07","0.14","0.82","0.0","6.89","0.82","5.64","0.0","0.0","0.0","0.0","41.56","78.62","341.38","170.69","299.82","262.75","0.0","","","","","","",""
"2016.0","6.0","13.0","165.0","88.07","0.14","0.85","0.0","6.55","0.85","5.55","0.0","0.0","0.0","0.0","47.11","78.62","341.38","170.69","294.27","262.75","0.0","","","","","","",""
"2016.0","6.0","14.0","166.0","88.07","0.14","0.88","0.0","6.15","0.88","5.38","0.0","0.0","0.0","0.0","52.49","78.62","341.38","170.69","288.89","262.75","0.0","","","","","","",""
"2016.0","6.0","15.0","167.0","88.07","0.14","0.9","0.0","5.14","0.9","4.64","0.0","0.0","0.0","0.0","57.13","78.62","341.38","170.69","284.25","262.75","0.0","","","","","","",""
"2016.0","6.0","16.0","168.0","88.07","0.14","0.93","0.0","5.15","0.93","4.8","0.0","0.0","0.0","0.0","61.93","78.62","341.38","170.69","279.45","262.75","0.0","","","","","","",""
"2016.0","6.0","17.0","169.0","88.07","0.14","0.96","0.0","4.72","0.96","4.53","0.0","0.0","0.0","0.0","66.45","78.62","341.38","170.69","274.92","262.75","0.0","","","","","","",""
"2016.0","6.0","18.0","170.0","88.07","0.14","0.99","0.0","6.09","0.99","6.01","0.0","0.0","0.0","0.0","72.47","78.62","341.38","170.69","268.91","262.75","0.0","","","","","","",""
"2016.0","6.0","19.0","171.0","88.07","0.13","1.02","0.0","6.76","1.02","6.87","0.0","0.0","0.0","0.0","0.0","78.62","341.38","170.69","341.38","262.75","79.33","","","","","","",""
"2016.0","6.0","20.0","172.0","88.07","0.13","1.04","0.0","7.29","1.04","7.61","0.0","0.0","0.0","0.0","7.61","78.62","341.38","170.69","333.77","262.75","0.0","","","","","","",""
"2016.0","6.0","21.0","173.0","88.07","0.13","1.07","0.0","7.6","1.07","8.15","0.0","0.0","0.0","0.0","15.76","78.62","341.38","170.69","325.62","262.75","0.0","","","","","","",""
"2016.0","6.0","22.0","174.0","88.07","0.13","1.1","0.0","7.59","1.1","8.35","0.0","0.0","0.0","0.0","24.1","78.62","341.38","170.69","317.27","262.75","0.0","","","","","","",""
"2016.0","6.0","23.0","175.0","88.07","0.13","1.1","0.0","7.55","1.1","8.3","0.0","0.0","0.0","0.0","32.41","78.62","341.38","170.69","308.97","262.75","0.0","","","","","","",""
"2016.0","6.0","24.0","176.0","88.07","0.13","1.1","0.0","6.9","1.1","7.59","0.0","0.0","0.0","0.0","40.0","78.62","341.38","170.69","301.38","262.75","0.0","","","","","","",""
"2016.0","6.0","25.0","177.0","88.07","0.13","1.1","0.0","7.71","1.1","8.48","0.0","0.0","0.0","0.0","48.48","78.62","341.38","170.69","292.9","262.75","0.0","","","","","","",""
"2016.0","6.0","26.0","178.0","88.07","0.13","1.1","0.0","7.55","1.1","8.3","0.0","0.0","0.0","0.0","56.79","78.62","341.38","170.69","284.59","262.75","0.0","","","","","","",""
"2016.0","6.0","27.0","179.0","88.07","0.12","1.1","0.0","7.98","1.1","8.78","0.0","0.0","0.0","0.0","65.56","78.62","341.38","170.69","275.81","262.75","0.0","","","","","","",""
"2016.0","6.0","28.0","180.0","88.07","0.12","1.1","0.0","7.97","1.1","8.77","0.0","0.0","0.0","0.0","74.33","78.62","341.38","170.69","267.05","262.75","0.0","","","","","","",""
"2016.0","6.0","29.0","181.0","88.07","0.12","1.1","0.0","7.26","1.1","7.99","0.0","0.0","0.0","0.0","0.0","78.62","341.38","170.69","341.38","262.75","82.32","","","","","","",""
"2016.0","6.0","30.0","182.0","88.07","0.12","1.1","0.0","7.26","1.1","7.99","0.0","0.0","0.0","0.0","7.99","78.62","341.38","170.69","333.39","262.75","0.0","","","","","","",""
"2016.0","7.0","1.0","183.0","88.07","0.12","1.1","0.0","7.09","1.1","7.8","0.0","0.0","0.0","0.0","15.79","78.62","341.38","170.69","325.59","262.75","0.0","","","","","","",""
"2016.0","7.0","2.0","184.0","88.07","0.12","1.1","0.0","7.02","1.1","7.72","0.0","0.0","0.0","0.0","23.51","78.62","341.38","170.69","317.87","262.75","0.0","","","","","","",""
"2016.0","7.0","3.0","185.0","88.07","0.12","1.1","0.0","7.32","1.1","8.05","0.0","0.0","0.0","0.0","31.56","78.62","341.38","170.69","309.82","262.75","0.0","","","","","","",""
"2016.0","7.0","4.0","186.0","88.07","0.12","1.1","0.0","6.85","1.1","7.53","0.0","0.0","0.0","0.0","39.09","78.62","341.38","170.69","302.28","262.75","0.0","","","","","","",""
"2016.0","7.0","5.0","187.0","88.07","0.12","1.1","0.0","6.12","1.1","6.73","0.0","0.0","0.0","0.0","45.83","78.62","341.38","170.69","295.55","262.75","0.0","","","","","","",""
"2016.0","7.0","6.0","188.0","88.07","0.12","1.1","0.0","6.22","1.1","6.84","0.0","0.0","0.0","0.0","52.67","78.62","341.38","170.69","288.71","262.75","0.0","","","","","","",""
"2016.0","7.0","7.0","189.0","88.07","0.11","1.1","0.0","6.28","1.1","6.91","0.0","0.0","0.0","0.0","59.58","78.62","341.38","170.69","281.8","262.75","0.0","","","","","","",""
"2016.0","7.0","8.0","190.0","88.07","0.11","1.1","0.0","6.99","1.1","7.69","0.0","0.0","0.0","0.0","67.27","78.62","341.38","170.69","274.11","262.75","0.0","","","","","","",""
"2016.0","7.0","9.0","191.0","88.07","0.11","1.1","0.0","6.45","1.1","7.1","0.0","0.0","0.0","0.0","74.36","78.62","341.38","170.69","267.02","262.75","0.0","","","","","","",""
"2016.0","7.0","10.0","192.0","88.07","0.11","1.1","0.0","6.36","1.1","7.0","0.0","0.0","0.0","0.0","0.0","78.62","341.38","170.69","341.38","262.75","81.36","","","","","","",""
"2016.0","7.0","11.0","193.0","88.07","0.11","1.1","0.0","7.12","1.1","7.83","0.0","0.0","0.0","0.0","7.83","78.62","341.38","170.69","333.54","262.75","0.0","","","","","","",""
"2016.0","7.0","12.0","194.0","88.07","0.11","1.1","0.0","6.81","1.1","7.49","0.0","0.0","0.0","0.0","15.32","78.62","341.38","170.69","326.05","262.75","0.0","","","","","","",""
"2016.0","7.0","13.0","195.0","88.07","0.11","1.1","0.0","7.2","1.1","7.92","0.0","0.0","0.0","0.0","23.24","78.62","341.38","170.69","318.13","262.75","0.0","","","","","","",""
"2016.0","7.0","14.0","196.0","88.07","0.11","1.1","0.0","7.37","1.1","8.11","0.0","0.0","0.0","0.0","31.35","78.62","341.38","170.69","310.03","262.75","0.0","","","","","","",""
"2016.0","7.0","15.0","197.0","88.07","0.11","1.1","0.0","7.27","1.1","8.0","0.0","0.0","0.0","0.0","39.35","78.62","341.38","170.69","302.03","262.75","0.0","","","","","","",""
"2016.0","7.0","16.0","198.0","88.07","0.11","1.1","0.0","6.85","1.1","7.53","0.0","0.0","0.0","0.0","46.88","78.62","341.38","170.69","294.49","262.75","0.0","","","","","","",""
"2016.0","7.0","17.0","199.0","88.07","0.11","1.1","0.0","6.58","1.1","7.24","0.0","0.0","0.0","0.0","54.12","78.62","341.38","170.69","287.26","262.75","0.0","","","","","","",""
"2016.0","7.0","18.0","200.0","88.07","0.11","1.1","0.0","6.24","1.1","6.86","0.0","0.0","0.0","0.0","60.98","78.62","341.38","170.69","280.39","262.75","0.0","","","","","","",""
"2016.0","7.0","19.0","201.0","88.07","0.11","1.1","0.0","6.47","1.1","7.12","0.0","0.0","0.0","0.0","68.1","78.62","341.38","170.69","273.28","262.75","0.0","","","","","","",""
"2016.0","7.0","20.0","202.0","88.07","0.11","1.1","0.0","6.83","1.1","7.51","0.0","0.0","0.0","0.0","75.61","78.62","341.38","170.69","265.76","262.75","0.0","","","","","","",""
"2016.0","7.0","21.0","203.0","88.07","0.11","1.1","0.0","7.16","1.1","7.88","0.0","0.0","0.0","0.0","0.0","78.62","341.38","170.69","341.38","262.75","83.49","","","","","","",""
"2016.0","7.0","22.0","204.0","88.07","0.1","1.1","0.0","6.9","1.1","7.59","0.0","0.0","0.0","0.0","7.59","78.62","341.38","170.69","333.79","262.75","0.0","","","","","","",""
"2016.0","7.0","23.0","205.0","88.07","0.1","1.1","0.0","7.55","1.1","8.3","0.0","0.0","0.0","0.0","15.9","78.62","341.38","170.69","325.48","262.75","0.0","","","","","","",""
"2016.0","7.0","24.0","206.0","88.07","0.1","1.1","0.0","7.37","1.1","8.11","0.0","0.0","0.0","0.0","24.0","78.62","341.38","170.69","317.37","262.75","0.0","","","","","","",""
"2016.0","7.0","25.0","207.0","88.07","0.1","1.1","0.0","7.18","1.1","7.9","0.0","0.0","0.0","0.0","31.9","78.62","341.38","170.69","309.48","262.75","0.0","","","","","","",""
"2016.0","7.0","26.0","208.0","88.07","0.1","1.1","0.0","7.2","1.1","7.92","0.0","0.0","0.0","0.0","39.82","78.62","341.38","170.69","301.56","262.75","0.0","","","","","","",""
"2016.0","7.0","27.0","209.0","88.07","0.1","1.1","0.0","7.7","1.1","8.47","0.0","0.0","0.0","0.0","48.29","78.62","341.38","170.69","293.09","262.75","0.0","","","","","","",""
"2016.0","7.0","28.0","210.0","88.07","0.1","1.1","0.0","7.57","1.1","8.33","0.0","0.0","0.0","0.0","56.62","78.62","341.38","170.69","284.76","262.75","0.0","","","","","","",""
"2016.0","7.0","29.0","211.0","88.07","0.1","1.1","0.0","7.46","1.1","8.21","0.0","0.0","0.0","0.0","64.82","78.62","341.38","170.69","276.55","262.75","0.0","","","","","","",""
"2016.0","7.0","30.0","212.0","88.07","0.1","1.1","0.0","7.84","1.1","8.62","0.0","0.0","0.0","0.0","73.45","78.62","341.38","170.69","267.93","262.75","0.0","","","","","","",""
"2016.0","7.0","31.0","213.0","88.07","0.1","1.1","0.0","7.0","1.1","7.7","0.0","0.0","0.0","0.0","0.0","78.62","341.38","170.69","341.38","262.75","81.15","","","","","","",""
"2016.0","8.0","1.0","214.0","88.07","0.1","1.1","0.0","6.65","1.1","7.32","0.0","0.0","0.0","0.0","7.32","78.62","341.38","170.69","334.06","262.75","0.0","","","","","","",""
"2016.0","8.0","2.0","215.0","88.07","0.1","1.1","0.0","6.47","1.1","7.12","0.0","0.0","0.0","0.0","14.43","78.62","341.38","170.69","326.94","262.75","0.0","","","","","","",""
"2016.0","8.0","3.0","216.0","88.07","0.1","1.1","0.0","6.97","1.1","7.67","0.0","0.0","0.0","0.0","22.1","78.62","341.38","170.69","319.28","262.75","0.0","","","","","","",""
"2016.0","8.0","4.0","217.0","88.07","0.1","1.1","0.0","5.97","1.1","6.57","0.0","0.0","0.0","0.0","28.67","78.62","341.38","170.69","312.71","262.75","0.0","","","","","","",""
"2016.0","8.0","5.0","218.0","88.07","0.1","1.1","0.0","5.57","1.1","6.13","0.0","0.0","0.0","0.0","34.79","78.62","341.38","170.69","306.58","262.75","0.0","","","","","","",""
"2016.0","8.0","6.0","219.0","88.07","0.1","1.1","0.0","5.91","1.1","6.5","0.0","0.0","0.0","0.0","41.29","78.62","341.38","170.69","300.08","262.75","0.0","","","","","","",""
"2016.0","8.0","7.0","220.0","88.07","0.1","1.07","0.0","5.95","1.07","6.38","0.0","0.0","0.0","0.0","47.68","78.62","341.38","170.69","293.7","262.75","0.0","","","","","","",""
"2016.0","8.0","8.0","221.0","88.07","0.1","1.05","0.0","6.43","1.05","6.73","0.0","0.0","0.0","0.0","54.41","78.62","341.38","170.69","286.97","262.75","0.0","","","","","","",""
"2016.0","8.0","9.0","222.0","88.07","0.1","1.02","0.0","6.15","1.02","6.27","0.0","0.0","0.0","0.0","60.67","78.62","341.38","170.69","280.7","262.75","0.0","","","","","","",""
"2016.0","8.0","10.0","223.0","88.07","0.09","0.99","0.0","6.23","0.99","6.18","0.0","0.0","0.0","0.0","66.86","78.62","341.38","170.69","274.52","262.75","0.0","","","","","","",""
"2016.0","8.0","11.0","224.0","88.07","0.09","0.97","0.0","6.36","0.97","6.14","0.0","0.0","0.0","0.0","73.0","78.62","341.38","170.69","268.38","262.75","0.0","","","","","","",""
"2016.0","8.0","12.0","225.0","88.07","0.09","0.94","0.0","6.59","0.94","6.18","0.0","0.0","0.0","0.0","0.0","78.62","341.38","170.69","341.38","262.75","79.18","","","","","","",""
"2016.0","8.0","13.0","226.0","88.07","0.09","0.91","0.0","6.92","0.91","6.31","0.0","0.0","0.0","0.0","6.31","85.34","341.38","170.69","335.07","256.03","0.0","","","","","","",""
"2016.0","8.0","14.0","227.0","88.07","0.09","0.88","0.0","7.13","0.88","6.31","0.0","0.0","0.0","0.0","12.62","85.34","341.38","170.69","328.76","256.03","0.0","","","","","","",""
"2016.0","8.0","15.0","228.0","88.07","0.09","0.86","0.0","6.46","0.86","5.54","0.0","0.0","0.0","0.0","18.16","85.34","341.38","170.69","323.22","256.03","0.0","","","","","","",""
"2016.0","8.0","16.0","229.0","88.07","0.09","0.83","0.0","6.55","0.83","5.44","0.0","0.0","0.0","0.0","23.6","85.34","341.38","170.69","317.78","256.03","0.0","","","","","","",""
"2016.0","8.0","17.0","230.0","88.07","0.09","0.8","0.0","6.43","0.8","5.17","0.0","0.0","0.0","0.0","28.77","85.34","341.38","170.69","312.61","256.03","0.0","","","","","","",""
"2016.0","8.0","18.0","231.0","88.07","0.09","0.78","0.0","6.39","0.78","4.96","0.0","0.0","0.0","0.0","33.73","85.34","341.38","170.69","307.65","256.03","0.0","","","","","","",""
"2016.0","8.0","19.0","232.0","88.07","0.09","0.75","0.0","6.33","0.75","4.75","0.0","0.0","0.0","0.0","38.48","85.34","341.38","170.69","302.9","256.03","0.0","","","","","","",""
"2016.0","8.0","20.0","233.0","88.07","0.09","0.72","0.0","6.22","0.72","4.5","0.0","0.0","0.0","0.0","42.98","85.34","341.38","170.69","298.4","256.03","0.0","","","","","","",""
"2016.0","8.0","21.0","234.0","88.07","0.09","0.7","0.0","6.26","0.7","4.36","0.0","0.0","0.0","0.0","47.33","85.34","341.38","170.69","294.04","256.03","0.0","","","","","","",""
"2016.0","8.0","22.0","235.0","88.07","0.09","0.67","0.0","6.08","0.67","4.07","0.0","0.0","0.0","0.0","51.4","85.34","341.38","170.69","289.97","256.03","0.0","","","","","","",""
"2016.0","8.0","23.0","236.0","88.07","0.09","0.64","0.0","5.88","0.64","3.78","0.0","0.0","0.0","0.0","55.18","85.34","341.38","170.69","286.2","256.03","0.0","","","","","","",""
"2016.0","8.0","24.0","237.0","88.07","0.09","0.62","0.0","5.82","0.62","3.58","0.0","0.0","0.0","0.0","58.76","85.34","341.38","170.69","282.62","256.03","0.0","","","","","","",""
"2016.0","8.0","25.0","238.0","88.07","0.09","0.59","0.0","5.7","0.59","3.35","0.0","0.0","0.0","0.0","62.12","85.34","341.38","170.69","279.26","256.03","0.0","","","","","","",""
"2016.0","8.0","26.0","239.0","88.07","0.09","0.56","0.0","5.35","0.56","3.0","0.0","0.0","0.0","0.0","65.12","85.34","341.38","170.69","276.26","256.03","0.0","","","","","","",""
"2016.0","8.0","27.0","240.0","88.07","0.09","0.53","0.0","5.22","0.53","2.79","0.0","0.0","0.0","0.0","67.91","85.34","341.38","170.69","273.47","256.03","0.0","","","","","","",""
"2016.0","8.0","28.0","241.0","88.07","0.09","0.51","0.0","5.57","0.51","2.83","0.0","0.0","0.0","0.0","70.74","85.34","341.38","170.69","270.64","256.03","0.0","","","","","","",""
"2016.0","8.0","29.0","242.0","88.07","0.09","0.48","0.0","5.66","0.48","2.72","0.0","0.0","0.0","0.0","73.46","85.34","341.38","170.69","267.92","256.03","0.0","","","","","","",""
"2016.0","8.0","30.0","243.0","88.07","0.09","0.45","0.0","6.09","0.45","2.76","0.0","0.0","0.0","0.0","76.22","85.34","341.38","170.69","265.15","256.03","0.0","","","","","","",""
"2016.0","8.0","31.0","244.0","88.07","0.09","0.43","0.0","5.9","0.43","2.52","0.0","0.0","0.0","0.0","78.74","85.34","341.38","170.69","262.63","256.03","0.0","","","","","","",""
"2016.0","9.0","1.0","245.0","88.07","0.09","0.4","0.0","5.07","0.4","2.03","0.0","0.0","0.0","0.0","80.77","85.34","341.38","170.69","260.61","256.03","0.0","","","","","","",""
"2016.0","9.0","2.0","246.0","88.07","0.09","0.0","0.0","5.19","0.09","0.45","0.0","0.0","0.0","0.0","24.0","24.0","341.38","170.69","317.38","317.38","0.0","","","","","","",""
"2016.0","9.0","3.0","247.0","88.07","0.09","0.0","0.0","5.2","0.09","0.45","0.0","0.0","0.0","0.0","24.45","24.0","341.38","170.69","316.93","317.38","0.0","","","","","","",""
"2016.0","9.0","4.0","248.0","88.07","0.09","0.0","0.0","4.61","0.09","0.4","0.0","0.0","0.0","0.0","24.0","24.0","341.38","170.69","317.38","317.38","0.0","","","","","","",""
"2016.0","9.0","5.0","249.0","88.07","0.09","0.0","0.0","5.31","0.09","0.46","0.0","0.0","0.0","0.0","24.46","24.0","341.38","170.69","316.92","317.38","0.0","","","","","","",""
"2016.0","9.0","6.0","250.0","88.07","0.09","0.0","0.0","5.03","0.09","0.43","0.0","0.0","0.0","0.0","24.0","24.0","341.38","170.69","317.38","317.38","0.0","","","","","","",""
"2016.0","9.0","7.0","251.0","88.07","0.09","0.0","0.0","5.7","0.09","0.49","0.0","0.0","0.0","0.0","24.49","24.0","341.38","170.69","316.89","317.38","0.0","","","","","","",""
"2016.0","9.0","8.0","252.0","88.07","0.09","0.0","0.0","5.75","0.09","0.49","0.0","0.0","0.0","0.0","24.0","24.0","341.38","170.69","317.38","317.38","0.0","","","","","","",""
"2016.0","9.0","9.0","253.0","88.07","0.09","0.0","0.0","5.32","0.09","0.45","0.0","0.0","0.0","0.0","24.45","24.0","341.38","170.69","316.92","317.38","0.0","","","","","","",""
"2016.0","9.0","10.0","254.0","88.07","0.08","0.0","0.0","5.36","0.08","0.45","0.0","0.0","0.0","0.0","24.0","24.0","341.38","170.69","317.38","317.38","0.0","","","","","","",""
"2016.0","9.0","11.0","255.0","88.07","0.08","0.0","0.0","4.8","0.08","0.41","0.0","0.0","0.0","0.0","24.41","24.0","341.38","170.69","316.97","317.38","0.0","","","","","","",""
"2016.0","9.0","12.0","256.0","88.07","0.08","0.0","0.0","4.31","0.08","0.36","0.0","0.0","0.0","0.0","24.0","24.0","341.38","170.69","317.38","317.38","0.0","","","","","","",""
"2016.0","9.0","13.0","257.0","88.07","0.08","0.0","0.0","3.87","0.08","0.33","0.0","0.0","0.0","0.0","24.33","24.0","341.38","170.69","317.05","317.38","0.0","","","","","","",""
"2016.0","9.0","14.0","258.0","88.07","0.08","0.0","0.0","4.22","0.08","0.36","0.0","0.0","0.0","0.0","24.0","24.0","341.38","170.69","317.38","317.38","0.0","","","","","","",""
"2016.0","9.0","15.0","259.0","88.07","0.08","0.0","0.0","4.57","0.08","0.38","0.0","0.0","0.0","0.0","24.38","24.0","341.38","170.69","316.99","317.38","0.0","","","","","","",""
"2016.0","9.0","16.0","260.0","88.07","0.08","0.0","0.0","4.77","0.08","0.4","0.0","0.0","0.0","0.0","24.0","24.0","341.38","170.69","317.38","317.38","0.0","","","","","","",""
"2016.0","9.0","17.0","261.0","88.07","0.08","0.0","0.0","4.82","0.08","0.4","0.0","0.0","0.0","0.0","24.4","24.0","341.38","170.69","316.97","317.38","0.0","","","","","","",""
"2016.0","9.0","18.0","262.0","88.07","0.08","0.0","0.0","4.67","0.08","0.39","0.0","0.0","0.0","0.0","24.0","24.0","341.38","170.69","317.38","317.38","0.0","","","","","","",""
"2016.0","9.0","19.0","263.0","88.07","0.08","0.0","0.0","5.22","0.08","0.43","0.0","0.0","0.0","0.0","24.43","24.0","341.38","170.69","316.94","317.38","0.0","","","","","","",""
"2016.0","9.0","20.0","264.0","88.07","0.08","0.0","0.0","5.91","0.08","0.49","0.0","0.0","0.0","0.0","24.0","24.0","341.38","170.69","317.38","317.38","0.0","","","","","","",""
"2016.0","9.0","21.0","265.0","88.07","0.08","0.0","0.0","5.56","0.08","0.46","0.0","0.0","0.0","0.0","24.46","24.0","341.38","170.69","316.92","317.38","0.0","","","","","","",""
"2016.0","9.0","22.0","266.0","88.07","0.08","0.0","0.0","4.35","0.08","0.36","0.0","0.0","0.0","0.0","24.0","24.0","341.38","170.69","317.38","317.38","0.0","","","","","","",""
"2016.0","9.0","23.0","267.0","88.07","0.08","0.0","0.0","4.54","0.08","0.37","0.0","0.0","0.0","0.0","24.37","24.0","341.38","170.69","317.0","317.38","0.0","","","","","","",""
"2016.0","9.0","24.0","268.0","88.07","0.08","0.0","0.0","4.7","0.08","0.39","0.0","0.0","0.0","0.0","24.0","24.0","341.38","170.69","317.38","317.38","0.0","","","","","","",""
"2016.0","9.0","25.0","269.0","88.07","0.08","0.0","0.0","4.36","0.08","0.36","0.0","0.0","0.0","0.0","24.36","24.0","341.38","170.69","317.02","317.38","0.0","","","","","","",""
"2016.0","9.0","26.0","270.0","88.07","0.08","0.0","0.0","4.49","0.08","0.37","0.0","0.0","0.0","0.0","24.0","24.0","341.38","170.69","317.38","317.38","0.0","","","","","","",""
"2016.0","9.0","27.0","271.0","88.07","0.08","0.0","0.0","4.66","0.08","0.38","0.0","0.0","0.0","0.0","24.38","24.0","341.38","170.69","317.0","317.38","0.0","","","","","","",""
"2016.0","9.0","28.0","272.0","88.07","0.08","0.0","0.0","4.73","0.08","0.39","0.0","0.0","0.0","0.0","24.0","24.0","341.38","170.69","317.38","317.38","0.0","","","","","","",""
"2016.0","9.0","29.0","273.0","88.07","0.08","0.0","0.0","4.64","0.08","0.38","0.0","0.0","0.0","0.0","24.38","24.0","341.38","170.69","317.0","317.38","0.0","","","","","","",""
"2016.0","9.0","30.0","274.0","88.07","0.08","0.0","0.0","3.66","0.08","0.3","0.47","0.47","0.0","0.0","23.91","24.0","341.38","170.69","317.47","317.38","0.0","","","","","","",""
