" Daily soil water balance output for Truck Crops in 186_Sacramento DAU_Co within 05_Sacramento River for WY 2016","","","","","","","","","","","","","","","","","","","","","","","Monthly output for Truck Crops in 186_Sacramento DAU_Co within 05_Sacramento River for WY 2016","","","","",""
"Year","Mon","Day","DOY"," Area","OKc","IKc","CCKc","ETo","Kc","ETc","Pcp","Er","Spg","Espg","SWD","SWDx","FC","PWP","SWC"," YT ","NA","","Year","Mon"," Area","ETo","ETc","ETc"
" #  "," # "," # ","  #","Acres","   ","   ","    "," mm","mm"," mm"," mm","mm"," mm"," mm "," mm"," mm ","mm"," mm"," mm"," mm"," mm","","#  "," # "," Acres"," mm"," mm","acre-ft"
"2015.0","10.0","1.0","274.0","646.28","0.08","0.79","0.0","3.68","0.79","2.91","0.46","0.46","0.0","0.0","76.76","81.08","324.31","162.15","247.55","243.23","0.0","","2015.0","10.0","646.28","108.61","11.42","24.2142965879"
"2015.0","10.0","2.0","275.0","646.28","0.08","0.0","0.0","4.58","0.08","0.38","0.02","0.02","0.0","0.0","22.8","22.8","324.31","162.15","301.51","301.51","0.0","","2015.0","11.0","646.28","47.16","47.36","100.41935958"
"2015.0","10.0","3.0","276.0","646.28","0.08","0.0","0.0","4.53","0.08","0.37","0.0","0.0","0.0","0.0","23.17","22.8","324.31","162.15","301.13","301.51","0.0","","2015.0","12.0","646.28","31.9","36.1","76.5443175853"
"2015.0","10.0","4.0","277.0","646.28","0.08","0.0","0.0","3.67","0.08","0.3","0.82","0.82","0.0","0.0","22.35","22.8","324.31","162.15","301.95","301.51","0.0","","2016.0","1.0","646.28","33.72","38.94","82.5660866142"
"2015.0","10.0","5.0","278.0","646.28","0.08","0.0","0.0","3.44","0.08","0.28","0.0","0.0","0.0","0.0","22.64","22.8","324.31","162.15","301.67","301.51","0.0","","2016.0","2.0","646.28","60.04","44.42","94.1855564304"
"2015.0","10.0","6.0","279.0","646.28","0.08","0.0","0.0","3.48","0.08","0.29","0.0","0.0","0.0","0.0","22.93","22.8","324.31","162.15","301.38","301.51","0.0","","2016.0","3.0","646.28","82.15","55.08","116.788393701"
"2015.0","10.0","7.0","280.0","646.28","0.08","0.0","0.0","3.38","0.08","0.28","0.0","0.0","0.0","0.0","22.8","22.8","324.31","162.15","301.51","301.51","0.0","","2016.0","4.0","646.28","130.95","75.35","159.767709974"
"2015.0","10.0","8.0","281.0","646.28","0.08","0.0","0.0","3.47","0.08","0.29","0.0","0.0","0.0","0.0","23.09","22.8","324.31","162.15","301.22","301.51","0.0","","2016.0","5.0","646.28","164.12","101.62","215.469073491"
"2015.0","10.0","9.0","282.0","646.28","0.08","0.0","0.0","4.25","0.08","0.35","0.0","0.0","0.0","0.0","22.8","22.8","324.31","162.15","301.51","301.51","0.0","","2016.0","6.0","646.28","207.59","164.98","349.813892388"
"2015.0","10.0","10.0","283.0","646.28","0.08","0.0","0.0","4.21","0.08","0.34","0.0","0.0","0.0","0.0","23.14","22.8","324.31","162.15","301.16","301.51","0.0","","2016.0","7.0","646.28","220.88","199.87","423.792597113"
"2015.0","10.0","11.0","284.0","646.28","0.08","0.0","0.0","3.76","0.08","0.31","0.0","0.0","0.0","0.0","22.8","22.8","324.31","162.15","301.51","301.51","0.0","","2016.0","8.0","646.28","195.62","183.91","389.951951444"
"2015.0","10.0","12.0","285.0","646.28","0.08","0.0","0.0","3.79","0.08","0.31","0.0","0.0","0.0","0.0","23.11","22.8","324.31","162.15","301.2","301.51","0.0","","2016.0","9.0","646.28","143.85","127.68","270.725165354"
"2015.0","10.0","13.0","286.0","646.28","0.08","0.0","0.0","4.16","0.08","0.34","0.0","0.0","0.0","0.0","22.8","22.8","324.31","162.15","301.51","301.51","0.0","","","","","","",""
"2015.0","10.0","14.0","287.0","646.28","0.08","0.0","0.0","4.3","0.08","0.35","0.0","0.0","0.0","0.0","23.15","22.8","324.31","162.15","301.16","301.51","0.0","","","","","","",""
"2015.0","10.0","15.0","288.0","646.28","0.08","0.0","0.0","3.77","0.08","0.31","0.0","0.0","0.0","0.0","22.8","22.8","324.31","162.15","301.51","301.51","0.0","","","","","","",""
"2015.0","10.0","16.0","289.0","646.28","0.08","0.0","0.0","3.92","0.08","0.32","0.0","0.0","0.0","0.0","23.12","22.8","324.31","162.15","301.19","301.51","0.0","","","","","","",""
"2015.0","10.0","17.0","290.0","646.28","0.08","0.0","0.0","3.0","0.08","0.24","1.57","1.57","0.0","0.0","21.55","22.8","324.31","162.15","302.76","301.51","0.0","","","","","","",""
"2015.0","10.0","18.0","291.0","646.28","0.08","0.0","0.0","2.58","0.08","0.21","0.14","0.14","0.0","0.0","21.62","22.8","324.31","162.15","302.69","301.51","0.0","","","","","","",""
"2015.0","10.0","19.0","292.0","646.28","0.08","0.0","0.0","2.66","0.08","0.21","0.0","0.0","0.0","0.0","21.83","22.8","324.31","162.15","302.48","301.51","0.0","","","","","","",""
"2015.0","10.0","20.0","293.0","646.28","0.08","0.0","0.0","4.49","0.08","0.36","0.0","0.0","0.0","0.0","22.19","22.8","324.31","162.15","302.11","301.51","0.0","","","","","","",""
"2015.0","10.0","21.0","294.0","646.28","0.08","0.0","0.0","3.54","0.08","0.28","0.0","0.0","0.0","0.0","22.48","22.8","324.31","162.15","301.83","301.51","0.0","","","","","","",""
"2015.0","10.0","22.0","295.0","646.28","0.08","0.0","0.0","3.11","0.08","0.25","0.0","0.0","0.0","0.0","22.73","22.8","324.31","162.15","301.58","301.51","0.0","","","","","","",""
"2015.0","10.0","23.0","296.0","646.28","0.08","0.0","0.0","2.63","0.08","0.21","0.0","0.0","0.0","0.0","22.94","22.8","324.31","162.15","301.37","301.51","0.0","","","","","","",""
"2015.0","10.0","24.0","297.0","646.28","0.08","0.0","0.0","2.53","0.08","0.2","0.0","0.0","0.0","0.0","22.8","22.8","324.31","162.15","301.51","301.51","0.0","","","","","","",""
"2015.0","10.0","25.0","298.0","646.28","0.08","0.0","0.0","3.35","0.08","0.27","0.0","0.0","0.0","0.0","23.07","22.8","324.31","162.15","301.24","301.51","0.0","","","","","","",""
"2015.0","10.0","26.0","299.0","646.28","0.08","0.0","0.0","2.51","0.08","0.2","0.0","0.0","0.0","0.0","22.8","22.8","324.31","162.15","301.51","301.51","0.0","","","","","","",""
"2015.0","10.0","27.0","300.0","646.28","0.08","0.0","0.0","2.16","0.08","0.17","0.0","0.0","0.0","0.0","22.97","22.8","324.31","162.15","301.33","301.51","0.0","","","","","","",""
"2015.0","10.0","28.0","301.0","646.28","0.08","0.0","0.0","2.21","0.08","0.18","0.0","0.0","0.0","0.0","22.8","22.8","324.31","162.15","301.51","301.51","0.0","","","","","","",""
"2015.0","10.0","29.0","302.0","646.28","0.08","0.0","0.0","4.42","0.08","0.35","0.0","0.0","0.0","0.0","23.15","22.8","324.31","162.15","301.15","301.51","0.0","","","","","","",""
"2015.0","10.0","30.0","303.0","646.28","0.08","0.0","0.0","3.73","0.08","0.3","0.0","0.0","0.0","0.0","22.8","22.8","324.31","162.15","301.51","301.51","0.0","","","","","","",""
"2015.0","10.0","31.0","304.0","646.28","0.08","0.0","0.0","3.3","0.08","0.26","0.0","0.0","0.0","0.0","23.06","22.8","324.31","162.15","301.24","301.51","0.0","","","","","","",""
"2015.0","11.0","1.0","305.0","646.28","0.08","0.0","0.0","2.01","0.08","0.16","0.22","0.22","0.0","0.0","22.8","22.8","324.31","162.15","301.51","301.51","0.0","","","","","","",""
"2015.0","11.0","2.0","306.0","646.28","1.17","0.0","0.0","1.2","1.17","1.41","8.46","8.46","0.0","0.0","15.75","22.8","324.31","162.15","308.56","301.51","0.0","","","","","","",""
"2015.0","11.0","3.0","307.0","646.28","1.13","0.0","0.0","2.15","1.13","2.44","9.09","9.09","0.0","0.0","9.09","22.8","324.31","162.15","315.21","301.51","0.0","","","","","","",""
"2015.0","11.0","4.0","308.0","646.28","1.12","0.0","0.0","3.09","1.12","3.45","0.0","0.0","0.0","0.0","12.54","22.8","324.31","162.15","311.77","301.51","0.0","","","","","","",""
"2015.0","11.0","5.0","309.0","646.28","1.05","0.0","0.0","1.7","1.05","1.78","0.0","0.0","0.0","0.0","14.32","22.8","324.31","162.15","309.99","301.51","0.0","","","","","","",""
"2015.0","11.0","6.0","310.0","646.28","0.93","0.0","0.0","1.86","0.93","1.73","0.0","0.0","0.0","0.0","16.06","22.8","324.31","162.15","308.25","301.51","0.0","","","","","","",""
"2015.0","11.0","7.0","311.0","646.28","0.86","0.0","0.0","1.65","0.86","1.41","0.0","0.0","0.0","0.0","17.47","22.8","324.31","162.15","306.84","301.51","0.0","","","","","","",""
"2015.0","11.0","8.0","312.0","646.28","0.81","0.0","0.0","1.19","0.81","0.97","0.01","0.01","0.0","0.0","18.43","22.8","324.31","162.15","305.88","301.51","0.0","","","","","","",""
"2015.0","11.0","9.0","313.0","646.28","1.18","0.0","0.0","1.0","1.18","1.18","4.36","4.36","0.0","0.0","15.25","22.8","324.31","162.15","309.06","301.51","0.0","","","","","","",""
"2015.0","11.0","10.0","314.0","646.28","1.17","0.0","0.0","1.27","1.17","1.48","8.55","8.55","0.0","0.0","8.19","22.8","324.31","162.15","316.12","301.51","0.0","","","","","","",""
"2015.0","11.0","11.0","315.0","646.28","1.17","0.0","0.0","1.21","1.17","1.42","0.0","0.0","0.0","0.0","9.6","22.8","324.31","162.15","314.71","301.51","0.0","","","","","","",""
"2015.0","11.0","12.0","316.0","646.28","1.17","0.0","0.0","1.38","1.17","1.61","0.0","0.0","0.0","0.0","11.21","22.8","324.31","162.15","313.09","301.51","0.0","","","","","","",""
"2015.0","11.0","13.0","317.0","646.28","1.17","0.0","0.0","1.33","1.17","1.55","0.0","0.0","0.0","0.0","12.77","22.8","324.31","162.15","311.54","301.51","0.0","","","","","","",""
"2015.0","11.0","14.0","318.0","646.28","1.1","0.0","0.0","1.34","1.1","1.47","0.0","0.0","0.0","0.0","14.24","22.8","324.31","162.15","310.07","301.51","0.0","","","","","","",""
"2015.0","11.0","15.0","319.0","646.28","0.97","0.0","0.0","1.79","0.97","1.74","0.82","0.82","0.0","0.0","15.16","22.8","324.31","162.15","309.15","301.51","0.0","","","","","","",""
"2015.0","11.0","16.0","320.0","646.28","1.11","0.0","0.0","2.67","1.11","2.97","3.4","3.4","0.0","0.0","14.73","22.8","324.31","162.15","309.57","301.51","0.0","","","","","","",""
"2015.0","11.0","17.0","321.0","646.28","1.14","0.0","0.0","1.44","1.14","1.64","0.0","0.0","0.0","0.0","16.37","22.8","324.31","162.15","307.93","301.51","0.0","","","","","","",""
"2015.0","11.0","18.0","322.0","646.28","1.15","0.0","0.0","1.31","1.15","1.5","0.0","0.0","0.0","0.0","17.88","22.8","324.31","162.15","306.43","301.51","0.0","","","","","","",""
"2015.0","11.0","19.0","323.0","646.28","1.07","0.0","0.0","1.33","1.07","1.43","0.0","0.0","0.0","0.0","19.31","22.8","324.31","162.15","305.0","301.51","0.0","","","","","","",""
"2015.0","11.0","20.0","324.0","646.28","0.97","0.0","0.0","1.61","0.97","1.55","0.0","0.0","0.0","0.0","20.86","22.8","324.31","162.15","303.45","301.51","0.0","","","","","","",""
"2015.0","11.0","21.0","325.0","646.28","0.89","0.0","0.0","1.46","0.89","1.3","0.0","0.0","0.0","0.0","22.16","22.8","324.31","162.15","302.15","301.51","0.0","","","","","","",""
"2015.0","11.0","22.0","326.0","646.28","0.84","0.0","0.0","1.29","0.84","1.08","0.0","0.0","0.0","0.0","23.24","22.8","324.31","162.15","301.06","301.51","0.0","","","","","","",""
"2015.0","11.0","23.0","327.0","646.28","0.79","0.0","0.0","1.46","0.79","1.15","0.0","0.0","0.0","0.0","22.8","22.8","324.31","162.15","301.51","301.51","0.0","","","","","","",""
"2015.0","11.0","24.0","328.0","646.28","0.75","0.0","0.0","1.37","0.75","1.03","0.0","0.0","0.0","0.0","23.83","22.8","324.31","162.15","300.48","301.51","0.0","","","","","","",""
"2015.0","11.0","25.0","329.0","646.28","1.18","0.0","0.0","1.03","1.18","1.21","2.06","2.06","0.0","0.0","21.77","22.8","324.31","162.15","302.54","301.51","0.0","","","","","","",""
"2015.0","11.0","26.0","330.0","646.28","1.17","0.0","0.0","1.67","1.17","1.95","0.0","0.0","0.0","0.0","23.71","22.8","324.31","162.15","300.59","301.51","0.0","","","","","","",""
"2015.0","11.0","27.0","331.0","646.28","1.15","0.0","0.0","2.35","1.15","2.71","0.0","0.0","0.0","0.0","22.8","22.8","324.31","162.15","301.51","301.51","0.0","","","","","","",""
"2015.0","11.0","28.0","332.0","646.28","1.08","0.0","0.0","1.64","1.08","1.77","0.0","0.0","0.0","0.0","24.57","22.8","324.31","162.15","299.74","301.51","0.0","","","","","","",""
"2015.0","11.0","29.0","333.0","646.28","0.99","0.0","0.0","1.35","0.99","1.33","0.0","0.0","0.0","0.0","22.8","22.8","324.31","162.15","301.51","301.51","0.0","","","","","","",""
"2015.0","11.0","30.0","334.0","646.28","0.93","0.0","0.0","1.01","0.93","0.94","0.0","0.0","0.0","0.0","23.74","22.8","324.31","162.15","300.57","301.51","0.0","","","","","","",""
"2015.0","12.0","1.0","335.0","646.28","0.88","0.0","0.0","1.2","0.88","1.05","0.0","0.0","0.0","0.0","22.8","22.8","324.31","162.15","301.51","301.51","0.0","","","","","","",""
"2015.0","12.0","2.0","336.0","646.28","0.83","0.0","0.0","1.11","0.83","0.92","0.0","0.0","0.0","0.0","23.72","22.8","324.31","162.15","300.58","301.51","0.0","","","","","","",""
"2015.0","12.0","3.0","337.0","646.28","0.79","0.0","0.0","1.16","0.79","0.92","0.0","0.0","0.0","0.0","22.8","22.8","324.31","162.15","301.51","301.51","0.0","","","","","","",""
"2015.0","12.0","4.0","338.0","646.28","1.18","0.0","0.0","1.01","1.18","1.19","7.73","7.73","0.0","0.0","16.26","22.8","324.31","162.15","308.05","301.51","0.0","","","","","","",""
"2015.0","12.0","5.0","339.0","646.28","1.18","0.0","0.0","0.76","1.18","0.9","0.0","0.0","0.0","0.0","17.16","22.8","324.31","162.15","307.15","301.51","0.0","","","","","","",""
"2015.0","12.0","6.0","340.0","646.28","1.18","0.0","0.0","1.23","1.18","1.45","0.0","0.0","0.0","0.0","18.61","22.8","324.31","162.15","305.69","301.51","0.0","","","","","","",""
"2015.0","12.0","7.0","341.0","646.28","1.18","0.0","0.0","0.92","1.18","1.09","0.0","0.0","0.0","0.0","19.7","22.8","324.31","162.15","304.61","301.51","0.0","","","","","","",""
"2015.0","12.0","8.0","342.0","646.28","1.18","0.0","0.0","0.57","1.18","0.67","0.0","0.0","0.0","0.0","20.37","22.8","324.31","162.15","303.93","301.51","0.0","","","","","","",""
"2015.0","12.0","9.0","343.0","646.28","1.18","0.0","0.0","0.96","1.18","1.14","0.0","0.0","0.0","0.0","21.51","22.8","324.31","162.15","302.8","301.51","0.0","","","","","","",""
"2015.0","12.0","10.0","344.0","646.28","1.09","0.0","0.0","1.31","1.09","1.42","0.83","0.83","0.0","0.0","22.1","22.8","324.31","162.15","302.2","301.51","0.0","","","","","","",""
"2015.0","12.0","11.0","345.0","646.28","1.18","0.0","0.0","1.08","1.18","1.27","7.25","7.25","0.0","0.0","16.13","22.8","324.31","162.15","308.18","301.51","0.0","","","","","","",""
"2015.0","12.0","12.0","346.0","646.28","1.18","0.0","0.0","0.85","1.18","1.0","0.47","0.47","0.0","0.0","16.66","22.8","324.31","162.15","307.65","301.51","0.0","","","","","","",""
"2015.0","12.0","13.0","347.0","646.28","1.18","0.0","0.0","1.28","1.18","1.51","0.0","0.0","0.0","0.0","18.17","22.8","324.31","162.15","306.14","301.51","0.0","","","","","","",""
"2015.0","12.0","14.0","348.0","646.28","1.16","0.0","0.0","1.59","1.16","1.84","10.35","10.35","0.0","0.0","9.66","22.8","324.31","162.15","314.65","301.51","0.0","","","","","","",""
"2015.0","12.0","15.0","349.0","646.28","1.15","0.0","0.0","1.95","1.15","2.24","0.0","0.0","0.0","0.0","11.9","22.8","324.31","162.15","312.41","301.51","0.0","","","","","","",""
"2015.0","12.0","16.0","350.0","646.28","1.16","0.0","0.0","0.89","1.16","1.03","0.0","0.0","0.0","0.0","12.93","22.8","324.31","162.15","311.38","301.51","0.0","","","","","","",""
"2015.0","12.0","17.0","351.0","646.28","1.17","0.0","0.0","0.97","1.17","1.13","0.0","0.0","0.0","0.0","14.06","22.8","324.31","162.15","310.25","301.51","0.0","","","","","","",""
"2015.0","12.0","18.0","352.0","646.28","1.1","0.0","0.0","1.17","1.1","1.28","0.0","0.0","0.0","0.0","15.34","22.8","324.31","162.15","308.96","301.51","0.0","","","","","","",""
"2015.0","12.0","19.0","353.0","646.28","1.19","0.0","0.0","0.73","1.19","0.87","7.45","7.45","0.0","0.0","8.76","22.8","324.31","162.15","315.55","301.51","0.0","","","","","","",""
"2015.0","12.0","20.0","354.0","646.28","1.2","0.0","0.0","0.59","1.2","0.71","1.05","1.05","0.0","0.0","8.42","22.8","324.31","162.15","315.89","301.51","0.0","","","","","","",""
"2015.0","12.0","21.0","355.0","646.28","1.2","0.0","0.0","0.61","1.2","0.73","4.49","4.49","0.0","0.0","4.66","22.8","324.31","162.15","319.65","301.51","0.0","","","","","","",""
"2015.0","12.0","22.0","356.0","646.28","1.17","0.0","0.0","1.15","1.17","1.35","8.62","6.01","0.0","0.0","0.0","22.8","324.31","162.15","324.31","301.51","0.0","","","","","","",""
"2015.0","12.0","23.0","357.0","646.28","1.17","0.0","0.0","1.39","1.17","1.63","0.0","0.0","0.0","0.0","1.63","22.8","324.31","162.15","322.68","301.51","0.0","","","","","","",""
"2015.0","12.0","24.0","358.0","646.28","1.17","0.0","0.0","1.0","1.17","1.17","0.18","0.18","0.0","0.0","2.62","22.8","324.31","162.15","321.69","301.51","0.0","","","","","","",""
"2015.0","12.0","25.0","359.0","646.28","1.19","0.0","0.0","0.87","1.19","1.03","4.18","3.65","0.0","0.0","0.0","22.8","324.31","162.15","324.31","301.51","0.0","","","","","","",""
"2015.0","12.0","26.0","360.0","646.28","1.17","0.0","0.0","1.5","1.17","1.76","0.0","0.0","0.0","0.0","1.76","22.8","324.31","162.15","322.55","301.51","0.0","","","","","","",""
"2015.0","12.0","27.0","361.0","646.28","1.18","0.0","0.0","0.58","1.18","0.68","0.0","0.0","0.0","0.0","2.44","22.8","324.31","162.15","321.86","301.51","0.0","","","","","","",""
"2015.0","12.0","28.0","362.0","646.28","1.19","0.0","0.0","0.72","1.19","0.86","1.02","1.02","0.0","0.0","2.28","22.8","324.31","162.15","322.03","301.51","0.0","","","","","","",""
"2015.0","12.0","29.0","363.0","646.28","1.19","0.0","0.0","0.93","1.19","1.1","0.24","0.24","0.0","0.0","3.15","22.8","324.31","162.15","321.16","301.51","0.0","","","","","","",""
"2015.0","12.0","30.0","364.0","646.28","1.19","0.0","0.0","0.78","1.19","0.93","0.0","0.0","0.0","0.0","4.07","22.8","324.31","162.15","320.24","301.51","0.0","","","","","","",""
"2015.0","12.0","31.0","365.0","646.28","1.19","0.0","0.0","1.04","1.19","1.23","0.0","0.0","0.0","0.0","5.3","22.8","324.31","162.15","319.0","301.51","0.0","","","","","","",""
"2016.0","1.0","1.0","1.0","646.28","1.18","0.0","0.0","1.37","1.18","1.62","0.0","0.0","0.0","0.0","6.92","22.8","324.31","162.15","317.38","301.51","0.0","","","","","","",""
"2016.0","1.0","2.0","2.0","646.28","1.15","0.0","0.0","1.17","1.15","1.35","0.0","0.0","0.0","0.0","8.27","22.8","324.31","162.15","316.04","301.51","0.0","","","","","","",""
"2016.0","1.0","3.0","3.0","646.28","1.05","0.0","0.0","1.19","1.05","1.25","0.0","0.0","0.0","0.0","9.52","22.8","324.31","162.15","314.78","301.51","0.0","","","","","","",""
"2016.0","1.0","4.0","4.0","646.28","0.99","0.0","0.0","0.92","0.99","0.91","0.65","0.65","0.0","0.0","9.78","22.8","324.31","162.15","314.52","301.51","0.0","","","","","","",""
"2016.0","1.0","5.0","5.0","646.28","1.18","0.0","0.0","0.88","1.18","1.04","15.0","10.83","0.0","0.0","0.0","22.8","324.31","162.15","324.31","301.51","0.0","","","","","","",""
"2016.0","1.0","6.0","6.0","646.28","1.19","0.0","0.0","0.83","1.19","0.99","15.19","0.99","0.0","0.0","0.0","22.8","324.31","162.15","324.31","301.51","0.0","","","","","","",""
"2016.0","1.0","7.0","7.0","646.28","1.2","0.0","0.0","0.6","1.2","0.72","9.25","0.72","0.0","0.0","0.0","22.8","324.31","162.15","324.31","301.51","0.0","","","","","","",""
"2016.0","1.0","8.0","8.0","646.28","1.19","0.0","0.0","0.66","1.19","0.79","0.0","0.0","0.0","0.0","0.79","22.8","324.31","162.15","323.52","301.51","0.0","","","","","","",""
"2016.0","1.0","9.0","9.0","646.28","1.19","0.0","0.0","0.86","1.19","1.02","1.62","1.62","0.0","0.0","0.19","22.8","324.31","162.15","324.12","301.51","0.0","","","","","","",""
"2016.0","1.0","10.0","10.0","646.28","1.18","0.0","0.0","0.9","1.18","1.07","1.23","1.23","0.0","0.0","0.02","22.8","324.31","162.15","324.28","301.51","0.0","","","","","","",""
"2016.0","1.0","11.0","11.0","646.28","1.18","0.0","0.0","0.99","1.18","1.17","0.03","0.03","0.0","0.0","1.16","22.8","324.31","162.15","323.14","301.51","0.0","","","","","","",""
"2016.0","1.0","12.0","12.0","646.28","1.18","0.0","0.0","0.97","1.18","1.15","0.19","0.19","0.0","0.0","2.12","22.8","324.31","162.15","322.19","301.51","0.0","","","","","","",""
"2016.0","1.0","13.0","13.0","646.28","1.17","0.0","0.0","1.37","1.17","1.6","2.03","2.03","0.0","0.0","1.69","22.8","324.31","162.15","322.62","301.51","0.0","","","","","","",""
"2016.0","1.0","14.0","14.0","646.28","1.19","0.0","0.0","0.69","1.19","0.82","2.53","2.51","0.0","0.0","0.0","22.8","324.31","162.15","324.31","301.51","0.0","","","","","","",""
"2016.0","1.0","15.0","15.0","646.28","1.19","0.0","0.0","0.86","1.19","1.02","2.97","1.02","0.0","0.0","0.0","22.8","324.31","162.15","324.31","301.51","0.0","","","","","","",""
"2016.0","1.0","16.0","16.0","646.28","1.19","0.0","0.0","0.85","1.19","1.01","6.19","1.01","0.0","0.0","0.0","22.8","324.31","162.15","324.31","301.51","0.0","","","","","","",""
"2016.0","1.0","17.0","17.0","646.28","1.19","0.0","0.0","0.82","1.19","0.97","3.09","0.97","0.0","0.0","0.0","22.8","324.31","162.15","324.31","301.51","0.0","","","","","","",""
"2016.0","1.0","18.0","18.0","646.28","1.17","0.0","0.0","1.19","1.17","1.4","34.75","1.4","0.0","0.0","0.0","22.8","324.31","162.15","324.31","301.51","0.0","","","","","","",""
"2016.0","1.0","19.0","19.0","646.28","1.17","0.0","0.0","1.28","1.17","1.5","4.28","1.5","0.0","0.0","0.0","22.8","324.31","162.15","324.31","301.51","0.0","","","","","","",""
"2016.0","1.0","20.0","20.0","646.28","1.18","0.0","0.0","1.05","1.18","1.24","18.92","1.24","0.0","0.0","0.0","22.8","324.31","162.15","324.31","301.51","0.0","","","","","","",""
"2016.0","1.0","21.0","21.0","646.28","1.18","0.0","0.0","1.13","1.18","1.33","0.11","0.11","0.0","0.0","1.22","22.8","324.31","162.15","323.09","301.51","0.0","","","","","","",""
"2016.0","1.0","22.0","22.0","646.28","1.18","0.0","0.0","1.15","1.18","1.35","0.4","0.4","0.0","0.0","2.17","22.8","324.31","162.15","322.14","301.51","0.0","","","","","","",""
"2016.0","1.0","23.0","23.0","646.28","1.16","0.0","0.0","1.41","1.16","1.64","11.43","3.81","0.0","0.0","0.0","22.8","324.31","162.15","324.31","301.51","0.0","","","","","","",""
"2016.0","1.0","24.0","24.0","646.28","1.17","0.0","0.0","1.13","1.17","1.32","1.06","1.06","0.0","0.0","0.26","22.8","324.31","162.15","324.05","301.51","0.0","","","","","","",""
"2016.0","1.0","25.0","25.0","646.28","1.17","0.0","0.0","1.16","1.17","1.36","0.06","0.06","0.0","0.0","1.56","22.8","324.31","162.15","322.75","301.51","0.0","","","","","","",""
"2016.0","1.0","26.0","26.0","646.28","1.17","0.0","0.0","1.04","1.17","1.22","0.0","0.0","0.0","0.0","2.78","22.8","324.31","162.15","321.53","301.51","0.0","","","","","","",""
"2016.0","1.0","27.0","27.0","646.28","1.14","0.0","0.0","1.35","1.14","1.54","0.0","0.0","0.0","0.0","4.32","22.8","324.31","162.15","319.99","301.51","0.0","","","","","","",""
"2016.0","1.0","28.0","28.0","646.28","1.06","0.0","0.0","0.92","1.06","0.98","0.0","0.0","0.0","0.0","5.3","22.8","324.31","162.15","319.01","301.51","0.0","","","","","","",""
"2016.0","1.0","29.0","29.0","646.28","0.99","0.0","0.0","1.04","0.99","1.03","0.47","0.47","0.0","0.0","5.86","22.8","324.31","162.15","318.45","301.51","0.0","","","","","","",""
"2016.0","1.0","30.0","30.0","646.28","1.16","0.0","0.0","1.56","1.16","1.81","7.03","7.03","0.0","0.0","0.64","22.8","324.31","162.15","323.67","301.51","0.0","","","","","","",""
"2016.0","1.0","31.0","31.0","646.28","1.14","0.0","0.0","2.38","1.14","2.72","0.58","0.58","0.0","0.0","2.77","22.8","324.31","162.15","321.54","301.51","0.0","","","","","","",""
"2016.0","2.0","1.0","32.0","646.28","1.08","0.0","0.0","2.65","1.08","2.86","0.0","0.0","0.0","0.0","5.63","22.8","324.31","162.15","318.68","301.51","0.0","","","","","","",""
"2016.0","2.0","2.0","33.0","646.28","1.0","0.0","0.0","1.1","1.0","1.1","0.02","0.02","0.0","0.0","6.71","22.8","324.31","162.15","317.6","301.51","0.0","","","","","","",""
"2016.0","2.0","3.0","34.0","646.28","0.94","0.0","0.0","1.07","0.94","1.01","0.4","0.4","0.0","0.0","7.32","22.8","324.31","162.15","316.99","301.51","0.0","","","","","","",""
"2016.0","2.0","4.0","35.0","646.28","0.87","0.0","0.0","1.51","0.87","1.31","0.0","0.0","0.0","0.0","8.63","22.8","324.31","162.15","315.68","301.51","0.0","","","","","","",""
"2016.0","2.0","5.0","36.0","646.28","0.82","0.0","0.0","1.39","0.82","1.14","0.0","0.0","0.0","0.0","9.77","22.8","324.31","162.15","314.54","301.51","0.0","","","","","","",""
"2016.0","2.0","6.0","37.0","646.28","0.77","0.0","0.0","1.63","0.77","1.25","0.0","0.0","0.0","0.0","11.02","22.8","324.31","162.15","313.29","301.51","0.0","","","","","","",""
"2016.0","2.0","7.0","38.0","646.28","0.72","0.0","0.0","1.9","0.72","1.36","0.0","0.0","0.0","0.0","12.38","22.8","324.31","162.15","311.93","301.51","0.0","","","","","","",""
"2016.0","2.0","8.0","39.0","646.28","0.67","0.0","0.0","2.02","0.67","1.36","0.0","0.0","0.0","0.0","13.74","22.8","324.31","162.15","310.57","301.51","0.0","","","","","","",""
"2016.0","2.0","9.0","40.0","646.28","0.64","0.0","0.0","1.96","0.64","1.25","0.0","0.0","0.0","0.0","14.98","22.8","324.31","162.15","309.32","301.51","0.0","","","","","","",""
"2016.0","2.0","10.0","41.0","646.28","0.61","0.0","0.0","1.92","0.61","1.17","0.0","0.0","0.0","0.0","16.15","22.8","324.31","162.15","308.16","301.51","0.0","","","","","","",""
"2016.0","2.0","11.0","42.0","646.28","0.58","0.0","0.0","1.76","0.58","1.03","0.0","0.0","0.0","0.0","17.18","22.8","324.31","162.15","307.13","301.51","0.0","","","","","","",""
"2016.0","2.0","12.0","43.0","646.28","0.56","0.0","0.0","1.85","0.56","1.04","0.0","0.0","0.0","0.0","18.21","22.8","324.31","162.15","306.09","301.51","0.0","","","","","","",""
"2016.0","2.0","13.0","44.0","646.28","0.54","0.0","0.0","2.34","0.54","1.25","0.0","0.0","0.0","0.0","19.47","22.8","324.31","162.15","304.84","301.51","0.0","","","","","","",""
"2016.0","2.0","14.0","45.0","646.28","0.51","0.0","0.0","3.12","0.51","1.58","0.0","0.0","0.0","0.0","21.05","22.8","324.31","162.15","303.26","301.51","0.0","","","","","","",""
"2016.0","2.0","15.0","46.0","646.28","0.49","0.0","0.0","2.53","0.49","1.23","0.0","0.0","0.0","0.0","22.28","22.8","324.31","162.15","302.03","301.51","0.0","","","","","","",""
"2016.0","2.0","16.0","47.0","646.28","0.47","0.0","0.0","2.12","0.47","1.0","0.0","0.0","0.0","0.0","23.28","22.8","324.31","162.15","301.03","301.51","0.0","","","","","","",""
"2016.0","2.0","17.0","48.0","646.28","0.45","0.0","0.0","2.71","0.45","1.23","0.42","0.42","0.0","0.0","22.8","22.8","324.31","162.15","301.51","301.51","0.0","","","","","","",""
"2016.0","2.0","18.0","49.0","646.28","1.14","0.0","0.0","1.92","1.14","2.19","12.78","12.78","0.0","0.0","12.21","22.8","324.31","162.15","312.09","301.51","0.0","","","","","","",""
"2016.0","2.0","19.0","50.0","646.28","1.15","0.0","0.0","1.64","1.15","1.89","4.26","4.26","0.0","0.0","9.85","22.8","324.31","162.15","314.46","301.51","0.0","","","","","","",""
"2016.0","2.0","20.0","51.0","646.28","1.15","0.0","0.0","1.8","1.15","2.07","0.01","0.01","0.0","0.0","11.91","22.8","324.31","162.15","312.4","301.51","0.0","","","","","","",""
"2016.0","2.0","21.0","52.0","646.28","1.15","0.0","0.0","1.99","1.15","2.28","0.0","0.0","0.0","0.0","14.19","22.8","324.31","162.15","310.11","301.51","0.0","","","","","","",""
"2016.0","2.0","22.0","53.0","646.28","0.97","0.0","0.0","2.71","0.97","2.64","0.0","0.0","0.0","0.0","16.83","22.8","324.31","162.15","307.48","301.51","0.0","","","","","","",""
"2016.0","2.0","23.0","54.0","646.28","0.85","0.0","0.0","2.42","0.85","2.06","0.0","0.0","0.0","0.0","18.89","22.8","324.31","162.15","305.41","301.51","0.0","","","","","","",""
"2016.0","2.0","24.0","55.0","646.28","0.77","0.0","0.0","2.23","0.77","1.73","0.0","0.0","0.0","0.0","20.62","22.8","324.31","162.15","303.69","301.51","0.0","","","","","","",""
"2016.0","2.0","25.0","56.0","646.28","0.71","0.0","0.0","2.36","0.71","1.68","0.0","0.0","0.0","0.0","22.3","22.8","324.31","162.15","302.01","301.51","0.0","","","","","","",""
"2016.0","2.0","26.0","57.0","646.28","0.66","0.0","0.0","2.37","0.66","1.57","0.0","0.0","0.0","0.0","23.86","22.8","324.31","162.15","300.44","301.51","0.0","","","","","","",""
"2016.0","2.0","27.0","58.0","646.28","0.62","0.0","0.0","2.25","0.62","1.4","0.0","0.0","0.0","0.0","22.8","22.8","324.31","162.15","301.51","301.51","0.0","","","","","","",""
"2016.0","2.0","28.0","59.0","646.28","0.59","0.0","0.0","2.09","0.59","1.24","0.0","0.0","0.0","0.0","24.04","22.8","324.31","162.15","300.27","301.51","0.0","","","","","","",""
"2016.0","2.0","29.0","60.0","646.28","0.56","0.0","0.0","2.68","0.56","1.5","0.0","0.0","0.0","0.0","22.8","22.8","324.31","162.15","301.51","301.51","0.0","","","","","","",""
"2016.0","3.0","1.0","61.0","646.28","0.53","0.0","0.0","3.02","0.53","1.59","0.0","0.0","0.0","0.0","24.39","22.8","324.31","162.15","299.92","301.51","0.0","","","","","","",""
"2016.0","3.0","2.0","62.0","646.28","0.5","0.0","0.0","2.62","0.5","1.32","0.0","0.0","0.0","0.0","22.8","22.8","324.31","162.15","301.51","301.51","0.0","","","","","","",""
"2016.0","3.0","3.0","63.0","646.28","0.49","0.0","0.0","1.85","0.49","0.9","0.0","0.0","0.0","0.0","23.7","22.8","324.31","162.15","300.6","301.51","0.0","","","","","","",""
"2016.0","3.0","4.0","64.0","646.28","0.48","0.0","0.0","1.57","0.48","0.75","0.3","0.3","0.0","0.0","22.8","22.8","324.31","162.15","301.51","301.51","0.0","","","","","","",""
"2016.0","3.0","5.0","65.0","646.28","1.17","0.0","0.0","1.24","1.17","1.45","13.48","13.48","0.0","0.0","10.77","22.8","324.31","162.15","313.54","301.51","0.0","","","","","","",""
"2016.0","3.0","6.0","66.0","646.28","1.13","0.0","0.0","2.16","1.13","2.45","33.53","13.22","0.0","0.0","0.0","22.8","324.31","162.15","324.31","301.51","0.0","","","","","","",""
"2016.0","3.0","7.0","67.0","646.28","1.16","0.0","0.0","1.52","1.16","1.76","17.68","1.76","0.0","0.0","0.0","22.8","324.31","162.15","324.31","301.51","0.0","","","","","","",""
"2016.0","3.0","8.0","68.0","646.28","1.15","0.0","0.0","1.84","1.15","2.11","2.59","2.11","0.0","0.0","0.0","22.8","324.31","162.15","324.31","301.51","0.0","","","","","","",""
"2016.0","3.0","9.0","69.0","646.28","1.15","0.0","0.0","1.91","1.15","2.19","0.11","0.11","0.0","0.0","2.08","22.8","324.31","162.15","322.23","301.51","0.0","","","","","","",""
"2016.0","3.0","10.0","70.0","646.28","1.15","0.0","0.0","1.42","1.15","1.63","0.37","0.37","0.0","0.0","3.34","22.8","324.31","162.15","320.97","301.51","0.0","","","","","","",""
"2016.0","3.0","11.0","71.0","646.28","1.16","0.0","0.0","1.5","1.16","1.74","8.16","5.08","0.0","0.0","0.0","22.8","324.31","162.15","324.31","301.51","0.0","","","","","","",""
"2016.0","3.0","12.0","72.0","646.28","1.15","0.0","0.0","1.66","1.15","1.91","11.81","1.91","0.0","0.0","0.0","22.8","324.31","162.15","324.31","301.51","0.0","","","","","","",""
"2016.0","3.0","13.0","73.0","646.28","1.17","0.0","0.0","1.2","1.17","1.41","11.61","1.41","0.0","0.0","0.0","22.8","324.31","162.15","324.31","301.51","0.0","","","","","","",""
"2016.0","3.0","14.0","74.0","646.28","1.12","0.0","0.0","2.56","1.12","2.86","17.07","2.86","0.0","0.0","0.0","22.8","324.31","162.15","324.31","301.51","0.0","","","","","","",""
"2016.0","3.0","15.0","75.0","646.28","1.11","0.0","0.0","3.05","1.11","3.38","0.0","0.0","0.0","0.0","3.38","22.8","324.31","162.15","320.93","301.51","0.0","","","","","","",""
"2016.0","3.0","16.0","76.0","646.28","0.92","0.0","0.0","3.12","0.92","2.88","0.0","0.0","0.0","0.0","6.26","22.8","324.31","162.15","318.04","301.51","0.0","","","","","","",""
"2016.0","3.0","17.0","77.0","646.28","0.79","0.0","0.0","3.15","0.79","2.49","0.0","0.0","0.0","0.0","8.76","22.8","324.31","162.15","315.55","301.51","0.0","","","","","","",""
"2016.0","3.0","18.0","78.0","646.28","0.7","0.0","0.0","3.16","0.7","2.22","0.0","0.0","0.0","0.0","10.98","22.8","324.31","162.15","313.33","301.51","0.0","","","","","","",""
"2016.0","3.0","19.0","79.0","646.28","0.64","0.0","0.0","3.15","0.64","2.01","0.0","0.0","0.0","0.0","12.99","22.8","324.31","162.15","311.32","301.51","0.0","","","","","","",""
"2016.0","3.0","20.0","80.0","646.28","0.6","0.0","0.0","2.32","0.6","1.4","0.02","0.02","0.0","0.0","14.37","22.8","324.31","162.15","309.94","301.51","0.0","","","","","","",""
"2016.0","3.0","21.0","81.0","646.28","0.57","0.0","0.0","2.33","0.57","1.33","2.11","2.11","0.0","0.0","13.59","22.8","324.31","162.15","310.71","301.51","0.0","","","","","","",""
"2016.0","3.0","22.0","82.0","646.28","0.54","0.0","0.0","2.98","0.54","1.6","0.76","0.76","0.0","0.0","14.44","22.8","324.31","162.15","309.87","301.51","0.0","","","","","","",""
"2016.0","3.0","23.0","83.0","646.28","0.51","0.0","0.0","3.38","0.51","1.71","0.0","0.0","0.0","0.0","16.14","22.8","324.31","162.15","308.16","301.51","0.0","","","","","","",""
"2016.0","3.0","24.0","84.0","646.28","0.48","0.0","0.0","3.22","0.48","1.54","0.0","0.0","0.0","0.0","17.69","22.8","324.31","162.15","306.62","301.51","0.0","","","","","","",""
"2016.0","3.0","25.0","85.0","646.28","0.45","0.0","0.0","3.68","0.45","1.67","0.0","0.0","0.0","0.0","19.36","22.8","324.31","162.15","304.95","301.51","0.0","","","","","","",""
"2016.0","3.0","26.0","86.0","646.28","0.43","0.0","0.0","4.39","0.43","1.88","0.0","0.0","0.0","0.0","21.23","22.8","324.31","162.15","303.07","301.51","0.0","","","","","","",""
"2016.0","3.0","27.0","87.0","646.28","0.41","0.0","0.0","3.5","0.41","1.44","0.0","0.0","0.0","0.0","22.67","22.8","324.31","162.15","301.64","301.51","0.0","","","","","","",""
"2016.0","3.0","28.0","88.0","646.28","0.39","0.0","0.0","3.48","0.39","1.37","0.0","0.0","0.0","0.0","24.04","22.8","324.31","162.15","300.26","301.51","0.0","","","","","","",""
"2016.0","3.0","29.0","89.0","646.28","0.38","0.0","0.0","3.78","0.38","1.43","0.0","0.0","0.0","0.0","22.8","22.8","324.31","162.15","301.51","301.51","0.0","","","","","","",""
"2016.0","3.0","30.0","90.0","646.28","0.37","0.0","0.0","3.6","0.37","1.32","0.0","0.0","0.0","0.0","24.12","22.8","324.31","162.15","300.19","301.51","0.0","","","","","","",""
"2016.0","3.0","31.0","91.0","646.28","0.35","0.0","0.0","3.79","0.35","1.34","0.0","0.0","0.0","0.0","22.8","22.8","324.31","162.15","301.51","301.51","0.0","","","","","","",""
"2016.0","4.0","1.0","92.0","646.28","0.34","0.0","0.0","3.69","0.34","1.27","0.0","0.0","0.0","0.0","24.07","22.8","324.31","162.15","300.24","301.51","0.0","","","","","","",""
"2016.0","4.0","2.0","93.0","646.28","0.33","0.0","0.0","3.75","0.33","1.25","0.0","0.0","0.0","0.0","22.8","22.8","324.31","162.15","301.51","301.51","0.0","","","","","","",""
"2016.0","4.0","3.0","94.0","646.28","0.32","0.0","0.0","4.07","0.32","1.32","0.0","0.0","0.0","0.0","24.12","22.8","324.31","162.15","300.19","301.51","0.0","","","","","","",""
"2016.0","4.0","4.0","95.0","646.28","0.31","0.0","0.0","4.24","0.31","1.33","0.0","0.0","0.0","0.0","22.8","22.8","324.31","162.15","301.51","301.51","0.0","","","","","","",""
"2016.0","4.0","5.0","96.0","646.28","0.3","0.0","0.0","5.59","0.3","1.69","0.0","0.0","0.0","0.0","24.49","22.8","324.31","162.15","299.82","301.51","0.0","","","","","","",""
"2016.0","4.0","6.0","97.0","646.28","0.29","0.0","0.0","4.9","0.29","1.44","0.0","0.0","0.0","0.0","22.8","22.8","324.31","162.15","301.51","301.51","0.0","","","","","","",""
"2016.0","4.0","7.0","98.0","646.28","0.29","0.0","0.0","4.35","0.29","1.24","0.0","0.0","0.0","0.0","24.04","22.8","324.31","162.15","300.26","301.51","0.0","","","","","","",""
"2016.0","4.0","8.0","99.0","646.28","0.28","0.0","0.0","3.49","0.28","0.98","0.22","0.22","0.0","0.0","22.8","22.8","324.31","162.15","301.51","301.51","0.0","","","","","","",""
"2016.0","4.0","9.0","100.0","646.28","1.16","0.0","0.0","1.48","1.16","1.72","3.68","3.68","0.0","0.0","20.84","22.8","324.31","162.15","303.47","301.51","0.0","","","","","","",""
"2016.0","4.0","10.0","101.0","646.28","1.13","0.0","0.0","2.16","1.13","2.45","14.12","14.12","0.0","0.0","9.17","22.8","324.31","162.15","315.14","301.51","0.0","","","","","","",""
"2016.0","4.0","11.0","102.0","646.28","1.11","0.0","0.0","3.29","1.11","3.66","0.9","0.9","0.0","0.0","11.92","22.8","324.31","162.15","312.39","301.51","0.0","","","","","","",""
"2016.0","4.0","12.0","103.0","646.28","0.91","0.0","0.0","3.54","0.91","3.22","0.0","0.0","0.0","0.0","15.14","22.8","324.31","162.15","309.17","301.51","0.0","","","","","","",""
"2016.0","4.0","13.0","104.0","646.28","0.75","0.0","0.0","4.25","0.75","3.17","0.0","0.0","0.0","0.0","18.31","22.8","324.31","162.15","306.0","301.51","0.0","","","","","","",""
"2016.0","4.0","14.0","105.0","646.28","0.65","0.0","0.0","4.09","0.65","2.66","1.02","1.02","0.0","0.0","19.94","22.8","324.31","162.15","304.36","301.51","0.0","","","","","","",""
"2016.0","4.0","15.0","106.0","646.28","0.56","0.0","0.0","5.43","0.56","3.06","0.0","0.0","0.0","0.0","23.0","22.8","324.31","162.15","301.3","301.51","0.0","","","","","","",""
"2016.0","4.0","16.0","107.0","646.28","0.5","0.0","0.0","5.34","0.5","2.7","0.0","0.0","0.0","0.0","22.8","22.8","324.31","162.15","301.51","301.51","0.0","","","","","","",""
"2016.0","4.0","17.0","108.0","646.28","0.47","0.0","0.0","4.76","0.47","2.22","0.0","0.0","0.0","0.0","25.02","22.8","324.31","162.15","299.29","301.51","0.0","","","","","","",""
"2016.0","4.0","18.0","109.0","646.28","0.43","0.0","0.0","5.12","0.43","2.21","0.0","0.0","0.0","0.0","22.8","22.8","324.31","162.15","301.51","301.51","0.0","","","","","","",""
"2016.0","4.0","19.0","110.0","646.28","0.41","0.0","0.0","4.98","0.41","2.02","0.0","0.0","0.0","0.0","24.82","22.8","324.31","162.15","299.48","301.51","0.0","","","","","","",""
"2016.0","4.0","20.0","111.0","646.28","0.38","0.0","0.0","5.18","0.38","1.98","0.0","0.0","0.0","0.0","22.8","22.8","324.31","162.15","301.51","301.51","0.0","","","","","","",""
"2016.0","4.0","21.0","112.0","646.28","0.37","0.0","0.0","3.85","0.37","1.42","0.0","0.0","0.0","0.0","24.22","22.8","324.31","162.15","300.09","301.51","0.0","","","","","","",""
"2016.0","4.0","22.0","113.0","646.28","0.36","0.0","0.0","2.79","0.36","1.0","0.11","0.11","0.0","0.0","22.8","22.8","324.31","162.15","301.51","301.51","0.0","","","","","","",""
"2016.0","4.0","23.0","114.0","646.28","1.06","0.0","0.0","4.03","1.06","4.27","5.17","5.17","0.0","0.0","21.9","22.8","324.31","162.15","302.41","301.51","0.0","","","","","","",""
"2016.0","4.0","24.0","115.0","646.28","0.91","0.0","0.0","4.56","0.91","4.14","0.0","0.0","0.0","0.0","26.04","22.8","324.31","162.15","298.27","301.51","0.0","","","","","","",""
"2016.0","4.0","25.0","116.0","646.28","0.71","0.0","0.0","5.38","0.71","3.81","0.0","0.0","0.0","0.0","22.8","22.8","324.31","162.15","301.51","301.51","0.0","","","","","","",""
"2016.0","4.0","26.0","117.0","646.28","0.61","0.0","0.0","4.67","0.61","2.86","0.0","0.0","0.0","0.0","25.66","22.8","324.31","162.15","298.65","301.51","0.0","","","","","","",""
"2016.0","4.0","27.0","118.0","646.28","0.56","0.0","0.0","3.74","0.56","2.1","0.0","0.0","0.0","0.0","22.8","22.8","324.31","162.15","301.51","301.51","0.0","","","","","","",""
"2016.0","4.0","28.0","119.0","646.28","0.99","0.0","0.0","5.75","0.99","5.69","4.8","4.8","0.0","0.0","23.69","22.8","324.31","162.15","300.61","301.51","0.0","","","","","","",""
"2016.0","4.0","29.0","120.0","646.28","0.79","0.0","0.0","5.1","0.79","4.03","0.0","0.0","0.0","0.0","22.8","22.8","324.31","162.15","301.51","301.51","0.0","","","","","","",""
"2016.0","4.0","30.0","121.0","646.28","0.6","0.0","0.0","7.38","0.6","4.44","0.0","0.0","0.0","0.0","27.24","22.8","324.31","162.15","297.07","301.51","0.0","","","","","","",""
"2016.0","5.0","1.0","122.0","646.28","0.52","0.0","0.0","5.86","0.52","3.07","0.0","0.0","0.0","0.0","22.8","22.8","324.31","162.15","301.51","301.51","0.0","","","","","","",""
"2016.0","5.0","2.0","123.0","646.28","0.48","0.0","0.0","5.39","0.48","2.56","0.0","0.0","0.0","0.0","25.36","22.8","324.31","162.15","298.95","301.51","0.0","","","","","","",""
"2016.0","5.0","3.0","124.0","646.28","0.44","0.0","0.0","4.49","0.44","2.0","0.0","0.0","0.0","0.0","22.8","22.8","324.31","162.15","301.51","301.51","0.0","","","","","","",""
"2016.0","5.0","4.0","125.0","646.28","0.42","0.0","0.0","4.86","0.42","2.03","0.0","0.0","0.0","0.0","24.83","22.8","324.31","162.15","299.48","301.51","0.0","","","","","","",""
"2016.0","5.0","5.0","126.0","646.28","0.41","0.0","0.0","2.44","0.41","0.99","0.08","0.08","0.0","0.0","22.8","22.8","324.31","162.15","301.51","301.51","0.0","","","","","","",""
"2016.0","5.0","6.0","127.0","646.28","0.4","0.0","0.0","2.03","0.4","0.81","0.13","0.13","0.0","0.0","23.48","22.8","324.31","162.15","300.82","301.51","0.0","","","","","","",""
"2016.0","5.0","7.0","128.0","646.28","0.39","0.0","0.0","2.18","0.39","0.86","3.39","3.39","0.0","0.0","20.09","22.8","324.31","162.15","304.21","301.51","0.0","","","","","","",""
"2016.0","5.0","8.0","129.0","646.28","0.38","0.0","0.0","3.23","0.38","1.23","1.22","1.22","0.0","0.0","20.1","22.8","324.31","162.15","304.21","301.51","0.0","","","","","","",""
"2016.0","5.0","9.0","130.0","646.28","0.36","0.0","0.0","4.65","0.36","1.69","0.0","0.0","0.0","0.0","21.79","22.8","324.31","162.15","302.52","301.51","0.0","","","","","","",""
"2016.0","5.0","10.0","131.0","646.28","0.34","0.0","0.0","5.68","0.34","1.96","0.0","0.0","0.0","0.0","23.75","22.8","324.31","162.15","300.56","301.51","0.0","","","","","","",""
"2016.0","5.0","11.0","132.0","646.28","0.33","0.0","0.0","6.03","0.33","1.98","0.0","0.0","0.0","0.0","22.8","22.8","324.31","162.15","301.51","301.51","0.0","","","","","","",""
"2016.0","5.0","12.0","133.0","646.28","0.31","0.0","0.0","6.07","0.31","1.9","0.0","0.0","0.0","0.0","24.7","22.8","324.31","162.15","299.61","301.51","0.0","","","","","","",""
"2016.0","5.0","13.0","134.0","646.28","0.3","0.0","0.0","5.63","0.3","1.69","0.0","0.0","0.0","0.0","22.8","22.8","324.31","162.15","301.51","301.51","0.0","","","","","","",""
"2016.0","5.0","14.0","135.0","646.28","0.29","0.0","0.0","5.14","0.29","1.5","0.0","0.0","0.0","0.0","24.3","22.8","324.31","162.15","300.01","301.51","0.0","","","","","","",""
"2016.0","5.0","15.0","136.0","646.28","0.28","0.77","0.0","5.57","0.77","4.29","0.0","0.0","0.0","0.0","28.59","74.65","324.31","162.15","295.72","249.66","0.0","","","","","","",""
"2016.0","5.0","16.0","137.0","646.28","0.27","0.77","0.0","6.62","0.77","5.1","0.0","0.0","0.0","0.0","33.68","74.65","324.31","162.15","290.62","249.66","0.0","","","","","","",""
"2016.0","5.0","17.0","138.0","646.28","0.26","0.77","0.0","7.71","0.77","5.94","0.0","0.0","0.0","0.0","39.62","74.65","324.31","162.15","284.69","249.66","0.0","","","","","","",""
"2016.0","5.0","18.0","139.0","646.28","0.25","0.77","0.0","7.08","0.77","5.45","0.0","0.0","0.0","0.0","45.07","74.65","324.31","162.15","279.24","249.66","0.0","","","","","","",""
"2016.0","5.0","19.0","140.0","646.28","0.24","0.77","0.0","6.3","0.77","4.85","0.0","0.0","0.0","0.0","49.92","74.65","324.31","162.15","274.38","249.66","0.0","","","","","","",""
"2016.0","5.0","20.0","141.0","646.28","0.24","0.77","0.0","4.85","0.77","3.73","0.0","0.0","0.0","0.0","53.66","74.65","324.31","162.15","270.65","249.66","0.0","","","","","","",""
"2016.0","5.0","21.0","142.0","646.28","0.24","0.77","0.0","3.73","0.77","2.87","0.32","0.32","0.0","0.0","56.21","74.65","324.31","162.15","268.1","249.66","0.0","","","","","","",""
"2016.0","5.0","22.0","143.0","646.28","0.23","0.77","0.0","4.28","0.77","3.3","0.26","0.26","0.0","0.0","59.24","74.65","324.31","162.15","265.06","249.66","0.0","","","","","","",""
"2016.0","5.0","23.0","144.0","646.28","0.23","0.77","0.0","4.84","0.77","3.73","0.0","0.0","0.0","0.0","62.97","74.65","324.31","162.15","261.34","249.66","0.0","","","","","","",""
"2016.0","5.0","24.0","145.0","646.28","0.22","0.77","0.0","4.85","0.77","3.73","0.0","0.0","0.0","0.0","66.71","74.65","324.31","162.15","257.6","249.66","0.0","","","","","","",""
"2016.0","5.0","25.0","146.0","646.28","0.22","0.77","0.0","5.31","0.77","4.09","0.0","0.0","0.0","0.0","70.79","74.65","324.31","162.15","253.51","249.66","0.0","","","","","","",""
"2016.0","5.0","26.0","147.0","646.28","0.21","0.77","0.0","5.74","0.77","4.42","0.0","0.0","0.0","0.0","0.0","74.65","324.31","162.15","324.31","249.66","75.21","","","","","","",""
"2016.0","5.0","27.0","148.0","646.28","0.21","0.77","0.0","6.05","0.77","4.66","0.0","0.0","0.0","0.0","4.66","74.65","324.31","162.15","319.65","249.66","0.0","","","","","","",""
"2016.0","5.0","28.0","149.0","646.28","0.21","0.77","0.0","6.96","0.77","5.36","0.0","0.0","0.0","0.0","10.02","74.65","324.31","162.15","314.29","249.66","0.0","","","","","","",""
"2016.0","5.0","29.0","150.0","646.28","0.2","0.77","0.0","6.57","0.77","5.06","0.0","0.0","0.0","0.0","15.08","74.65","324.31","162.15","309.23","249.66","0.0","","","","","","",""
"2016.0","5.0","30.0","151.0","646.28","0.2","0.77","0.0","6.83","0.77","5.26","0.0","0.0","0.0","0.0","20.34","74.65","324.31","162.15","303.97","249.66","0.0","","","","","","",""
"2016.0","5.0","31.0","152.0","646.28","0.19","0.77","0.0","7.15","0.77","5.51","0.0","0.0","0.0","0.0","25.84","74.65","324.31","162.15","298.47","249.66","0.0","","","","","","",""
"2016.0","6.0","1.0","153.0","646.28","0.19","0.77","0.0","7.23","0.77","5.57","0.0","0.0","0.0","0.0","31.41","74.65","324.31","162.15","292.9","249.66","0.0","","","","","","",""
"2016.0","6.0","2.0","154.0","646.28","0.19","0.77","0.0","6.91","0.77","5.32","0.0","0.0","0.0","0.0","36.73","74.65","324.31","162.15","287.58","249.66","0.0","","","","","","",""
"2016.0","6.0","3.0","155.0","646.28","0.18","0.77","0.0","7.35","0.77","5.66","0.0","0.0","0.0","0.0","42.39","74.65","324.31","162.15","281.92","249.66","0.0","","","","","","",""
"2016.0","6.0","4.0","156.0","646.28","0.18","0.77","0.0","4.89","0.77","3.77","0.0","0.0","0.0","0.0","46.15","74.65","324.31","162.15","278.15","249.66","0.0","","","","","","",""
"2016.0","6.0","5.0","157.0","646.28","0.18","0.77","0.0","7.68","0.77","5.91","0.0","0.0","0.0","0.0","52.07","74.65","324.31","162.15","272.24","249.66","0.0","","","","","","",""
"2016.0","6.0","6.0","158.0","646.28","0.17","0.77","0.0","7.2","0.77","5.54","0.0","0.0","0.0","0.0","57.61","74.65","324.31","162.15","266.7","249.66","0.0","","","","","","",""
"2016.0","6.0","7.0","159.0","646.28","0.17","0.77","0.0","6.83","0.77","5.26","0.0","0.0","0.0","0.0","62.87","74.65","324.31","162.15","261.44","249.66","0.0","","","","","","",""
"2016.0","6.0","8.0","160.0","646.28","0.17","0.77","0.0","6.55","0.77","5.04","0.0","0.0","0.0","0.0","67.91","74.65","324.31","162.15","256.39","249.66","0.0","","","","","","",""
"2016.0","6.0","9.0","161.0","646.28","0.17","0.77","0.0","6.26","0.77","4.82","0.0","0.0","0.0","0.0","72.73","74.65","324.31","162.15","251.57","249.66","0.0","","","","","","",""
"2016.0","6.0","10.0","162.0","646.28","0.16","0.77","0.0","6.64","0.77","5.11","0.0","0.0","0.0","0.0","0.0","74.65","324.31","162.15","324.31","249.66","77.85","","","","","","",""
"2016.0","6.0","11.0","163.0","646.28","0.16","0.77","0.0","6.87","0.77","5.29","0.0","0.0","0.0","0.0","5.29","74.65","324.31","162.15","319.02","249.66","0.0","","","","","","",""
"2016.0","6.0","12.0","164.0","646.28","0.16","0.77","0.0","6.96","0.77","5.36","0.0","0.0","0.0","0.0","10.65","74.65","324.31","162.15","313.66","249.66","0.0","","","","","","",""
"2016.0","6.0","13.0","165.0","646.28","0.16","0.77","0.0","6.65","0.77","5.15","0.0","0.0","0.0","0.0","15.8","74.65","324.31","162.15","308.51","249.66","0.0","","","","","","",""
"2016.0","6.0","14.0","166.0","646.28","0.16","0.78","0.0","6.35","0.78","4.94","0.0","0.0","0.0","0.0","20.74","74.65","324.31","162.15","303.57","249.66","0.0","","","","","","",""
"2016.0","6.0","15.0","167.0","646.28","0.15","0.78","0.0","5.38","0.78","4.21","0.0","0.0","0.0","0.0","24.95","74.65","324.31","162.15","299.36","249.66","0.0","","","","","","",""
"2016.0","6.0","16.0","168.0","646.28","0.15","0.79","0.0","5.31","0.79","4.17","0.0","0.0","0.0","0.0","29.12","74.65","324.31","162.15","295.19","249.66","0.0","","","","","","",""
"2016.0","6.0","17.0","169.0","646.28","0.15","0.79","0.0","5.14","0.79","4.06","0.0","0.0","0.0","0.0","33.18","74.65","324.31","162.15","291.13","249.66","0.0","","","","","","",""
"2016.0","6.0","18.0","170.0","646.28","0.15","0.79","0.0","6.18","0.79","4.91","0.0","0.0","0.0","0.0","38.09","74.65","324.31","162.15","286.22","249.66","0.0","","","","","","",""
"2016.0","6.0","19.0","171.0","646.28","0.15","0.8","0.0","6.9","0.8","5.51","0.0","0.0","0.0","0.0","43.6","74.65","324.31","162.15","280.71","249.66","0.0","","","","","","",""
"2016.0","6.0","20.0","172.0","646.28","0.15","0.8","0.0","7.46","0.8","5.99","0.0","0.0","0.0","0.0","49.58","74.65","324.31","162.15","274.72","249.66","0.0","","","","","","",""
"2016.0","6.0","21.0","173.0","646.28","0.14","0.81","0.0","7.77","0.81","6.27","0.0","0.0","0.0","0.0","55.85","74.65","324.31","162.15","268.46","249.66","0.0","","","","","","",""
"2016.0","6.0","22.0","174.0","646.28","0.14","0.81","0.0","7.82","0.81","6.34","0.0","0.0","0.0","0.0","62.19","74.65","324.31","162.15","262.12","249.66","0.0","","","","","","",""
"2016.0","6.0","23.0","175.0","646.28","0.14","0.81","0.0","7.73","0.81","6.3","0.0","0.0","0.0","0.0","68.48","74.65","324.31","162.15","255.82","249.66","0.0","","","","","","",""
"2016.0","6.0","24.0","176.0","646.28","0.14","0.82","0.0","7.01","0.82","5.74","0.0","0.0","0.0","0.0","74.22","74.65","324.31","162.15","250.08","249.66","0.0","","","","","","",""
"2016.0","6.0","25.0","177.0","646.28","0.14","0.82","0.0","7.8","0.82","6.42","0.0","0.0","0.0","0.0","0.0","74.65","324.31","162.15","324.31","249.66","80.64","","","","","","",""
"2016.0","6.0","26.0","178.0","646.28","0.14","0.83","0.0","7.67","0.83","6.34","0.0","0.0","0.0","0.0","6.34","74.65","324.31","162.15","317.97","249.66","0.0","","","","","","",""
"2016.0","6.0","27.0","179.0","646.28","0.13","0.83","0.0","8.11","0.83","6.74","0.0","0.0","0.0","0.0","13.08","74.65","324.31","162.15","311.23","249.66","0.0","","","","","","",""
"2016.0","6.0","28.0","180.0","646.28","0.13","0.83","0.0","8.1","0.83","6.76","0.0","0.0","0.0","0.0","19.84","74.65","324.31","162.15","304.47","249.66","0.0","","","","","","",""
"2016.0","6.0","29.0","181.0","646.28","0.13","0.84","0.0","7.45","0.84","6.25","0.0","0.0","0.0","0.0","26.09","74.65","324.31","162.15","298.22","249.66","0.0","","","","","","",""
"2016.0","6.0","30.0","182.0","646.28","0.13","0.84","0.0","7.39","0.84","6.23","0.0","0.0","0.0","0.0","32.32","74.65","324.31","162.15","291.99","249.66","0.0","","","","","","",""
"2016.0","7.0","1.0","183.0","646.28","0.13","0.85","0.0","7.26","0.85","6.15","0.0","0.0","0.0","0.0","38.47","74.65","324.31","162.15","285.84","249.66","0.0","","","","","","",""
"2016.0","7.0","2.0","184.0","646.28","0.13","0.85","0.0","7.24","0.85","6.16","0.0","0.0","0.0","0.0","44.63","74.65","324.31","162.15","279.68","249.66","0.0","","","","","","",""
"2016.0","7.0","3.0","185.0","646.28","0.13","0.86","0.0","7.51","0.86","6.42","0.0","0.0","0.0","0.0","51.05","74.65","324.31","162.15","273.26","249.66","0.0","","","","","","",""
"2016.0","7.0","4.0","186.0","646.28","0.13","0.86","0.0","7.04","0.86","6.05","0.0","0.0","0.0","0.0","57.1","74.65","324.31","162.15","267.21","249.66","0.0","","","","","","",""
"2016.0","7.0","5.0","187.0","646.28","0.12","0.86","0.0","6.26","0.86","5.4","0.0","0.0","0.0","0.0","62.5","74.65","324.31","162.15","261.81","249.66","0.0","","","","","","",""
"2016.0","7.0","6.0","188.0","646.28","0.12","0.87","0.0","6.37","0.87","5.52","0.0","0.0","0.0","0.0","68.02","74.65","324.31","162.15","256.29","249.66","0.0","","","","","","",""
"2016.0","7.0","7.0","189.0","646.28","0.12","0.87","0.0","6.44","0.87","5.61","0.0","0.0","0.0","0.0","73.63","74.65","324.31","162.15","250.67","249.66","0.0","","","","","","",""
"2016.0","7.0","8.0","190.0","646.28","0.12","0.88","0.0","7.13","0.88","6.24","0.0","0.0","0.0","0.0","0.0","74.65","324.31","162.15","324.31","249.66","79.87","","","","","","",""
"2016.0","7.0","9.0","191.0","646.28","0.12","0.88","0.0","6.55","0.88","5.76","0.0","0.0","0.0","0.0","5.76","74.65","324.31","162.15","318.55","249.66","0.0","","","","","","",""
"2016.0","7.0","10.0","192.0","646.28","0.12","0.88","0.0","6.42","0.88","5.67","0.0","0.0","0.0","0.0","11.43","74.65","324.31","162.15","312.88","249.66","0.0","","","","","","",""
"2016.0","7.0","11.0","193.0","646.28","0.12","0.89","0.0","7.21","0.89","6.4","0.0","0.0","0.0","0.0","17.83","74.65","324.31","162.15","306.48","249.66","0.0","","","","","","",""
"2016.0","7.0","12.0","194.0","646.28","0.12","0.89","0.0","6.93","0.89","6.18","0.0","0.0","0.0","0.0","24.01","74.65","324.31","162.15","300.3","249.66","0.0","","","","","","",""
"2016.0","7.0","13.0","195.0","646.28","0.12","0.9","0.0","7.3","0.9","6.54","0.0","0.0","0.0","0.0","30.54","74.65","324.31","162.15","293.76","249.66","0.0","","","","","","",""
"2016.0","7.0","14.0","196.0","646.28","0.12","0.9","0.0","7.47","0.9","6.72","0.0","0.0","0.0","0.0","37.26","74.65","324.31","162.15","287.04","249.66","0.0","","","","","","",""
"2016.0","7.0","15.0","197.0","646.28","0.12","0.9","0.0","7.42","0.9","6.7","0.0","0.0","0.0","0.0","43.97","74.65","324.31","162.15","280.34","249.66","0.0","","","","","","",""
"2016.0","7.0","16.0","198.0","646.28","0.11","0.91","0.0","7.04","0.91","6.39","0.0","0.0","0.0","0.0","50.36","74.65","324.31","162.15","273.95","249.66","0.0","","","","","","",""
"2016.0","7.0","17.0","199.0","646.28","0.11","0.91","0.0","6.77","0.91","6.17","0.0","0.0","0.0","0.0","56.53","74.65","324.31","162.15","267.78","249.66","0.0","","","","","","",""
"2016.0","7.0","18.0","200.0","646.28","0.11","0.92","0.0","6.39","0.92","5.85","0.0","0.0","0.0","0.0","62.38","74.65","324.31","162.15","261.93","249.66","0.0","","","","","","",""
"2016.0","7.0","19.0","201.0","646.28","0.11","0.92","0.0","6.61","0.92","6.08","0.0","0.0","0.0","0.0","68.46","74.65","324.31","162.15","255.85","249.66","0.0","","","","","","",""
"2016.0","7.0","20.0","202.0","646.28","0.11","0.92","0.0","6.99","0.92","6.46","0.0","0.0","0.0","0.0","0.0","74.65","324.31","162.15","324.31","249.66","74.92","","","","","","",""
"2016.0","7.0","21.0","203.0","646.28","0.11","0.93","0.0","7.31","0.93","6.78","0.0","0.0","0.0","0.0","6.78","74.65","324.31","162.15","317.52","249.66","0.0","","","","","","",""
"2016.0","7.0","22.0","204.0","646.28","0.11","0.93","0.0","7.05","0.93","6.57","0.0","0.0","0.0","0.0","13.35","74.65","324.31","162.15","310.95","249.66","0.0","","","","","","",""
"2016.0","7.0","23.0","205.0","646.28","0.11","0.94","0.0","7.68","0.94","7.19","0.0","0.0","0.0","0.0","20.54","74.65","324.31","162.15","303.77","249.66","0.0","","","","","","",""
"2016.0","7.0","24.0","206.0","646.28","0.11","0.94","0.0","7.45","0.94","7.0","0.0","0.0","0.0","0.0","27.54","74.65","324.31","162.15","296.76","249.66","0.0","","","","","","",""
"2016.0","7.0","25.0","207.0","646.28","0.11","0.94","0.0","7.34","0.94","6.9","0.0","0.0","0.0","0.0","34.44","74.65","324.31","162.15","289.86","249.66","0.0","","","","","","",""
"2016.0","7.0","26.0","208.0","646.28","0.11","0.94","0.0","7.28","0.94","6.84","0.0","0.0","0.0","0.0","41.29","74.65","324.31","162.15","283.02","249.66","0.0","","","","","","",""
"2016.0","7.0","27.0","209.0","646.28","0.11","0.94","0.0","7.81","0.94","7.34","0.0","0.0","0.0","0.0","48.63","74.65","324.31","162.15","275.68","249.66","0.0","","","","","","",""
"2016.0","7.0","28.0","210.0","646.28","0.11","0.94","0.0","7.74","0.94","7.28","0.0","0.0","0.0","0.0","55.9","74.65","324.31","162.15","268.4","249.66","0.0","","","","","","",""
"2016.0","7.0","29.0","211.0","646.28","0.1","0.94","0.0","7.69","0.94","7.23","0.0","0.0","0.0","0.0","63.13","74.65","324.31","162.15","261.18","249.66","0.0","","","","","","",""
"2016.0","7.0","30.0","212.0","646.28","0.1","0.94","0.0","8.02","0.94","7.54","0.0","0.0","0.0","0.0","70.67","74.65","324.31","162.15","253.64","249.66","0.0","","","","","","",""
"2016.0","7.0","31.0","213.0","646.28","0.1","0.94","0.0","7.16","0.94","6.73","0.0","0.0","0.0","0.0","0.0","74.65","324.31","162.15","324.31","249.66","77.4","","","","","","",""
"2016.0","8.0","1.0","214.0","646.28","0.1","0.94","0.0","6.81","0.94","6.4","0.0","0.0","0.0","0.0","6.4","74.65","324.31","162.15","317.91","249.66","0.0","","","","","","",""
"2016.0","8.0","2.0","215.0","646.28","0.1","0.94","0.0","6.63","0.94","6.23","0.0","0.0","0.0","0.0","12.63","74.65","324.31","162.15","311.67","249.66","0.0","","","","","","",""
"2016.0","8.0","3.0","216.0","646.28","0.1","0.94","0.0","7.11","0.94","6.68","0.0","0.0","0.0","0.0","19.32","74.65","324.31","162.15","304.99","249.66","0.0","","","","","","",""
"2016.0","8.0","4.0","217.0","646.28","0.1","0.94","0.0","6.21","0.94","5.84","0.0","0.0","0.0","0.0","25.15","74.65","324.31","162.15","299.15","249.66","0.0","","","","","","",""
"2016.0","8.0","5.0","218.0","646.28","0.1","0.94","0.0","5.71","0.94","5.37","0.0","0.0","0.0","0.0","30.52","74.65","324.31","162.15","293.79","249.66","0.0","","","","","","",""
"2016.0","8.0","6.0","219.0","646.28","0.1","0.94","0.0","6.04","0.94","5.68","0.0","0.0","0.0","0.0","36.2","74.65","324.31","162.15","288.11","249.66","0.0","","","","","","",""
"2016.0","8.0","7.0","220.0","646.28","0.1","0.94","0.0","6.06","0.94","5.7","0.0","0.0","0.0","0.0","41.9","74.65","324.31","162.15","282.41","249.66","0.0","","","","","","",""
"2016.0","8.0","8.0","221.0","646.28","0.1","0.94","0.0","6.5","0.94","6.11","0.0","0.0","0.0","0.0","48.01","74.65","324.31","162.15","276.3","249.66","0.0","","","","","","",""
"2016.0","8.0","9.0","222.0","646.28","0.1","0.94","0.0","6.23","0.94","5.86","0.0","0.0","0.0","0.0","53.86","74.65","324.31","162.15","270.45","249.66","0.0","","","","","","",""
"2016.0","8.0","10.0","223.0","646.28","0.1","0.94","0.0","6.33","0.94","5.95","0.0","0.0","0.0","0.0","59.81","74.65","324.31","162.15","264.5","249.66","0.0","","","","","","",""
"2016.0","8.0","11.0","224.0","646.28","0.1","0.94","0.0","6.49","0.94","6.1","0.0","0.0","0.0","0.0","65.91","74.65","324.31","162.15","258.39","249.66","0.0","","","","","","",""
"2016.0","8.0","12.0","225.0","646.28","0.1","0.94","0.0","6.71","0.94","6.31","0.0","0.0","0.0","0.0","72.22","74.65","324.31","162.15","252.09","249.66","0.0","","","","","","",""
"2016.0","8.0","13.0","226.0","646.28","0.1","0.94","0.0","7.07","0.94","6.65","0.0","0.0","0.0","0.0","0.0","74.65","324.31","162.15","324.31","249.66","78.87","","","","","","",""
"2016.0","8.0","14.0","227.0","646.28","0.1","0.94","0.0","7.29","0.94","6.85","0.0","0.0","0.0","0.0","6.85","74.65","324.31","162.15","317.45","249.66","0.0","","","","","","",""
"2016.0","8.0","15.0","228.0","646.28","0.1","0.94","0.0","6.66","0.94","6.26","0.0","0.0","0.0","0.0","13.11","74.65","324.31","162.15","311.19","249.66","0.0","","","","","","",""
"2016.0","8.0","16.0","229.0","646.28","0.1","0.94","0.0","6.67","0.94","6.27","0.0","0.0","0.0","0.0","19.38","74.65","324.31","162.15","304.92","249.66","0.0","","","","","","",""
"2016.0","8.0","17.0","230.0","646.28","0.09","0.94","0.0","6.55","0.94","6.16","0.0","0.0","0.0","0.0","25.54","74.65","324.31","162.15","298.77","249.66","0.0","","","","","","",""
"2016.0","8.0","18.0","231.0","646.28","0.09","0.94","0.0","6.51","0.94","6.12","0.0","0.0","0.0","0.0","31.66","74.65","324.31","162.15","292.65","249.66","0.0","","","","","","",""
"2016.0","8.0","19.0","232.0","646.28","0.09","0.94","0.0","6.48","0.94","6.09","0.0","0.0","0.0","0.0","37.75","74.65","324.31","162.15","286.56","249.66","0.0","","","","","","",""
"2016.0","8.0","20.0","233.0","646.28","0.09","0.94","0.0","6.39","0.94","6.01","0.0","0.0","0.0","0.0","43.76","74.65","324.31","162.15","280.55","249.66","0.0","","","","","","",""
"2016.0","8.0","21.0","234.0","646.28","0.09","0.94","0.0","6.41","0.94","6.03","0.0","0.0","0.0","0.0","49.78","74.65","324.31","162.15","274.52","249.66","0.0","","","","","","",""
"2016.0","8.0","22.0","235.0","646.28","0.09","0.94","0.0","6.18","0.94","5.81","0.0","0.0","0.0","0.0","55.59","74.65","324.31","162.15","268.72","249.66","0.0","","","","","","",""
"2016.0","8.0","23.0","236.0","646.28","0.09","0.94","0.0","6.06","0.94","5.7","0.0","0.0","0.0","0.0","61.29","74.65","324.31","162.15","263.02","249.66","0.0","","","","","","",""
"2016.0","8.0","24.0","237.0","646.28","0.09","0.94","0.0","5.99","0.94","5.63","0.0","0.0","0.0","0.0","66.92","74.65","324.31","162.15","257.39","249.66","0.0","","","","","","",""
"2016.0","8.0","25.0","238.0","646.28","0.09","0.94","0.0","5.86","0.94","5.51","0.0","0.0","0.0","0.0","72.43","74.65","324.31","162.15","251.88","249.66","0.0","","","","","","",""
"2016.0","8.0","26.0","239.0","646.28","0.09","0.94","0.0","5.48","0.94","5.15","0.0","0.0","0.0","0.0","0.0","74.65","324.31","162.15","324.31","249.66","77.58","","","","","","",""
"2016.0","8.0","27.0","240.0","646.28","0.09","0.94","0.0","5.34","0.94","5.02","0.0","0.0","0.0","0.0","5.02","74.65","324.31","162.15","319.29","249.66","0.0","","","","","","",""
"2016.0","8.0","28.0","241.0","646.28","0.09","0.94","0.0","5.69","0.94","5.35","0.0","0.0","0.0","0.0","10.37","74.65","324.31","162.15","313.94","249.66","0.0","","","","","","",""
"2016.0","8.0","29.0","242.0","646.28","0.09","0.94","0.0","5.85","0.94","5.5","0.0","0.0","0.0","0.0","15.87","74.65","324.31","162.15","308.44","249.66","0.0","","","","","","",""
"2016.0","8.0","30.0","243.0","646.28","0.09","0.94","0.0","6.27","0.94","5.89","0.0","0.0","0.0","0.0","21.76","74.65","324.31","162.15","302.55","249.66","0.0","","","","","","",""
"2016.0","8.0","31.0","244.0","646.28","0.09","0.94","0.0","6.04","0.94","5.68","0.0","0.0","0.0","0.0","27.44","74.65","324.31","162.15","296.87","249.66","0.0","","","","","","",""
"2016.0","9.0","1.0","245.0","646.28","0.09","0.94","0.0","5.2","0.94","4.89","0.0","0.0","0.0","0.0","32.33","74.65","324.31","162.15","291.98","249.66","0.0","","","","","","",""
"2016.0","9.0","2.0","246.0","646.28","0.09","0.94","0.0","5.28","0.94","4.96","0.0","0.0","0.0","0.0","37.29","74.65","324.31","162.15","287.02","249.66","0.0","","","","","","",""
"2016.0","9.0","3.0","247.0","646.28","0.09","0.94","0.0","5.28","0.94","4.96","0.0","0.0","0.0","0.0","42.25","74.65","324.31","162.15","282.05","249.66","0.0","","","","","","",""
"2016.0","9.0","4.0","248.0","646.28","0.09","0.94","0.0","4.62","0.94","4.34","0.0","0.0","0.0","0.0","46.6","74.65","324.31","162.15","277.71","249.66","0.0","","","","","","",""
"2016.0","9.0","5.0","249.0","646.28","0.09","0.94","0.0","5.38","0.94","5.06","0.0","0.0","0.0","0.0","51.65","74.65","324.31","162.15","272.65","249.66","0.0","","","","","","",""
"2016.0","9.0","6.0","250.0","646.28","0.09","0.94","0.0","5.09","0.94","4.78","0.0","0.0","0.0","0.0","56.44","74.65","324.31","162.15","267.87","249.66","0.0","","","","","","",""
"2016.0","9.0","7.0","251.0","646.28","0.09","0.94","0.0","5.71","0.94","5.37","0.0","0.0","0.0","0.0","61.81","74.65","324.31","162.15","262.5","249.66","0.0","","","","","","",""
"2016.0","9.0","8.0","252.0","646.28","0.09","0.94","0.0","5.88","0.94","5.53","0.0","0.0","0.0","0.0","67.33","74.65","324.31","162.15","256.98","249.66","0.0","","","","","","",""
"2016.0","9.0","9.0","253.0","646.28","0.09","0.93","0.0","5.42","0.93","5.06","0.0","0.0","0.0","0.0","72.39","74.65","324.31","162.15","251.92","249.66","0.0","","","","","","",""
"2016.0","9.0","10.0","254.0","646.28","0.09","0.93","0.0","5.5","0.93","5.1","0.0","0.0","0.0","0.0","0.0","74.65","324.31","162.15","324.31","249.66","77.49","","","","","","",""
"2016.0","9.0","11.0","255.0","646.28","0.09","0.92","0.0","4.98","0.92","4.58","0.0","0.0","0.0","0.0","4.58","81.08","324.31","162.15","319.73","243.23","0.0","","","","","","",""
"2016.0","9.0","12.0","256.0","646.28","0.09","0.91","0.0","4.45","0.91","4.06","0.0","0.0","0.0","0.0","8.64","81.08","324.31","162.15","315.67","243.23","0.0","","","","","","",""
"2016.0","9.0","13.0","257.0","646.28","0.09","0.91","0.0","3.88","0.91","3.51","0.0","0.0","0.0","0.0","12.16","81.08","324.31","162.15","312.15","243.23","0.0","","","","","","",""
"2016.0","9.0","14.0","258.0","646.28","0.09","0.9","0.0","4.26","0.9","3.83","0.0","0.0","0.0","0.0","15.99","81.08","324.31","162.15","308.32","243.23","0.0","","","","","","",""
"2016.0","9.0","15.0","259.0","646.28","0.09","0.89","0.0","4.66","0.89","4.16","0.0","0.0","0.0","0.0","20.14","81.08","324.31","162.15","304.16","243.23","0.0","","","","","","",""
"2016.0","9.0","16.0","260.0","646.28","0.09","0.89","0.0","4.85","0.89","4.29","0.0","0.0","0.0","0.0","24.44","81.08","324.31","162.15","299.87","243.23","0.0","","","","","","",""
"2016.0","9.0","17.0","261.0","646.28","0.09","0.88","0.0","4.9","0.88","4.31","0.0","0.0","0.0","0.0","28.74","81.08","324.31","162.15","295.56","243.23","0.0","","","","","","",""
"2016.0","9.0","18.0","262.0","646.28","0.09","0.87","0.0","4.71","0.87","4.11","0.0","0.0","0.0","0.0","32.85","81.08","324.31","162.15","291.46","243.23","0.0","","","","","","",""
"2016.0","9.0","19.0","263.0","646.28","0.09","0.87","0.0","5.26","0.87","4.55","0.0","0.0","0.0","0.0","37.4","81.08","324.31","162.15","286.91","243.23","0.0","","","","","","",""
"2016.0","9.0","20.0","264.0","646.28","0.09","0.86","0.0","5.95","0.86","5.11","0.0","0.0","0.0","0.0","42.51","81.08","324.31","162.15","281.8","243.23","0.0","","","","","","",""
"2016.0","9.0","21.0","265.0","646.28","0.08","0.85","0.0","5.65","0.85","4.81","0.0","0.0","0.0","0.0","47.32","81.08","324.31","162.15","276.99","243.23","0.0","","","","","","",""
"2016.0","9.0","22.0","266.0","646.28","0.08","0.84","0.0","4.38","0.84","3.7","0.0","0.0","0.0","0.0","51.02","81.08","324.31","162.15","273.29","243.23","0.0","","","","","","",""
"2016.0","9.0","23.0","267.0","646.28","0.08","0.84","0.0","4.65","0.84","3.9","0.0","0.0","0.0","0.0","54.91","81.08","324.31","162.15","269.4","243.23","0.0","","","","","","",""
"2016.0","9.0","24.0","268.0","646.28","0.08","0.83","0.0","4.71","0.83","3.91","0.0","0.0","0.0","0.0","58.82","81.08","324.31","162.15","265.48","243.23","0.0","","","","","","",""
"2016.0","9.0","25.0","269.0","646.28","0.08","0.82","0.0","4.31","0.82","3.55","0.0","0.0","0.0","0.0","62.38","81.08","324.31","162.15","261.93","243.23","0.0","","","","","","",""
"2016.0","9.0","26.0","270.0","646.28","0.08","0.82","0.0","4.55","0.82","3.72","0.0","0.0","0.0","0.0","66.09","81.08","324.31","162.15","258.21","243.23","0.0","","","","","","",""
"2016.0","9.0","27.0","271.0","646.28","0.08","0.81","0.0","4.71","0.81","3.82","0.0","0.0","0.0","0.0","69.91","81.08","324.31","162.15","254.4","243.23","0.0","","","","","","",""
"2016.0","9.0","28.0","272.0","646.28","0.08","0.8","0.0","4.84","0.8","3.89","0.0","0.0","0.0","0.0","73.8","81.08","324.31","162.15","250.51","243.23","0.0","","","","","","",""
"2016.0","9.0","29.0","273.0","646.28","0.08","0.8","0.0","4.79","0.8","3.82","0.0","0.0","0.0","0.0","77.62","81.08","324.31","162.15","246.69","243.23","0.0","","","","","","",""
"2016.0","9.0","30.0","274.0","646.28","0.08","0.79","0.0","3.68","0.79","2.91","0.46","0.46","0.0","0.0","80.07","81.08","324.31","162.15","244.24","243.23","0.0","","","","","","",""
