" Daily soil water balance output for Urban Landscape in 186_Sacramento DAU_Co within 05_Sacramento River for WY 2016","","","","","","","","","","","","","","","","","","","","","","","Monthly output for Urban Landscape in 186_Sacramento DAU_Co within 05_Sacramento River for WY 2016","","","","",""
"Year","Mon","Day","DOY"," Area","OKc","IKc","CCKc","ETo","Kc","ETc","Pcp","Er","Spg","Espg","SWD","SWDx","FC","PWP","SWC"," YT ","NA","","Year","Mon"," Area","ETo","ETc","ETc"
" #  "," # "," # ","  #","Acres","   ","   ","    "," mm","mm"," mm"," mm","mm"," mm"," mm "," mm"," mm ","mm"," mm"," mm"," mm"," mm","","#  "," # "," Acres"," mm"," mm","acre-ft"
"2015.0","10.0","1.0","274.0","7732.43","0.08","0.8","0.0","3.72","0.8","2.98","0.31","0.31","0.0","0.0","27.25","33.36","136.0","68.0","108.75","102.64","0.0","","2015.0","10.0","7732.43","109.48","87.57","2221.55149311"
"2015.0","10.0","2.0","275.0","7732.43","0.08","0.8","0.0","4.68","0.8","3.74","0.01","0.01","0.0","0.0","30.98","33.36","136.0","68.0","105.02","102.64","0.0","","2015.0","11.0","7732.43","47.05","49.12","1246.11864042"
"2015.0","10.0","3.0","276.0","7732.43","0.08","0.8","0.0","4.6","0.8","3.68","0.0","0.0","0.0","0.0","0.0","33.36","136.0","68.0","136.0","102.64","34.66","","2015.0","12.0","7732.43","31.7","35.89","910.488558727"
"2015.0","10.0","4.0","277.0","7732.43","0.08","0.8","0.0","3.75","0.8","3.0","1.24","1.24","0.0","0.0","1.76","33.36","136.0","68.0","134.24","102.64","0.0","","2016.0","1.0","7732.43","33.84","38.48","976.193918635"
"2015.0","10.0","5.0","278.0","7732.43","0.08","0.8","0.0","3.47","0.8","2.78","0.0","0.0","0.0","0.0","4.54","33.36","136.0","68.0","131.46","102.64","0.0","","2016.0","2.0","7732.43","60.28","52.63","1335.16335597"
"2015.0","10.0","6.0","279.0","7732.43","0.08","0.8","0.0","3.51","0.8","2.81","0.0","0.0","0.0","0.0","7.34","33.36","136.0","68.0","128.66","102.64","0.0","","2016.0","3.0","7732.43","82.2","72.98","1851.41975525"
"2015.0","10.0","7.0","280.0","7732.43","0.08","0.8","0.0","3.38","0.8","2.7","0.0","0.0","0.0","0.0","10.05","33.36","136.0","68.0","125.95","102.64","0.0","","2016.0","4.0","7732.43","131.42","109.92","2788.54562205"
"2015.0","10.0","8.0","281.0","7732.43","0.08","0.8","0.0","3.46","0.8","2.77","0.0","0.0","0.0","0.0","12.82","33.36","136.0","68.0","123.18","102.64","0.0","","2016.0","5.0","7732.43","165.51","132.4","3358.83770341"
"2015.0","10.0","9.0","282.0","7732.43","0.08","0.8","0.0","4.22","0.8","3.38","0.0","0.0","0.0","0.0","16.19","33.36","136.0","68.0","119.81","102.64","0.0","","2016.0","6.0","7732.43","208.5","166.8","4231.52665354"
"2015.0","10.0","10.0","283.0","7732.43","0.08","0.8","0.0","4.28","0.8","3.42","0.0","0.0","0.0","0.0","19.62","33.36","136.0","68.0","116.38","102.64","0.0","","2016.0","7.0","7732.43","223.67","178.95","4539.75836122"
"2015.0","10.0","11.0","284.0","7732.43","0.08","0.8","0.0","3.76","0.8","3.01","0.0","0.0","0.0","0.0","22.62","33.36","136.0","68.0","113.38","102.64","0.0","","2016.0","8.0","7732.43","198.43","158.75","4027.30729167"
"2015.0","10.0","12.0","285.0","7732.43","0.08","0.8","0.0","3.84","0.8","3.07","0.0","0.0","0.0","0.0","25.7","33.36","136.0","68.0","110.3","102.64","0.0","","2016.0","9.0","7732.43","145.06","116.05","2944.05676345"
"2015.0","10.0","13.0","286.0","7732.43","0.08","0.8","0.0","4.17","0.8","3.34","0.0","0.0","0.0","0.0","29.03","33.36","136.0","68.0","106.97","102.64","0.0","","","","","","",""
"2015.0","10.0","14.0","287.0","7732.43","0.08","0.8","0.0","4.29","0.8","3.43","0.0","0.0","0.0","0.0","32.46","33.36","136.0","68.0","103.54","102.64","0.0","","","","","","",""
"2015.0","10.0","15.0","288.0","7732.43","0.08","0.8","0.0","3.8","0.8","3.04","0.0","0.0","0.0","0.0","0.0","33.36","136.0","68.0","136.0","102.64","35.5","","","","","","",""
"2015.0","10.0","16.0","289.0","7732.43","0.08","0.8","0.0","3.93","0.8","3.14","0.0","0.0","0.0","0.0","3.14","33.36","136.0","68.0","132.86","102.64","0.0","","","","","","",""
"2015.0","10.0","17.0","290.0","7732.43","0.08","0.8","0.0","2.94","0.8","2.35","3.65","3.65","0.0","0.0","1.85","33.36","136.0","68.0","134.15","102.64","0.0","","","","","","",""
"2015.0","10.0","18.0","291.0","7732.43","0.08","0.8","0.0","2.53","0.8","2.02","0.28","0.28","0.0","0.0","3.59","33.36","136.0","68.0","132.41","102.64","0.0","","","","","","",""
"2015.0","10.0","19.0","292.0","7732.43","0.08","0.8","0.0","2.64","0.8","2.11","0.0","0.0","0.0","0.0","5.7","33.36","136.0","68.0","130.3","102.64","0.0","","","","","","",""
"2015.0","10.0","20.0","293.0","7732.43","0.08","0.8","0.0","4.6","0.8","3.68","0.0","0.0","0.0","0.0","9.38","33.36","136.0","68.0","126.62","102.64","0.0","","","","","","",""
"2015.0","10.0","21.0","294.0","7732.43","0.08","0.8","0.0","3.6","0.8","2.88","0.0","0.0","0.0","0.0","12.26","33.36","136.0","68.0","123.74","102.64","0.0","","","","","","",""
"2015.0","10.0","22.0","295.0","7732.43","0.08","0.8","0.0","3.17","0.8","2.54","0.0","0.0","0.0","0.0","14.8","33.36","136.0","68.0","121.2","102.64","0.0","","","","","","",""
"2015.0","10.0","23.0","296.0","7732.43","0.08","0.8","0.0","2.63","0.8","2.1","0.0","0.0","0.0","0.0","16.9","33.36","136.0","68.0","119.1","102.64","0.0","","","","","","",""
"2015.0","10.0","24.0","297.0","7732.43","0.08","0.8","0.0","2.58","0.8","2.06","0.0","0.0","0.0","0.0","18.97","33.36","136.0","68.0","117.03","102.64","0.0","","","","","","",""
"2015.0","10.0","25.0","298.0","7732.43","0.08","0.8","0.0","3.42","0.8","2.74","0.0","0.0","0.0","0.0","21.7","33.36","136.0","68.0","114.3","102.64","0.0","","","","","","",""
"2015.0","10.0","26.0","299.0","7732.43","0.08","0.8","0.0","2.53","0.8","2.02","0.0","0.0","0.0","0.0","23.73","33.36","136.0","68.0","112.27","102.64","0.0","","","","","","",""
"2015.0","10.0","27.0","300.0","7732.43","0.08","0.8","0.0","2.21","0.8","1.77","0.0","0.0","0.0","0.0","25.49","33.36","136.0","68.0","110.51","102.64","0.0","","","","","","",""
"2015.0","10.0","28.0","301.0","7732.43","0.08","0.8","0.0","2.19","0.8","1.75","0.0","0.0","0.0","0.0","27.25","33.36","136.0","68.0","108.75","102.64","0.0","","","","","","",""
"2015.0","10.0","29.0","302.0","7732.43","0.08","0.8","0.0","4.43","0.8","3.54","0.0","0.0","0.0","0.0","30.79","33.36","136.0","68.0","105.21","102.64","0.0","","","","","","",""
"2015.0","10.0","30.0","303.0","7732.43","0.08","0.8","0.0","3.79","0.8","3.03","0.0","0.0","0.0","0.0","0.0","33.36","136.0","68.0","136.0","102.64","33.82","","","","","","",""
"2015.0","10.0","31.0","304.0","7732.43","0.08","0.8","0.0","3.36","0.8","2.69","0.0","0.0","0.0","0.0","2.69","33.36","136.0","68.0","133.31","102.64","0.0","","","","","","",""
"2015.0","11.0","1.0","305.0","7732.43","0.08","0.8","0.0","1.87","0.8","1.5","0.09","0.09","0.0","0.0","4.09","33.36","136.0","68.0","131.91","102.64","0.0","","","","","","",""
"2015.0","11.0","2.0","306.0","7732.43","1.17","0.8","0.0","1.18","1.17","1.38","8.56","5.48","0.0","0.0","0.0","33.36","136.0","68.0","136.0","102.64","0.0","","","","","","",""
"2015.0","11.0","3.0","307.0","7732.43","1.13","0.8","0.0","2.15","1.13","2.44","7.73","2.44","0.0","0.0","0.0","33.36","136.0","68.0","136.0","102.64","0.0","","","","","","",""
"2015.0","11.0","4.0","308.0","7732.43","1.12","0.8","0.0","3.08","1.12","3.44","0.0","0.0","0.0","0.0","3.44","33.36","136.0","68.0","132.56","102.64","0.0","","","","","","",""
"2015.0","11.0","5.0","309.0","7732.43","1.05","0.8","0.0","1.7","1.05","1.78","0.0","0.0","0.0","0.0","5.22","33.36","136.0","68.0","130.78","102.64","0.0","","","","","","",""
"2015.0","11.0","6.0","310.0","7732.43","0.93","0.8","0.0","1.86","0.93","1.74","0.0","0.0","0.0","0.0","6.95","33.36","136.0","68.0","129.05","102.64","0.0","","","","","","",""
"2015.0","11.0","7.0","311.0","7732.43","0.86","0.8","0.0","1.67","0.86","1.43","0.0","0.0","0.0","0.0","8.39","33.36","136.0","68.0","127.61","102.64","0.0","","","","","","",""
"2015.0","11.0","8.0","312.0","7732.43","0.81","0.8","0.0","1.17","0.81","0.95","0.01","0.01","0.0","0.0","9.33","33.36","136.0","68.0","126.67","102.64","0.0","","","","","","",""
"2015.0","11.0","9.0","313.0","7732.43","1.18","0.8","0.0","0.98","1.18","1.16","5.2","5.2","0.0","0.0","5.29","33.36","136.0","68.0","130.71","102.64","0.0","","","","","","",""
"2015.0","11.0","10.0","314.0","7732.43","1.17","0.8","0.0","1.27","1.17","1.48","9.6","6.77","0.0","0.0","0.0","33.36","136.0","68.0","136.0","102.64","0.0","","","","","","",""
"2015.0","11.0","11.0","315.0","7732.43","1.17","0.8","0.0","1.21","1.17","1.42","0.0","0.0","0.0","0.0","1.42","33.36","136.0","68.0","134.58","102.64","0.0","","","","","","",""
"2015.0","11.0","12.0","316.0","7732.43","1.17","0.8","0.0","1.38","1.17","1.61","0.0","0.0","0.0","0.0","3.03","33.36","136.0","68.0","132.97","102.64","0.0","","","","","","",""
"2015.0","11.0","13.0","317.0","7732.43","1.17","0.8","0.0","1.33","1.17","1.55","0.0","0.0","0.0","0.0","4.58","33.36","136.0","68.0","131.42","102.64","0.0","","","","","","",""
"2015.0","11.0","14.0","318.0","7732.43","1.1","0.8","0.0","1.35","1.1","1.48","0.0","0.0","0.0","0.0","6.07","33.36","136.0","68.0","129.93","102.64","0.0","","","","","","",""
"2015.0","11.0","15.0","319.0","7732.43","1.15","0.8","0.0","1.72","1.15","1.98","1.52","1.52","0.0","0.0","6.53","33.36","136.0","68.0","129.47","102.64","0.0","","","","","","",""
"2015.0","11.0","16.0","320.0","7732.43","1.12","0.8","0.0","2.61","1.12","2.91","3.88","3.88","0.0","0.0","5.56","33.36","136.0","68.0","130.44","102.64","0.0","","","","","","",""
"2015.0","11.0","17.0","321.0","7732.43","1.14","0.8","0.0","1.43","1.14","1.63","0.0","0.0","0.0","0.0","7.19","33.36","136.0","68.0","128.81","102.64","0.0","","","","","","",""
"2015.0","11.0","18.0","322.0","7732.43","1.15","0.8","0.0","1.3","1.15","1.49","0.0","0.0","0.0","0.0","8.68","33.36","136.0","68.0","127.32","102.64","0.0","","","","","","",""
"2015.0","11.0","19.0","323.0","7732.43","1.08","0.8","0.0","1.32","1.08","1.43","0.0","0.0","0.0","0.0","10.11","33.36","136.0","68.0","125.89","102.64","0.0","","","","","","",""
"2015.0","11.0","20.0","324.0","7732.43","0.97","0.8","0.0","1.63","0.97","1.58","0.0","0.0","0.0","0.0","11.69","33.36","136.0","68.0","124.31","102.64","0.0","","","","","","",""
"2015.0","11.0","21.0","325.0","7732.43","0.89","0.8","0.0","1.47","0.89","1.31","0.0","0.0","0.0","0.0","13.0","33.36","136.0","68.0","123.0","102.64","0.0","","","","","","",""
"2015.0","11.0","22.0","326.0","7732.43","0.84","0.8","0.0","1.31","0.84","1.1","0.0","0.0","0.0","0.0","14.1","33.36","136.0","68.0","121.9","102.64","0.0","","","","","","",""
"2015.0","11.0","23.0","327.0","7732.43","0.79","0.8","0.0","1.51","0.8","1.21","0.0","0.0","0.0","0.0","15.31","33.36","136.0","68.0","120.69","102.64","0.0","","","","","","",""
"2015.0","11.0","24.0","328.0","7732.43","0.75","0.8","0.0","1.35","0.8","1.08","0.0","0.0","0.0","0.0","16.39","33.36","136.0","68.0","119.61","102.64","0.0","","","","","","",""
"2015.0","11.0","25.0","329.0","7732.43","1.18","0.8","0.0","1.01","1.18","1.19","1.7","1.7","0.0","0.0","15.88","33.36","136.0","68.0","120.12","102.64","0.0","","","","","","",""
"2015.0","11.0","26.0","330.0","7732.43","1.17","0.8","0.0","1.71","1.17","1.99","0.0","0.0","0.0","0.0","17.88","33.36","136.0","68.0","118.12","102.64","0.0","","","","","","",""
"2015.0","11.0","27.0","331.0","7732.43","1.15","0.8","0.0","2.43","1.15","2.8","0.0","0.0","0.0","0.0","20.68","33.36","136.0","68.0","115.32","102.64","0.0","","","","","","",""
"2015.0","11.0","28.0","332.0","7732.43","1.07","0.8","0.0","1.65","1.07","1.77","0.0","0.0","0.0","0.0","22.44","33.36","136.0","68.0","113.56","102.64","0.0","","","","","","",""
"2015.0","11.0","29.0","333.0","7732.43","0.98","0.8","0.0","1.37","0.98","1.34","0.0","0.0","0.0","0.0","23.78","33.36","136.0","68.0","112.22","102.64","0.0","","","","","","",""
"2015.0","11.0","30.0","334.0","7732.43","0.92","0.8","0.0","1.03","0.92","0.95","0.0","0.0","0.0","0.0","24.73","33.36","136.0","68.0","111.27","102.64","0.0","","","","","","",""
"2015.0","12.0","1.0","335.0","7732.43","0.87","0.8","0.0","1.18","0.87","1.03","0.0","0.0","0.0","0.0","25.76","34.0","136.0","68.0","110.24","102.0","0.0","","","","","","",""
"2015.0","12.0","2.0","336.0","7732.43","0.83","0.8","0.0","1.11","0.83","0.92","0.0","0.0","0.0","0.0","26.67","34.0","136.0","68.0","109.33","102.0","0.0","","","","","","",""
"2015.0","12.0","3.0","337.0","7732.43","0.79","0.8","0.0","1.17","0.8","0.94","0.0","0.0","0.0","0.0","27.61","34.0","136.0","68.0","108.39","102.0","0.0","","","","","","",""
"2015.0","12.0","4.0","338.0","7732.43","1.18","0.8","0.0","1.01","1.18","1.19","8.04","8.04","0.0","0.0","20.76","34.0","136.0","68.0","115.24","102.0","0.0","","","","","","",""
"2015.0","12.0","5.0","339.0","7732.43","1.18","0.8","0.0","0.78","1.18","0.92","0.0","0.0","0.0","0.0","21.69","34.0","136.0","68.0","114.31","102.0","0.0","","","","","","",""
"2015.0","12.0","6.0","340.0","7732.43","1.18","0.8","0.0","1.23","1.18","1.45","0.02","0.02","0.0","0.0","23.12","34.0","136.0","68.0","112.88","102.0","0.0","","","","","","",""
"2015.0","12.0","7.0","341.0","7732.43","1.18","0.8","0.0","0.92","1.18","1.09","0.0","0.0","0.0","0.0","24.2","34.0","136.0","68.0","111.8","102.0","0.0","","","","","","",""
"2015.0","12.0","8.0","342.0","7732.43","1.18","0.8","0.0","0.57","1.18","0.67","0.0","0.0","0.0","0.0","24.88","34.0","136.0","68.0","111.12","102.0","0.0","","","","","","",""
"2015.0","12.0","9.0","343.0","7732.43","1.18","0.8","0.0","0.94","1.18","1.11","0.0","0.0","0.0","0.0","25.99","34.0","136.0","68.0","110.01","102.0","0.0","","","","","","",""
"2015.0","12.0","10.0","344.0","7732.43","1.17","0.8","0.0","1.34","1.17","1.56","1.01","1.01","0.0","0.0","26.54","34.0","136.0","68.0","109.46","102.0","0.0","","","","","","",""
"2015.0","12.0","11.0","345.0","7732.43","1.18","0.8","0.0","1.06","1.18","1.25","4.97","4.97","0.0","0.0","22.82","34.0","136.0","68.0","113.18","102.0","0.0","","","","","","",""
"2015.0","12.0","12.0","346.0","7732.43","1.18","0.8","0.0","0.83","1.18","0.98","0.22","0.22","0.0","0.0","23.58","34.0","136.0","68.0","112.42","102.0","0.0","","","","","","",""
"2015.0","12.0","13.0","347.0","7732.43","1.18","0.8","0.0","1.24","1.18","1.46","0.0","0.0","0.0","0.0","25.04","34.0","136.0","68.0","110.96","102.0","0.0","","","","","","",""
"2015.0","12.0","14.0","348.0","7732.43","1.16","0.8","0.0","1.55","1.16","1.79","10.32","10.32","0.0","0.0","16.52","34.0","136.0","68.0","119.48","102.0","0.0","","","","","","",""
"2015.0","12.0","15.0","349.0","7732.43","1.15","0.8","0.0","1.99","1.15","2.29","0.0","0.0","0.0","0.0","18.81","34.0","136.0","68.0","117.19","102.0","0.0","","","","","","",""
"2015.0","12.0","16.0","350.0","7732.43","1.16","0.8","0.0","0.87","1.16","1.01","0.0","0.0","0.0","0.0","19.82","34.0","136.0","68.0","116.18","102.0","0.0","","","","","","",""
"2015.0","12.0","17.0","351.0","7732.43","1.17","0.8","0.0","0.97","1.17","1.13","0.0","0.0","0.0","0.0","20.95","34.0","136.0","68.0","115.05","102.0","0.0","","","","","","",""
"2015.0","12.0","18.0","352.0","7732.43","1.1","0.8","0.0","1.19","1.1","1.3","0.0","0.0","0.0","0.0","22.25","34.0","136.0","68.0","113.75","102.0","0.0","","","","","","",""
"2015.0","12.0","19.0","353.0","7732.43","1.19","0.8","0.0","0.69","1.19","0.82","9.85","9.85","0.0","0.0","13.22","34.0","136.0","68.0","122.78","102.0","0.0","","","","","","",""
"2015.0","12.0","20.0","354.0","7732.43","1.2","0.8","0.0","0.59","1.2","0.71","0.69","0.69","0.0","0.0","13.24","34.0","136.0","68.0","122.76","102.0","0.0","","","","","","",""
"2015.0","12.0","21.0","355.0","7732.43","1.2","0.8","0.0","0.6","1.2","0.72","4.36","4.36","0.0","0.0","9.6","34.0","136.0","68.0","126.4","102.0","0.0","","","","","","",""
"2015.0","12.0","22.0","356.0","7732.43","1.18","0.8","0.0","1.09","1.18","1.28","6.61","6.61","0.0","0.0","4.27","34.0","136.0","68.0","131.73","102.0","0.0","","","","","","",""
"2015.0","12.0","23.0","357.0","7732.43","1.17","0.8","0.0","1.31","1.17","1.54","0.0","0.0","0.0","0.0","5.8","34.0","136.0","68.0","130.2","102.0","0.0","","","","","","",""
"2015.0","12.0","24.0","358.0","7732.43","1.17","0.8","0.0","0.99","1.17","1.16","0.08","0.08","0.0","0.0","6.89","34.0","136.0","68.0","129.11","102.0","0.0","","","","","","",""
"2015.0","12.0","25.0","359.0","7732.43","1.19","0.8","0.0","0.86","1.19","1.02","2.31","2.31","0.0","0.0","5.6","34.0","136.0","68.0","130.4","102.0","0.0","","","","","","",""
"2015.0","12.0","26.0","360.0","7732.43","1.17","0.8","0.0","1.53","1.17","1.79","0.0","0.0","0.0","0.0","7.39","34.0","136.0","68.0","128.61","102.0","0.0","","","","","","",""
"2015.0","12.0","27.0","361.0","7732.43","1.18","0.8","0.0","0.58","1.18","0.68","0.0","0.0","0.0","0.0","8.08","34.0","136.0","68.0","127.92","102.0","0.0","","","","","","",""
"2015.0","12.0","28.0","362.0","7732.43","1.18","0.8","0.0","0.72","1.18","0.85","0.73","0.73","0.0","0.0","8.2","34.0","136.0","68.0","127.8","102.0","0.0","","","","","","",""
"2015.0","12.0","29.0","363.0","7732.43","1.18","0.8","0.0","0.93","1.18","1.1","0.11","0.11","0.0","0.0","9.19","34.0","136.0","68.0","126.81","102.0","0.0","","","","","","",""
"2015.0","12.0","30.0","364.0","7732.43","1.18","0.8","0.0","0.79","1.18","0.94","0.0","0.0","0.0","0.0","10.12","34.0","136.0","68.0","125.88","102.0","0.0","","","","","","",""
"2015.0","12.0","31.0","365.0","7732.43","1.11","0.8","0.0","1.07","1.11","1.19","0.0","0.0","0.0","0.0","11.31","34.0","136.0","68.0","124.69","102.0","0.0","","","","","","",""
"2016.0","1.0","1.0","1.0","7732.43","1.01","0.8","0.0","1.41","1.01","1.42","0.0","0.0","0.0","0.0","12.73","34.0","136.0","68.0","123.27","102.0","0.0","","","","","","",""
"2016.0","1.0","2.0","2.0","7732.43","0.94","0.8","0.0","1.2","0.94","1.12","0.0","0.0","0.0","0.0","13.85","32.57","136.0","68.0","122.15","103.43","0.0","","","","","","",""
"2016.0","1.0","3.0","3.0","7732.43","0.88","0.8","0.0","1.21","0.88","1.06","0.0","0.0","0.0","0.0","14.92","32.57","136.0","68.0","121.08","103.43","0.0","","","","","","",""
"2016.0","1.0","4.0","4.0","7732.43","0.84","0.8","0.0","0.9","0.84","0.76","0.26","0.26","0.0","0.0","15.42","32.57","136.0","68.0","120.58","103.43","0.0","","","","","","",""
"2016.0","1.0","5.0","5.0","7732.43","1.18","0.8","0.0","0.88","1.18","1.04","17.13","16.46","0.0","0.0","0.0","32.57","136.0","68.0","136.0","103.43","0.0","","","","","","",""
"2016.0","1.0","6.0","6.0","7732.43","1.19","0.8","0.0","0.83","1.19","0.99","15.6","0.99","0.0","0.0","0.0","32.57","136.0","68.0","136.0","103.43","0.0","","","","","","",""
"2016.0","1.0","7.0","7.0","7732.43","1.2","0.8","0.0","0.59","1.2","0.71","11.68","0.71","0.0","0.0","0.0","32.57","136.0","68.0","136.0","103.43","0.0","","","","","","",""
"2016.0","1.0","8.0","8.0","7732.43","1.2","0.8","0.0","0.64","1.2","0.77","0.03","0.03","0.0","0.0","0.74","32.57","136.0","68.0","135.26","103.43","0.0","","","","","","",""
"2016.0","1.0","9.0","9.0","7732.43","1.19","0.8","0.0","0.83","1.19","0.99","1.87","1.72","0.0","0.0","0.0","32.57","136.0","68.0","136.0","103.43","0.0","","","","","","",""
"2016.0","1.0","10.0","10.0","7732.43","1.18","0.8","0.0","0.9","1.18","1.07","1.03","1.03","0.0","0.0","0.04","32.57","136.0","68.0","135.96","103.43","0.0","","","","","","",""
"2016.0","1.0","11.0","11.0","7732.43","1.18","0.8","0.0","1.0","1.18","1.18","0.01","0.01","0.0","0.0","1.21","32.57","136.0","68.0","134.79","103.43","0.0","","","","","","",""
"2016.0","1.0","12.0","12.0","7732.43","1.18","0.8","0.0","1.0","1.18","1.18","0.07","0.07","0.0","0.0","2.32","32.57","136.0","68.0","133.68","103.43","0.0","","","","","","",""
"2016.0","1.0","13.0","13.0","7732.43","1.16","0.8","0.0","1.39","1.16","1.62","3.1","3.1","0.0","0.0","0.84","32.57","136.0","68.0","135.16","103.43","0.0","","","","","","",""
"2016.0","1.0","14.0","14.0","7732.43","1.19","0.8","0.0","0.68","1.19","0.81","2.61","1.65","0.0","0.0","0.0","32.57","136.0","68.0","136.0","103.43","0.0","","","","","","",""
"2016.0","1.0","15.0","15.0","7732.43","1.19","0.8","0.0","0.81","1.19","0.96","2.78","0.96","0.0","0.0","0.0","32.57","136.0","68.0","136.0","103.43","0.0","","","","","","",""
"2016.0","1.0","16.0","16.0","7732.43","1.19","0.8","0.0","0.83","1.19","0.99","6.23","0.99","0.0","0.0","0.0","32.57","136.0","68.0","136.0","103.43","0.0","","","","","","",""
"2016.0","1.0","17.0","17.0","7732.43","1.19","0.8","0.0","0.84","1.19","1.0","1.7","1.0","0.0","0.0","0.0","32.57","136.0","68.0","136.0","103.43","0.0","","","","","","",""
"2016.0","1.0","18.0","18.0","7732.43","1.17","0.8","0.0","1.2","1.17","1.41","33.21","1.41","0.0","0.0","0.0","32.57","136.0","68.0","136.0","103.43","0.0","","","","","","",""
"2016.0","1.0","19.0","19.0","7732.43","1.17","0.8","0.0","1.3","1.17","1.52","4.36","1.52","0.0","0.0","0.0","32.57","136.0","68.0","136.0","103.43","0.0","","","","","","",""
"2016.0","1.0","20.0","20.0","7732.43","1.18","0.8","0.0","1.04","1.18","1.23","18.88","1.23","0.0","0.0","0.0","32.57","136.0","68.0","136.0","103.43","0.0","","","","","","",""
"2016.0","1.0","21.0","21.0","7732.43","1.18","0.8","0.0","1.16","1.18","1.36","0.04","0.04","0.0","0.0","1.32","32.57","136.0","68.0","134.68","103.43","0.0","","","","","","",""
"2016.0","1.0","22.0","22.0","7732.43","1.17","0.8","0.0","1.18","1.17","1.39","0.78","0.78","0.0","0.0","1.93","32.57","136.0","68.0","134.07","103.43","0.0","","","","","","",""
"2016.0","1.0","23.0","23.0","7732.43","1.16","0.8","0.0","1.41","1.16","1.64","11.27","3.57","0.0","0.0","0.0","32.57","136.0","68.0","136.0","103.43","0.0","","","","","","",""
"2016.0","1.0","24.0","24.0","7732.43","1.18","0.8","0.0","1.1","1.18","1.29","1.48","1.29","0.0","0.0","0.0","32.57","136.0","68.0","136.0","103.43","0.0","","","","","","",""
"2016.0","1.0","25.0","25.0","7732.43","1.17","0.8","0.0","1.2","1.17","1.41","0.39","0.39","0.0","0.0","1.02","32.57","136.0","68.0","134.98","103.43","0.0","","","","","","",""
"2016.0","1.0","26.0","26.0","7732.43","1.18","0.8","0.0","1.03","1.18","1.21","0.0","0.0","0.0","0.0","2.23","32.57","136.0","68.0","133.77","103.43","0.0","","","","","","",""
"2016.0","1.0","27.0","27.0","7732.43","1.17","0.8","0.0","1.39","1.17","1.63","0.0","0.0","0.0","0.0","3.86","32.57","136.0","68.0","132.14","103.43","0.0","","","","","","",""
"2016.0","1.0","28.0","28.0","7732.43","1.17","0.8","0.0","0.92","1.17","1.08","0.0","0.0","0.0","0.0","4.94","32.57","136.0","68.0","131.06","103.43","0.0","","","","","","",""
"2016.0","1.0","29.0","29.0","7732.43","1.09","0.8","0.0","1.06","1.09","1.15","0.41","0.41","0.0","0.0","5.69","32.57","136.0","68.0","130.31","103.43","0.0","","","","","","",""
"2016.0","1.0","30.0","30.0","7732.43","1.16","0.8","0.0","1.52","1.16","1.76","7.13","7.13","0.0","0.0","0.32","32.57","136.0","68.0","135.68","103.43","0.0","","","","","","",""
"2016.0","1.0","31.0","31.0","7732.43","1.14","0.8","0.0","2.39","1.14","2.73","0.24","0.24","0.0","0.0","2.81","32.57","136.0","68.0","133.19","103.43","0.0","","","","","","",""
"2016.0","2.0","1.0","32.0","7732.43","1.08","0.8","0.0","2.61","1.08","2.83","0.0","0.0","0.0","0.0","5.63","32.57","136.0","68.0","130.37","103.43","0.0","","","","","","",""
"2016.0","2.0","2.0","33.0","7732.43","1.01","0.8","0.0","1.08","1.01","1.09","0.01","0.01","0.0","0.0","6.71","32.57","136.0","68.0","129.29","103.43","0.0","","","","","","",""
"2016.0","2.0","3.0","34.0","7732.43","0.95","0.8","0.0","1.05","0.95","1.0","0.77","0.77","0.0","0.0","6.94","32.57","136.0","68.0","129.06","103.43","0.0","","","","","","",""
"2016.0","2.0","4.0","35.0","7732.43","0.87","0.8","0.0","1.54","0.87","1.35","0.0","0.0","0.0","0.0","8.29","32.57","136.0","68.0","127.71","103.43","0.0","","","","","","",""
"2016.0","2.0","5.0","36.0","7732.43","0.82","0.8","0.0","1.4","0.82","1.15","0.0","0.0","0.0","0.0","9.43","32.57","136.0","68.0","126.57","103.43","0.0","","","","","","",""
"2016.0","2.0","6.0","37.0","7732.43","0.77","0.8","0.0","1.65","0.8","1.32","0.0","0.0","0.0","0.0","10.75","32.57","136.0","68.0","125.25","103.43","0.0","","","","","","",""
"2016.0","2.0","7.0","38.0","7732.43","0.72","0.8","0.0","1.94","0.8","1.55","0.0","0.0","0.0","0.0","12.31","32.57","136.0","68.0","123.69","103.43","0.0","","","","","","",""
"2016.0","2.0","8.0","39.0","7732.43","0.67","0.8","0.0","2.07","0.8","1.66","0.0","0.0","0.0","0.0","13.96","32.57","136.0","68.0","122.04","103.43","0.0","","","","","","",""
"2016.0","2.0","9.0","40.0","7732.43","0.64","0.8","0.0","1.97","0.8","1.58","0.0","0.0","0.0","0.0","15.54","32.57","136.0","68.0","120.46","103.43","0.0","","","","","","",""
"2016.0","2.0","10.0","41.0","7732.43","0.61","0.8","0.0","1.94","0.8","1.55","0.0","0.0","0.0","0.0","17.09","32.57","136.0","68.0","118.91","103.43","0.0","","","","","","",""
"2016.0","2.0","11.0","42.0","7732.43","0.58","0.8","0.0","1.78","0.8","1.42","0.0","0.0","0.0","0.0","18.51","32.57","136.0","68.0","117.49","103.43","0.0","","","","","","",""
"2016.0","2.0","12.0","43.0","7732.43","0.56","0.8","0.0","1.87","0.8","1.5","0.0","0.0","0.0","0.0","20.01","32.57","136.0","68.0","115.99","103.43","0.0","","","","","","",""
"2016.0","2.0","13.0","44.0","7732.43","0.53","0.8","0.0","2.36","0.8","1.89","0.0","0.0","0.0","0.0","21.9","32.57","136.0","68.0","114.1","103.43","0.0","","","","","","",""
"2016.0","2.0","14.0","45.0","7732.43","0.5","0.8","0.0","3.19","0.8","2.55","0.0","0.0","0.0","0.0","24.45","32.57","136.0","68.0","111.55","103.43","0.0","","","","","","",""
"2016.0","2.0","15.0","46.0","7732.43","0.48","0.8","0.0","2.59","0.8","2.07","0.0","0.0","0.0","0.0","26.52","32.57","136.0","68.0","109.48","103.43","0.0","","","","","","",""
"2016.0","2.0","16.0","47.0","7732.43","0.47","0.8","0.0","2.13","0.8","1.7","0.0","0.0","0.0","0.0","28.23","32.57","136.0","68.0","107.77","103.43","0.0","","","","","","",""
"2016.0","2.0","17.0","48.0","7732.43","0.45","0.8","0.0","2.7","0.8","2.16","0.16","0.16","0.0","0.0","30.23","32.57","136.0","68.0","105.77","103.43","0.0","","","","","","",""
"2016.0","2.0","18.0","49.0","7732.43","1.14","0.8","0.0","1.89","1.14","2.16","14.56","14.56","0.0","0.0","17.83","32.57","136.0","68.0","118.17","103.43","0.0","","","","","","",""
"2016.0","2.0","19.0","50.0","7732.43","1.16","0.8","0.0","1.61","1.16","1.86","4.22","4.22","0.0","0.0","15.47","32.57","136.0","68.0","120.53","103.43","0.0","","","","","","",""
"2016.0","2.0","20.0","51.0","7732.43","1.15","0.8","0.0","1.8","1.15","2.07","0.07","0.07","0.0","0.0","17.47","32.57","136.0","68.0","118.53","103.43","0.0","","","","","","",""
"2016.0","2.0","21.0","52.0","7732.43","1.15","0.8","0.0","1.98","1.15","2.27","0.0","0.0","0.0","0.0","19.75","32.57","136.0","68.0","116.25","103.43","0.0","","","","","","",""
"2016.0","2.0","22.0","53.0","7732.43","0.97","0.8","0.0","2.75","0.97","2.67","0.0","0.0","0.0","0.0","22.42","32.57","136.0","68.0","113.58","103.43","0.0","","","","","","",""
"2016.0","2.0","23.0","54.0","7732.43","0.85","0.8","0.0","2.39","0.85","2.04","0.0","0.0","0.0","0.0","24.46","32.57","136.0","68.0","111.54","103.43","0.0","","","","","","",""
"2016.0","2.0","24.0","55.0","7732.43","0.78","0.8","0.0","2.24","0.8","1.79","0.0","0.0","0.0","0.0","26.25","32.57","136.0","68.0","109.75","103.43","0.0","","","","","","",""
"2016.0","2.0","25.0","56.0","7732.43","0.71","0.8","0.0","2.36","0.8","1.89","0.0","0.0","0.0","0.0","28.14","32.57","136.0","68.0","107.86","103.43","0.0","","","","","","",""
"2016.0","2.0","26.0","57.0","7732.43","0.66","0.8","0.0","2.4","0.8","1.92","0.0","0.0","0.0","0.0","30.06","32.57","136.0","68.0","105.94","103.43","0.0","","","","","","",""
"2016.0","2.0","27.0","58.0","7732.43","0.62","0.8","0.0","2.15","0.8","1.72","0.0","0.0","0.0","0.0","31.78","32.57","136.0","68.0","104.22","103.43","0.0","","","","","","",""
"2016.0","2.0","28.0","59.0","7732.43","0.59","0.8","0.0","2.13","0.8","1.7","0.0","0.0","0.0","0.0","0.0","32.57","136.0","68.0","136.0","103.43","33.49","","","","","","",""
"2016.0","2.0","29.0","60.0","7732.43","0.56","0.8","0.0","2.71","0.8","2.17","0.0","0.0","0.0","0.0","2.17","32.57","136.0","68.0","133.83","103.43","0.0","","","","","","",""
"2016.0","3.0","1.0","61.0","7732.43","0.53","0.8","0.0","3.04","0.8","2.43","0.0","0.0","0.0","0.0","4.6","32.57","136.0","68.0","131.4","103.43","0.0","","","","","","",""
"2016.0","3.0","2.0","62.0","7732.43","0.5","0.8","0.0","2.67","0.8","2.14","0.0","0.0","0.0","0.0","6.74","32.57","136.0","68.0","129.26","103.43","0.0","","","","","","",""
"2016.0","3.0","3.0","63.0","7732.43","0.49","0.8","0.0","1.82","0.8","1.46","0.0","0.0","0.0","0.0","8.19","32.57","136.0","68.0","127.81","103.43","0.0","","","","","","",""
"2016.0","3.0","4.0","64.0","7732.43","0.48","0.8","0.0","1.59","0.8","1.27","0.12","0.12","0.0","0.0","9.34","32.57","136.0","68.0","126.66","103.43","0.0","","","","","","",""
"2016.0","3.0","5.0","65.0","7732.43","1.17","0.8","0.0","1.24","1.17","1.45","14.73","10.8","0.0","0.0","0.0","32.57","136.0","68.0","136.0","103.43","0.0","","","","","","",""
"2016.0","3.0","6.0","66.0","7732.43","1.13","0.8","0.0","2.18","1.13","2.47","32.4","2.47","0.0","0.0","0.0","32.57","136.0","68.0","136.0","103.43","0.0","","","","","","",""
"2016.0","3.0","7.0","67.0","7732.43","1.16","0.8","0.0","1.54","1.16","1.78","15.78","1.78","0.0","0.0","0.0","32.57","136.0","68.0","136.0","103.43","0.0","","","","","","",""
"2016.0","3.0","8.0","68.0","7732.43","1.15","0.8","0.0","1.8","1.15","2.07","3.3","2.07","0.0","0.0","0.0","32.57","136.0","68.0","136.0","103.43","0.0","","","","","","",""
"2016.0","3.0","9.0","69.0","7732.43","1.15","0.8","0.0","1.9","1.15","2.18","0.05","0.05","0.0","0.0","2.13","32.57","136.0","68.0","133.87","103.43","0.0","","","","","","",""
"2016.0","3.0","10.0","70.0","7732.43","1.15","0.8","0.0","1.42","1.15","1.64","0.15","0.15","0.0","0.0","3.61","32.57","136.0","68.0","132.39","103.43","0.0","","","","","","",""
"2016.0","3.0","11.0","71.0","7732.43","1.16","0.8","0.0","1.46","1.16","1.7","10.49","5.31","0.0","0.0","0.0","32.57","136.0","68.0","136.0","103.43","0.0","","","","","","",""
"2016.0","3.0","12.0","72.0","7732.43","1.16","0.8","0.0","1.62","1.16","1.87","13.25","1.87","0.0","0.0","0.0","32.57","136.0","68.0","136.0","103.43","0.0","","","","","","",""
"2016.0","3.0","13.0","73.0","7732.43","1.17","0.8","0.0","1.18","1.17","1.38","13.26","1.38","0.0","0.0","0.0","32.57","136.0","68.0","136.0","103.43","0.0","","","","","","",""
"2016.0","3.0","14.0","74.0","7732.43","1.12","0.8","0.0","2.5","1.12","2.8","15.83","2.8","0.0","0.0","0.0","32.57","136.0","68.0","136.0","103.43","0.0","","","","","","",""
"2016.0","3.0","15.0","75.0","7732.43","1.11","0.8","0.0","3.07","1.11","3.4","0.0","0.0","0.0","0.0","3.4","32.57","136.0","68.0","132.6","103.43","0.0","","","","","","",""
"2016.0","3.0","16.0","76.0","7732.43","0.93","0.8","0.0","3.13","0.93","2.9","0.0","0.0","0.0","0.0","6.3","32.57","136.0","68.0","129.7","103.43","0.0","","","","","","",""
"2016.0","3.0","17.0","77.0","7732.43","0.79","0.8","0.0","3.17","0.8","2.54","0.0","0.0","0.0","0.0","8.84","32.57","136.0","68.0","127.16","103.43","0.0","","","","","","",""
"2016.0","3.0","18.0","78.0","7732.43","0.7","0.8","0.0","3.2","0.8","2.56","0.0","0.0","0.0","0.0","11.4","32.57","136.0","68.0","124.6","103.43","0.0","","","","","","",""
"2016.0","3.0","19.0","79.0","7732.43","0.64","0.8","0.0","3.21","0.8","2.57","0.0","0.0","0.0","0.0","13.97","32.57","136.0","68.0","122.03","103.43","0.0","","","","","","",""
"2016.0","3.0","20.0","80.0","7732.43","0.6","0.8","0.0","2.31","0.8","1.85","0.01","0.01","0.0","0.0","15.8","32.57","136.0","68.0","120.2","103.43","0.0","","","","","","",""
"2016.0","3.0","21.0","81.0","7732.43","0.57","0.8","0.0","2.31","0.8","1.85","2.0","2.0","0.0","0.0","15.65","32.57","136.0","68.0","120.35","103.43","0.0","","","","","","",""
"2016.0","3.0","22.0","82.0","7732.43","0.54","0.8","0.0","2.93","0.8","2.34","1.33","1.33","0.0","0.0","16.67","32.57","136.0","68.0","119.33","103.43","0.0","","","","","","",""
"2016.0","3.0","23.0","83.0","7732.43","0.51","0.8","0.0","3.37","0.8","2.7","0.0","0.0","0.0","0.0","19.36","32.57","136.0","68.0","116.64","103.43","0.0","","","","","","",""
"2016.0","3.0","24.0","84.0","7732.43","0.48","0.8","0.0","3.22","0.8","2.58","0.0","0.0","0.0","0.0","21.94","32.57","136.0","68.0","114.06","103.43","0.0","","","","","","",""
"2016.0","3.0","25.0","85.0","7732.43","0.45","0.8","0.0","3.7","0.8","2.96","0.0","0.0","0.0","0.0","24.9","32.57","136.0","68.0","111.1","103.43","0.0","","","","","","",""
"2016.0","3.0","26.0","86.0","7732.43","0.43","0.8","0.0","4.43","0.8","3.54","0.0","0.0","0.0","0.0","28.44","32.57","136.0","68.0","107.56","103.43","0.0","","","","","","",""
"2016.0","3.0","27.0","87.0","7732.43","0.41","0.8","0.0","3.46","0.8","2.77","0.0","0.0","0.0","0.0","31.21","32.57","136.0","68.0","104.79","103.43","0.0","","","","","","",""
"2016.0","3.0","28.0","88.0","7732.43","0.39","0.8","0.0","3.49","0.8","2.79","0.0","0.0","0.0","0.0","0.0","32.57","136.0","68.0","136.0","103.43","34.0","","","","","","",""
"2016.0","3.0","29.0","89.0","7732.43","0.38","0.8","0.0","3.81","0.8","3.05","0.0","0.0","0.0","0.0","3.05","32.57","136.0","68.0","132.95","103.43","0.0","","","","","","",""
"2016.0","3.0","30.0","90.0","7732.43","0.37","0.8","0.0","3.64","0.8","2.91","0.0","0.0","0.0","0.0","5.96","32.57","136.0","68.0","130.04","103.43","0.0","","","","","","",""
"2016.0","3.0","31.0","91.0","7732.43","0.35","0.8","0.0","3.79","0.8","3.03","0.0","0.0","0.0","0.0","8.99","32.57","136.0","68.0","127.01","103.43","0.0","","","","","","",""
"2016.0","4.0","1.0","92.0","7732.43","0.34","0.8","0.0","3.7","0.8","2.96","0.0","0.0","0.0","0.0","11.95","32.57","136.0","68.0","124.05","103.43","0.0","","","","","","",""
"2016.0","4.0","2.0","93.0","7732.43","0.33","0.8","0.0","3.75","0.8","3.0","0.0","0.0","0.0","0.0","14.95","32.57","136.0","68.0","121.05","103.43","0.0","","","","","","",""
"2016.0","4.0","3.0","94.0","7732.43","0.32","0.8","0.0","4.13","0.8","3.3","0.0","0.0","0.0","0.0","18.26","32.57","136.0","68.0","117.74","103.43","0.0","","","","","","",""
"2016.0","4.0","4.0","95.0","7732.43","0.31","0.8","0.0","4.26","0.8","3.41","0.0","0.0","0.0","0.0","21.66","32.57","136.0","68.0","114.34","103.43","0.0","","","","","","",""
"2016.0","4.0","5.0","96.0","7732.43","0.3","0.8","0.0","5.69","0.8","4.55","0.0","0.0","0.0","0.0","26.22","32.57","136.0","68.0","109.78","103.43","0.0","","","","","","",""
"2016.0","4.0","6.0","97.0","7732.43","0.29","0.8","0.0","4.96","0.8","3.97","0.0","0.0","0.0","0.0","30.18","32.57","136.0","68.0","105.82","103.43","0.0","","","","","","",""
"2016.0","4.0","7.0","98.0","7732.43","0.29","0.8","0.0","4.35","0.8","3.48","0.0","0.0","0.0","0.0","0.0","32.57","136.0","68.0","136.0","103.43","33.66","","","","","","",""
"2016.0","4.0","8.0","99.0","7732.43","0.28","0.8","0.0","3.62","0.8","2.9","0.09","0.09","0.0","0.0","2.81","32.57","136.0","68.0","133.19","103.43","0.0","","","","","","",""
"2016.0","4.0","9.0","100.0","7732.43","0.28","0.8","0.0","1.46","0.8","1.17","2.1","2.1","0.0","0.0","1.87","32.57","136.0","68.0","134.13","103.43","0.0","","","","","","",""
"2016.0","4.0","10.0","101.0","7732.43","1.13","0.8","0.0","2.22","1.13","2.51","12.23","4.39","0.0","0.0","0.0","32.57","136.0","68.0","136.0","103.43","0.0","","","","","","",""
"2016.0","4.0","11.0","102.0","7732.43","1.11","0.8","0.0","3.41","1.11","3.78","0.64","0.64","0.0","0.0","3.14","32.57","136.0","68.0","132.86","103.43","0.0","","","","","","",""
"2016.0","4.0","12.0","103.0","7732.43","0.9","0.8","0.0","3.53","0.9","3.18","0.0","0.0","0.0","0.0","6.31","32.57","136.0","68.0","129.69","103.43","0.0","","","","","","",""
"2016.0","4.0","13.0","104.0","7732.43","0.74","0.8","0.0","4.28","0.8","3.42","0.0","0.0","0.0","0.0","9.74","32.57","136.0","68.0","126.26","103.43","0.0","","","","","","",""
"2016.0","4.0","14.0","105.0","7732.43","0.65","0.8","0.0","4.02","0.8","3.22","1.01","1.01","0.0","0.0","11.94","32.57","136.0","68.0","124.06","103.43","0.0","","","","","","",""
"2016.0","4.0","15.0","106.0","7732.43","0.56","0.8","0.0","5.42","0.8","4.34","0.0","0.0","0.0","0.0","16.28","32.57","136.0","68.0","119.72","103.43","0.0","","","","","","",""
"2016.0","4.0","16.0","107.0","7732.43","0.5","0.8","0.0","5.44","0.8","4.35","0.0","0.0","0.0","0.0","20.63","32.57","136.0","68.0","115.37","103.43","0.0","","","","","","",""
"2016.0","4.0","17.0","108.0","7732.43","0.46","0.8","0.0","4.77","0.8","3.82","0.0","0.0","0.0","0.0","24.45","32.57","136.0","68.0","111.55","103.43","0.0","","","","","","",""
"2016.0","4.0","18.0","109.0","7732.43","0.43","0.8","0.0","5.14","0.8","4.11","0.0","0.0","0.0","0.0","28.56","32.57","136.0","68.0","107.44","103.43","0.0","","","","","","",""
"2016.0","4.0","19.0","110.0","7732.43","0.4","0.8","0.0","5.06","0.8","4.05","0.0","0.0","0.0","0.0","0.0","32.57","136.0","68.0","136.0","103.43","32.61","","","","","","",""
"2016.0","4.0","20.0","111.0","7732.43","0.38","0.8","0.0","5.26","0.8","4.21","0.0","0.0","0.0","0.0","4.21","32.57","136.0","68.0","131.79","103.43","0.0","","","","","","",""
"2016.0","4.0","21.0","112.0","7732.43","0.37","0.8","0.0","3.89","0.8","3.11","0.0","0.0","0.0","0.0","7.32","32.57","136.0","68.0","128.68","103.43","0.0","","","","","","",""
"2016.0","4.0","22.0","113.0","7732.43","0.36","0.8","0.0","2.68","0.8","2.14","0.05","0.05","0.0","0.0","9.41","32.57","136.0","68.0","126.59","103.43","0.0","","","","","","",""
"2016.0","4.0","23.0","114.0","7732.43","1.06","0.8","0.0","4.0","1.06","4.24","8.05","8.05","0.0","0.0","5.6","32.57","136.0","68.0","130.4","103.43","0.0","","","","","","",""
"2016.0","4.0","24.0","115.0","7732.43","0.91","0.8","0.0","4.5","0.91","4.11","0.0","0.0","0.0","0.0","9.72","32.57","136.0","68.0","126.28","103.43","0.0","","","","","","",""
"2016.0","4.0","25.0","116.0","7732.43","0.71","0.8","0.0","5.36","0.8","4.29","0.0","0.0","0.0","0.0","14.0","32.57","136.0","68.0","122.0","103.43","0.0","","","","","","",""
"2016.0","4.0","26.0","117.0","7732.43","0.62","0.8","0.0","4.58","0.8","3.66","0.0","0.0","0.0","0.0","17.67","32.57","136.0","68.0","118.33","103.43","0.0","","","","","","",""
"2016.0","4.0","27.0","118.0","7732.43","0.57","0.8","0.0","3.61","0.8","2.89","0.0","0.0","0.0","0.0","20.56","32.57","136.0","68.0","115.44","103.43","0.0","","","","","","",""
"2016.0","4.0","28.0","119.0","7732.43","0.99","0.8","0.0","5.79","0.99","5.72","5.84","5.84","0.0","0.0","20.44","32.57","136.0","68.0","115.56","103.43","0.0","","","","","","",""
"2016.0","4.0","29.0","120.0","7732.43","0.79","0.8","0.0","5.15","0.8","4.12","0.0","0.0","0.0","0.0","24.56","32.57","136.0","68.0","111.44","103.43","0.0","","","","","","",""
"2016.0","4.0","30.0","121.0","7732.43","0.6","0.8","0.0","7.39","0.8","5.91","0.08","0.08","0.0","0.0","30.39","32.57","136.0","68.0","105.61","103.43","0.0","","","","","","",""
"2016.0","5.0","1.0","122.0","7732.43","0.52","0.8","0.0","5.92","0.8","4.74","0.0","0.0","0.0","0.0","0.0","32.57","136.0","68.0","136.0","103.43","35.13","","","","","","",""
"2016.0","5.0","2.0","123.0","7732.43","0.47","0.8","0.0","5.46","0.8","4.37","0.0","0.0","0.0","0.0","4.37","32.57","136.0","68.0","131.63","103.43","0.0","","","","","","",""
"2016.0","5.0","3.0","124.0","7732.43","0.44","0.8","0.0","4.55","0.8","3.64","0.0","0.0","0.0","0.0","8.01","32.57","136.0","68.0","127.99","103.43","0.0","","","","","","",""
"2016.0","5.0","4.0","125.0","7732.43","0.41","0.8","0.0","4.88","0.8","3.9","0.0","0.0","0.0","0.0","11.91","32.57","136.0","68.0","124.09","103.43","0.0","","","","","","",""
"2016.0","5.0","5.0","126.0","7732.43","0.41","0.8","0.0","2.34","0.8","1.87","0.03","0.03","0.0","0.0","13.75","32.57","136.0","68.0","122.25","103.43","0.0","","","","","","",""
"2016.0","5.0","6.0","127.0","7732.43","0.4","0.8","0.0","2.1","0.8","1.68","1.15","1.15","0.0","0.0","14.28","32.57","136.0","68.0","121.72","103.43","0.0","","","","","","",""
"2016.0","5.0","7.0","128.0","7732.43","0.39","0.8","0.0","2.19","0.8","1.75","2.24","2.24","0.0","0.0","13.8","32.57","136.0","68.0","122.2","103.43","0.0","","","","","","",""
"2016.0","5.0","8.0","129.0","7732.43","0.38","0.8","0.0","3.28","0.8","2.62","1.33","1.33","0.0","0.0","15.09","32.57","136.0","68.0","120.91","103.43","0.0","","","","","","",""
"2016.0","5.0","9.0","130.0","7732.43","0.36","0.8","0.0","4.72","0.8","3.78","0.0","0.0","0.0","0.0","18.87","32.57","136.0","68.0","117.13","103.43","0.0","","","","","","",""
"2016.0","5.0","10.0","131.0","7732.43","0.34","0.8","0.0","5.77","0.8","4.62","0.0","0.0","0.0","0.0","23.48","32.57","136.0","68.0","112.52","103.43","0.0","","","","","","",""
"2016.0","5.0","11.0","132.0","7732.43","0.33","0.8","0.0","6.12","0.8","4.9","0.0","0.0","0.0","0.0","28.38","32.57","136.0","68.0","107.62","103.43","0.0","","","","","","",""
"2016.0","5.0","12.0","133.0","7732.43","0.31","0.8","0.0","6.19","0.8","4.95","0.0","0.0","0.0","0.0","0.0","32.57","136.0","68.0","136.0","103.43","33.33","","","","","","",""
"2016.0","5.0","13.0","134.0","7732.43","0.3","0.8","0.0","5.76","0.8","4.61","0.0","0.0","0.0","0.0","4.61","32.57","136.0","68.0","131.39","103.43","0.0","","","","","","",""
"2016.0","5.0","14.0","135.0","7732.43","0.29","0.8","0.0","5.15","0.8","4.12","0.0","0.0","0.0","0.0","8.73","32.57","136.0","68.0","127.27","103.43","0.0","","","","","","",""
"2016.0","5.0","15.0","136.0","7732.43","0.28","0.8","0.0","5.59","0.8","4.47","0.0","0.0","0.0","0.0","13.2","32.57","136.0","68.0","122.8","103.43","0.0","","","","","","",""
"2016.0","5.0","16.0","137.0","7732.43","0.27","0.8","0.0","6.64","0.8","5.31","0.0","0.0","0.0","0.0","18.51","32.57","136.0","68.0","117.49","103.43","0.0","","","","","","",""
"2016.0","5.0","17.0","138.0","7732.43","0.26","0.8","0.0","7.79","0.8","6.23","0.0","0.0","0.0","0.0","24.74","32.57","136.0","68.0","111.26","103.43","0.0","","","","","","",""
"2016.0","5.0","18.0","139.0","7732.43","0.25","0.8","0.0","7.1","0.8","5.68","0.0","0.0","0.0","0.0","30.42","32.57","136.0","68.0","105.58","103.43","0.0","","","","","","",""
"2016.0","5.0","19.0","140.0","7732.43","0.24","0.8","0.0","6.35","0.8","5.08","0.0","0.0","0.0","0.0","0.0","32.57","136.0","68.0","136.0","103.43","35.5","","","","","","",""
"2016.0","5.0","20.0","141.0","7732.43","0.24","0.8","0.0","4.75","0.8","3.8","0.0","0.0","0.0","0.0","3.8","32.57","136.0","68.0","132.2","103.43","0.0","","","","","","",""
"2016.0","5.0","21.0","142.0","7732.43","0.23","0.8","0.0","3.88","0.8","3.1","2.63","2.63","0.0","0.0","4.27","32.57","136.0","68.0","131.73","103.43","0.0","","","","","","",""
"2016.0","5.0","22.0","143.0","7732.43","0.23","0.8","0.0","4.37","0.8","3.5","0.39","0.39","0.0","0.0","7.38","32.57","136.0","68.0","128.62","103.43","0.0","","","","","","",""
"2016.0","5.0","23.0","144.0","7732.43","0.23","0.8","0.0","4.74","0.8","3.79","0.0","0.0","0.0","0.0","11.17","32.57","136.0","68.0","124.83","103.43","0.0","","","","","","",""
"2016.0","5.0","24.0","145.0","7732.43","0.22","0.8","0.0","4.89","0.8","3.91","0.0","0.0","0.0","0.0","15.08","32.57","136.0","68.0","120.92","103.43","0.0","","","","","","",""
"2016.0","5.0","25.0","146.0","7732.43","0.22","0.8","0.0","5.33","0.8","4.26","0.0","0.0","0.0","0.0","19.35","32.57","136.0","68.0","116.65","103.43","0.0","","","","","","",""
"2016.0","5.0","26.0","147.0","7732.43","0.21","0.8","0.0","5.8","0.8","4.64","0.0","0.0","0.0","0.0","23.99","32.57","136.0","68.0","112.01","103.43","0.0","","","","","","",""
"2016.0","5.0","27.0","148.0","7732.43","0.21","0.8","0.0","6.1","0.8","4.88","0.0","0.0","0.0","0.0","28.87","32.57","136.0","68.0","107.13","103.43","0.0","","","","","","",""
"2016.0","5.0","28.0","149.0","7732.43","0.2","0.8","0.0","7.01","0.8","5.61","0.0","0.0","0.0","0.0","0.0","32.57","136.0","68.0","136.0","103.43","34.48","","","","","","",""
"2016.0","5.0","29.0","150.0","7732.43","0.2","0.8","0.0","6.64","0.8","5.31","0.0","0.0","0.0","0.0","5.31","32.57","136.0","68.0","130.69","103.43","0.0","","","","","","",""
"2016.0","5.0","30.0","151.0","7732.43","0.2","0.8","0.0","6.89","0.8","5.51","0.0","0.0","0.0","0.0","10.82","32.57","136.0","68.0","125.18","103.43","0.0","","","","","","",""
"2016.0","5.0","31.0","152.0","7732.43","0.19","0.8","0.0","7.21","0.8","5.77","0.0","0.0","0.0","0.0","16.59","32.57","136.0","68.0","119.41","103.43","0.0","","","","","","",""
"2016.0","6.0","1.0","153.0","7732.43","0.19","0.8","0.0","7.38","0.8","5.9","0.0","0.0","0.0","0.0","22.5","32.57","136.0","68.0","113.5","103.43","0.0","","","","","","",""
"2016.0","6.0","2.0","154.0","7732.43","0.18","0.8","0.0","6.97","0.8","5.58","0.0","0.0","0.0","0.0","28.07","32.57","136.0","68.0","107.93","103.43","0.0","","","","","","",""
"2016.0","6.0","3.0","155.0","7732.43","0.18","0.8","0.0","7.42","0.8","5.94","0.0","0.0","0.0","0.0","0.0","32.57","136.0","68.0","136.0","103.43","34.01","","","","","","",""
"2016.0","6.0","4.0","156.0","7732.43","0.18","0.8","0.0","4.88","0.8","3.9","0.0","0.0","0.0","0.0","3.9","32.57","136.0","68.0","132.1","103.43","0.0","","","","","","",""
"2016.0","6.0","5.0","157.0","7732.43","0.18","0.8","0.0","7.71","0.8","6.17","0.0","0.0","0.0","0.0","10.07","32.57","136.0","68.0","125.93","103.43","0.0","","","","","","",""
"2016.0","6.0","6.0","158.0","7732.43","0.17","0.8","0.0","7.35","0.8","5.88","0.0","0.0","0.0","0.0","15.95","32.57","136.0","68.0","120.05","103.43","0.0","","","","","","",""
"2016.0","6.0","7.0","159.0","7732.43","0.17","0.8","0.0","6.94","0.8","5.55","0.0","0.0","0.0","0.0","21.5","32.57","136.0","68.0","114.5","103.43","0.0","","","","","","",""
"2016.0","6.0","8.0","160.0","7732.43","0.17","0.8","0.0","6.63","0.8","5.3","0.0","0.0","0.0","0.0","26.81","32.57","136.0","68.0","109.19","103.43","0.0","","","","","","",""
"2016.0","6.0","9.0","161.0","7732.43","0.17","0.8","0.0","6.37","0.8","5.1","0.0","0.0","0.0","0.0","31.9","32.57","136.0","68.0","104.1","103.43","0.0","","","","","","",""
"2016.0","6.0","10.0","162.0","7732.43","0.16","0.8","0.0","6.68","0.8","5.34","0.0","0.0","0.0","0.0","0.0","32.57","136.0","68.0","136.0","103.43","37.25","","","","","","",""
"2016.0","6.0","11.0","163.0","7732.43","0.16","0.8","0.0","6.9","0.8","5.52","0.0","0.0","0.0","0.0","5.52","32.57","136.0","68.0","130.48","103.43","0.0","","","","","","",""
"2016.0","6.0","12.0","164.0","7732.43","0.16","0.8","0.0","7.05","0.8","5.64","0.0","0.0","0.0","0.0","11.16","32.57","136.0","68.0","124.84","103.43","0.0","","","","","","",""
"2016.0","6.0","13.0","165.0","7732.43","0.16","0.8","0.0","6.74","0.8","5.39","0.0","0.0","0.0","0.0","16.55","32.57","136.0","68.0","119.45","103.43","0.0","","","","","","",""
"2016.0","6.0","14.0","166.0","7732.43","0.15","0.8","0.0","6.32","0.8","5.06","0.0","0.0","0.0","0.0","21.61","32.57","136.0","68.0","114.39","103.43","0.0","","","","","","",""
"2016.0","6.0","15.0","167.0","7732.43","0.15","0.8","0.0","5.26","0.8","4.21","0.0","0.0","0.0","0.0","25.82","32.57","136.0","68.0","110.18","103.43","0.0","","","","","","",""
"2016.0","6.0","16.0","168.0","7732.43","0.15","0.8","0.0","5.26","0.8","4.21","0.0","0.0","0.0","0.0","30.02","32.57","136.0","68.0","105.98","103.43","0.0","","","","","","",""
"2016.0","6.0","17.0","169.0","7732.43","0.15","0.8","0.0","4.97","0.8","3.98","0.0","0.0","0.0","0.0","0.0","32.57","136.0","68.0","136.0","103.43","34.0","","","","","","",""
"2016.0","6.0","18.0","170.0","7732.43","0.15","0.8","0.0","6.13","0.8","4.9","0.0","0.0","0.0","0.0","4.9","32.57","136.0","68.0","131.1","103.43","0.0","","","","","","",""
"2016.0","6.0","19.0","171.0","7732.43","0.15","0.8","0.0","6.85","0.8","5.48","0.0","0.0","0.0","0.0","10.38","32.57","136.0","68.0","125.62","103.43","0.0","","","","","","",""
"2016.0","6.0","20.0","172.0","7732.43","0.15","0.8","0.0","7.45","0.8","5.96","0.0","0.0","0.0","0.0","16.34","32.57","136.0","68.0","119.66","103.43","0.0","","","","","","",""
"2016.0","6.0","21.0","173.0","7732.43","0.14","0.8","0.0","7.75","0.8","6.2","0.0","0.0","0.0","0.0","22.54","32.57","136.0","68.0","113.46","103.43","0.0","","","","","","",""
"2016.0","6.0","22.0","174.0","7732.43","0.14","0.8","0.0","7.9","0.8","6.32","0.0","0.0","0.0","0.0","28.86","32.57","136.0","68.0","107.14","103.43","0.0","","","","","","",""
"2016.0","6.0","23.0","175.0","7732.43","0.14","0.8","0.0","7.74","0.8","6.19","0.0","0.0","0.0","0.0","0.0","32.57","136.0","68.0","136.0","103.43","35.06","","","","","","",""
"2016.0","6.0","24.0","176.0","7732.43","0.14","0.8","0.0","7.03","0.8","5.62","0.0","0.0","0.0","0.0","5.62","32.57","136.0","68.0","130.38","103.43","0.0","","","","","","",""
"2016.0","6.0","25.0","177.0","7732.43","0.14","0.8","0.0","7.81","0.8","6.25","0.0","0.0","0.0","0.0","11.87","32.57","136.0","68.0","124.13","103.43","0.0","","","","","","",""
"2016.0","6.0","26.0","178.0","7732.43","0.14","0.8","0.0","7.69","0.8","6.15","0.0","0.0","0.0","0.0","18.02","32.57","136.0","68.0","117.98","103.43","0.0","","","","","","",""
"2016.0","6.0","27.0","179.0","7732.43","0.13","0.8","0.0","8.12","0.8","6.5","0.0","0.0","0.0","0.0","24.52","32.57","136.0","68.0","111.48","103.43","0.0","","","","","","",""
"2016.0","6.0","28.0","180.0","7732.43","0.13","0.8","0.0","8.15","0.8","6.52","0.0","0.0","0.0","0.0","31.04","32.57","136.0","68.0","104.96","103.43","0.0","","","","","","",""
"2016.0","6.0","29.0","181.0","7732.43","0.13","0.8","0.0","7.56","0.8","6.05","0.0","0.0","0.0","0.0","0.0","32.57","136.0","68.0","136.0","103.43","37.09","","","","","","",""
"2016.0","6.0","30.0","182.0","7732.43","0.13","0.8","0.0","7.49","0.8","5.99","0.0","0.0","0.0","0.0","5.99","32.57","136.0","68.0","130.01","103.43","0.0","","","","","","",""
"2016.0","7.0","1.0","183.0","7732.43","0.13","0.8","0.0","7.39","0.8","5.91","0.0","0.0","0.0","0.0","11.9","32.57","136.0","68.0","124.1","103.43","0.0","","","","","","",""
"2016.0","7.0","2.0","184.0","7732.43","0.13","0.8","0.0","7.37","0.8","5.9","0.0","0.0","0.0","0.0","17.8","32.57","136.0","68.0","118.2","103.43","0.0","","","","","","",""
"2016.0","7.0","3.0","185.0","7732.43","0.13","0.8","0.0","7.65","0.8","6.12","0.0","0.0","0.0","0.0","23.92","32.57","136.0","68.0","112.08","103.43","0.0","","","","","","",""
"2016.0","7.0","4.0","186.0","7732.43","0.12","0.8","0.0","7.19","0.8","5.75","0.0","0.0","0.0","0.0","29.67","32.57","136.0","68.0","106.33","103.43","0.0","","","","","","",""
"2016.0","7.0","5.0","187.0","7732.43","0.12","0.8","0.0","6.4","0.8","5.12","0.0","0.0","0.0","0.0","0.0","32.57","136.0","68.0","136.0","103.43","34.79","","","","","","",""
"2016.0","7.0","6.0","188.0","7732.43","0.12","0.8","0.0","6.45","0.8","5.16","0.0","0.0","0.0","0.0","5.16","32.57","136.0","68.0","130.84","103.43","0.0","","","","","","",""
"2016.0","7.0","7.0","189.0","7732.43","0.12","0.8","0.0","6.51","0.8","5.21","0.0","0.0","0.0","0.0","10.37","32.57","136.0","68.0","125.63","103.43","0.0","","","","","","",""
"2016.0","7.0","8.0","190.0","7732.43","0.12","0.8","0.0","7.18","0.8","5.74","0.0","0.0","0.0","0.0","16.11","32.57","136.0","68.0","119.89","103.43","0.0","","","","","","",""
"2016.0","7.0","9.0","191.0","7732.43","0.12","0.8","0.0","6.61","0.8","5.29","0.0","0.0","0.0","0.0","21.4","32.57","136.0","68.0","114.6","103.43","0.0","","","","","","",""
"2016.0","7.0","10.0","192.0","7732.43","0.12","0.8","0.0","6.41","0.8","5.13","0.0","0.0","0.0","0.0","26.53","32.57","136.0","68.0","109.47","103.43","0.0","","","","","","",""
"2016.0","7.0","11.0","193.0","7732.43","0.12","0.8","0.0","7.22","0.8","5.78","0.0","0.0","0.0","0.0","32.3","32.57","136.0","68.0","103.7","103.43","0.0","","","","","","",""
"2016.0","7.0","12.0","194.0","7732.43","0.12","0.8","0.0","6.98","0.8","5.58","0.0","0.0","0.0","0.0","0.0","32.57","136.0","68.0","136.0","103.43","37.89","","","","","","",""
"2016.0","7.0","13.0","195.0","7732.43","0.12","0.8","0.0","7.35","0.8","5.88","0.0","0.0","0.0","0.0","5.88","32.57","136.0","68.0","130.12","103.43","0.0","","","","","","",""
"2016.0","7.0","14.0","196.0","7732.43","0.12","0.8","0.0","7.54","0.8","6.03","0.0","0.0","0.0","0.0","11.91","32.57","136.0","68.0","124.09","103.43","0.0","","","","","","",""
"2016.0","7.0","15.0","197.0","7732.43","0.11","0.8","0.0","7.55","0.8","6.04","0.0","0.0","0.0","0.0","17.95","32.57","136.0","68.0","118.05","103.43","0.0","","","","","","",""
"2016.0","7.0","16.0","198.0","7732.43","0.11","0.8","0.0","7.16","0.8","5.73","0.0","0.0","0.0","0.0","23.68","32.57","136.0","68.0","112.32","103.43","0.0","","","","","","",""
"2016.0","7.0","17.0","199.0","7732.43","0.11","0.8","0.0","6.91","0.8","5.53","0.0","0.0","0.0","0.0","29.21","32.57","136.0","68.0","106.79","103.43","0.0","","","","","","",""
"2016.0","7.0","18.0","200.0","7732.43","0.11","0.8","0.0","6.5","0.8","5.2","0.0","0.0","0.0","0.0","0.0","32.57","136.0","68.0","136.0","103.43","34.41","","","","","","",""
"2016.0","7.0","19.0","201.0","7732.43","0.11","0.8","0.0","6.67","0.8","5.34","0.0","0.0","0.0","0.0","5.34","32.57","136.0","68.0","130.66","103.43","0.0","","","","","","",""
"2016.0","7.0","20.0","202.0","7732.43","0.11","0.8","0.0","6.99","0.8","5.59","0.0","0.0","0.0","0.0","10.93","32.57","136.0","68.0","125.07","103.43","0.0","","","","","","",""
"2016.0","7.0","21.0","203.0","7732.43","0.11","0.8","0.0","7.42","0.8","5.94","0.0","0.0","0.0","0.0","16.86","32.57","136.0","68.0","119.14","103.43","0.0","","","","","","",""
"2016.0","7.0","22.0","204.0","7732.43","0.11","0.8","0.0","7.05","0.8","5.64","0.0","0.0","0.0","0.0","22.5","32.57","136.0","68.0","113.5","103.43","0.0","","","","","","",""
"2016.0","7.0","23.0","205.0","7732.43","0.11","0.8","0.0","7.7","0.8","6.16","0.0","0.0","0.0","0.0","28.66","32.57","136.0","68.0","107.34","103.43","0.0","","","","","","",""
"2016.0","7.0","24.0","206.0","7732.43","0.11","0.8","0.0","7.52","0.8","6.02","0.0","0.0","0.0","0.0","0.0","32.57","136.0","68.0","136.0","103.43","34.68","","","","","","",""
"2016.0","7.0","25.0","207.0","7732.43","0.11","0.8","0.0","7.44","0.8","5.95","0.0","0.0","0.0","0.0","5.95","32.57","136.0","68.0","130.05","103.43","0.0","","","","","","",""
"2016.0","7.0","26.0","208.0","7732.43","0.11","0.8","0.0","7.36","0.8","5.89","0.0","0.0","0.0","0.0","11.84","32.57","136.0","68.0","124.16","103.43","0.0","","","","","","",""
"2016.0","7.0","27.0","209.0","7732.43","0.11","0.8","0.0","7.93","0.8","6.34","0.0","0.0","0.0","0.0","18.18","32.57","136.0","68.0","117.82","103.43","0.0","","","","","","",""
"2016.0","7.0","28.0","210.0","7732.43","0.1","0.8","0.0","7.85","0.8","6.28","0.0","0.0","0.0","0.0","24.46","32.57","136.0","68.0","111.54","103.43","0.0","","","","","","",""
"2016.0","7.0","29.0","211.0","7732.43","0.1","0.8","0.0","7.8","0.8","6.24","0.0","0.0","0.0","0.0","30.7","32.57","136.0","68.0","105.3","103.43","0.0","","","","","","",""
"2016.0","7.0","30.0","212.0","7732.43","0.1","0.8","0.0","8.21","0.8","6.57","0.0","0.0","0.0","0.0","0.0","32.57","136.0","68.0","136.0","103.43","37.27","","","","","","",""
"2016.0","7.0","31.0","213.0","7732.43","0.1","0.8","0.0","7.36","0.8","5.89","0.0","0.0","0.0","0.0","5.89","32.57","136.0","68.0","130.11","103.43","0.0","","","","","","",""
"2016.0","8.0","1.0","214.0","7732.43","0.1","0.8","0.0","6.95","0.8","5.56","0.0","0.0","0.0","0.0","11.45","32.57","136.0","68.0","124.55","103.43","0.0","","","","","","",""
"2016.0","8.0","2.0","215.0","7732.43","0.1","0.8","0.0","6.7","0.8","5.36","0.0","0.0","0.0","0.0","16.81","32.57","136.0","68.0","119.19","103.43","0.0","","","","","","",""
"2016.0","8.0","3.0","216.0","7732.43","0.1","0.8","0.0","7.26","0.8","5.81","0.0","0.0","0.0","0.0","22.62","32.57","136.0","68.0","113.38","103.43","0.0","","","","","","",""
"2016.0","8.0","4.0","217.0","7732.43","0.1","0.8","0.0","6.39","0.8","5.11","0.0","0.0","0.0","0.0","27.73","32.57","136.0","68.0","108.27","103.43","0.0","","","","","","",""
"2016.0","8.0","5.0","218.0","7732.43","0.1","0.8","0.0","5.81","0.8","4.65","0.0","0.0","0.0","0.0","32.38","32.57","136.0","68.0","103.62","103.43","0.0","","","","","","",""
"2016.0","8.0","6.0","219.0","7732.43","0.1","0.8","0.0","6.17","0.8","4.94","0.0","0.0","0.0","0.0","0.0","32.57","136.0","68.0","136.0","103.43","37.31","","","","","","",""
"2016.0","8.0","7.0","220.0","7732.43","0.1","0.8","0.0","6.12","0.8","4.9","0.0","0.0","0.0","0.0","4.9","32.57","136.0","68.0","131.1","103.43","0.0","","","","","","",""
"2016.0","8.0","8.0","221.0","7732.43","0.1","0.8","0.0","6.58","0.8","5.26","0.0","0.0","0.0","0.0","10.16","32.57","136.0","68.0","125.84","103.43","0.0","","","","","","",""
"2016.0","8.0","9.0","222.0","7732.43","0.1","0.8","0.0","6.28","0.8","5.02","0.0","0.0","0.0","0.0","15.18","32.57","136.0","68.0","120.82","103.43","0.0","","","","","","",""
"2016.0","8.0","10.0","223.0","7732.43","0.1","0.8","0.0","6.42","0.8","5.14","0.0","0.0","0.0","0.0","20.32","32.57","136.0","68.0","115.68","103.43","0.0","","","","","","",""
"2016.0","8.0","11.0","224.0","7732.43","0.1","0.8","0.0","6.58","0.8","5.26","0.0","0.0","0.0","0.0","25.58","32.57","136.0","68.0","110.42","103.43","0.0","","","","","","",""
"2016.0","8.0","12.0","225.0","7732.43","0.1","0.8","0.0","6.8","0.8","5.44","0.0","0.0","0.0","0.0","31.02","32.57","136.0","68.0","104.98","103.43","0.0","","","","","","",""
"2016.0","8.0","13.0","226.0","7732.43","0.1","0.8","0.0","7.12","0.8","5.7","0.0","0.0","0.0","0.0","0.0","32.57","136.0","68.0","136.0","103.43","36.72","","","","","","",""
"2016.0","8.0","14.0","227.0","7732.43","0.1","0.8","0.0","7.37","0.8","5.9","0.0","0.0","0.0","0.0","5.9","32.57","136.0","68.0","130.1","103.43","0.0","","","","","","",""
"2016.0","8.0","15.0","228.0","7732.43","0.1","0.8","0.0","6.78","0.8","5.42","0.0","0.0","0.0","0.0","11.32","32.57","136.0","68.0","124.68","103.43","0.0","","","","","","",""
"2016.0","8.0","16.0","229.0","7732.43","0.09","0.8","0.0","6.79","0.8","5.43","0.0","0.0","0.0","0.0","16.75","32.57","136.0","68.0","119.25","103.43","0.0","","","","","","",""
"2016.0","8.0","17.0","230.0","7732.43","0.09","0.8","0.0","6.68","0.8","5.34","0.0","0.0","0.0","0.0","22.1","32.57","136.0","68.0","113.9","103.43","0.0","","","","","","",""
"2016.0","8.0","18.0","231.0","7732.43","0.09","0.8","0.0","6.63","0.8","5.3","0.0","0.0","0.0","0.0","27.4","32.57","136.0","68.0","108.6","103.43","0.0","","","","","","",""
"2016.0","8.0","19.0","232.0","7732.43","0.09","0.8","0.0","6.59","0.8","5.27","0.0","0.0","0.0","0.0","0.0","32.57","136.0","68.0","136.0","103.43","32.67","","","","","","",""
"2016.0","8.0","20.0","233.0","7732.43","0.09","0.8","0.0","6.5","0.8","5.2","0.0","0.0","0.0","0.0","5.2","32.57","136.0","68.0","130.8","103.43","0.0","","","","","","",""
"2016.0","8.0","21.0","234.0","7732.43","0.09","0.8","0.0","6.5","0.8","5.2","0.0","0.0","0.0","0.0","10.4","32.57","136.0","68.0","125.6","103.43","0.0","","","","","","",""
"2016.0","8.0","22.0","235.0","7732.43","0.09","0.8","0.0","6.27","0.8","5.02","0.0","0.0","0.0","0.0","15.42","32.57","136.0","68.0","120.58","103.43","0.0","","","","","","",""
"2016.0","8.0","23.0","236.0","7732.43","0.09","0.8","0.0","6.12","0.8","4.9","0.0","0.0","0.0","0.0","20.31","32.57","136.0","68.0","115.69","103.43","0.0","","","","","","",""
"2016.0","8.0","24.0","237.0","7732.43","0.09","0.8","0.0","6.06","0.8","4.85","0.0","0.0","0.0","0.0","25.16","32.57","136.0","68.0","110.84","103.43","0.0","","","","","","",""
"2016.0","8.0","25.0","238.0","7732.43","0.09","0.8","0.0","5.98","0.8","4.78","0.0","0.0","0.0","0.0","29.94","32.57","136.0","68.0","106.06","103.43","0.0","","","","","","",""
"2016.0","8.0","26.0","239.0","7732.43","0.09","0.8","0.0","5.6","0.8","4.48","0.0","0.0","0.0","0.0","0.0","32.57","136.0","68.0","136.0","103.43","34.42","","","","","","",""
"2016.0","8.0","27.0","240.0","7732.43","0.09","0.8","0.0","5.43","0.8","4.34","0.0","0.0","0.0","0.0","4.34","32.57","136.0","68.0","131.66","103.43","0.0","","","","","","",""
"2016.0","8.0","28.0","241.0","7732.43","0.09","0.8","0.0","5.75","0.8","4.6","0.0","0.0","0.0","0.0","8.94","32.57","136.0","68.0","127.06","103.43","0.0","","","","","","",""
"2016.0","8.0","29.0","242.0","7732.43","0.09","0.8","0.0","5.86","0.8","4.69","0.0","0.0","0.0","0.0","13.63","32.57","136.0","68.0","122.37","103.43","0.0","","","","","","",""
"2016.0","8.0","30.0","243.0","7732.43","0.09","0.8","0.0","6.27","0.8","5.02","0.0","0.0","0.0","0.0","18.65","32.57","136.0","68.0","117.35","103.43","0.0","","","","","","",""
"2016.0","8.0","31.0","244.0","7732.43","0.09","0.8","0.0","6.07","0.8","4.86","0.0","0.0","0.0","0.0","23.5","32.57","136.0","68.0","112.5","103.43","0.0","","","","","","",""
"2016.0","9.0","1.0","245.0","7732.43","0.09","0.8","0.0","5.23","0.8","4.18","0.0","0.0","0.0","0.0","27.69","32.57","136.0","68.0","108.31","103.43","0.0","","","","","","",""
"2016.0","9.0","2.0","246.0","7732.43","0.09","0.8","0.0","5.32","0.8","4.26","0.0","0.0","0.0","0.0","31.94","32.57","136.0","68.0","104.06","103.43","0.0","","","","","","",""
"2016.0","9.0","3.0","247.0","7732.43","0.09","0.8","0.0","5.36","0.8","4.29","0.0","0.0","0.0","0.0","0.0","32.57","136.0","68.0","136.0","103.43","36.23","","","","","","",""
"2016.0","9.0","4.0","248.0","7732.43","0.09","0.8","0.0","4.63","0.8","3.7","0.0","0.0","0.0","0.0","3.7","32.57","136.0","68.0","132.3","103.43","0.0","","","","","","",""
"2016.0","9.0","5.0","249.0","7732.43","0.09","0.8","0.0","5.38","0.8","4.3","0.0","0.0","0.0","0.0","8.01","32.57","136.0","68.0","127.99","103.43","0.0","","","","","","",""
"2016.0","9.0","6.0","250.0","7732.43","0.09","0.8","0.0","5.13","0.8","4.1","0.0","0.0","0.0","0.0","12.11","32.57","136.0","68.0","123.89","103.43","0.0","","","","","","",""
"2016.0","9.0","7.0","251.0","7732.43","0.09","0.8","0.0","5.75","0.8","4.6","0.0","0.0","0.0","0.0","16.71","32.57","136.0","68.0","119.29","103.43","0.0","","","","","","",""
"2016.0","9.0","8.0","252.0","7732.43","0.09","0.8","0.0","5.99","0.8","4.79","0.0","0.0","0.0","0.0","21.5","32.57","136.0","68.0","114.5","103.43","0.0","","","","","","",""
"2016.0","9.0","9.0","253.0","7732.43","0.09","0.8","0.0","5.46","0.8","4.37","0.0","0.0","0.0","0.0","25.87","32.57","136.0","68.0","110.13","103.43","0.0","","","","","","",""
"2016.0","9.0","10.0","254.0","7732.43","0.09","0.8","0.0","5.55","0.8","4.44","0.0","0.0","0.0","0.0","30.31","32.57","136.0","68.0","105.69","103.43","0.0","","","","","","",""
"2016.0","9.0","11.0","255.0","7732.43","0.09","0.8","0.0","5.08","0.8","4.06","0.0","0.0","0.0","0.0","0.0","32.57","136.0","68.0","136.0","103.43","34.38","","","","","","",""
"2016.0","9.0","12.0","256.0","7732.43","0.09","0.8","0.0","4.49","0.8","3.59","0.0","0.0","0.0","0.0","3.59","32.57","136.0","68.0","132.41","103.43","0.0","","","","","","",""
"2016.0","9.0","13.0","257.0","7732.43","0.09","0.8","0.0","3.88","0.8","3.1","0.0","0.0","0.0","0.0","6.7","32.57","136.0","68.0","129.3","103.43","0.0","","","","","","",""
"2016.0","9.0","14.0","258.0","7732.43","0.09","0.8","0.0","4.26","0.8","3.41","0.0","0.0","0.0","0.0","10.1","32.57","136.0","68.0","125.9","103.43","0.0","","","","","","",""
"2016.0","9.0","15.0","259.0","7732.43","0.09","0.8","0.0","4.64","0.8","3.71","0.0","0.0","0.0","0.0","13.82","32.57","136.0","68.0","122.18","103.43","0.0","","","","","","",""
"2016.0","9.0","16.0","260.0","7732.43","0.09","0.8","0.0","4.86","0.8","3.89","0.0","0.0","0.0","0.0","17.7","32.57","136.0","68.0","118.3","103.43","0.0","","","","","","",""
"2016.0","9.0","17.0","261.0","7732.43","0.09","0.8","0.0","4.96","0.8","3.97","0.0","0.0","0.0","0.0","21.67","32.57","136.0","68.0","114.33","103.43","0.0","","","","","","",""
"2016.0","9.0","18.0","262.0","7732.43","0.09","0.8","0.0","4.76","0.8","3.81","0.0","0.0","0.0","0.0","25.48","32.57","136.0","68.0","110.52","103.43","0.0","","","","","","",""
"2016.0","9.0","19.0","263.0","7732.43","0.08","0.8","0.0","5.35","0.8","4.28","0.0","0.0","0.0","0.0","29.76","32.57","136.0","68.0","106.24","103.43","0.0","","","","","","",""
"2016.0","9.0","20.0","264.0","7732.43","0.08","0.8","0.0","6.12","0.8","4.9","0.0","0.0","0.0","0.0","0.0","32.57","136.0","68.0","136.0","103.43","34.66","","","","","","",""
"2016.0","9.0","21.0","265.0","7732.43","0.08","0.8","0.0","5.66","0.8","4.53","0.0","0.0","0.0","0.0","4.53","32.57","136.0","68.0","131.47","103.43","0.0","","","","","","",""
"2016.0","9.0","22.0","266.0","7732.43","0.08","0.8","0.0","4.32","0.8","3.46","0.0","0.0","0.0","0.0","7.98","32.57","136.0","68.0","128.02","103.43","0.0","","","","","","",""
"2016.0","9.0","23.0","267.0","7732.43","0.08","0.8","0.0","4.61","0.8","3.69","0.0","0.0","0.0","0.0","11.67","32.57","136.0","68.0","124.33","103.43","0.0","","","","","","",""
"2016.0","9.0","24.0","268.0","7732.43","0.08","0.8","0.0","4.77","0.8","3.82","0.0","0.0","0.0","0.0","15.49","32.57","136.0","68.0","120.51","103.43","0.0","","","","","","",""
"2016.0","9.0","25.0","269.0","7732.43","0.08","0.8","0.0","4.39","0.8","3.51","0.0","0.0","0.0","0.0","19.0","32.57","136.0","68.0","117.0","103.43","0.0","","","","","","",""
"2016.0","9.0","26.0","270.0","7732.43","0.08","0.8","0.0","4.57","0.8","3.66","0.0","0.0","0.0","0.0","22.66","32.57","136.0","68.0","113.34","103.43","0.0","","","","","","",""
"2016.0","9.0","27.0","271.0","7732.43","0.08","0.8","0.0","4.73","0.8","3.78","0.0","0.0","0.0","0.0","26.44","32.57","136.0","68.0","109.56","103.43","0.0","","","","","","",""
"2016.0","9.0","28.0","272.0","7732.43","0.08","0.8","0.0","4.92","0.8","3.94","0.0","0.0","0.0","0.0","30.38","32.57","136.0","68.0","105.62","103.43","0.0","","","","","","",""
"2016.0","9.0","29.0","273.0","7732.43","0.08","0.8","0.0","4.89","0.8","3.91","0.0","0.0","0.0","0.0","0.0","32.57","136.0","68.0","136.0","103.43","34.29","","","","","","",""
"2016.0","9.0","30.0","274.0","7732.43","0.08","0.8","0.0","3.72","0.8","2.98","0.31","0.31","0.0","0.0","2.67","32.57","136.0","68.0","133.33","103.43","0.0","","","","","","",""
