" Daily soil water balance output for Vineyard in 185_San Joaquin DAU_Co within 06_San Joaquin River for WY 2016","","","","","","","","","","","","","","","","","","","","","","","Monthly output  for Vineyard in 185_San Joaquin DAU_Co within 06_San Joaquin River for WY 2016","","","","",""
"Year","Mon","Day","DOY"," Area","OKc","IKc","CCKc","ETo","Kc","ETc","Pcp","Er","Spg","Espg","SWD","SWDx","FC","PWP","SWC"," YT ","NA","","Year","Mon"," Area","ETo","ETc","ETc"
" #  "," # "," # ","  #","Acres","   ","   ","    "," mm","mm"," mm"," mm","mm"," mm"," mm "," mm"," mm ","mm"," mm"," mm"," mm"," mm","","#  "," # "," Acres"," mm"," mm","acre-ft"
"2015.0","10.0","1.0","274.0","13120.61","0.08","0.35","0.0","3.59","0.35","1.26","2.27","2.27","0.0","0.0","110.91","150.23","600.92","300.46","490.01","450.69","0.0","","2015.0","10.0","13120.61","108.2","9.76","420.135018373"
"2015.0","10.0","2.0","275.0","13120.61","0.08","0.0","0.0","4.41","0.08","0.37","0.36","0.36","0.0","0.0","29.7","29.7","600.92","300.46","571.22","571.22","0.0","","2015.0","11.0","13120.61","47.2","46.86","2017.16464764"
"2015.0","10.0","3.0","276.0","13120.61","0.08","0.0","0.0","4.46","0.08","0.37","0.0","0.0","0.0","0.0","30.07","29.7","600.92","300.46","570.85","571.22","0.0","","2015.0","12.0","13120.61","32.8","37.22","1602.19522375"
"2015.0","10.0","4.0","277.0","13120.61","0.08","0.0","0.0","3.55","0.08","0.29","0.41","0.41","0.0","0.0","29.66","29.7","600.92","300.46","571.26","571.22","0.0","","2016.0","1.0","13120.61","34.3","39.6","1704.6461811"
"2015.0","10.0","5.0","278.0","13120.61","0.08","0.0","0.0","3.41","0.08","0.28","0.0","0.0","0.0","0.0","29.94","29.7","600.92","300.46","570.98","571.22","0.0","","2016.0","2.0","13120.61","60.9","43.74","1882.85919094"
"2015.0","10.0","6.0","279.0","13120.61","0.08","0.0","0.0","3.44","0.08","0.28","0.0","0.0","0.0","0.0","29.7","29.7","600.92","300.46","571.22","571.22","0.0","","2016.0","3.0","13120.61","83.8","60.09","2586.67143996"
"2015.0","10.0","7.0","280.0","13120.61","0.08","0.0","0.0","3.44","0.08","0.28","0.0","0.0","0.0","0.0","29.98","29.7","600.92","300.46","570.93","571.22","0.0","","2016.0","4.0","13120.61","130.55","95.31","4102.77342224"
"2015.0","10.0","8.0","281.0","13120.61","0.08","0.0","0.0","3.53","0.08","0.29","0.0","0.0","0.0","0.0","29.7","29.7","600.92","300.46","571.22","571.22","0.0","","2016.0","5.0","13120.61","164.12","133.06","5727.78335499"
"2015.0","10.0","9.0","282.0","13120.61","0.08","0.0","0.0","4.37","0.08","0.36","0.0","0.0","0.0","0.0","30.06","29.7","600.92","300.46","570.86","571.22","0.0","","2016.0","6.0","13120.61","209.37","167.51","7210.7394393"
"2015.0","10.0","10.0","283.0","13120.61","0.08","0.0","0.0","4.22","0.08","0.35","0.0","0.0","0.0","0.0","29.7","29.7","600.92","300.46","571.22","571.22","0.0","","2016.0","7.0","13120.61","219.93","175.94","7573.6224521"
"2015.0","10.0","11.0","284.0","13120.61","0.08","0.0","0.0","3.82","0.08","0.31","0.0","0.0","0.0","0.0","30.01","29.7","600.92","300.46","570.91","571.22","0.0","","2016.0","8.0","13120.61","194.47","144.2","6207.32270997"
"2015.0","10.0","12.0","285.0","13120.61","0.08","0.0","0.0","3.76","0.08","0.31","0.0","0.0","0.0","0.0","29.7","29.7","600.92","300.46","571.22","571.22","0.0","","2016.0","9.0","13120.61","143.12","69.89","3008.52832316"
"2015.0","10.0","13.0","286.0","13120.61","0.08","0.0","0.0","4.18","0.08","0.34","0.0","0.0","0.0","0.0","30.04","29.7","600.92","300.46","570.88","571.22","0.0","","","","","","",""
"2015.0","10.0","14.0","287.0","13120.61","0.08","0.0","0.0","4.25","0.08","0.35","0.0","0.0","0.0","0.0","29.7","29.7","600.92","300.46","571.22","571.22","0.0","","","","","","",""
"2015.0","10.0","15.0","288.0","13120.61","0.08","0.0","0.0","3.81","0.08","0.31","0.0","0.0","0.0","0.0","30.01","29.7","600.92","300.46","570.91","571.22","0.0","","","","","","",""
"2015.0","10.0","16.0","289.0","13120.61","0.08","0.0","0.0","3.87","0.08","0.31","0.0","0.0","0.0","0.0","29.7","29.7","600.92","300.46","571.22","571.22","0.0","","","","","","",""
"2015.0","10.0","17.0","290.0","13120.61","0.08","0.0","0.0","3.07","0.08","0.25","0.46","0.46","0.0","0.0","29.49","29.7","600.92","300.46","571.43","571.22","0.0","","","","","","",""
"2015.0","10.0","18.0","291.0","13120.61","0.08","0.0","0.0","2.72","0.08","0.22","0.25","0.25","0.0","0.0","29.46","29.7","600.92","300.46","571.46","571.22","0.0","","","","","","",""
"2015.0","10.0","19.0","292.0","13120.61","0.08","0.0","0.0","2.76","0.08","0.22","0.0","0.0","0.0","0.0","29.68","29.7","600.92","300.46","571.24","571.22","0.0","","","","","","",""
"2015.0","10.0","20.0","293.0","13120.61","0.08","0.0","0.0","4.23","0.08","0.34","0.0","0.0","0.0","0.0","30.02","29.7","600.92","300.46","570.89","571.22","0.0","","","","","","",""
"2015.0","10.0","21.0","294.0","13120.61","0.08","0.0","0.0","3.4","0.08","0.27","0.0","0.0","0.0","0.0","29.7","29.7","600.92","300.46","571.22","571.22","0.0","","","","","","",""
"2015.0","10.0","22.0","295.0","13120.61","0.08","0.0","0.0","3.1","0.08","0.25","0.0","0.0","0.0","0.0","29.95","29.7","600.92","300.46","570.97","571.22","0.0","","","","","","",""
"2015.0","10.0","23.0","296.0","13120.61","0.08","0.0","0.0","2.7","0.08","0.22","0.0","0.0","0.0","0.0","29.7","29.7","600.92","300.46","571.22","571.22","0.0","","","","","","",""
"2015.0","10.0","24.0","297.0","13120.61","0.08","0.0","0.0","2.55","0.08","0.21","0.0","0.0","0.0","0.0","29.91","29.7","600.92","300.46","571.01","571.22","0.0","","","","","","",""
"2015.0","10.0","25.0","298.0","13120.61","0.08","0.0","0.0","3.28","0.08","0.26","0.0","0.0","0.0","0.0","29.7","29.7","600.92","300.46","571.22","571.22","0.0","","","","","","",""
"2015.0","10.0","26.0","299.0","13120.61","0.08","0.0","0.0","2.56","0.08","0.21","0.0","0.0","0.0","0.0","29.91","29.7","600.92","300.46","571.01","571.22","0.0","","","","","","",""
"2015.0","10.0","27.0","300.0","13120.61","0.08","0.0","0.0","2.18","0.08","0.17","0.0","0.0","0.0","0.0","29.7","29.7","600.92","300.46","571.22","571.22","0.0","","","","","","",""
"2015.0","10.0","28.0","301.0","13120.61","0.08","0.0","0.0","2.28","0.08","0.18","0.11","0.11","0.0","0.0","29.77","29.7","600.92","300.46","571.15","571.22","0.0","","","","","","",""
"2015.0","10.0","29.0","302.0","13120.61","0.08","0.0","0.0","4.38","0.08","0.35","0.0","0.0","0.0","0.0","29.7","29.7","600.92","300.46","571.22","571.22","0.0","","","","","","",""
"2015.0","10.0","30.0","303.0","13120.61","0.08","0.0","0.0","3.64","0.08","0.29","0.0","0.0","0.0","0.0","29.99","29.7","600.92","300.46","570.93","571.22","0.0","","","","","","",""
"2015.0","10.0","31.0","304.0","13120.61","0.08","0.0","0.0","3.24","0.08","0.26","0.0","0.0","0.0","0.0","29.7","29.7","600.92","300.46","571.22","571.22","0.0","","","","","","",""
"2015.0","11.0","1.0","305.0","13120.61","0.08","0.0","0.0","2.27","0.08","0.18","0.0","0.0","0.0","0.0","29.88","29.7","600.92","300.46","571.04","571.22","0.0","","","","","","",""
"2015.0","11.0","2.0","306.0","13120.61","1.17","0.0","0.0","1.22","1.17","1.43","13.87","13.87","0.0","0.0","16.01","29.7","600.92","300.46","584.91","571.22","0.0","","","","","","",""
"2015.0","11.0","3.0","307.0","13120.61","1.14","0.0","0.0","2.1","1.14","2.39","10.1","10.1","0.0","0.0","8.3","29.7","600.92","300.46","592.62","571.22","0.0","","","","","","",""
"2015.0","11.0","4.0","308.0","13120.61","1.12","0.0","0.0","3.06","1.12","3.42","0.0","0.0","0.0","0.0","11.71","29.7","600.92","300.46","589.2","571.22","0.0","","","","","","",""
"2015.0","11.0","5.0","309.0","13120.61","1.05","0.0","0.0","1.73","1.05","1.82","0.0","0.0","0.0","0.0","13.53","29.7","600.92","300.46","587.38","571.22","0.0","","","","","","",""
"2015.0","11.0","6.0","310.0","13120.61","0.93","0.0","0.0","1.87","0.93","1.75","0.0","0.0","0.0","0.0","15.28","29.7","600.92","300.46","585.64","571.22","0.0","","","","","","",""
"2015.0","11.0","7.0","311.0","13120.61","0.86","0.0","0.0","1.66","0.86","1.43","0.0","0.0","0.0","0.0","16.71","29.7","600.92","300.46","584.21","571.22","0.0","","","","","","",""
"2015.0","11.0","8.0","312.0","13120.61","0.81","0.0","0.0","1.24","0.81","1.01","0.0","0.0","0.0","0.0","17.72","29.7","600.92","300.46","583.2","571.22","0.0","","","","","","",""
"2015.0","11.0","9.0","313.0","13120.61","1.18","0.0","0.0","1.05","1.18","1.24","4.18","4.18","0.0","0.0","14.77","29.7","600.92","300.46","586.14","571.22","0.0","","","","","","",""
"2015.0","11.0","10.0","314.0","13120.61","1.17","0.0","0.0","1.22","1.17","1.43","7.78","7.78","0.0","0.0","8.42","29.7","600.92","300.46","592.5","571.22","0.0","","","","","","",""
"2015.0","11.0","11.0","315.0","13120.61","1.17","0.0","0.0","1.23","1.17","1.44","0.0","0.0","0.0","0.0","9.86","29.7","600.92","300.46","591.06","571.22","0.0","","","","","","",""
"2015.0","11.0","12.0","316.0","13120.61","1.17","0.0","0.0","1.4","1.17","1.64","0.0","0.0","0.0","0.0","11.5","29.7","600.92","300.46","589.42","571.22","0.0","","","","","","",""
"2015.0","11.0","13.0","317.0","13120.61","1.17","0.0","0.0","1.36","1.17","1.59","0.06","0.06","0.0","0.0","13.03","29.7","600.92","300.46","587.89","571.22","0.0","","","","","","",""
"2015.0","11.0","14.0","318.0","13120.61","1.09","0.0","0.0","1.38","1.09","1.51","0.0","0.0","0.0","0.0","14.54","29.7","600.92","300.46","586.38","571.22","0.0","","","","","","",""
"2015.0","11.0","15.0","319.0","13120.61","1.15","0.0","0.0","1.83","1.15","2.1","2.04","2.04","0.0","0.0","14.6","29.7","600.92","300.46","586.32","571.22","0.0","","","","","","",""
"2015.0","11.0","16.0","320.0","13120.61","1.13","0.0","0.0","2.75","1.13","3.1","2.1","2.1","0.0","0.0","15.6","29.7","600.92","300.46","585.32","571.22","0.0","","","","","","",""
"2015.0","11.0","17.0","321.0","13120.61","1.13","0.0","0.0","1.44","1.13","1.63","0.0","0.0","0.0","0.0","17.23","29.7","600.92","300.46","583.69","571.22","0.0","","","","","","",""
"2015.0","11.0","18.0","322.0","13120.61","1.03","0.0","0.0","1.31","1.03","1.35","0.0","0.0","0.0","0.0","18.58","29.7","600.92","300.46","582.34","571.22","0.0","","","","","","",""
"2015.0","11.0","19.0","323.0","13120.61","0.95","0.0","0.0","1.34","0.95","1.27","0.0","0.0","0.0","0.0","19.84","29.7","600.92","300.46","581.07","571.22","0.0","","","","","","",""
"2015.0","11.0","20.0","324.0","13120.61","0.87","0.0","0.0","1.57","0.87","1.37","0.0","0.0","0.0","0.0","21.21","29.7","600.92","300.46","579.7","571.22","0.0","","","","","","",""
"2015.0","11.0","21.0","325.0","13120.61","0.82","0.0","0.0","1.46","0.82","1.19","0.0","0.0","0.0","0.0","22.41","29.7","600.92","300.46","578.51","571.22","0.0","","","","","","",""
"2015.0","11.0","22.0","326.0","13120.61","0.77","0.0","0.0","1.31","0.77","1.01","0.0","0.0","0.0","0.0","23.42","29.7","600.92","300.46","577.5","571.22","0.0","","","","","","",""
"2015.0","11.0","23.0","327.0","13120.61","0.74","0.0","0.0","1.44","0.74","1.06","0.0","0.0","0.0","0.0","24.48","29.7","600.92","300.46","576.44","571.22","0.0","","","","","","",""
"2015.0","11.0","24.0","328.0","13120.61","0.7","0.0","0.0","1.38","0.7","0.97","0.0","0.0","0.0","0.0","25.45","29.7","600.92","300.46","575.47","571.22","0.0","","","","","","",""
"2015.0","11.0","25.0","329.0","13120.61","1.18","0.0","0.0","1.02","1.18","1.2","3.41","3.41","0.0","0.0","23.24","29.7","600.92","300.46","577.68","571.22","0.0","","","","","","",""
"2015.0","11.0","26.0","330.0","13120.61","1.17","0.0","0.0","1.52","1.17","1.78","0.0","0.0","0.0","0.0","25.02","29.7","600.92","300.46","575.9","571.22","0.0","","","","","","",""
"2015.0","11.0","27.0","331.0","13120.61","1.16","0.0","0.0","2.1","1.16","2.43","0.0","0.0","0.0","0.0","27.45","29.7","600.92","300.46","573.47","571.22","0.0","","","","","","",""
"2015.0","11.0","28.0","332.0","13120.61","1.12","0.0","0.0","1.57","1.12","1.76","0.0","0.0","0.0","0.0","29.21","29.7","600.92","300.46","571.7","571.22","0.0","","","","","","",""
"2015.0","11.0","29.0","333.0","13120.61","1.02","0.0","0.0","1.34","1.02","1.37","0.0","0.0","0.0","0.0","30.58","29.7","600.92","300.46","570.34","571.22","0.0","","","","","","",""
"2015.0","11.0","30.0","334.0","13120.61","0.96","0.0","0.0","1.03","0.96","0.99","0.0","0.0","0.0","0.0","29.7","29.7","600.92","300.46","571.22","571.22","0.0","","","","","","",""
"2015.0","12.0","1.0","335.0","13120.61","0.89","0.0","0.0","1.25","0.89","1.12","0.0","0.0","0.0","0.0","30.82","29.7","600.92","300.46","570.1","571.22","0.0","","","","","","",""
"2015.0","12.0","2.0","336.0","13120.61","0.85","0.0","0.0","1.12","0.85","0.95","0.0","0.0","0.0","0.0","29.7","29.7","600.92","300.46","571.22","571.22","0.0","","","","","","",""
"2015.0","12.0","3.0","337.0","13120.61","0.8","0.0","0.0","1.3","0.8","1.04","0.0","0.0","0.0","0.0","30.74","29.7","600.92","300.46","570.18","571.22","0.0","","","","","","",""
"2015.0","12.0","4.0","338.0","13120.61","1.18","0.0","0.0","1.05","1.18","1.24","4.84","4.84","0.0","0.0","25.9","29.7","600.92","300.46","575.02","571.22","0.0","","","","","","",""
"2015.0","12.0","5.0","339.0","13120.61","1.18","0.0","0.0","0.78","1.18","0.92","0.0","0.0","0.0","0.0","26.83","29.7","600.92","300.46","574.09","571.22","0.0","","","","","","",""
"2015.0","12.0","6.0","340.0","13120.61","1.18","0.0","0.0","1.35","1.18","1.59","0.0","0.0","0.0","0.0","28.42","29.7","600.92","300.46","572.5","571.22","0.0","","","","","","",""
"2015.0","12.0","7.0","341.0","13120.61","1.18","0.0","0.0","0.96","1.18","1.13","0.0","0.0","0.0","0.0","29.55","29.7","600.92","300.46","571.37","571.22","0.0","","","","","","",""
"2015.0","12.0","8.0","342.0","13120.61","1.18","0.0","0.0","0.63","1.18","0.74","0.0","0.0","0.0","0.0","30.29","29.7","600.92","300.46","570.63","571.22","0.0","","","","","","",""
"2015.0","12.0","9.0","343.0","13120.61","1.17","0.0","0.0","1.04","1.17","1.22","0.0","0.0","0.0","0.0","29.7","29.7","600.92","300.46","571.22","571.22","0.0","","","","","","",""
"2015.0","12.0","10.0","344.0","13120.61","1.17","0.0","0.0","1.2","1.17","1.41","1.34","1.34","0.0","0.0","29.77","29.7","600.92","300.46","571.15","571.22","0.0","","","","","","",""
"2015.0","12.0","11.0","345.0","13120.61","1.18","0.0","0.0","1.1","1.18","1.29","7.14","7.14","0.0","0.0","22.63","29.7","600.92","300.46","578.29","571.22","0.0","","","","","","",""
"2015.0","12.0","12.0","346.0","13120.61","1.18","0.0","0.0","0.91","1.18","1.07","0.42","0.42","0.0","0.0","23.28","29.7","600.92","300.46","577.64","571.22","0.0","","","","","","",""
"2015.0","12.0","13.0","347.0","13120.61","1.18","0.0","0.0","1.3","1.18","1.53","0.0","0.0","0.0","0.0","24.81","29.7","600.92","300.46","576.11","571.22","0.0","","","","","","",""
"2015.0","12.0","14.0","348.0","13120.61","1.15","0.0","0.0","1.67","1.15","1.93","9.79","9.79","0.0","0.0","16.94","29.7","600.92","300.46","583.97","571.22","0.0","","","","","","",""
"2015.0","12.0","15.0","349.0","13120.61","1.15","0.0","0.0","1.78","1.15","2.05","0.0","0.0","0.0","0.0","18.99","29.7","600.92","300.46","581.92","571.22","0.0","","","","","","",""
"2015.0","12.0","16.0","350.0","13120.61","1.16","0.0","0.0","0.95","1.16","1.1","0.0","0.0","0.0","0.0","20.1","29.7","600.92","300.46","580.82","571.22","0.0","","","","","","",""
"2015.0","12.0","17.0","351.0","13120.61","1.17","0.0","0.0","1.02","1.17","1.19","0.0","0.0","0.0","0.0","21.29","29.7","600.92","300.46","579.63","571.22","0.0","","","","","","",""
"2015.0","12.0","18.0","352.0","13120.61","1.09","0.0","0.0","1.23","1.09","1.34","0.0","0.0","0.0","0.0","22.63","29.7","600.92","300.46","578.29","571.22","0.0","","","","","","",""
"2015.0","12.0","19.0","353.0","13120.61","1.19","0.0","0.0","0.78","1.19","0.93","5.89","5.89","0.0","0.0","17.66","29.7","600.92","300.46","583.26","571.22","0.0","","","","","","",""
"2015.0","12.0","20.0","354.0","13120.61","1.19","0.0","0.0","0.64","1.19","0.76","2.01","2.01","0.0","0.0","16.42","29.7","600.92","300.46","584.5","571.22","0.0","","","","","","",""
"2015.0","12.0","21.0","355.0","13120.61","1.19","0.0","0.0","0.69","1.19","0.82","2.49","2.49","0.0","0.0","14.75","29.7","600.92","300.46","586.17","571.22","0.0","","","","","","",""
"2015.0","12.0","22.0","356.0","13120.61","1.17","0.0","0.0","1.22","1.17","1.43","12.24","12.24","0.0","0.0","3.94","29.7","600.92","300.46","596.98","571.22","0.0","","","","","","",""
"2015.0","12.0","23.0","357.0","13120.61","1.17","0.0","0.0","1.52","1.17","1.77","0.56","0.56","0.0","0.0","5.15","29.7","600.92","300.46","595.77","571.22","0.0","","","","","","",""
"2015.0","12.0","24.0","358.0","13120.61","1.17","0.0","0.0","0.97","1.17","1.14","0.59","0.59","0.0","0.0","5.7","29.7","600.92","300.46","595.22","571.22","0.0","","","","","","",""
"2015.0","12.0","25.0","359.0","13120.61","1.18","0.0","0.0","0.91","1.18","1.08","4.96","4.96","0.0","0.0","1.81","29.7","600.92","300.46","599.11","571.22","0.0","","","","","","",""
"2015.0","12.0","26.0","360.0","13120.61","1.17","0.0","0.0","1.42","1.17","1.67","0.0","0.0","0.0","0.0","3.48","29.7","600.92","300.46","597.44","571.22","0.0","","","","","","",""
"2015.0","12.0","27.0","361.0","13120.61","1.18","0.0","0.0","0.58","1.18","0.69","0.0","0.0","0.0","0.0","4.16","29.7","600.92","300.46","596.75","571.22","0.0","","","","","","",""
"2015.0","12.0","28.0","362.0","13120.61","1.19","0.0","0.0","0.71","1.19","0.85","1.51","1.51","0.0","0.0","3.5","29.7","600.92","300.46","597.42","571.22","0.0","","","","","","",""
"2015.0","12.0","29.0","363.0","13120.61","1.19","0.0","0.0","0.91","1.19","1.08","0.16","0.16","0.0","0.0","4.42","29.7","600.92","300.46","596.5","571.22","0.0","","","","","","",""
"2015.0","12.0","30.0","364.0","13120.61","1.19","0.0","0.0","0.82","1.19","0.97","0.0","0.0","0.0","0.0","5.39","29.7","600.92","300.46","595.52","571.22","0.0","","","","","","",""
"2015.0","12.0","31.0","365.0","13120.61","1.19","0.0","0.0","0.99","1.19","1.17","0.0","0.0","0.0","0.0","6.57","29.7","600.92","300.46","594.35","571.22","0.0","","","","","","",""
"2016.0","1.0","1.0","1.0","13120.61","1.18","0.0","0.0","1.26","1.18","1.49","0.0","0.0","0.0","0.0","8.06","29.7","600.92","300.46","592.86","571.22","0.0","","","","","","",""
"2016.0","1.0","2.0","2.0","13120.61","1.18","0.0","0.0","1.08","1.18","1.27","0.0","0.0","0.0","0.0","9.33","29.7","600.92","300.46","591.59","571.22","0.0","","","","","","",""
"2016.0","1.0","3.0","3.0","13120.61","1.07","0.0","0.0","1.16","1.07","1.24","0.0","0.0","0.0","0.0","10.57","29.7","600.92","300.46","590.35","571.22","0.0","","","","","","",""
"2016.0","1.0","4.0","4.0","13120.61","1.0","0.0","0.0","0.98","1.0","0.98","0.49","0.49","0.0","0.0","11.07","29.7","600.92","300.46","589.85","571.22","0.0","","","","","","",""
"2016.0","1.0","5.0","5.0","13120.61","1.18","0.0","0.0","0.92","1.18","1.09","16.91","12.16","0.0","0.0","0.0","29.7","600.92","300.46","600.92","571.22","0.0","","","","","","",""
"2016.0","1.0","6.0","6.0","13120.61","1.19","0.0","0.0","0.84","1.19","1.0","13.14","1.0","0.0","0.0","0.0","29.7","600.92","300.46","600.92","571.22","0.0","","","","","","",""
"2016.0","1.0","7.0","7.0","13120.61","1.2","0.0","0.0","0.62","1.2","0.74","4.52","0.74","0.0","0.0","0.0","29.7","600.92","300.46","600.92","571.22","0.0","","","","","","",""
"2016.0","1.0","8.0","8.0","13120.61","1.19","0.0","0.0","0.71","1.19","0.85","0.04","0.04","0.0","0.0","0.81","29.7","600.92","300.46","600.11","571.22","0.0","","","","","","",""
"2016.0","1.0","9.0","9.0","13120.61","1.18","0.0","0.0","0.96","1.18","1.13","0.86","0.86","0.0","0.0","1.08","29.7","600.92","300.46","599.84","571.22","0.0","","","","","","",""
"2016.0","1.0","10.0","10.0","13120.61","1.18","0.0","0.0","0.9","1.18","1.06","0.39","0.39","0.0","0.0","1.76","29.7","600.92","300.46","599.16","571.22","0.0","","","","","","",""
"2016.0","1.0","11.0","11.0","13120.61","1.18","0.0","0.0","1.0","1.18","1.18","0.07","0.07","0.0","0.0","2.87","29.7","600.92","300.46","598.05","571.22","0.0","","","","","","",""
"2016.0","1.0","12.0","12.0","13120.61","1.18","0.0","0.0","0.98","1.18","1.16","0.0","0.0","0.0","0.0","4.03","29.7","600.92","300.46","596.89","571.22","0.0","","","","","","",""
"2016.0","1.0","13.0","13.0","13120.61","1.16","0.0","0.0","1.46","1.16","1.7","1.29","1.29","0.0","0.0","4.43","29.7","600.92","300.46","596.49","571.22","0.0","","","","","","",""
"2016.0","1.0","14.0","14.0","13120.61","1.19","0.0","0.0","0.74","1.19","0.88","1.66","1.66","0.0","0.0","3.65","29.7","600.92","300.46","597.27","571.22","0.0","","","","","","",""
"2016.0","1.0","15.0","15.0","13120.61","1.18","0.0","0.0","0.98","1.18","1.16","2.54","2.54","0.0","0.0","2.27","29.7","600.92","300.46","598.65","571.22","0.0","","","","","","",""
"2016.0","1.0","16.0","16.0","13120.61","1.18","0.0","0.0","0.93","1.18","1.1","5.84","3.37","0.0","0.0","0.0","29.7","600.92","300.46","600.92","571.22","0.0","","","","","","",""
"2016.0","1.0","17.0","17.0","13120.61","1.19","0.0","0.0","0.83","1.19","0.99","1.4","0.99","0.0","0.0","0.0","29.7","600.92","300.46","600.92","571.22","0.0","","","","","","",""
"2016.0","1.0","18.0","18.0","13120.61","1.17","0.0","0.0","1.26","1.17","1.47","34.61","1.47","0.0","0.0","0.0","29.7","600.92","300.46","600.92","571.22","0.0","","","","","","",""
"2016.0","1.0","19.0","19.0","13120.61","1.17","0.0","0.0","1.26","1.17","1.47","6.57","1.47","0.0","0.0","0.0","29.7","600.92","300.46","600.92","571.22","0.0","","","","","","",""
"2016.0","1.0","20.0","20.0","13120.61","1.18","0.0","0.0","1.1","1.18","1.29","15.1","1.29","0.0","0.0","0.0","29.7","600.92","300.46","600.92","571.22","0.0","","","","","","",""
"2016.0","1.0","21.0","21.0","13120.61","1.17","0.0","0.0","1.17","1.17","1.37","0.1","0.1","0.0","0.0","1.27","29.7","600.92","300.46","599.64","571.22","0.0","","","","","","",""
"2016.0","1.0","22.0","22.0","13120.61","1.17","0.0","0.0","1.16","1.17","1.36","0.14","0.14","0.0","0.0","2.5","29.7","600.92","300.46","598.42","571.22","0.0","","","","","","",""
"2016.0","1.0","23.0","23.0","13120.61","1.16","0.0","0.0","1.4","1.16","1.63","10.69","4.13","0.0","0.0","0.0","29.7","600.92","300.46","600.92","571.22","0.0","","","","","","",""
"2016.0","1.0","24.0","24.0","13120.61","1.17","0.0","0.0","1.16","1.17","1.36","0.76","0.76","0.0","0.0","0.6","29.7","600.92","300.46","600.32","571.22","0.0","","","","","","",""
"2016.0","1.0","25.0","25.0","13120.61","1.17","0.0","0.0","1.11","1.17","1.3","0.1","0.1","0.0","0.0","1.8","29.7","600.92","300.46","599.12","571.22","0.0","","","","","","",""
"2016.0","1.0","26.0","26.0","13120.61","1.17","0.0","0.0","1.12","1.17","1.31","0.0","0.0","0.0","0.0","3.11","29.7","600.92","300.46","597.81","571.22","0.0","","","","","","",""
"2016.0","1.0","27.0","27.0","13120.61","1.14","0.0","0.0","1.3","1.14","1.48","0.0","0.0","0.0","0.0","4.59","29.7","600.92","300.46","596.33","571.22","0.0","","","","","","",""
"2016.0","1.0","28.0","28.0","13120.61","1.06","0.0","0.0","0.93","1.06","0.99","0.0","0.0","0.0","0.0","5.58","29.7","600.92","300.46","595.34","571.22","0.0","","","","","","",""
"2016.0","1.0","29.0","29.0","13120.61","0.99","0.0","0.0","1.11","0.99","1.1","0.05","0.05","0.0","0.0","6.63","29.7","600.92","300.46","594.29","571.22","0.0","","","","","","",""
"2016.0","1.0","30.0","30.0","13120.61","1.16","0.0","0.0","1.58","1.16","1.83","5.56","5.56","0.0","0.0","2.89","29.7","600.92","300.46","598.02","571.22","0.0","","","","","","",""
"2016.0","1.0","31.0","31.0","13120.61","1.14","0.0","0.0","2.29","1.14","2.62","0.68","0.68","0.0","0.0","4.83","29.7","600.92","300.46","596.09","571.22","0.0","","","","","","",""
"2016.0","2.0","1.0","32.0","13120.61","1.08","0.0","0.0","2.73","1.08","2.94","1.11","1.11","0.0","0.0","6.66","29.7","600.92","300.46","594.26","571.22","0.0","","","","","","",""
"2016.0","2.0","2.0","33.0","13120.61","1.0","0.0","0.0","1.18","1.0","1.18","0.03","0.03","0.0","0.0","7.81","29.7","600.92","300.46","593.11","571.22","0.0","","","","","","",""
"2016.0","2.0","3.0","34.0","13120.61","0.93","0.0","0.0","1.14","0.93","1.06","0.1","0.1","0.0","0.0","8.77","29.7","600.92","300.46","592.15","571.22","0.0","","","","","","",""
"2016.0","2.0","4.0","35.0","13120.61","0.86","0.0","0.0","1.5","0.86","1.3","0.0","0.0","0.0","0.0","10.06","29.7","600.92","300.46","590.85","571.22","0.0","","","","","","",""
"2016.0","2.0","5.0","36.0","13120.61","0.81","0.0","0.0","1.43","0.81","1.16","0.0","0.0","0.0","0.0","11.22","29.7","600.92","300.46","589.69","571.22","0.0","","","","","","",""
"2016.0","2.0","6.0","37.0","13120.61","0.76","0.0","0.0","1.64","0.76","1.25","0.0","0.0","0.0","0.0","12.47","29.7","600.92","300.46","588.45","571.22","0.0","","","","","","",""
"2016.0","2.0","7.0","38.0","13120.61","0.71","0.0","0.0","1.87","0.71","1.33","0.0","0.0","0.0","0.0","13.8","29.7","600.92","300.46","587.12","571.22","0.0","","","","","","",""
"2016.0","2.0","8.0","39.0","13120.61","0.67","0.0","0.0","1.98","0.67","1.33","0.0","0.0","0.0","0.0","15.13","29.7","600.92","300.46","585.79","571.22","0.0","","","","","","",""
"2016.0","2.0","9.0","40.0","13120.61","0.63","0.0","0.0","1.99","0.63","1.26","0.0","0.0","0.0","0.0","16.39","29.7","600.92","300.46","584.53","571.22","0.0","","","","","","",""
"2016.0","2.0","10.0","41.0","13120.61","0.6","0.0","0.0","1.96","0.6","1.18","0.0","0.0","0.0","0.0","17.57","29.7","600.92","300.46","583.34","571.22","0.0","","","","","","",""
"2016.0","2.0","11.0","42.0","13120.61","0.58","0.0","0.0","1.8","0.58","1.04","0.0","0.0","0.0","0.0","18.62","29.7","600.92","300.46","582.3","571.22","0.0","","","","","","",""
"2016.0","2.0","12.0","43.0","13120.61","0.56","0.0","0.0","1.89","0.56","1.05","0.0","0.0","0.0","0.0","19.67","29.7","600.92","300.46","581.25","571.22","0.0","","","","","","",""
"2016.0","2.0","13.0","44.0","13120.61","0.53","0.0","0.0","2.32","0.53","1.24","0.0","0.0","0.0","0.0","20.91","29.7","600.92","300.46","580.01","571.22","0.0","","","","","","",""
"2016.0","2.0","14.0","45.0","13120.61","0.51","0.0","0.0","2.94","0.51","1.49","0.0","0.0","0.0","0.0","22.39","29.7","600.92","300.46","578.52","571.22","0.0","","","","","","",""
"2016.0","2.0","15.0","46.0","13120.61","0.49","0.0","0.0","2.4","0.49","1.17","0.0","0.0","0.0","0.0","23.56","29.7","600.92","300.46","577.36","571.22","0.0","","","","","","",""
"2016.0","2.0","16.0","47.0","13120.61","0.47","0.0","0.0","2.18","0.47","1.03","0.0","0.0","0.0","0.0","24.59","29.7","600.92","300.46","576.33","571.22","0.0","","","","","","",""
"2016.0","2.0","17.0","48.0","13120.61","0.45","0.0","0.0","2.89","0.45","1.31","0.0","0.0","0.0","0.0","25.9","29.7","600.92","300.46","575.02","571.22","0.0","","","","","","",""
"2016.0","2.0","18.0","49.0","13120.61","1.14","0.0","0.0","1.93","1.14","2.21","12.6","12.6","0.0","0.0","15.5","29.7","600.92","300.46","585.42","571.22","0.0","","","","","","",""
"2016.0","2.0","19.0","50.0","13120.61","1.15","0.0","0.0","1.79","1.15","2.05","1.68","1.68","0.0","0.0","15.87","29.7","600.92","300.46","585.05","571.22","0.0","","","","","","",""
"2016.0","2.0","20.0","51.0","13120.61","1.15","0.0","0.0","1.78","1.15","2.04","0.0","0.0","0.0","0.0","17.91","29.7","600.92","300.46","583.0","571.22","0.0","","","","","","",""
"2016.0","2.0","21.0","52.0","13120.61","1.01","0.0","0.0","2.03","1.01","2.06","0.0","0.0","0.0","0.0","19.97","29.7","600.92","300.46","580.95","571.22","0.0","","","","","","",""
"2016.0","2.0","22.0","53.0","13120.61","0.87","0.0","0.0","2.67","0.87","2.32","0.0","0.0","0.0","0.0","22.29","29.7","600.92","300.46","578.63","571.22","0.0","","","","","","",""
"2016.0","2.0","23.0","54.0","13120.61","0.78","0.0","0.0","2.49","0.78","1.94","0.0","0.0","0.0","0.0","24.23","29.7","600.92","300.46","576.69","571.22","0.0","","","","","","",""
"2016.0","2.0","24.0","55.0","13120.61","0.72","0.0","0.0","2.29","0.72","1.64","0.0","0.0","0.0","0.0","25.87","29.7","600.92","300.46","575.05","571.22","0.0","","","","","","",""
"2016.0","2.0","25.0","56.0","13120.61","0.66","0.0","0.0","2.39","0.66","1.59","0.0","0.0","0.0","0.0","27.45","29.7","600.92","300.46","573.47","571.22","0.0","","","","","","",""
"2016.0","2.0","26.0","57.0","13120.61","0.62","0.0","0.0","2.46","0.62","1.53","0.0","0.0","0.0","0.0","28.98","29.7","600.92","300.46","571.94","571.22","0.0","","","","","","",""
"2016.0","2.0","27.0","58.0","13120.61","0.59","0.0","0.0","2.45","0.59","1.44","0.0","0.0","0.0","0.0","30.42","29.7","600.92","300.46","570.5","571.22","0.0","","","","","","",""
"2016.0","2.0","28.0","59.0","13120.61","0.56","0.0","0.0","2.08","0.56","1.17","0.0","0.0","0.0","0.0","29.7","29.7","600.92","300.46","571.22","571.22","0.0","","","","","","",""
"2016.0","2.0","29.0","60.0","13120.61","0.53","0.0","0.0","2.7","0.53","1.43","0.0","0.0","0.0","0.0","31.13","29.7","600.92","300.46","569.78","571.22","0.0","","","","","","",""
"2016.0","3.0","1.0","61.0","13120.61","0.5","0.0","0.0","3.07","0.5","1.54","0.0","0.0","0.0","0.0","29.7","29.7","600.92","300.46","571.22","571.22","0.0","","","","","","",""
"2016.0","3.0","2.0","62.0","13120.61","0.48","0.0","0.0","2.66","0.48","1.28","0.0","0.0","0.0","0.0","30.98","29.7","600.92","300.46","569.94","571.22","0.0","","","","","","",""
"2016.0","3.0","3.0","63.0","13120.61","0.47","0.0","0.0","2.01","0.47","0.94","0.0","0.0","0.0","0.0","29.7","29.7","600.92","300.46","571.22","571.22","0.0","","","","","","",""
"2016.0","3.0","4.0","64.0","13120.61","0.46","0.0","0.0","1.63","0.46","0.75","0.0","0.0","0.0","0.0","30.45","29.7","600.92","300.46","570.47","571.22","0.0","","","","","","",""
"2016.0","3.0","5.0","65.0","13120.61","1.17","0.0","0.0","1.29","1.17","1.51","9.53","9.53","0.0","0.0","20.92","29.7","600.92","300.46","580.0","571.22","0.0","","","","","","",""
"2016.0","3.0","6.0","66.0","13120.61","1.13","0.0","0.0","2.24","1.13","2.53","23.66","23.45","0.0","0.0","0.0","29.7","600.92","300.46","600.92","571.22","0.0","","","","","","",""
"2016.0","3.0","7.0","67.0","13120.61","1.16","0.0","0.0","1.43","1.16","1.66","16.86","1.66","0.0","0.0","0.0","29.7","600.92","300.46","600.92","571.22","0.0","","","","","","",""
"2016.0","3.0","8.0","68.0","13120.61","1.14","0.0","0.0","2.0","1.14","2.28","2.25","2.25","0.0","0.0","0.03","29.7","600.92","300.46","600.89","571.22","0.0","","","","","","",""
"2016.0","3.0","9.0","69.0","13120.61","1.14","0.0","0.0","2.17","1.14","2.47","0.01","0.01","0.0","0.0","2.49","29.7","600.92","300.46","598.43","571.22","0.0","","","","","","",""
"2016.0","3.0","10.0","70.0","13120.61","1.14","0.0","0.0","1.49","1.14","1.71","0.09","0.09","0.0","0.0","4.1","29.7","600.92","300.46","596.82","571.22","0.0","","","","","","",""
"2016.0","3.0","11.0","71.0","13120.61","1.16","0.0","0.0","1.56","1.16","1.81","2.52","2.52","0.0","0.0","3.39","29.7","600.92","300.46","597.53","571.22","0.0","","","","","","",""
"2016.0","3.0","12.0","72.0","13120.61","1.14","0.0","0.0","1.94","1.14","2.22","10.13","5.6","0.0","0.0","0.0","29.7","600.92","300.46","600.92","571.22","0.0","","","","","","",""
"2016.0","3.0","13.0","73.0","13120.61","1.17","0.0","0.0","1.23","1.17","1.44","5.53","1.44","0.0","0.0","0.0","29.7","600.92","300.46","600.92","571.22","0.0","","","","","","",""
"2016.0","3.0","14.0","74.0","13120.61","1.12","0.0","0.0","2.53","1.12","2.83","16.17","2.83","0.0","0.0","0.0","29.7","600.92","300.46","600.92","571.22","0.0","","","","","","",""
"2016.0","3.0","15.0","75.0","13120.61","1.11","0.45","0.0","3.04","1.11","3.37","0.0","0.0","0.0","0.0","3.37","134.03","600.92","300.46","597.55","466.89","0.0","","","","","","",""
"2016.0","3.0","16.0","76.0","13120.61","0.93","0.46","0.0","3.13","0.93","2.9","0.0","0.0","0.0","0.0","6.27","134.03","600.92","300.46","594.65","466.89","0.0","","","","","","",""
"2016.0","3.0","17.0","77.0","13120.61","0.79","0.46","0.0","3.15","0.79","2.5","0.0","0.0","0.0","0.0","8.77","134.03","600.92","300.46","592.15","466.89","0.0","","","","","","",""
"2016.0","3.0","18.0","78.0","13120.61","0.7","0.47","0.0","3.12","0.7","2.2","0.0","0.0","0.0","0.0","10.97","134.03","600.92","300.46","589.95","466.89","0.0","","","","","","",""
"2016.0","3.0","19.0","79.0","13120.61","0.64","0.48","0.0","3.12","0.64","2.0","0.0","0.0","0.0","0.0","12.97","134.03","600.92","300.46","587.95","466.89","0.0","","","","","","",""
"2016.0","3.0","20.0","80.0","13120.61","0.6","0.49","0.0","2.58","0.6","1.55","0.0","0.0","0.0","0.0","14.51","134.03","600.92","300.46","586.4","466.89","0.0","","","","","","",""
"2016.0","3.0","21.0","81.0","13120.61","0.57","0.49","0.0","2.43","0.57","1.38","1.04","1.04","0.0","0.0","14.86","134.03","600.92","300.46","586.06","466.89","0.0","","","","","","",""
"2016.0","3.0","22.0","82.0","13120.61","0.53","0.5","0.0","3.06","0.53","1.63","0.84","0.84","0.0","0.0","15.65","134.03","600.92","300.46","585.27","466.89","0.0","","","","","","",""
"2016.0","3.0","23.0","83.0","13120.61","0.5","0.51","0.0","3.41","0.51","1.73","0.0","0.0","0.0","0.0","17.38","134.03","600.92","300.46","583.54","466.89","0.0","","","","","","",""
"2016.0","3.0","24.0","84.0","13120.61","0.48","0.51","0.0","3.28","0.51","1.68","0.0","0.0","0.0","0.0","19.06","134.03","600.92","300.46","581.86","466.89","0.0","","","","","","",""
"2016.0","3.0","25.0","85.0","13120.61","0.45","0.52","0.0","3.68","0.52","1.91","0.0","0.0","0.0","0.0","20.97","134.03","600.92","300.46","579.95","466.89","0.0","","","","","","",""
"2016.0","3.0","26.0","86.0","13120.61","0.43","0.53","0.0","4.3","0.53","2.27","0.0","0.0","0.0","0.0","23.24","134.03","600.92","300.46","577.68","466.89","0.0","","","","","","",""
"2016.0","3.0","27.0","87.0","13120.61","0.41","0.53","0.0","3.59","0.53","1.92","0.0","0.0","0.0","0.0","25.15","134.03","600.92","300.46","575.76","466.89","0.0","","","","","","",""
"2016.0","3.0","28.0","88.0","13120.61","0.39","0.54","0.0","3.48","0.54","1.88","0.0","0.0","0.0","0.0","27.04","134.03","600.92","300.46","573.88","466.89","0.0","","","","","","",""
"2016.0","3.0","29.0","89.0","13120.61","0.38","0.55","0.0","3.78","0.55","2.07","0.01","0.01","0.0","0.0","29.1","134.03","600.92","300.46","571.82","466.89","0.0","","","","","","",""
"2016.0","3.0","30.0","90.0","13120.61","0.37","0.56","0.0","3.59","0.56","1.99","0.0","0.0","0.0","0.0","31.09","134.03","600.92","300.46","569.83","466.89","0.0","","","","","","",""
"2016.0","3.0","31.0","91.0","13120.61","0.35","0.56","0.0","3.81","0.56","2.14","0.0","0.0","0.0","0.0","33.23","134.03","600.92","300.46","567.69","466.89","0.0","","","","","","",""
"2016.0","4.0","1.0","92.0","13120.61","0.34","0.57","0.0","3.73","0.57","2.12","0.0","0.0","0.0","0.0","35.35","134.03","600.92","300.46","565.56","466.89","0.0","","","","","","",""
"2016.0","4.0","2.0","93.0","13120.61","0.33","0.58","0.0","3.81","0.58","2.19","0.0","0.0","0.0","0.0","37.55","134.03","600.92","300.46","563.37","466.89","0.0","","","","","","",""
"2016.0","4.0","3.0","94.0","13120.61","0.32","0.58","0.0","4.13","0.58","2.41","0.0","0.0","0.0","0.0","39.96","134.03","600.92","300.46","560.96","466.89","0.0","","","","","","",""
"2016.0","4.0","4.0","95.0","13120.61","0.31","0.59","0.0","4.33","0.59","2.55","0.0","0.0","0.0","0.0","42.51","134.03","600.92","300.46","558.41","466.89","0.0","","","","","","",""
"2016.0","4.0","5.0","96.0","13120.61","0.3","0.6","0.0","5.51","0.6","3.29","0.0","0.0","0.0","0.0","45.8","134.03","600.92","300.46","555.12","466.89","0.0","","","","","","",""
"2016.0","4.0","6.0","97.0","13120.61","0.29","0.6","0.0","4.85","0.6","2.93","0.0","0.0","0.0","0.0","48.73","134.03","600.92","300.46","552.19","466.89","0.0","","","","","","",""
"2016.0","4.0","7.0","98.0","13120.61","0.28","0.61","0.0","4.26","0.61","2.6","0.0","0.0","0.0","0.0","51.33","134.03","600.92","300.46","549.58","466.89","0.0","","","","","","",""
"2016.0","4.0","8.0","99.0","13120.61","0.28","0.62","0.0","3.38","0.62","2.09","0.01","0.01","0.0","0.0","53.41","134.03","600.92","300.46","547.51","466.89","0.0","","","","","","",""
"2016.0","4.0","9.0","100.0","13120.61","1.16","0.63","0.0","1.55","1.16","1.79","8.15","8.15","0.0","0.0","47.06","134.03","600.92","300.46","553.86","466.89","0.0","","","","","","",""
"2016.0","4.0","10.0","101.0","13120.61","1.14","0.63","0.0","2.05","1.14","2.33","30.23","30.23","0.0","0.0","19.16","134.03","600.92","300.46","581.76","466.89","0.0","","","","","","",""
"2016.0","4.0","11.0","102.0","13120.61","1.12","0.64","0.0","3.17","1.12","3.54","0.88","0.88","0.0","0.0","21.82","134.03","600.92","300.46","579.1","466.89","0.0","","","","","","",""
"2016.0","4.0","12.0","103.0","13120.61","0.94","0.65","0.0","3.22","0.94","3.03","0.0","0.0","0.0","0.0","24.85","134.03","600.92","300.46","576.07","466.89","0.0","","","","","","",""
"2016.0","4.0","13.0","104.0","13120.61","0.76","0.65","0.0","4.22","0.76","3.22","0.0","0.0","0.0","0.0","28.07","134.03","600.92","300.46","572.84","466.89","0.0","","","","","","",""
"2016.0","4.0","14.0","105.0","13120.61","0.66","0.66","0.0","4.17","0.66","2.75","1.61","1.61","0.0","0.0","29.22","134.03","600.92","300.46","571.7","466.89","0.0","","","","","","",""
"2016.0","4.0","15.0","106.0","13120.61","0.57","0.67","0.0","5.48","0.67","3.66","0.0","0.0","0.0","0.0","32.87","134.03","600.92","300.46","568.05","466.89","0.0","","","","","","",""
"2016.0","4.0","16.0","107.0","13120.61","0.51","0.67","0.0","5.16","0.67","3.48","0.0","0.0","0.0","0.0","36.35","134.03","600.92","300.46","564.57","466.89","0.0","","","","","","",""
"2016.0","4.0","17.0","108.0","13120.61","0.47","0.68","0.0","4.85","0.68","3.3","0.0","0.0","0.0","0.0","39.65","134.03","600.92","300.46","561.27","466.89","0.0","","","","","","",""
"2016.0","4.0","18.0","109.0","13120.61","0.44","0.69","0.0","5.18","0.69","3.56","0.0","0.0","0.0","0.0","43.22","134.03","600.92","300.46","557.7","466.89","0.0","","","","","","",""
"2016.0","4.0","19.0","110.0","13120.61","0.41","0.7","0.0","4.94","0.7","3.43","0.0","0.0","0.0","0.0","46.65","134.03","600.92","300.46","554.27","466.89","0.0","","","","","","",""
"2016.0","4.0","20.0","111.0","13120.61","0.39","0.7","0.0","5.19","0.7","3.64","0.0","0.0","0.0","0.0","50.29","134.03","600.92","300.46","550.62","466.89","0.0","","","","","","",""
"2016.0","4.0","21.0","112.0","13120.61","0.37","0.71","0.0","3.95","0.71","2.8","0.0","0.0","0.0","0.0","53.09","134.03","600.92","300.46","547.82","466.89","0.0","","","","","","",""
"2016.0","4.0","22.0","113.0","13120.61","0.36","0.72","0.0","2.76","0.72","1.98","0.01","0.01","0.0","0.0","55.06","134.03","600.92","300.46","545.86","466.89","0.0","","","","","","",""
"2016.0","4.0","23.0","114.0","13120.61","1.06","0.72","0.0","4.11","1.06","4.34","5.94","5.94","0.0","0.0","53.46","134.03","600.92","300.46","547.46","466.89","0.0","","","","","","",""
"2016.0","4.0","24.0","115.0","13120.61","0.9","0.73","0.0","4.63","0.9","4.16","0.0","0.0","0.0","0.0","57.62","134.03","600.92","300.46","543.3","466.89","0.0","","","","","","",""
"2016.0","4.0","25.0","116.0","13120.61","0.7","0.74","0.0","5.42","0.74","3.99","0.0","0.0","0.0","0.0","61.62","134.03","600.92","300.46","539.3","466.89","0.0","","","","","","",""
"2016.0","4.0","26.0","117.0","13120.61","0.61","0.74","0.0","4.78","0.74","3.56","0.0","0.0","0.0","0.0","65.17","134.03","600.92","300.46","535.75","466.89","0.0","","","","","","",""
"2016.0","4.0","27.0","118.0","13120.61","0.56","0.75","0.0","3.73","0.75","2.8","0.04","0.04","0.0","0.0","67.93","134.03","600.92","300.46","532.98","466.89","0.0","","","","","","",""
"2016.0","4.0","28.0","119.0","13120.61","0.5","0.76","0.0","5.66","0.76","4.29","3.4","3.4","0.0","0.0","68.82","134.03","600.92","300.46","532.09","466.89","0.0","","","","","","",""
"2016.0","4.0","29.0","120.0","13120.61","0.46","0.77","0.0","5.01","0.77","3.83","0.0","0.0","0.0","0.0","72.66","134.03","600.92","300.46","528.26","466.89","0.0","","","","","","",""
"2016.0","4.0","30.0","121.0","13120.61","0.41","0.77","0.0","7.32","0.77","5.65","0.0","0.0","0.0","0.0","78.31","134.03","600.92","300.46","522.61","466.89","0.0","","","","","","",""
"2016.0","5.0","1.0","122.0","13120.61","0.38","0.78","0.0","5.79","0.78","4.51","0.0","0.0","0.0","0.0","82.82","134.03","600.92","300.46","518.1","466.89","0.0","","","","","","",""
"2016.0","5.0","2.0","123.0","13120.61","0.36","0.79","0.0","5.39","0.79","4.24","0.0","0.0","0.0","0.0","87.05","134.03","600.92","300.46","513.86","466.89","0.0","","","","","","",""
"2016.0","5.0","3.0","124.0","13120.61","0.35","0.79","0.0","4.47","0.79","3.54","0.0","0.0","0.0","0.0","90.6","134.03","600.92","300.46","510.32","466.89","0.0","","","","","","",""
"2016.0","5.0","4.0","125.0","13120.61","0.34","0.8","0.0","4.71","0.8","3.77","0.0","0.0","0.0","0.0","94.37","134.03","600.92","300.46","506.55","466.89","0.0","","","","","","",""
"2016.0","5.0","5.0","126.0","13120.61","0.33","0.8","0.0","2.67","0.8","2.14","0.0","0.0","0.0","0.0","96.5","134.03","600.92","300.46","504.41","466.89","0.0","","","","","","",""
"2016.0","5.0","6.0","127.0","13120.61","0.33","0.8","0.0","1.97","0.8","1.58","0.26","0.26","0.0","0.0","97.82","134.03","600.92","300.46","503.1","466.89","0.0","","","","","","",""
"2016.0","5.0","7.0","128.0","13120.61","1.13","0.8","0.0","2.2","1.13","2.49","7.17","7.17","0.0","0.0","93.14","134.03","600.92","300.46","507.78","466.89","0.0","","","","","","",""
"2016.0","5.0","8.0","129.0","13120.61","1.11","0.8","0.0","3.41","1.11","3.78","0.77","0.77","0.0","0.0","96.15","134.03","600.92","300.46","504.77","466.89","0.0","","","","","","",""
"2016.0","5.0","9.0","130.0","13120.61","0.84","0.8","0.0","4.7","0.84","3.96","0.0","0.0","0.0","0.0","100.11","134.03","600.92","300.46","500.81","466.89","0.0","","","","","","",""
"2016.0","5.0","10.0","131.0","13120.61","0.67","0.8","0.0","5.58","0.8","4.46","0.0","0.0","0.0","0.0","104.57","134.03","600.92","300.46","496.35","466.89","0.0","","","","","","",""
"2016.0","5.0","11.0","132.0","13120.61","0.57","0.8","0.0","5.92","0.8","4.74","0.0","0.0","0.0","0.0","109.31","134.03","600.92","300.46","491.61","466.89","0.0","","","","","","",""
"2016.0","5.0","12.0","133.0","13120.61","0.5","0.8","0.0","6.04","0.8","4.83","0.0","0.0","0.0","0.0","114.14","134.03","600.92","300.46","486.78","466.89","0.0","","","","","","",""
"2016.0","5.0","13.0","134.0","13120.61","0.46","0.8","0.0","5.58","0.8","4.46","0.0","0.0","0.0","0.0","118.6","134.03","600.92","300.46","482.32","466.89","0.0","","","","","","",""
"2016.0","5.0","14.0","135.0","13120.61","0.42","0.8","0.0","5.14","0.8","4.11","0.0","0.0","0.0","0.0","122.71","134.03","600.92","300.46","478.2","466.89","0.0","","","","","","",""
"2016.0","5.0","15.0","136.0","13120.61","0.4","0.8","0.0","5.58","0.8","4.46","0.0","0.0","0.0","0.0","127.18","134.03","600.92","300.46","473.74","466.89","0.0","","","","","","",""
"2016.0","5.0","16.0","137.0","13120.61","0.37","0.8","0.0","6.65","0.8","5.32","0.0","0.0","0.0","0.0","132.5","134.03","600.92","300.46","468.42","466.89","0.0","","","","","","",""
"2016.0","5.0","17.0","138.0","13120.61","0.34","0.8","0.0","7.63","0.8","6.1","0.0","0.0","0.0","0.0","0.0","134.03","600.92","300.46","600.92","466.89","138.6","","","","","","",""
"2016.0","5.0","18.0","139.0","13120.61","0.32","0.8","0.0","7.1","0.8","5.68","0.0","0.0","0.0","0.0","5.68","134.03","600.92","300.46","595.24","466.89","0.0","","","","","","",""
"2016.0","5.0","19.0","140.0","13120.61","0.31","0.8","0.0","6.31","0.8","5.05","0.0","0.0","0.0","0.0","10.73","134.03","600.92","300.46","590.19","466.89","0.0","","","","","","",""
"2016.0","5.0","20.0","141.0","13120.61","0.3","0.8","0.0","5.02","0.8","4.02","0.0","0.0","0.0","0.0","14.74","134.03","600.92","300.46","586.17","466.89","0.0","","","","","","",""
"2016.0","5.0","21.0","142.0","13120.61","0.29","0.8","0.0","3.47","0.8","2.78","0.0","0.0","0.0","0.0","17.52","134.03","600.92","300.46","583.4","466.89","0.0","","","","","","",""
"2016.0","5.0","22.0","143.0","13120.61","0.28","0.8","0.0","4.27","0.8","3.42","1.71","1.71","0.0","0.0","19.23","134.03","600.92","300.46","581.69","466.89","0.0","","","","","","",""
"2016.0","5.0","23.0","144.0","13120.61","0.28","0.8","0.0","4.87","0.8","3.9","0.0","0.0","0.0","0.0","23.12","134.03","600.92","300.46","577.8","466.89","0.0","","","","","","",""
"2016.0","5.0","24.0","145.0","13120.61","0.27","0.8","0.0","4.92","0.8","3.94","0.0","0.0","0.0","0.0","27.06","134.03","600.92","300.46","573.86","466.89","0.0","","","","","","",""
"2016.0","5.0","25.0","146.0","13120.61","0.26","0.8","0.0","5.35","0.8","4.28","0.0","0.0","0.0","0.0","31.34","134.03","600.92","300.46","569.58","466.89","0.0","","","","","","",""
"2016.0","5.0","26.0","147.0","13120.61","0.25","0.8","0.0","5.71","0.8","4.57","0.0","0.0","0.0","0.0","35.91","134.03","600.92","300.46","565.01","466.89","0.0","","","","","","",""
"2016.0","5.0","27.0","148.0","13120.61","0.25","0.8","0.0","6.09","0.8","4.87","0.0","0.0","0.0","0.0","40.78","134.03","600.92","300.46","560.14","466.89","0.0","","","","","","",""
"2016.0","5.0","28.0","149.0","13120.61","0.24","0.8","0.0","6.94","0.8","5.55","0.0","0.0","0.0","0.0","46.33","134.03","600.92","300.46","554.59","466.89","0.0","","","","","","",""
"2016.0","5.0","29.0","150.0","13120.61","0.23","0.8","0.0","6.63","0.8","5.3","0.0","0.0","0.0","0.0","51.63","134.03","600.92","300.46","549.28","466.89","0.0","","","","","","",""
"2016.0","5.0","30.0","151.0","13120.61","0.23","0.8","0.0","6.85","0.8","5.48","0.0","0.0","0.0","0.0","57.11","134.03","600.92","300.46","543.8","466.89","0.0","","","","","","",""
"2016.0","5.0","31.0","152.0","13120.61","0.22","0.8","0.0","7.16","0.8","5.73","0.0","0.0","0.0","0.0","62.84","134.03","600.92","300.46","538.08","466.89","0.0","","","","","","",""
"2016.0","6.0","1.0","153.0","13120.61","0.21","0.8","0.0","7.16","0.8","5.73","0.0","0.0","0.0","0.0","68.57","134.03","600.92","300.46","532.35","466.89","0.0","","","","","","",""
"2016.0","6.0","2.0","154.0","13120.61","0.21","0.8","0.0","7.01","0.8","5.61","0.0","0.0","0.0","0.0","74.18","134.03","600.92","300.46","526.74","466.89","0.0","","","","","","",""
"2016.0","6.0","3.0","155.0","13120.61","0.2","0.8","0.0","7.38","0.8","5.9","0.0","0.0","0.0","0.0","80.08","134.03","600.92","300.46","520.84","466.89","0.0","","","","","","",""
"2016.0","6.0","4.0","156.0","13120.61","0.2","0.8","0.0","5.17","0.8","4.14","0.0","0.0","0.0","0.0","84.22","134.03","600.92","300.46","516.7","466.89","0.0","","","","","","",""
"2016.0","6.0","5.0","157.0","13120.61","0.2","0.8","0.0","7.76","0.8","6.21","0.0","0.0","0.0","0.0","90.43","134.03","600.92","300.46","510.49","466.89","0.0","","","","","","",""
"2016.0","6.0","6.0","158.0","13120.61","0.19","0.8","0.0","7.24","0.8","5.79","0.0","0.0","0.0","0.0","96.22","134.03","600.92","300.46","504.7","466.89","0.0","","","","","","",""
"2016.0","6.0","7.0","159.0","13120.61","0.19","0.8","0.0","6.94","0.8","5.55","0.0","0.0","0.0","0.0","101.77","134.03","600.92","300.46","499.15","466.89","0.0","","","","","","",""
"2016.0","6.0","8.0","160.0","13120.61","0.19","0.8","0.0","6.51","0.8","5.21","0.0","0.0","0.0","0.0","106.98","134.03","600.92","300.46","493.94","466.89","0.0","","","","","","",""
"2016.0","6.0","9.0","161.0","13120.61","0.18","0.8","0.0","6.32","0.8","5.06","0.0","0.0","0.0","0.0","112.03","134.03","600.92","300.46","488.88","466.89","0.0","","","","","","",""
"2016.0","6.0","10.0","162.0","13120.61","0.18","0.8","0.0","6.71","0.8","5.37","0.0","0.0","0.0","0.0","117.4","134.03","600.92","300.46","483.52","466.89","0.0","","","","","","",""
"2016.0","6.0","11.0","163.0","13120.61","0.18","0.8","0.0","6.85","0.8","5.48","0.0","0.0","0.0","0.0","122.88","134.03","600.92","300.46","478.04","466.89","0.0","","","","","","",""
"2016.0","6.0","12.0","164.0","13120.61","0.17","0.8","0.0","6.87","0.8","5.5","0.0","0.0","0.0","0.0","128.38","134.03","600.92","300.46","472.54","466.89","0.0","","","","","","",""
"2016.0","6.0","13.0","165.0","13120.61","0.17","0.8","0.0","6.59","0.8","5.27","0.0","0.0","0.0","0.0","133.65","134.03","600.92","300.46","467.27","466.89","0.0","","","","","","",""
"2016.0","6.0","14.0","166.0","13120.61","0.17","0.8","0.0","6.48","0.8","5.18","0.0","0.0","0.0","0.0","0.0","134.03","600.92","300.46","600.92","466.89","138.83","","","","","","",""
"2016.0","6.0","15.0","167.0","13120.61","0.17","0.8","0.0","5.54","0.8","4.43","0.0","0.0","0.0","0.0","4.43","134.03","600.92","300.46","596.49","466.89","0.0","","","","","","",""
"2016.0","6.0","16.0","168.0","13120.61","0.16","0.8","0.0","5.48","0.8","4.38","0.0","0.0","0.0","0.0","8.82","134.03","600.92","300.46","592.1","466.89","0.0","","","","","","",""
"2016.0","6.0","17.0","169.0","13120.61","0.16","0.8","0.0","5.34","0.8","4.27","0.0","0.0","0.0","0.0","13.09","134.03","600.92","300.46","587.83","466.89","0.0","","","","","","",""
"2016.0","6.0","18.0","170.0","13120.61","0.16","0.8","0.0","6.31","0.8","5.05","0.0","0.0","0.0","0.0","18.14","134.03","600.92","300.46","582.78","466.89","0.0","","","","","","",""
"2016.0","6.0","19.0","171.0","13120.61","0.16","0.8","0.0","6.96","0.8","5.57","0.0","0.0","0.0","0.0","23.7","134.03","600.92","300.46","577.21","466.89","0.0","","","","","","",""
"2016.0","6.0","20.0","172.0","13120.61","0.16","0.8","0.0","7.57","0.8","6.06","0.0","0.0","0.0","0.0","29.76","134.03","600.92","300.46","571.16","466.89","0.0","","","","","","",""
"2016.0","6.0","21.0","173.0","13120.61","0.15","0.8","0.0","7.92","0.8","6.34","0.0","0.0","0.0","0.0","36.1","134.03","600.92","300.46","564.82","466.89","0.0","","","","","","",""
"2016.0","6.0","22.0","174.0","13120.61","0.15","0.8","0.0","7.86","0.8","6.29","0.0","0.0","0.0","0.0","42.38","134.03","600.92","300.46","558.53","466.89","0.0","","","","","","",""
"2016.0","6.0","23.0","175.0","13120.61","0.15","0.8","0.0","7.8","0.8","6.24","0.0","0.0","0.0","0.0","48.62","134.03","600.92","300.46","552.29","466.89","0.0","","","","","","",""
"2016.0","6.0","24.0","176.0","13120.61","0.15","0.8","0.0","7.05","0.8","5.64","0.0","0.0","0.0","0.0","54.26","134.03","600.92","300.46","546.65","466.89","0.0","","","","","","",""
"2016.0","6.0","25.0","177.0","13120.61","0.15","0.8","0.0","7.82","0.8","6.26","0.0","0.0","0.0","0.0","60.52","134.03","600.92","300.46","540.4","466.89","0.0","","","","","","",""
"2016.0","6.0","26.0","178.0","13120.61","0.14","0.8","0.0","7.71","0.8","6.17","0.0","0.0","0.0","0.0","66.69","134.03","600.92","300.46","534.23","466.89","0.0","","","","","","",""
"2016.0","6.0","27.0","179.0","13120.61","0.14","0.8","0.0","8.18","0.8","6.54","0.0","0.0","0.0","0.0","73.23","134.03","600.92","300.46","527.69","466.89","0.0","","","","","","",""
"2016.0","6.0","28.0","180.0","13120.61","0.14","0.8","0.0","8.09","0.8","6.47","0.0","0.0","0.0","0.0","79.7","134.03","600.92","300.46","521.21","466.89","0.0","","","","","","",""
"2016.0","6.0","29.0","181.0","13120.61","0.14","0.8","0.0","7.45","0.8","5.96","0.0","0.0","0.0","0.0","85.66","134.03","600.92","300.46","515.25","466.89","0.0","","","","","","",""
"2016.0","6.0","30.0","182.0","13120.61","0.14","0.8","0.0","7.3","0.8","5.84","0.0","0.0","0.0","0.0","91.5","134.03","600.92","300.46","509.41","466.89","0.0","","","","","","",""
"2016.0","7.0","1.0","183.0","13120.61","0.14","0.8","0.0","7.23","0.8","5.78","0.0","0.0","0.0","0.0","97.29","134.03","600.92","300.46","503.63","466.89","0.0","","","","","","",""
"2016.0","7.0","2.0","184.0","13120.61","0.13","0.8","0.0","7.18","0.8","5.74","0.0","0.0","0.0","0.0","103.03","134.03","600.92","300.46","497.89","466.89","0.0","","","","","","",""
"2016.0","7.0","3.0","185.0","13120.61","0.13","0.8","0.0","7.44","0.8","5.95","0.0","0.0","0.0","0.0","108.98","134.03","600.92","300.46","491.93","466.89","0.0","","","","","","",""
"2016.0","7.0","4.0","186.0","13120.61","0.13","0.8","0.0","7.0","0.8","5.6","0.0","0.0","0.0","0.0","114.58","134.03","600.92","300.46","486.33","466.89","0.0","","","","","","",""
"2016.0","7.0","5.0","187.0","13120.61","0.13","0.8","0.0","6.29","0.8","5.03","0.0","0.0","0.0","0.0","119.62","134.03","600.92","300.46","481.3","466.89","0.0","","","","","","",""
"2016.0","7.0","6.0","188.0","13120.61","0.13","0.8","0.0","6.38","0.8","5.1","0.0","0.0","0.0","0.0","124.72","134.03","600.92","300.46","476.2","466.89","0.0","","","","","","",""
"2016.0","7.0","7.0","189.0","13120.61","0.13","0.8","0.0","6.53","0.8","5.22","0.0","0.0","0.0","0.0","129.94","134.03","600.92","300.46","470.97","466.89","0.0","","","","","","",""
"2016.0","7.0","8.0","190.0","13120.61","0.13","0.8","0.0","7.11","0.8","5.69","0.0","0.0","0.0","0.0","0.0","134.03","600.92","300.46","600.92","466.89","135.63","","","","","","",""
"2016.0","7.0","9.0","191.0","13120.61","0.13","0.8","0.0","6.6","0.8","5.28","0.0","0.0","0.0","0.0","5.28","134.03","600.92","300.46","595.64","466.89","0.0","","","","","","",""
"2016.0","7.0","10.0","192.0","13120.61","0.13","0.8","0.0","6.47","0.8","5.18","0.0","0.0","0.0","0.0","10.46","134.03","600.92","300.46","590.46","466.89","0.0","","","","","","",""
"2016.0","7.0","11.0","193.0","13120.61","0.12","0.8","0.0","7.23","0.8","5.78","0.0","0.0","0.0","0.0","16.24","134.03","600.92","300.46","584.68","466.89","0.0","","","","","","",""
"2016.0","7.0","12.0","194.0","13120.61","0.12","0.8","0.0","6.91","0.8","5.53","0.0","0.0","0.0","0.0","21.77","134.03","600.92","300.46","579.15","466.89","0.0","","","","","","",""
"2016.0","7.0","13.0","195.0","13120.61","0.12","0.8","0.0","7.23","0.8","5.78","0.0","0.0","0.0","0.0","27.55","134.03","600.92","300.46","573.37","466.89","0.0","","","","","","",""
"2016.0","7.0","14.0","196.0","13120.61","0.12","0.8","0.0","7.4","0.8","5.92","0.0","0.0","0.0","0.0","33.47","134.03","600.92","300.46","567.45","466.89","0.0","","","","","","",""
"2016.0","7.0","15.0","197.0","13120.61","0.12","0.8","0.0","7.32","0.8","5.86","0.0","0.0","0.0","0.0","39.33","134.03","600.92","300.46","561.59","466.89","0.0","","","","","","",""
"2016.0","7.0","16.0","198.0","13120.61","0.12","0.8","0.0","7.01","0.8","5.61","0.0","0.0","0.0","0.0","44.94","134.03","600.92","300.46","555.98","466.89","0.0","","","","","","",""
"2016.0","7.0","17.0","199.0","13120.61","0.12","0.8","0.0","6.76","0.8","5.41","0.0","0.0","0.0","0.0","50.34","134.03","600.92","300.46","550.57","466.89","0.0","","","","","","",""
"2016.0","7.0","18.0","200.0","13120.61","0.12","0.8","0.0","6.37","0.8","5.1","0.0","0.0","0.0","0.0","55.44","134.03","600.92","300.46","545.48","466.89","0.0","","","","","","",""
"2016.0","7.0","19.0","201.0","13120.61","0.12","0.8","0.0","6.63","0.8","5.3","0.0","0.0","0.0","0.0","60.74","134.03","600.92","300.46","540.17","466.89","0.0","","","","","","",""
"2016.0","7.0","20.0","202.0","13120.61","0.12","0.8","0.0","7.06","0.8","5.65","0.0","0.0","0.0","0.0","66.39","134.03","600.92","300.46","534.53","466.89","0.0","","","","","","",""
"2016.0","7.0","21.0","203.0","13120.61","0.11","0.8","0.0","7.27","0.8","5.82","0.0","0.0","0.0","0.0","72.21","134.03","600.92","300.46","528.71","466.89","0.0","","","","","","",""
"2016.0","7.0","22.0","204.0","13120.61","0.11","0.8","0.0","7.13","0.8","5.7","0.0","0.0","0.0","0.0","77.91","134.03","600.92","300.46","523.01","466.89","0.0","","","","","","",""
"2016.0","7.0","23.0","205.0","13120.61","0.11","0.8","0.0","7.72","0.8","6.18","0.0","0.0","0.0","0.0","84.09","134.03","600.92","300.46","516.83","466.89","0.0","","","","","","",""
"2016.0","7.0","24.0","206.0","13120.61","0.11","0.8","0.0","7.38","0.8","5.9","0.0","0.0","0.0","0.0","89.99","134.03","600.92","300.46","510.93","466.89","0.0","","","","","","",""
"2016.0","7.0","25.0","207.0","13120.61","0.11","0.8","0.0","7.29","0.8","5.83","0.0","0.0","0.0","0.0","95.82","134.03","600.92","300.46","505.09","466.89","0.0","","","","","","",""
"2016.0","7.0","26.0","208.0","13120.61","0.11","0.8","0.0","7.3","0.8","5.84","0.0","0.0","0.0","0.0","101.66","134.03","600.92","300.46","499.25","466.89","0.0","","","","","","",""
"2016.0","7.0","27.0","209.0","13120.61","0.11","0.8","0.0","7.67","0.8","6.14","0.0","0.0","0.0","0.0","107.8","134.03","600.92","300.46","493.12","466.89","0.0","","","","","","",""
"2016.0","7.0","28.0","210.0","13120.61","0.11","0.8","0.0","7.66","0.8","6.13","0.0","0.0","0.0","0.0","113.93","134.03","600.92","300.46","486.99","466.89","0.0","","","","","","",""
"2016.0","7.0","29.0","211.0","13120.61","0.11","0.8","0.0","7.57","0.8","6.06","0.0","0.0","0.0","0.0","119.98","134.03","600.92","300.46","480.93","466.89","0.0","","","","","","",""
"2016.0","7.0","30.0","212.0","13120.61","0.11","0.8","0.0","7.81","0.8","6.25","0.0","0.0","0.0","0.0","126.23","134.03","600.92","300.46","474.69","466.89","0.0","","","","","","",""
"2016.0","7.0","31.0","213.0","13120.61","0.11","0.8","0.0","6.98","0.8","5.58","0.0","0.0","0.0","0.0","131.82","134.03","600.92","300.46","469.1","466.89","0.0","","","","","","",""
"2016.0","8.0","1.0","214.0","13120.61","0.11","0.8","0.0","6.7","0.8","5.36","0.0","0.0","0.0","0.0","0.0","134.03","600.92","300.46","600.92","466.89","137.18","","","","","","",""
"2016.0","8.0","2.0","215.0","13120.61","0.11","0.8","0.0","6.65","0.8","5.32","0.0","0.0","0.0","0.0","5.32","134.03","600.92","300.46","595.6","466.89","0.0","","","","","","",""
"2016.0","8.0","3.0","216.0","13120.61","0.1","0.8","0.0","7.01","0.8","5.61","0.0","0.0","0.0","0.0","10.93","134.03","600.92","300.46","589.99","466.89","0.0","","","","","","",""
"2016.0","8.0","4.0","217.0","13120.61","0.1","0.8","0.0","6.22","0.8","4.98","0.0","0.0","0.0","0.0","15.9","134.03","600.92","300.46","585.01","466.89","0.0","","","","","","",""
"2016.0","8.0","5.0","218.0","13120.61","0.1","0.8","0.0","5.72","0.8","4.58","0.0","0.0","0.0","0.0","20.48","134.03","600.92","300.46","580.44","466.89","0.0","","","","","","",""
"2016.0","8.0","6.0","219.0","13120.61","0.1","0.8","0.0","6.01","0.8","4.81","0.0","0.0","0.0","0.0","25.29","134.03","600.92","300.46","575.63","466.89","0.0","","","","","","",""
"2016.0","8.0","7.0","220.0","13120.61","0.1","0.8","0.0","6.09","0.8","4.87","0.0","0.0","0.0","0.0","30.16","134.03","600.92","300.46","570.76","466.89","0.0","","","","","","",""
"2016.0","8.0","8.0","221.0","13120.61","0.1","0.8","0.0","6.44","0.8","5.15","0.0","0.0","0.0","0.0","35.31","134.03","600.92","300.46","565.61","466.89","0.0","","","","","","",""
"2016.0","8.0","9.0","222.0","13120.61","0.1","0.8","0.0","6.18","0.8","4.94","0.0","0.0","0.0","0.0","40.26","134.03","600.92","300.46","560.66","466.89","0.0","","","","","","",""
"2016.0","8.0","10.0","223.0","13120.61","0.1","0.8","0.0","6.26","0.8","5.01","0.0","0.0","0.0","0.0","45.26","134.03","600.92","300.46","555.65","466.89","0.0","","","","","","",""
"2016.0","8.0","11.0","224.0","13120.61","0.1","0.8","0.0","6.46","0.8","5.17","0.0","0.0","0.0","0.0","50.43","134.03","600.92","300.46","550.49","466.89","0.0","","","","","","",""
"2016.0","8.0","12.0","225.0","13120.61","0.1","0.79","0.0","6.65","0.79","5.26","0.0","0.0","0.0","0.0","55.69","134.03","600.92","300.46","545.23","466.89","0.0","","","","","","",""
"2016.0","8.0","13.0","226.0","13120.61","0.1","0.78","0.0","7.06","0.78","5.52","0.0","0.0","0.0","0.0","61.21","134.03","600.92","300.46","539.71","466.89","0.0","","","","","","",""
"2016.0","8.0","14.0","227.0","13120.61","0.1","0.77","0.0","7.26","0.77","5.61","0.0","0.0","0.0","0.0","66.83","150.23","600.92","300.46","534.09","450.69","0.0","","","","","","",""
"2016.0","8.0","15.0","228.0","13120.61","0.1","0.76","0.0","6.64","0.76","5.07","0.0","0.0","0.0","0.0","71.9","150.23","600.92","300.46","529.02","450.69","0.0","","","","","","",""
"2016.0","8.0","16.0","229.0","13120.61","0.1","0.76","0.0","6.57","0.76","4.96","0.0","0.0","0.0","0.0","76.86","150.23","600.92","300.46","524.06","450.69","0.0","","","","","","",""
"2016.0","8.0","17.0","230.0","13120.61","0.1","0.75","0.0","6.46","0.75","4.82","0.0","0.0","0.0","0.0","81.68","150.23","600.92","300.46","519.24","450.69","0.0","","","","","","",""
"2016.0","8.0","18.0","231.0","13120.61","0.1","0.74","0.0","6.42","0.74","4.73","0.0","0.0","0.0","0.0","86.41","150.23","600.92","300.46","514.51","450.69","0.0","","","","","","",""
"2016.0","8.0","19.0","232.0","13120.61","0.1","0.73","0.0","6.44","0.73","4.69","0.0","0.0","0.0","0.0","91.1","150.23","600.92","300.46","509.82","450.69","0.0","","","","","","",""
"2016.0","8.0","20.0","233.0","13120.61","0.1","0.72","0.0","6.34","0.72","4.56","0.0","0.0","0.0","0.0","95.66","150.23","600.92","300.46","505.26","450.69","0.0","","","","","","",""
"2016.0","8.0","21.0","234.0","13120.61","0.1","0.71","0.0","6.38","0.71","4.53","0.0","0.0","0.0","0.0","100.19","150.23","600.92","300.46","500.73","450.69","0.0","","","","","","",""
"2016.0","8.0","22.0","235.0","13120.61","0.1","0.7","0.0","5.96","0.7","4.18","0.0","0.0","0.0","0.0","104.36","150.23","600.92","300.46","496.55","450.69","0.0","","","","","","",""
"2016.0","8.0","23.0","236.0","13120.61","0.1","0.69","0.0","6.1","0.69","4.22","0.0","0.0","0.0","0.0","108.58","150.23","600.92","300.46","492.33","450.69","0.0","","","","","","",""
"2016.0","8.0","24.0","237.0","13120.61","0.09","0.68","0.0","6.02","0.68","4.11","0.0","0.0","0.0","0.0","112.7","150.23","600.92","300.46","488.22","450.69","0.0","","","","","","",""
"2016.0","8.0","25.0","238.0","13120.61","0.09","0.67","0.0","5.81","0.67","3.92","0.0","0.0","0.0","0.0","116.61","150.23","600.92","300.46","484.31","450.69","0.0","","","","","","",""
"2016.0","8.0","26.0","239.0","13120.61","0.09","0.67","0.0","5.42","0.67","3.6","0.0","0.0","0.0","0.0","120.22","150.23","600.92","300.46","480.7","450.69","0.0","","","","","","",""
"2016.0","8.0","27.0","240.0","13120.61","0.09","0.66","0.0","5.32","0.66","3.49","0.0","0.0","0.0","0.0","123.71","150.23","600.92","300.46","477.21","450.69","0.0","","","","","","",""
"2016.0","8.0","28.0","241.0","13120.61","0.09","0.65","0.0","5.62","0.65","3.64","0.0","0.0","0.0","0.0","127.34","150.23","600.92","300.46","473.58","450.69","0.0","","","","","","",""
"2016.0","8.0","29.0","242.0","13120.61","0.09","0.64","0.0","5.87","0.64","3.75","0.0","0.0","0.0","0.0","131.09","150.23","600.92","300.46","469.83","450.69","0.0","","","","","","",""
"2016.0","8.0","30.0","243.0","13120.61","0.09","0.63","0.0","6.32","0.63","3.98","0.0","0.0","0.0","0.0","135.06","150.23","600.92","300.46","465.86","450.69","0.0","","","","","","",""
"2016.0","8.0","31.0","244.0","13120.61","0.09","0.62","0.0","6.07","0.62","3.76","0.0","0.0","0.0","0.0","138.83","150.23","600.92","300.46","462.09","450.69","0.0","","","","","","",""
"2016.0","9.0","1.0","245.0","13120.61","0.09","0.61","0.0","5.28","0.61","3.23","0.0","0.0","0.0","0.0","142.05","150.23","600.92","300.46","458.87","450.69","0.0","","","","","","",""
"2016.0","9.0","2.0","246.0","13120.61","0.09","0.6","0.0","5.32","0.6","3.2","0.0","0.0","0.0","0.0","145.26","150.23","600.92","300.46","455.66","450.69","0.0","","","","","","",""
"2016.0","9.0","3.0","247.0","13120.61","0.09","0.59","0.0","5.21","0.59","3.09","0.0","0.0","0.0","0.0","148.34","150.23","600.92","300.46","452.57","450.69","0.0","","","","","","",""
"2016.0","9.0","4.0","248.0","13120.61","0.09","0.58","0.0","4.61","0.58","2.69","0.0","0.0","0.0","0.0","0.0","150.23","600.92","300.46","600.92","450.69","151.04","","","","","","",""
"2016.0","9.0","5.0","249.0","13120.61","0.09","0.58","0.0","5.35","0.58","3.08","0.0","0.0","0.0","0.0","3.08","150.23","600.92","300.46","597.84","450.69","0.0","","","","","","",""
"2016.0","9.0","6.0","250.0","13120.61","0.09","0.57","0.0","5.1","0.57","2.89","0.0","0.0","0.0","0.0","5.96","150.23","600.92","300.46","594.96","450.69","0.0","","","","","","",""
"2016.0","9.0","7.0","251.0","13120.61","0.09","0.56","0.0","5.65","0.56","3.15","0.0","0.0","0.0","0.0","9.11","150.23","600.92","300.46","591.81","450.69","0.0","","","","","","",""
"2016.0","9.0","8.0","252.0","13120.61","0.09","0.55","0.0","5.78","0.55","3.17","0.0","0.0","0.0","0.0","12.28","150.23","600.92","300.46","588.64","450.69","0.0","","","","","","",""
"2016.0","9.0","9.0","253.0","13120.61","0.09","0.54","0.0","5.43","0.54","2.93","0.0","0.0","0.0","0.0","15.2","150.23","600.92","300.46","585.71","450.69","0.0","","","","","","",""
"2016.0","9.0","10.0","254.0","13120.61","0.09","0.53","0.0","5.49","0.53","2.91","0.0","0.0","0.0","0.0","18.11","150.23","600.92","300.46","582.8","450.69","0.0","","","","","","",""
"2016.0","9.0","11.0","255.0","13120.61","0.09","0.52","0.0","5.04","0.52","2.63","0.0","0.0","0.0","0.0","20.74","150.23","600.92","300.46","580.18","450.69","0.0","","","","","","",""
"2016.0","9.0","12.0","256.0","13120.61","0.09","0.51","0.0","4.58","0.51","2.34","0.0","0.0","0.0","0.0","23.08","150.23","600.92","300.46","577.83","450.69","0.0","","","","","","",""
"2016.0","9.0","13.0","257.0","13120.61","0.09","0.5","0.0","3.88","0.5","1.95","0.0","0.0","0.0","0.0","25.04","150.23","600.92","300.46","575.88","450.69","0.0","","","","","","",""
"2016.0","9.0","14.0","258.0","13120.61","0.09","0.49","0.0","4.27","0.49","2.11","0.0","0.0","0.0","0.0","27.15","150.23","600.92","300.46","573.77","450.69","0.0","","","","","","",""
"2016.0","9.0","15.0","259.0","13120.61","0.09","0.49","0.0","4.71","0.49","2.28","0.0","0.0","0.0","0.0","29.43","150.23","600.92","300.46","571.49","450.69","0.0","","","","","","",""
"2016.0","9.0","16.0","260.0","13120.61","0.09","0.48","0.0","4.88","0.48","2.32","0.0","0.0","0.0","0.0","31.75","150.23","600.92","300.46","569.17","450.69","0.0","","","","","","",""
"2016.0","9.0","17.0","261.0","13120.61","0.09","0.47","0.0","4.88","0.47","2.28","0.0","0.0","0.0","0.0","34.03","150.23","600.92","300.46","566.89","450.69","0.0","","","","","","",""
"2016.0","9.0","18.0","262.0","13120.61","0.09","0.46","0.0","4.73","0.46","2.17","0.0","0.0","0.0","0.0","36.2","150.23","600.92","300.46","564.72","450.69","0.0","","","","","","",""
"2016.0","9.0","19.0","263.0","13120.61","0.09","0.45","0.0","5.2","0.45","2.33","0.0","0.0","0.0","0.0","38.53","150.23","600.92","300.46","562.39","450.69","0.0","","","","","","",""
"2016.0","9.0","20.0","264.0","13120.61","0.09","0.44","0.0","5.65","0.44","2.49","0.0","0.0","0.0","0.0","41.02","150.23","600.92","300.46","559.9","450.69","0.0","","","","","","",""
"2016.0","9.0","21.0","265.0","13120.61","0.09","0.43","0.0","5.42","0.43","2.34","0.0","0.0","0.0","0.0","43.35","150.23","600.92","300.46","557.56","450.69","0.0","","","","","","",""
"2016.0","9.0","22.0","266.0","13120.61","0.09","0.42","0.0","4.4","0.42","1.86","0.0","0.0","0.0","0.0","45.21","150.23","600.92","300.46","555.71","450.69","0.0","","","","","","",""
"2016.0","9.0","23.0","267.0","13120.61","0.09","0.41","0.0","4.74","0.41","1.96","0.0","0.0","0.0","0.0","47.17","150.23","600.92","300.46","553.75","450.69","0.0","","","","","","",""
"2016.0","9.0","24.0","268.0","13120.61","0.09","0.4","0.0","4.57","0.4","1.85","0.0","0.0","0.0","0.0","49.02","150.23","600.92","300.46","551.9","450.69","0.0","","","","","","",""
"2016.0","9.0","25.0","269.0","13120.61","0.09","0.4","0.0","4.23","0.4","1.67","0.0","0.0","0.0","0.0","50.69","150.23","600.92","300.46","550.23","450.69","0.0","","","","","","",""
"2016.0","9.0","26.0","270.0","13120.61","0.09","0.39","0.0","4.58","0.39","1.77","0.0","0.0","0.0","0.0","52.45","150.23","600.92","300.46","548.46","450.69","0.0","","","","","","",""
"2016.0","9.0","27.0","271.0","13120.61","0.09","0.38","0.0","4.68","0.38","1.76","0.0","0.0","0.0","0.0","54.22","150.23","600.92","300.46","546.7","450.69","0.0","","","","","","",""
"2016.0","9.0","28.0","272.0","13120.61","0.09","0.37","0.0","4.75","0.37","1.75","0.0","0.0","0.0","0.0","55.97","150.23","600.92","300.46","544.95","450.69","0.0","","","","","","",""
"2016.0","9.0","29.0","273.0","13120.61","0.09","0.36","0.0","4.71","0.36","1.69","0.0","0.0","0.0","0.0","57.66","150.23","600.92","300.46","543.26","450.69","0.0","","","","","","",""
"2016.0","9.0","30.0","274.0","13120.61","0.09","0.35","0.0","3.59","0.35","1.26","2.27","2.27","0.0","0.0","56.64","150.23","600.92","300.46","544.27","450.69","0.0","","","","","","",""
