" Daily soil water balance output for Water Surface in 186_Yolo DAU_Co within 05_Sacramento River for WY 2016","","","","","","","","","","","","","","","","","","","","","","","Monthly output for Water Surface in 186_Yolo DAU_Co within 05_Sacramento River for WY 2016","","","","",""
"Year","Mon","Day","DOY"," Area","OKc","IKc","CCKc","ETo","Kc","ETc","Pcp","Er","Spg","Espg","SWD","SWDx","FC","PWP","SWC"," YT ","NA","","Year","Mon"," Area","ETo","ETc","ETc"
" #  "," # "," # ","  #","Acres","   ","   ","    "," mm","mm"," mm"," mm","mm"," mm"," mm "," mm"," mm ","mm"," mm"," mm"," mm"," mm","","#  "," # "," Acres"," mm"," mm","acre-ft"
"2015.0","10.0","1.0","274.0","4716.987345","0.08","1.1","0.0","3.74","1.1","4.114","0.32","0.0","0.0","0.0","0.0","0.0","0.0","0.0","0.0","0.0","0.0","","2015.0","10.0","4716.987345","109.49","120.439","1863.87545553"
"2015.0","10.0","2.0","275.0","4716.987345","0.08","1.1","0.0","4.73","1.1","5.203","0.0","0.0","0.0","0.0","0.0","0.0","0.0","0.0","0.0","0.0","0.0","","2015.0","11.0","4716.987345","47.11","51.821","801.965227051"
"2015.0","10.0","3.0","276.0","4716.987345","0.08","1.1","0.0","4.63","1.1","5.093","0.0","0.0","0.0","0.0","0.0","0.0","0.0","0.0","0.0","0.0","0.0","","2015.0","12.0","4716.987345","31.36","34.496","533.849066447"
"2015.0","10.0","4.0","277.0","4716.987345","0.08","1.1","0.0","3.8","1.1","4.18","1.67","0.0","0.0","0.0","0.0","0.0","0.0","0.0","0.0","0.0","0.0","","2016.0","1.0","4716.987345","33.51","36.861","570.449050276"
"2015.0","10.0","5.0","278.0","4716.987345","0.08","1.1","0.0","3.49","1.1","3.839","0.0","0.0","0.0","0.0","0.0","0.0","0.0","0.0","0.0","0.0","0.0","","2016.0","2.0","4716.987345","59.89","65.879","1019.52234023"
"2015.0","10.0","6.0","279.0","4716.987345","0.08","1.1","0.0","3.52","1.1","3.872","0.0","0.0","0.0","0.0","0.0","0.0","0.0","0.0","0.0","0.0","0.0","","2016.0","3.0","4716.987345","81.77","89.947","1391.99101286"
"2015.0","10.0","7.0","280.0","4716.987345","0.08","1.1","0.0","3.33","1.1","3.663","0.0","0.0","0.0","0.0","0.0","0.0","0.0","0.0","0.0","0.0","0.0","","2016.0","4.0","4716.987345","131.6","144.76","2240.25947527"
"2015.0","10.0","8.0","281.0","4716.987345","0.08","1.1","0.0","3.43","1.1","3.773","0.0","0.0","0.0","0.0","0.0","0.0","0.0","0.0","0.0","0.0","0.0","","2016.0","5.0","4716.987345","165.42","181.962","2815.98573252"
"2015.0","10.0","9.0","282.0","4716.987345","0.08","1.1","0.0","4.17","1.1","4.587","0.0","0.0","0.0","0.0","0.0","0.0","0.0","0.0","0.0","0.0","0.0","","2016.0","6.0","4716.987345","206.92","227.612","3522.45053665"
"2015.0","10.0","10.0","283.0","4716.987345","0.08","1.1","0.0","4.26","1.1","4.686","0.0","0.0","0.0","0.0","0.0","0.0","0.0","0.0","0.0","0.0","0.0","","2016.0","7.0","4716.987345","222.72","244.992","3791.41785967"
"2015.0","10.0","11.0","284.0","4716.987345","0.08","1.1","0.0","3.74","1.1","4.114","0.0","0.0","0.0","0.0","0.0","0.0","0.0","0.0","0.0","0.0","0.0","","2016.0","8.0","4716.987345","197.3","217.03","3358.68688808"
"2015.0","10.0","12.0","285.0","4716.987345","0.08","1.1","0.0","3.84","1.1","4.224","0.0","0.0","0.0","0.0","0.0","0.0","0.0","0.0","0.0","0.0","0.0","","2016.0","9.0","4716.987345","144.81","159.291","2465.13658521"
"2015.0","10.0","13.0","286.0","4716.987345","0.08","1.1","0.0","4.14","1.1","4.554","0.0","0.0","0.0","0.0","0.0","0.0","0.0","0.0","0.0","0.0","0.0","","","","","","",""
"2015.0","10.0","14.0","287.0","4716.987345","0.08","1.1","0.0","4.28","1.1","4.708","0.0","0.0","0.0","0.0","0.0","0.0","0.0","0.0","0.0","0.0","0.0","","","","","","",""
"2015.0","10.0","15.0","288.0","4716.987345","0.08","1.1","0.0","3.77","1.1","4.147","0.0","0.0","0.0","0.0","0.0","0.0","0.0","0.0","0.0","0.0","0.0","","","","","","",""
"2015.0","10.0","16.0","289.0","4716.987345","0.08","1.1","0.0","3.92","1.1","4.312","0.0","0.0","0.0","0.0","0.0","0.0","0.0","0.0","0.0","0.0","0.0","","","","","","",""
"2015.0","10.0","17.0","290.0","4716.987345","0.08","1.1","0.0","2.96","1.1","3.256","3.08","0.0","0.0","0.0","0.0","0.0","0.0","0.0","0.0","0.0","0.0","","","","","","",""
"2015.0","10.0","18.0","291.0","4716.987345","0.08","1.1","0.0","2.5","1.1","2.75","0.17","0.0","0.0","0.0","0.0","0.0","0.0","0.0","0.0","0.0","0.0","","","","","","",""
"2015.0","10.0","19.0","292.0","4716.987345","0.08","1.1","0.0","2.62","1.1","2.882","0.0","0.0","0.0","0.0","0.0","0.0","0.0","0.0","0.0","0.0","0.0","","","","","","",""
"2015.0","10.0","20.0","293.0","4716.987345","0.08","1.1","0.0","4.68","1.1","5.148","0.0","0.0","0.0","0.0","0.0","0.0","0.0","0.0","0.0","0.0","0.0","","","","","","",""
"2015.0","10.0","21.0","294.0","4716.987345","0.08","1.1","0.0","3.66","1.1","4.026","0.0","0.0","0.0","0.0","0.0","0.0","0.0","0.0","0.0","0.0","0.0","","","","","","",""
"2015.0","10.0","22.0","295.0","4716.987345","0.08","1.1","0.0","3.17","1.1","3.487","0.0","0.0","0.0","0.0","0.0","0.0","0.0","0.0","0.0","0.0","0.0","","","","","","",""
"2015.0","10.0","23.0","296.0","4716.987345","0.08","1.1","0.0","2.61","1.1","2.871","0.0","0.0","0.0","0.0","0.0","0.0","0.0","0.0","0.0","0.0","0.0","","","","","","",""
"2015.0","10.0","24.0","297.0","4716.987345","0.08","1.1","0.0","2.57","1.1","2.827","0.0","0.0","0.0","0.0","0.0","0.0","0.0","0.0","0.0","0.0","0.0","","","","","","",""
"2015.0","10.0","25.0","298.0","4716.987345","0.08","1.1","0.0","3.42","1.1","3.762","0.0","0.0","0.0","0.0","0.0","0.0","0.0","0.0","0.0","0.0","0.0","","","","","","",""
"2015.0","10.0","26.0","299.0","4716.987345","0.08","1.1","0.0","2.51","1.1","2.761","0.0","0.0","0.0","0.0","0.0","0.0","0.0","0.0","0.0","0.0","0.0","","","","","","",""
"2015.0","10.0","27.0","300.0","4716.987345","0.08","1.1","0.0","2.19","1.1","2.409","0.0","0.0","0.0","0.0","0.0","0.0","0.0","0.0","0.0","0.0","0.0","","","","","","",""
"2015.0","10.0","28.0","301.0","4716.987345","0.08","1.1","0.0","2.19","1.1","2.409","0.0","0.0","0.0","0.0","0.0","0.0","0.0","0.0","0.0","0.0","0.0","","","","","","",""
"2015.0","10.0","29.0","302.0","4716.987345","0.08","1.1","0.0","4.43","1.1","4.873","0.0","0.0","0.0","0.0","0.0","0.0","0.0","0.0","0.0","0.0","0.0","","","","","","",""
"2015.0","10.0","30.0","303.0","4716.987345","0.08","1.1","0.0","3.81","1.1","4.191","0.0","0.0","0.0","0.0","0.0","0.0","0.0","0.0","0.0","0.0","0.0","","","","","","",""
"2015.0","10.0","31.0","304.0","4716.987345","0.08","1.1","0.0","3.38","1.1","3.718","0.0","0.0","0.0","0.0","0.0","0.0","0.0","0.0","0.0","0.0","0.0","","","","","","",""
"2015.0","11.0","1.0","305.0","4716.987345","0.08","1.1","0.0","1.78","1.1","1.958","0.0","0.0","0.0","0.0","0.0","0.0","0.0","0.0","0.0","0.0","0.0","","","","","","",""
"2015.0","11.0","2.0","306.0","4716.987345","1.17","1.1","0.0","1.19","1.1","1.309","9.21","0.0","0.0","0.0","0.0","0.0","0.0","0.0","0.0","0.0","0.0","","","","","","",""
"2015.0","11.0","3.0","307.0","4716.987345","1.13","1.1","0.0","2.18","1.1","2.398","8.13","0.0","0.0","0.0","0.0","0.0","0.0","0.0","0.0","0.0","0.0","","","","","","",""
"2015.0","11.0","4.0","308.0","4716.987345","1.12","1.1","0.0","3.08","1.1","3.388","0.0","0.0","0.0","0.0","0.0","0.0","0.0","0.0","0.0","0.0","0.0","","","","","","",""
"2015.0","11.0","5.0","309.0","4716.987345","1.05","1.1","0.0","1.68","1.1","1.848","0.0","0.0","0.0","0.0","0.0","0.0","0.0","0.0","0.0","0.0","0.0","","","","","","",""
"2015.0","11.0","6.0","310.0","4716.987345","0.93","1.1","0.0","1.86","1.1","2.046","0.0","0.0","0.0","0.0","0.0","0.0","0.0","0.0","0.0","0.0","0.0","","","","","","",""
"2015.0","11.0","7.0","311.0","4716.987345","0.86","1.1","0.0","1.66","1.1","1.826","0.0","0.0","0.0","0.0","0.0","0.0","0.0","0.0","0.0","0.0","0.0","","","","","","",""
"2015.0","11.0","8.0","312.0","4716.987345","0.82","1.1","0.0","1.14","1.1","1.254","0.0","0.0","0.0","0.0","0.0","0.0","0.0","0.0","0.0","0.0","0.0","","","","","","",""
"2015.0","11.0","9.0","313.0","4716.987345","1.18","1.1","0.0","0.97","1.1","1.067","4.38","0.0","0.0","0.0","0.0","0.0","0.0","0.0","0.0","0.0","0.0","","","","","","",""
"2015.0","11.0","10.0","314.0","4716.987345","1.17","1.1","0.0","1.29","1.1","1.419","10.82","0.0","0.0","0.0","0.0","0.0","0.0","0.0","0.0","0.0","0.0","","","","","","",""
"2015.0","11.0","11.0","315.0","4716.987345","1.17","1.1","0.0","1.21","1.1","1.331","0.0","0.0","0.0","0.0","0.0","0.0","0.0","0.0","0.0","0.0","0.0","","","","","","",""
"2015.0","11.0","12.0","316.0","4716.987345","1.17","1.1","0.0","1.37","1.1","1.507","0.0","0.0","0.0","0.0","0.0","0.0","0.0","0.0","0.0","0.0","0.0","","","","","","",""
"2015.0","11.0","13.0","317.0","4716.987345","1.17","1.1","0.0","1.32","1.1","1.452","0.0","0.0","0.0","0.0","0.0","0.0","0.0","0.0","0.0","0.0","0.0","","","","","","",""
"2015.0","11.0","14.0","318.0","4716.987345","1.1","1.1","0.0","1.34","1.1","1.474","0.0","0.0","0.0","0.0","0.0","0.0","0.0","0.0","0.0","0.0","0.0","","","","","","",""
"2015.0","11.0","15.0","319.0","4716.987345","1.15","1.1","0.0","1.71","1.1","1.881","1.85","0.0","0.0","0.0","0.0","0.0","0.0","0.0","0.0","0.0","0.0","","","","","","",""
"2015.0","11.0","16.0","320.0","4716.987345","1.12","1.1","0.0","2.6","1.1","2.86","3.64","0.0","0.0","0.0","0.0","0.0","0.0","0.0","0.0","0.0","0.0","","","","","","",""
"2015.0","11.0","17.0","321.0","4716.987345","1.14","1.1","0.0","1.43","1.1","1.573","0.0","0.0","0.0","0.0","0.0","0.0","0.0","0.0","0.0","0.0","0.0","","","","","","",""
"2015.0","11.0","18.0","322.0","4716.987345","1.15","1.1","0.0","1.3","1.1","1.43","0.0","0.0","0.0","0.0","0.0","0.0","0.0","0.0","0.0","0.0","0.0","","","","","","",""
"2015.0","11.0","19.0","323.0","4716.987345","1.09","1.1","0.0","1.31","1.1","1.441","0.0","0.0","0.0","0.0","0.0","0.0","0.0","0.0","0.0","0.0","0.0","","","","","","",""
"2015.0","11.0","20.0","324.0","4716.987345","0.97","1.1","0.0","1.65","1.1","1.815","0.0","0.0","0.0","0.0","0.0","0.0","0.0","0.0","0.0","0.0","0.0","","","","","","",""
"2015.0","11.0","21.0","325.0","4716.987345","0.9","1.1","0.0","1.48","1.1","1.628","0.0","0.0","0.0","0.0","0.0","0.0","0.0","0.0","0.0","0.0","0.0","","","","","","",""
"2015.0","11.0","22.0","326.0","4716.987345","0.84","1.1","0.0","1.31","1.1","1.441","0.0","0.0","0.0","0.0","0.0","0.0","0.0","0.0","0.0","0.0","0.0","","","","","","",""
"2015.0","11.0","23.0","327.0","4716.987345","0.79","1.1","0.0","1.51","1.1","1.661","0.0","0.0","0.0","0.0","0.0","0.0","0.0","0.0","0.0","0.0","0.0","","","","","","",""
"2015.0","11.0","24.0","328.0","4716.987345","0.75","1.1","0.0","1.36","1.1","1.496","0.0","0.0","0.0","0.0","0.0","0.0","0.0","0.0","0.0","0.0","0.0","","","","","","",""
"2015.0","11.0","25.0","329.0","4716.987345","0.72","1.1","0.0","1.02","1.1","1.122","1.21","0.0","0.0","0.0","0.0","0.0","0.0","0.0","0.0","0.0","0.0","","","","","","",""
"2015.0","11.0","26.0","330.0","4716.987345","0.68","1.1","0.0","1.78","1.1","1.958","0.0","0.0","0.0","0.0","0.0","0.0","0.0","0.0","0.0","0.0","0.0","","","","","","",""
"2015.0","11.0","27.0","331.0","4716.987345","0.64","1.1","0.0","2.51","1.1","2.761","0.0","0.0","0.0","0.0","0.0","0.0","0.0","0.0","0.0","0.0","0.0","","","","","","",""
"2015.0","11.0","28.0","332.0","4716.987345","0.61","1.1","0.0","1.67","1.1","1.837","0.0","0.0","0.0","0.0","0.0","0.0","0.0","0.0","0.0","0.0","0.0","","","","","","",""
"2015.0","11.0","29.0","333.0","4716.987345","0.59","1.1","0.0","1.38","1.1","1.518","0.0","0.0","0.0","0.0","0.0","0.0","0.0","0.0","0.0","0.0","0.0","","","","","","",""
"2015.0","11.0","30.0","334.0","4716.987345","0.58","1.1","0.0","1.02","1.1","1.122","0.0","0.0","0.0","0.0","0.0","0.0","0.0","0.0","0.0","0.0","0.0","","","","","","",""
"2015.0","12.0","1.0","335.0","4716.987345","0.56","1.1","0.0","1.17","1.1","1.287","0.0","0.0","0.0","0.0","0.0","0.0","0.0","0.0","0.0","0.0","0.0","","","","","","",""
"2015.0","12.0","2.0","336.0","4716.987345","0.55","1.1","0.0","1.11","1.1","1.221","0.0","0.0","0.0","0.0","0.0","0.0","0.0","0.0","0.0","0.0","0.0","","","","","","",""
"2015.0","12.0","3.0","337.0","4716.987345","0.54","1.1","0.0","1.13","1.1","1.243","0.0","0.0","0.0","0.0","0.0","0.0","0.0","0.0","0.0","0.0","0.0","","","","","","",""
"2015.0","12.0","4.0","338.0","4716.987345","1.18","1.1","0.0","1.01","1.1","1.111","7.72","0.0","0.0","0.0","0.0","0.0","0.0","0.0","0.0","0.0","0.0","","","","","","",""
"2015.0","12.0","5.0","339.0","4716.987345","1.18","1.1","0.0","0.76","1.1","0.836","0.0","0.0","0.0","0.0","0.0","0.0","0.0","0.0","0.0","0.0","0.0","","","","","","",""
"2015.0","12.0","6.0","340.0","4716.987345","1.18","1.1","0.0","1.18","1.1","1.298","0.03","0.0","0.0","0.0","0.0","0.0","0.0","0.0","0.0","0.0","0.0","","","","","","",""
"2015.0","12.0","7.0","341.0","4716.987345","1.18","1.1","0.0","0.9","1.1","0.99","0.05","0.0","0.0","0.0","0.0","0.0","0.0","0.0","0.0","0.0","0.0","","","","","","",""
"2015.0","12.0","8.0","342.0","4716.987345","1.18","1.1","0.0","0.55","1.1","0.605","0.0","0.0","0.0","0.0","0.0","0.0","0.0","0.0","0.0","0.0","0.0","","","","","","",""
"2015.0","12.0","9.0","343.0","4716.987345","1.18","1.1","0.0","0.9","1.1","0.99","0.0","0.0","0.0","0.0","0.0","0.0","0.0","0.0","0.0","0.0","0.0","","","","","","",""
"2015.0","12.0","10.0","344.0","4716.987345","1.16","1.1","0.0","1.37","1.1","1.507","1.64","0.0","0.0","0.0","0.0","0.0","0.0","0.0","0.0","0.0","0.0","","","","","","",""
"2015.0","12.0","11.0","345.0","4716.987345","1.18","1.1","0.0","1.05","1.1","1.155","3.45","0.0","0.0","0.0","0.0","0.0","0.0","0.0","0.0","0.0","0.0","","","","","","",""
"2015.0","12.0","12.0","346.0","4716.987345","1.18","1.1","0.0","0.81","1.1","0.891","0.04","0.0","0.0","0.0","0.0","0.0","0.0","0.0","0.0","0.0","0.0","","","","","","",""
"2015.0","12.0","13.0","347.0","4716.987345","1.18","1.1","0.0","1.23","1.1","1.353","0.0","0.0","0.0","0.0","0.0","0.0","0.0","0.0","0.0","0.0","0.0","","","","","","",""
"2015.0","12.0","14.0","348.0","4716.987345","1.16","1.1","0.0","1.53","1.1","1.683","10.71","0.0","0.0","0.0","0.0","0.0","0.0","0.0","0.0","0.0","0.0","","","","","","",""
"2015.0","12.0","15.0","349.0","4716.987345","1.15","1.1","0.0","2.03","1.1","2.233","0.0","0.0","0.0","0.0","0.0","0.0","0.0","0.0","0.0","0.0","0.0","","","","","","",""
"2015.0","12.0","16.0","350.0","4716.987345","1.16","1.1","0.0","0.85","1.1","0.935","0.0","0.0","0.0","0.0","0.0","0.0","0.0","0.0","0.0","0.0","0.0","","","","","","",""
"2015.0","12.0","17.0","351.0","4716.987345","1.17","1.1","0.0","0.95","1.1","1.045","0.0","0.0","0.0","0.0","0.0","0.0","0.0","0.0","0.0","0.0","0.0","","","","","","",""
"2015.0","12.0","18.0","352.0","4716.987345","1.1","1.1","0.0","1.17","1.1","1.287","0.0","0.0","0.0","0.0","0.0","0.0","0.0","0.0","0.0","0.0","0.0","","","","","","",""
"2015.0","12.0","19.0","353.0","4716.987345","1.19","1.1","0.0","0.67","1.1","0.737","10.08","0.0","0.0","0.0","0.0","0.0","0.0","0.0","0.0","0.0","0.0","","","","","","",""
"2015.0","12.0","20.0","354.0","4716.987345","1.2","1.1","0.0","0.56","1.1","0.616","0.47","0.0","0.0","0.0","0.0","0.0","0.0","0.0","0.0","0.0","0.0","","","","","","",""
"2015.0","12.0","21.0","355.0","4716.987345","1.2","1.1","0.0","0.58","1.1","0.638","4.91","0.0","0.0","0.0","0.0","0.0","0.0","0.0","0.0","0.0","0.0","","","","","","",""
"2015.0","12.0","22.0","356.0","4716.987345","1.18","1.1","0.0","1.07","1.1","1.177","5.12","0.0","0.0","0.0","0.0","0.0","0.0","0.0","0.0","0.0","0.0","","","","","","",""
"2015.0","12.0","23.0","357.0","4716.987345","1.18","1.1","0.0","1.27","1.1","1.397","0.0","0.0","0.0","0.0","0.0","0.0","0.0","0.0","0.0","0.0","0.0","","","","","","",""
"2015.0","12.0","24.0","358.0","4716.987345","1.18","1.1","0.0","0.99","1.1","1.089","0.07","0.0","0.0","0.0","0.0","0.0","0.0","0.0","0.0","0.0","0.0","","","","","","",""
"2015.0","12.0","25.0","359.0","4716.987345","1.18","1.1","0.0","0.85","1.1","0.935","1.12","0.0","0.0","0.0","0.0","0.0","0.0","0.0","0.0","0.0","0.0","","","","","","",""
"2015.0","12.0","26.0","360.0","4716.987345","1.17","1.1","0.0","1.55","1.1","1.705","0.0","0.0","0.0","0.0","0.0","0.0","0.0","0.0","0.0","0.0","0.0","","","","","","",""
"2015.0","12.0","27.0","361.0","4716.987345","1.13","1.1","0.0","0.58","1.1","0.638","0.0","0.0","0.0","0.0","0.0","0.0","0.0","0.0","0.0","0.0","0.0","","","","","","",""
"2015.0","12.0","28.0","362.0","4716.987345","1.07","1.1","0.0","0.73","1.1","0.803","0.61","0.0","0.0","0.0","0.0","0.0","0.0","0.0","0.0","0.0","0.0","","","","","","",""
"2015.0","12.0","29.0","363.0","4716.987345","1.01","1.1","0.0","0.94","1.1","1.034","0.0","0.0","0.0","0.0","0.0","0.0","0.0","0.0","0.0","0.0","0.0","","","","","","",""
"2015.0","12.0","30.0","364.0","4716.987345","0.96","1.1","0.0","0.78","1.1","0.858","0.0","0.0","0.0","0.0","0.0","0.0","0.0","0.0","0.0","0.0","0.0","","","","","","",""
"2015.0","12.0","31.0","365.0","4716.987345","0.9","1.1","0.0","1.09","1.1","1.199","0.0","0.0","0.0","0.0","0.0","0.0","0.0","0.0","0.0","0.0","0.0","","","","","","",""
"2016.0","1.0","1.0","1.0","4716.987345","0.84","1.1","0.0","1.45","1.1","1.595","0.0","0.0","0.0","0.0","0.0","0.0","0.0","0.0","0.0","0.0","0.0","","","","","","",""
"2016.0","1.0","2.0","2.0","4716.987345","0.8","1.1","0.0","1.22","1.1","1.342","0.0","0.0","0.0","0.0","0.0","0.0","0.0","0.0","0.0","0.0","0.0","","","","","","",""
"2016.0","1.0","3.0","3.0","4716.987345","0.76","1.1","0.0","1.21","1.1","1.331","0.01","0.0","0.0","0.0","0.0","0.0","0.0","0.0","0.0","0.0","0.0","","","","","","",""
"2016.0","1.0","4.0","4.0","4716.987345","0.74","1.1","0.0","0.87","1.1","0.957","0.1","0.0","0.0","0.0","0.0","0.0","0.0","0.0","0.0","0.0","0.0","","","","","","",""
"2016.0","1.0","5.0","5.0","4716.987345","1.19","1.1","0.0","0.86","1.1","0.946","17.88","0.0","0.0","0.0","0.0","0.0","0.0","0.0","0.0","0.0","0.0","","","","","","",""
"2016.0","1.0","6.0","6.0","4716.987345","1.19","1.1","0.0","0.82","1.1","0.902","14.9","0.0","0.0","0.0","0.0","0.0","0.0","0.0","0.0","0.0","0.0","","","","","","",""
"2016.0","1.0","7.0","7.0","4716.987345","1.2","1.1","0.0","0.59","1.1","0.649","15.64","0.0","0.0","0.0","0.0","0.0","0.0","0.0","0.0","0.0","0.0","","","","","","",""
"2016.0","1.0","8.0","8.0","4716.987345","1.2","1.1","0.0","0.63","1.1","0.693","0.11","0.0","0.0","0.0","0.0","0.0","0.0","0.0","0.0","0.0","0.0","","","","","","",""
"2016.0","1.0","9.0","9.0","4716.987345","1.19","1.1","0.0","0.8","1.1","0.88","2.22","0.0","0.0","0.0","0.0","0.0","0.0","0.0","0.0","0.0","0.0","","","","","","",""
"2016.0","1.0","10.0","10.0","4716.987345","1.18","1.1","0.0","0.91","1.1","1.001","1.22","0.0","0.0","0.0","0.0","0.0","0.0","0.0","0.0","0.0","0.0","","","","","","",""
"2016.0","1.0","11.0","11.0","4716.987345","1.18","1.1","0.0","0.98","1.1","1.078","0.0","0.0","0.0","0.0","0.0","0.0","0.0","0.0","0.0","0.0","0.0","","","","","","",""
"2016.0","1.0","12.0","12.0","4716.987345","1.18","1.1","0.0","0.99","1.1","1.089","0.0","0.0","0.0","0.0","0.0","0.0","0.0","0.0","0.0","0.0","0.0","","","","","","",""
"2016.0","1.0","13.0","13.0","4716.987345","1.16","1.1","0.0","1.36","1.1","1.496","4.74","0.0","0.0","0.0","0.0","0.0","0.0","0.0","0.0","0.0","0.0","","","","","","",""
"2016.0","1.0","14.0","14.0","4716.987345","1.19","1.1","0.0","0.66","1.1","0.726","2.42","0.0","0.0","0.0","0.0","0.0","0.0","0.0","0.0","0.0","0.0","","","","","","",""
"2016.0","1.0","15.0","15.0","4716.987345","1.19","1.1","0.0","0.78","1.1","0.858","2.83","0.0","0.0","0.0","0.0","0.0","0.0","0.0","0.0","0.0","0.0","","","","","","",""
"2016.0","1.0","16.0","16.0","4716.987345","1.19","1.1","0.0","0.8","1.1","0.88","6.77","0.0","0.0","0.0","0.0","0.0","0.0","0.0","0.0","0.0","0.0","","","","","","",""
"2016.0","1.0","17.0","17.0","4716.987345","1.19","1.1","0.0","0.82","1.1","0.902","1.14","0.0","0.0","0.0","0.0","0.0","0.0","0.0","0.0","0.0","0.0","","","","","","",""
"2016.0","1.0","18.0","18.0","4716.987345","1.17","1.1","0.0","1.18","1.1","1.298","28.63","0.0","0.0","0.0","0.0","0.0","0.0","0.0","0.0","0.0","0.0","","","","","","",""
"2016.0","1.0","19.0","19.0","4716.987345","1.17","1.1","0.0","1.31","1.1","1.441","4.53","0.0","0.0","0.0","0.0","0.0","0.0","0.0","0.0","0.0","0.0","","","","","","",""
"2016.0","1.0","20.0","20.0","4716.987345","1.18","1.1","0.0","1.02","1.1","1.122","18.56","0.0","0.0","0.0","0.0","0.0","0.0","0.0","0.0","0.0","0.0","","","","","","",""
"2016.0","1.0","21.0","21.0","4716.987345","1.18","1.1","0.0","1.12","1.1","1.232","0.0","0.0","0.0","0.0","0.0","0.0","0.0","0.0","0.0","0.0","0.0","","","","","","",""
"2016.0","1.0","22.0","22.0","4716.987345","1.17","1.1","0.0","1.16","1.1","1.276","0.92","0.0","0.0","0.0","0.0","0.0","0.0","0.0","0.0","0.0","0.0","","","","","","",""
"2016.0","1.0","23.0","23.0","4716.987345","1.16","1.1","0.0","1.42","1.1","1.562","10.81","0.0","0.0","0.0","0.0","0.0","0.0","0.0","0.0","0.0","0.0","","","","","","",""
"2016.0","1.0","24.0","24.0","4716.987345","1.18","1.1","0.0","1.08","1.1","1.188","1.71","0.0","0.0","0.0","0.0","0.0","0.0","0.0","0.0","0.0","0.0","","","","","","",""
"2016.0","1.0","25.0","25.0","4716.987345","1.17","1.1","0.0","1.21","1.1","1.331","0.38","0.0","0.0","0.0","0.0","0.0","0.0","0.0","0.0","0.0","0.0","","","","","","",""
"2016.0","1.0","26.0","26.0","4716.987345","1.18","1.1","0.0","1.01","1.1","1.111","0.0","0.0","0.0","0.0","0.0","0.0","0.0","0.0","0.0","0.0","0.0","","","","","","",""
"2016.0","1.0","27.0","27.0","4716.987345","1.17","1.1","0.0","1.4","1.1","1.54","0.0","0.0","0.0","0.0","0.0","0.0","0.0","0.0","0.0","0.0","0.0","","","","","","",""
"2016.0","1.0","28.0","28.0","4716.987345","1.17","1.1","0.0","0.89","1.1","0.979","0.0","0.0","0.0","0.0","0.0","0.0","0.0","0.0","0.0","0.0","0.0","","","","","","",""
"2016.0","1.0","29.0","29.0","4716.987345","1.09","1.1","0.0","1.03","1.1","1.133","0.28","0.0","0.0","0.0","0.0","0.0","0.0","0.0","0.0","0.0","0.0","","","","","","",""
"2016.0","1.0","30.0","30.0","4716.987345","1.16","1.1","0.0","1.51","1.1","1.661","6.17","0.0","0.0","0.0","0.0","0.0","0.0","0.0","0.0","0.0","0.0","","","","","","",""
"2016.0","1.0","31.0","31.0","4716.987345","1.14","1.1","0.0","2.42","1.1","2.662","0.0","0.0","0.0","0.0","0.0","0.0","0.0","0.0","0.0","0.0","0.0","","","","","","",""
"2016.0","2.0","1.0","32.0","4716.987345","1.09","1.1","0.0","2.58","1.1","2.838","0.0","0.0","0.0","0.0","0.0","0.0","0.0","0.0","0.0","0.0","0.0","","","","","","",""
"2016.0","2.0","2.0","33.0","4716.987345","1.02","1.1","0.0","1.06","1.1","1.166","0.0","0.0","0.0","0.0","0.0","0.0","0.0","0.0","0.0","0.0","0.0","","","","","","",""
"2016.0","2.0","3.0","34.0","4716.987345","0.96","1.1","0.0","1.03","1.1","1.133","0.87","0.0","0.0","0.0","0.0","0.0","0.0","0.0","0.0","0.0","0.0","","","","","","",""
"2016.0","2.0","4.0","35.0","4716.987345","0.88","1.1","0.0","1.53","1.1","1.683","0.0","0.0","0.0","0.0","0.0","0.0","0.0","0.0","0.0","0.0","0.0","","","","","","",""
"2016.0","2.0","5.0","36.0","4716.987345","0.83","1.1","0.0","1.39","1.1","1.529","0.0","0.0","0.0","0.0","0.0","0.0","0.0","0.0","0.0","0.0","0.0","","","","","","",""
"2016.0","2.0","6.0","37.0","4716.987345","0.77","1.1","0.0","1.64","1.1","1.804","0.0","0.0","0.0","0.0","0.0","0.0","0.0","0.0","0.0","0.0","0.0","","","","","","",""
"2016.0","2.0","7.0","38.0","4716.987345","0.72","1.1","0.0","1.97","1.1","2.167","0.0","0.0","0.0","0.0","0.0","0.0","0.0","0.0","0.0","0.0","0.0","","","","","","",""
"2016.0","2.0","8.0","39.0","4716.987345","0.67","1.1","0.0","2.09","1.1","2.299","0.0","0.0","0.0","0.0","0.0","0.0","0.0","0.0","0.0","0.0","0.0","","","","","","",""
"2016.0","2.0","9.0","40.0","4716.987345","0.64","1.1","0.0","1.96","1.1","2.156","0.0","0.0","0.0","0.0","0.0","0.0","0.0","0.0","0.0","0.0","0.0","","","","","","",""
"2016.0","2.0","10.0","41.0","4716.987345","0.61","1.1","0.0","1.92","1.1","2.112","0.0","0.0","0.0","0.0","0.0","0.0","0.0","0.0","0.0","0.0","0.0","","","","","","",""
"2016.0","2.0","11.0","42.0","4716.987345","0.58","1.1","0.0","1.77","1.1","1.947","0.0","0.0","0.0","0.0","0.0","0.0","0.0","0.0","0.0","0.0","0.0","","","","","","",""
"2016.0","2.0","12.0","43.0","4716.987345","0.56","1.1","0.0","1.83","1.1","2.013","0.0","0.0","0.0","0.0","0.0","0.0","0.0","0.0","0.0","0.0","0.0","","","","","","",""
"2016.0","2.0","13.0","44.0","4716.987345","0.53","1.1","0.0","2.35","1.1","2.585","0.0","0.0","0.0","0.0","0.0","0.0","0.0","0.0","0.0","0.0","0.0","","","","","","",""
"2016.0","2.0","14.0","45.0","4716.987345","0.5","1.1","0.0","3.22","1.1","3.542","0.0","0.0","0.0","0.0","0.0","0.0","0.0","0.0","0.0","0.0","0.0","","","","","","",""
"2016.0","2.0","15.0","46.0","4716.987345","0.48","1.1","0.0","2.65","1.1","2.915","0.0","0.0","0.0","0.0","0.0","0.0","0.0","0.0","0.0","0.0","0.0","","","","","","",""
"2016.0","2.0","16.0","47.0","4716.987345","0.47","1.1","0.0","2.11","1.1","2.321","0.0","0.0","0.0","0.0","0.0","0.0","0.0","0.0","0.0","0.0","0.0","","","","","","",""
"2016.0","2.0","17.0","48.0","4716.987345","0.45","1.1","0.0","2.65","1.1","2.915","0.0","0.0","0.0","0.0","0.0","0.0","0.0","0.0","0.0","0.0","0.0","","","","","","",""
"2016.0","2.0","18.0","49.0","4716.987345","1.15","1.1","0.0","1.86","1.1","2.046","13.71","0.0","0.0","0.0","0.0","0.0","0.0","0.0","0.0","0.0","0.0","","","","","","",""
"2016.0","2.0","19.0","50.0","4716.987345","1.16","1.1","0.0","1.55","1.1","1.705","3.55","0.0","0.0","0.0","0.0","0.0","0.0","0.0","0.0","0.0","0.0","","","","","","",""
"2016.0","2.0","20.0","51.0","4716.987345","1.15","1.1","0.0","1.8","1.1","1.98","0.21","0.0","0.0","0.0","0.0","0.0","0.0","0.0","0.0","0.0","0.0","","","","","","",""
"2016.0","2.0","21.0","52.0","4716.987345","1.15","1.1","0.0","1.96","1.1","2.156","0.0","0.0","0.0","0.0","0.0","0.0","0.0","0.0","0.0","0.0","0.0","","","","","","",""
"2016.0","2.0","22.0","53.0","4716.987345","0.97","1.1","0.0","2.76","1.1","3.036","0.0","0.0","0.0","0.0","0.0","0.0","0.0","0.0","0.0","0.0","0.0","","","","","","",""
"2016.0","2.0","23.0","54.0","4716.987345","0.86","1.1","0.0","2.38","1.1","2.618","0.0","0.0","0.0","0.0","0.0","0.0","0.0","0.0","0.0","0.0","0.0","","","","","","",""
"2016.0","2.0","24.0","55.0","4716.987345","0.78","1.1","0.0","2.23","1.1","2.453","0.0","0.0","0.0","0.0","0.0","0.0","0.0","0.0","0.0","0.0","0.0","","","","","","",""
"2016.0","2.0","25.0","56.0","4716.987345","0.71","1.1","0.0","2.34","1.1","2.574","0.0","0.0","0.0","0.0","0.0","0.0","0.0","0.0","0.0","0.0","0.0","","","","","","",""
"2016.0","2.0","26.0","57.0","4716.987345","0.66","1.1","0.0","2.38","1.1","2.618","0.0","0.0","0.0","0.0","0.0","0.0","0.0","0.0","0.0","0.0","0.0","","","","","","",""
"2016.0","2.0","27.0","58.0","4716.987345","0.63","1.1","0.0","2.08","1.1","2.288","0.0","0.0","0.0","0.0","0.0","0.0","0.0","0.0","0.0","0.0","0.0","","","","","","",""
"2016.0","2.0","28.0","59.0","4716.987345","0.6","1.1","0.0","2.11","1.1","2.321","0.0","0.0","0.0","0.0","0.0","0.0","0.0","0.0","0.0","0.0","0.0","","","","","","",""
"2016.0","2.0","29.0","60.0","4716.987345","0.56","1.1","0.0","2.69","1.1","2.959","0.0","0.0","0.0","0.0","0.0","0.0","0.0","0.0","0.0","0.0","0.0","","","","","","",""
"2016.0","3.0","1.0","61.0","4716.987345","0.53","1.1","0.0","3.02","1.1","3.322","0.0","0.0","0.0","0.0","0.0","0.0","0.0","0.0","0.0","0.0","0.0","","","","","","",""
"2016.0","3.0","2.0","62.0","4716.987345","0.5","1.1","0.0","2.66","1.1","2.926","0.0","0.0","0.0","0.0","0.0","0.0","0.0","0.0","0.0","0.0","0.0","","","","","","",""
"2016.0","3.0","3.0","63.0","4716.987345","0.49","1.1","0.0","1.77","1.1","1.947","0.0","0.0","0.0","0.0","0.0","0.0","0.0","0.0","0.0","0.0","0.0","","","","","","",""
"2016.0","3.0","4.0","64.0","4716.987345","0.48","1.1","0.0","1.56","1.1","1.716","0.09","0.0","0.0","0.0","0.0","0.0","0.0","0.0","0.0","0.0","0.0","","","","","","",""
"2016.0","3.0","5.0","65.0","4716.987345","1.17","1.1","0.0","1.22","1.1","1.342","15.77","0.0","0.0","0.0","0.0","0.0","0.0","0.0","0.0","0.0","0.0","","","","","","",""
"2016.0","3.0","6.0","66.0","4716.987345","1.13","1.1","0.0","2.17","1.1","2.387","40.06","0.0","0.0","0.0","0.0","0.0","0.0","0.0","0.0","0.0","0.0","","","","","","",""
"2016.0","3.0","7.0","67.0","4716.987345","1.16","1.1","0.0","1.57","1.1","1.727","13.14","0.0","0.0","0.0","0.0","0.0","0.0","0.0","0.0","0.0","0.0","","","","","","",""
"2016.0","3.0","8.0","68.0","4716.987345","1.15","1.1","0.0","1.76","1.1","1.936","2.68","0.0","0.0","0.0","0.0","0.0","0.0","0.0","0.0","0.0","0.0","","","","","","",""
"2016.0","3.0","9.0","69.0","4716.987345","1.15","1.1","0.0","1.84","1.1","2.024","0.0","0.0","0.0","0.0","0.0","0.0","0.0","0.0","0.0","0.0","0.0","","","","","","",""
"2016.0","3.0","10.0","70.0","4716.987345","1.15","1.1","0.0","1.39","1.1","1.529","0.0","0.0","0.0","0.0","0.0","0.0","0.0","0.0","0.0","0.0","0.0","","","","","","",""
"2016.0","3.0","11.0","71.0","4716.987345","1.16","1.1","0.0","1.47","1.1","1.617","14.4","0.0","0.0","0.0","0.0","0.0","0.0","0.0","0.0","0.0","0.0","","","","","","",""
"2016.0","3.0","12.0","72.0","4716.987345","1.16","1.1","0.0","1.53","1.1","1.683","12.16","0.0","0.0","0.0","0.0","0.0","0.0","0.0","0.0","0.0","0.0","","","","","","",""
"2016.0","3.0","13.0","73.0","4716.987345","1.17","1.1","0.0","1.15","1.1","1.265","13.74","0.0","0.0","0.0","0.0","0.0","0.0","0.0","0.0","0.0","0.0","","","","","","",""
"2016.0","3.0","14.0","74.0","4716.987345","1.12","1.1","0.0","2.54","1.1","2.794","12.54","0.0","0.0","0.0","0.0","0.0","0.0","0.0","0.0","0.0","0.0","","","","","","",""
"2016.0","3.0","15.0","75.0","4716.987345","1.11","1.1","0.0","3.06","1.1","3.366","0.0","0.0","0.0","0.0","0.0","0.0","0.0","0.0","0.0","0.0","0.0","","","","","","",""
"2016.0","3.0","16.0","76.0","4716.987345","0.92","1.1","0.0","3.13","1.1","3.443","0.0","0.0","0.0","0.0","0.0","0.0","0.0","0.0","0.0","0.0","0.0","","","","","","",""
"2016.0","3.0","17.0","77.0","4716.987345","0.79","1.1","0.0","3.16","1.1","3.476","0.0","0.0","0.0","0.0","0.0","0.0","0.0","0.0","0.0","0.0","0.0","","","","","","",""
"2016.0","3.0","18.0","78.0","4716.987345","0.7","1.1","0.0","3.19","1.1","3.509","0.0","0.0","0.0","0.0","0.0","0.0","0.0","0.0","0.0","0.0","0.0","","","","","","",""
"2016.0","3.0","19.0","79.0","4716.987345","0.63","1.1","0.0","3.18","1.1","3.498","0.0","0.0","0.0","0.0","0.0","0.0","0.0","0.0","0.0","0.0","0.0","","","","","","",""
"2016.0","3.0","20.0","80.0","4716.987345","0.6","1.1","0.0","2.22","1.1","2.442","0.0","0.0","0.0","0.0","0.0","0.0","0.0","0.0","0.0","0.0","0.0","","","","","","",""
"2016.0","3.0","21.0","81.0","4716.987345","0.57","1.1","0.0","2.27","1.1","2.497","1.5","0.0","0.0","0.0","0.0","0.0","0.0","0.0","0.0","0.0","0.0","","","","","","",""
"2016.0","3.0","22.0","82.0","4716.987345","0.54","1.1","0.0","2.93","1.1","3.223","1.68","0.0","0.0","0.0","0.0","0.0","0.0","0.0","0.0","0.0","0.0","","","","","","",""
"2016.0","3.0","23.0","83.0","4716.987345","0.51","1.1","0.0","3.36","1.1","3.696","0.0","0.0","0.0","0.0","0.0","0.0","0.0","0.0","0.0","0.0","0.0","","","","","","",""
"2016.0","3.0","24.0","84.0","4716.987345","0.48","1.1","0.0","3.2","1.1","3.52","0.0","0.0","0.0","0.0","0.0","0.0","0.0","0.0","0.0","0.0","0.0","","","","","","",""
"2016.0","3.0","25.0","85.0","4716.987345","0.45","1.1","0.0","3.72","1.1","4.092","0.0","0.0","0.0","0.0","0.0","0.0","0.0","0.0","0.0","0.0","0.0","","","","","","",""
"2016.0","3.0","26.0","86.0","4716.987345","0.43","1.1","0.0","4.47","1.1","4.917","0.0","0.0","0.0","0.0","0.0","0.0","0.0","0.0","0.0","0.0","0.0","","","","","","",""
"2016.0","3.0","27.0","87.0","4716.987345","0.41","1.1","0.0","3.44","1.1","3.784","0.0","0.0","0.0","0.0","0.0","0.0","0.0","0.0","0.0","0.0","0.0","","","","","","",""
"2016.0","3.0","28.0","88.0","4716.987345","0.39","1.1","0.0","3.55","1.1","3.905","0.0","0.0","0.0","0.0","0.0","0.0","0.0","0.0","0.0","0.0","0.0","","","","","","",""
"2016.0","3.0","29.0","89.0","4716.987345","0.38","1.1","0.0","3.82","1.1","4.202","0.0","0.0","0.0","0.0","0.0","0.0","0.0","0.0","0.0","0.0","0.0","","","","","","",""
"2016.0","3.0","30.0","90.0","4716.987345","0.37","1.1","0.0","3.64","1.1","4.004","0.0","0.0","0.0","0.0","0.0","0.0","0.0","0.0","0.0","0.0","0.0","","","","","","",""
"2016.0","3.0","31.0","91.0","4716.987345","0.35","1.1","0.0","3.78","1.1","4.158","0.0","0.0","0.0","0.0","0.0","0.0","0.0","0.0","0.0","0.0","0.0","","","","","","",""
"2016.0","4.0","1.0","92.0","4716.987345","0.34","1.1","0.0","3.68","1.1","4.048","0.0","0.0","0.0","0.0","0.0","0.0","0.0","0.0","0.0","0.0","0.0","","","","","","",""
"2016.0","4.0","2.0","93.0","4716.987345","0.33","1.1","0.0","3.75","1.1","4.125","0.0","0.0","0.0","0.0","0.0","0.0","0.0","0.0","0.0","0.0","0.0","","","","","","",""
"2016.0","4.0","3.0","94.0","4716.987345","0.32","1.1","0.0","4.1","1.1","4.51","0.0","0.0","0.0","0.0","0.0","0.0","0.0","0.0","0.0","0.0","0.0","","","","","","",""
"2016.0","4.0","4.0","95.0","4716.987345","0.31","1.1","0.0","4.23","1.1","4.653","0.0","0.0","0.0","0.0","0.0","0.0","0.0","0.0","0.0","0.0","0.0","","","","","","",""
"2016.0","4.0","5.0","96.0","4716.987345","0.3","1.1","0.0","5.73","1.1","6.303","0.0","0.0","0.0","0.0","0.0","0.0","0.0","0.0","0.0","0.0","0.0","","","","","","",""
"2016.0","4.0","6.0","97.0","4716.987345","0.29","1.1","0.0","4.96","1.1","5.456","0.0","0.0","0.0","0.0","0.0","0.0","0.0","0.0","0.0","0.0","0.0","","","","","","",""
"2016.0","4.0","7.0","98.0","4716.987345","0.28","1.1","0.0","4.36","1.1","4.796","0.0","0.0","0.0","0.0","0.0","0.0","0.0","0.0","0.0","0.0","0.0","","","","","","",""
"2016.0","4.0","8.0","99.0","4716.987345","0.28","1.1","0.0","3.63","1.1","3.993","0.0","0.0","0.0","0.0","0.0","0.0","0.0","0.0","0.0","0.0","0.0","","","","","","",""
"2016.0","4.0","9.0","100.0","4716.987345","0.28","1.1","0.0","1.43","1.1","1.573","1.26","0.0","0.0","0.0","0.0","0.0","0.0","0.0","0.0","0.0","0.0","","","","","","",""
"2016.0","4.0","10.0","101.0","4716.987345","1.13","1.1","0.0","2.27","1.1","2.497","9.14","0.0","0.0","0.0","0.0","0.0","0.0","0.0","0.0","0.0","0.0","","","","","","",""
"2016.0","4.0","11.0","102.0","4716.987345","1.11","1.1","0.0","3.35","1.1","3.685","0.41","0.0","0.0","0.0","0.0","0.0","0.0","0.0","0.0","0.0","0.0","","","","","","",""
"2016.0","4.0","12.0","103.0","4716.987345","0.89","1.1","0.0","3.59","1.1","3.949","0.0","0.0","0.0","0.0","0.0","0.0","0.0","0.0","0.0","0.0","0.0","","","","","","",""
"2016.0","4.0","13.0","104.0","4716.987345","0.74","1.1","0.0","4.29","1.1","4.719","0.0","0.0","0.0","0.0","0.0","0.0","0.0","0.0","0.0","0.0","0.0","","","","","","",""
"2016.0","4.0","14.0","105.0","4716.987345","0.65","1.1","0.0","4.0","1.1","4.4","0.73","0.0","0.0","0.0","0.0","0.0","0.0","0.0","0.0","0.0","0.0","","","","","","",""
"2016.0","4.0","15.0","106.0","4716.987345","0.56","1.1","0.0","5.41","1.1","5.951","0.0","0.0","0.0","0.0","0.0","0.0","0.0","0.0","0.0","0.0","0.0","","","","","","",""
"2016.0","4.0","16.0","107.0","4716.987345","0.5","1.1","0.0","5.5","1.1","6.05","0.0","0.0","0.0","0.0","0.0","0.0","0.0","0.0","0.0","0.0","0.0","","","","","","",""
"2016.0","4.0","17.0","108.0","4716.987345","0.46","1.1","0.0","4.75","1.1","5.225","0.0","0.0","0.0","0.0","0.0","0.0","0.0","0.0","0.0","0.0","0.0","","","","","","",""
"2016.0","4.0","18.0","109.0","4716.987345","0.43","1.1","0.0","5.12","1.1","5.632","0.0","0.0","0.0","0.0","0.0","0.0","0.0","0.0","0.0","0.0","0.0","","","","","","",""
"2016.0","4.0","19.0","110.0","4716.987345","0.4","1.1","0.0","5.08","1.1","5.588","0.0","0.0","0.0","0.0","0.0","0.0","0.0","0.0","0.0","0.0","0.0","","","","","","",""
"2016.0","4.0","20.0","111.0","4716.987345","0.38","1.1","0.0","5.26","1.1","5.786","0.0","0.0","0.0","0.0","0.0","0.0","0.0","0.0","0.0","0.0","0.0","","","","","","",""
"2016.0","4.0","21.0","112.0","4716.987345","0.37","1.1","0.0","3.94","1.1","4.334","0.0","0.0","0.0","0.0","0.0","0.0","0.0","0.0","0.0","0.0","0.0","","","","","","",""
"2016.0","4.0","22.0","113.0","4716.987345","0.36","1.1","0.0","2.74","1.1","3.014","0.18","0.0","0.0","0.0","0.0","0.0","0.0","0.0","0.0","0.0","0.0","","","","","","",""
"2016.0","4.0","23.0","114.0","4716.987345","1.06","1.1","0.0","3.97","1.1","4.367","6.2","0.0","0.0","0.0","0.0","0.0","0.0","0.0","0.0","0.0","0.0","","","","","","",""
"2016.0","4.0","24.0","115.0","4716.987345","0.92","1.1","0.0","4.43","1.1","4.873","0.0","0.0","0.0","0.0","0.0","0.0","0.0","0.0","0.0","0.0","0.0","","","","","","",""
"2016.0","4.0","25.0","116.0","4716.987345","0.71","1.1","0.0","5.38","1.1","5.918","0.0","0.0","0.0","0.0","0.0","0.0","0.0","0.0","0.0","0.0","0.0","","","","","","",""
"2016.0","4.0","26.0","117.0","4716.987345","0.62","1.1","0.0","4.57","1.1","5.027","0.0","0.0","0.0","0.0","0.0","0.0","0.0","0.0","0.0","0.0","0.0","","","","","","",""
"2016.0","4.0","27.0","118.0","4716.987345","0.57","1.1","0.0","3.68","1.1","4.048","0.0","0.0","0.0","0.0","0.0","0.0","0.0","0.0","0.0","0.0","0.0","","","","","","",""
"2016.0","4.0","28.0","119.0","4716.987345","0.5","1.1","0.0","5.81","1.1","6.391","4.76","0.0","0.0","0.0","0.0","0.0","0.0","0.0","0.0","0.0","0.0","","","","","","",""
"2016.0","4.0","29.0","120.0","4716.987345","0.46","1.1","0.0","5.17","1.1","5.687","0.0","0.0","0.0","0.0","0.0","0.0","0.0","0.0","0.0","0.0","0.0","","","","","","",""
"2016.0","4.0","30.0","121.0","4716.987345","0.41","1.1","0.0","7.42","1.1","8.162","0.09","0.0","0.0","0.0","0.0","0.0","0.0","0.0","0.0","0.0","0.0","","","","","","",""
"2016.0","5.0","1.0","122.0","4716.987345","0.38","1.1","0.0","5.96","1.1","6.556","0.0","0.0","0.0","0.0","0.0","0.0","0.0","0.0","0.0","0.0","0.0","","","","","","",""
"2016.0","5.0","2.0","123.0","4716.987345","0.36","1.1","0.0","5.44","1.1","5.984","0.0","0.0","0.0","0.0","0.0","0.0","0.0","0.0","0.0","0.0","0.0","","","","","","",""
"2016.0","5.0","3.0","124.0","4716.987345","0.35","1.1","0.0","4.57","1.1","5.027","0.0","0.0","0.0","0.0","0.0","0.0","0.0","0.0","0.0","0.0","0.0","","","","","","",""
"2016.0","5.0","4.0","125.0","4716.987345","0.33","1.1","0.0","4.9","1.1","5.39","0.0","0.0","0.0","0.0","0.0","0.0","0.0","0.0","0.0","0.0","0.0","","","","","","",""
"2016.0","5.0","5.0","126.0","4716.987345","0.33","1.1","0.0","2.32","1.1","2.552","0.07","0.0","0.0","0.0","0.0","0.0","0.0","0.0","0.0","0.0","0.0","","","","","","",""
"2016.0","5.0","6.0","127.0","4716.987345","0.33","1.1","0.0","2.19","1.1","2.409","1.35","0.0","0.0","0.0","0.0","0.0","0.0","0.0","0.0","0.0","0.0","","","","","","",""
"2016.0","5.0","7.0","128.0","4716.987345","0.32","1.1","0.0","2.14","1.1","2.354","0.94","0.0","0.0","0.0","0.0","0.0","0.0","0.0","0.0","0.0","0.0","","","","","","",""
"2016.0","5.0","8.0","129.0","4716.987345","0.31","1.1","0.0","3.3","1.1","3.63","1.94","0.0","0.0","0.0","0.0","0.0","0.0","0.0","0.0","0.0","0.0","","","","","","",""
"2016.0","5.0","9.0","130.0","4716.987345","0.3","1.1","0.0","4.71","1.1","5.181","0.0","0.0","0.0","0.0","0.0","0.0","0.0","0.0","0.0","0.0","0.0","","","","","","",""
"2016.0","5.0","10.0","131.0","4716.987345","0.29","1.1","0.0","5.78","1.1","6.358","0.0","0.0","0.0","0.0","0.0","0.0","0.0","0.0","0.0","0.0","0.0","","","","","","",""
"2016.0","5.0","11.0","132.0","4716.987345","0.28","1.1","0.0","6.12","1.1","6.732","0.0","0.0","0.0","0.0","0.0","0.0","0.0","0.0","0.0","0.0","0.0","","","","","","",""
"2016.0","5.0","12.0","133.0","4716.987345","0.27","1.1","0.0","6.16","1.1","6.776","0.0","0.0","0.0","0.0","0.0","0.0","0.0","0.0","0.0","0.0","0.0","","","","","","",""
"2016.0","5.0","13.0","134.0","4716.987345","0.26","1.1","0.0","5.77","1.1","6.347","0.0","0.0","0.0","0.0","0.0","0.0","0.0","0.0","0.0","0.0","0.0","","","","","","",""
"2016.0","5.0","14.0","135.0","4716.987345","0.26","1.1","0.0","5.14","1.1","5.654","0.0","0.0","0.0","0.0","0.0","0.0","0.0","0.0","0.0","0.0","0.0","","","","","","",""
"2016.0","5.0","15.0","136.0","4716.987345","0.25","1.1","0.0","5.58","1.1","6.138","0.0","0.0","0.0","0.0","0.0","0.0","0.0","0.0","0.0","0.0","0.0","","","","","","",""
"2016.0","5.0","16.0","137.0","4716.987345","0.24","1.1","0.0","6.63","1.1","7.293","0.0","0.0","0.0","0.0","0.0","0.0","0.0","0.0","0.0","0.0","0.0","","","","","","",""
"2016.0","5.0","17.0","138.0","4716.987345","0.23","1.1","0.0","7.81","1.1","8.591","0.0","0.0","0.0","0.0","0.0","0.0","0.0","0.0","0.0","0.0","0.0","","","","","","",""
"2016.0","5.0","18.0","139.0","4716.987345","0.23","1.1","0.0","7.08","1.1","7.788","0.0","0.0","0.0","0.0","0.0","0.0","0.0","0.0","0.0","0.0","0.0","","","","","","",""
"2016.0","5.0","19.0","140.0","4716.987345","0.22","1.1","0.0","6.32","1.1","6.952","0.0","0.0","0.0","0.0","0.0","0.0","0.0","0.0","0.0","0.0","0.0","","","","","","",""
"2016.0","5.0","20.0","141.0","4716.987345","0.22","1.1","0.0","4.71","1.1","5.181","0.0","0.0","0.0","0.0","0.0","0.0","0.0","0.0","0.0","0.0","0.0","","","","","","",""
"2016.0","5.0","21.0","142.0","4716.987345","0.22","1.1","0.0","4.07","1.1","4.477","3.01","0.0","0.0","0.0","0.0","0.0","0.0","0.0","0.0","0.0","0.0","","","","","","",""
"2016.0","5.0","22.0","143.0","4716.987345","0.21","1.1","0.0","4.37","1.1","4.807","0.53","0.0","0.0","0.0","0.0","0.0","0.0","0.0","0.0","0.0","0.0","","","","","","",""
"2016.0","5.0","23.0","144.0","4716.987345","0.21","1.1","0.0","4.66","1.1","5.126","0.0","0.0","0.0","0.0","0.0","0.0","0.0","0.0","0.0","0.0","0.0","","","","","","",""
"2016.0","5.0","24.0","145.0","4716.987345","0.21","1.1","0.0","4.85","1.1","5.335","0.0","0.0","0.0","0.0","0.0","0.0","0.0","0.0","0.0","0.0","0.0","","","","","","",""
"2016.0","5.0","25.0","146.0","4716.987345","0.2","1.1","0.0","5.32","1.1","5.852","0.0","0.0","0.0","0.0","0.0","0.0","0.0","0.0","0.0","0.0","0.0","","","","","","",""
"2016.0","5.0","26.0","147.0","4716.987345","0.2","1.1","0.0","5.79","1.1","6.369","0.0","0.0","0.0","0.0","0.0","0.0","0.0","0.0","0.0","0.0","0.0","","","","","","",""
"2016.0","5.0","27.0","148.0","4716.987345","0.2","1.1","0.0","6.08","1.1","6.688","0.0","0.0","0.0","0.0","0.0","0.0","0.0","0.0","0.0","0.0","0.0","","","","","","",""
"2016.0","5.0","28.0","149.0","4716.987345","0.19","1.1","0.0","7.01","1.1","7.711","0.0","0.0","0.0","0.0","0.0","0.0","0.0","0.0","0.0","0.0","0.0","","","","","","",""
"2016.0","5.0","29.0","150.0","4716.987345","0.19","1.1","0.0","6.6","1.1","7.26","0.0","0.0","0.0","0.0","0.0","0.0","0.0","0.0","0.0","0.0","0.0","","","","","","",""
"2016.0","5.0","30.0","151.0","4716.987345","0.19","1.1","0.0","6.86","1.1","7.546","0.0","0.0","0.0","0.0","0.0","0.0","0.0","0.0","0.0","0.0","0.0","","","","","","",""
"2016.0","5.0","31.0","152.0","4716.987345","0.18","1.1","0.0","7.18","1.1","7.898","0.0","0.0","0.0","0.0","0.0","0.0","0.0","0.0","0.0","0.0","0.0","","","","","","",""
"2016.0","6.0","1.0","153.0","4716.987345","0.18","1.1","0.0","7.37","1.1","8.107","0.0","0.0","0.0","0.0","0.0","0.0","0.0","0.0","0.0","0.0","0.0","","","","","","",""
"2016.0","6.0","2.0","154.0","4716.987345","0.18","1.1","0.0","6.92","1.1","7.612","0.0","0.0","0.0","0.0","0.0","0.0","0.0","0.0","0.0","0.0","0.0","","","","","","",""
"2016.0","6.0","3.0","155.0","4716.987345","0.17","1.1","0.0","7.39","1.1","8.129","0.0","0.0","0.0","0.0","0.0","0.0","0.0","0.0","0.0","0.0","0.0","","","","","","",""
"2016.0","6.0","4.0","156.0","4716.987345","0.17","1.1","0.0","4.75","1.1","5.225","0.0","0.0","0.0","0.0","0.0","0.0","0.0","0.0","0.0","0.0","0.0","","","","","","",""
"2016.0","6.0","5.0","157.0","4716.987345","0.17","1.1","0.0","7.64","1.1","8.404","0.0","0.0","0.0","0.0","0.0","0.0","0.0","0.0","0.0","0.0","0.0","","","","","","",""
"2016.0","6.0","6.0","158.0","4716.987345","0.17","1.1","0.0","7.31","1.1","8.041","0.0","0.0","0.0","0.0","0.0","0.0","0.0","0.0","0.0","0.0","0.0","","","","","","",""
"2016.0","6.0","7.0","159.0","4716.987345","0.16","1.1","0.0","6.87","1.1","7.557","0.0","0.0","0.0","0.0","0.0","0.0","0.0","0.0","0.0","0.0","0.0","","","","","","",""
"2016.0","6.0","8.0","160.0","4716.987345","0.16","1.1","0.0","6.67","1.1","7.337","0.0","0.0","0.0","0.0","0.0","0.0","0.0","0.0","0.0","0.0","0.0","","","","","","",""
"2016.0","6.0","9.0","161.0","4716.987345","0.16","1.1","0.0","6.34","1.1","6.974","0.0","0.0","0.0","0.0","0.0","0.0","0.0","0.0","0.0","0.0","0.0","","","","","","",""
"2016.0","6.0","10.0","162.0","4716.987345","0.16","1.1","0.0","6.64","1.1","7.304","0.0","0.0","0.0","0.0","0.0","0.0","0.0","0.0","0.0","0.0","0.0","","","","","","",""
"2016.0","6.0","11.0","163.0","4716.987345","0.15","1.1","0.0","6.92","1.1","7.612","0.0","0.0","0.0","0.0","0.0","0.0","0.0","0.0","0.0","0.0","0.0","","","","","","",""
"2016.0","6.0","12.0","164.0","4716.987345","0.15","1.1","0.0","7.06","1.1","7.766","0.0","0.0","0.0","0.0","0.0","0.0","0.0","0.0","0.0","0.0","0.0","","","","","","",""
"2016.0","6.0","13.0","165.0","4716.987345","0.15","1.1","0.0","6.73","1.1","7.403","0.0","0.0","0.0","0.0","0.0","0.0","0.0","0.0","0.0","0.0","0.0","","","","","","",""
"2016.0","6.0","14.0","166.0","4716.987345","0.15","1.1","0.0","6.24","1.1","6.864","0.0","0.0","0.0","0.0","0.0","0.0","0.0","0.0","0.0","0.0","0.0","","","","","","",""
"2016.0","6.0","15.0","167.0","4716.987345","0.15","1.1","0.0","5.14","1.1","5.654","0.0","0.0","0.0","0.0","0.0","0.0","0.0","0.0","0.0","0.0","0.0","","","","","","",""
"2016.0","6.0","16.0","168.0","4716.987345","0.15","1.1","0.0","5.21","1.1","5.731","0.0","0.0","0.0","0.0","0.0","0.0","0.0","0.0","0.0","0.0","0.0","","","","","","",""
"2016.0","6.0","17.0","169.0","4716.987345","0.15","1.1","0.0","4.77","1.1","5.247","0.0","0.0","0.0","0.0","0.0","0.0","0.0","0.0","0.0","0.0","0.0","","","","","","",""
"2016.0","6.0","18.0","170.0","4716.987345","0.14","1.1","0.0","6.08","1.1","6.688","0.0","0.0","0.0","0.0","0.0","0.0","0.0","0.0","0.0","0.0","0.0","","","","","","",""
"2016.0","6.0","19.0","171.0","4716.987345","0.14","1.1","0.0","6.77","1.1","7.447","0.0","0.0","0.0","0.0","0.0","0.0","0.0","0.0","0.0","0.0","0.0","","","","","","",""
"2016.0","6.0","20.0","172.0","4716.987345","0.14","1.1","0.0","7.36","1.1","8.096","0.0","0.0","0.0","0.0","0.0","0.0","0.0","0.0","0.0","0.0","0.0","","","","","","",""
"2016.0","6.0","21.0","173.0","4716.987345","0.14","1.1","0.0","7.68","1.1","8.448","0.0","0.0","0.0","0.0","0.0","0.0","0.0","0.0","0.0","0.0","0.0","","","","","","",""
"2016.0","6.0","22.0","174.0","4716.987345","0.14","1.1","0.0","7.83","1.1","8.613","0.0","0.0","0.0","0.0","0.0","0.0","0.0","0.0","0.0","0.0","0.0","","","","","","",""
"2016.0","6.0","23.0","175.0","4716.987345","0.14","1.1","0.0","7.67","1.1","8.437","0.0","0.0","0.0","0.0","0.0","0.0","0.0","0.0","0.0","0.0","0.0","","","","","","",""
"2016.0","6.0","24.0","176.0","4716.987345","0.13","1.1","0.0","7.0","1.1","7.7","0.0","0.0","0.0","0.0","0.0","0.0","0.0","0.0","0.0","0.0","0.0","","","","","","",""
"2016.0","6.0","25.0","177.0","4716.987345","0.13","1.1","0.0","7.78","1.1","8.558","0.0","0.0","0.0","0.0","0.0","0.0","0.0","0.0","0.0","0.0","0.0","","","","","","",""
"2016.0","6.0","26.0","178.0","4716.987345","0.13","1.1","0.0","7.64","1.1","8.404","0.0","0.0","0.0","0.0","0.0","0.0","0.0","0.0","0.0","0.0","0.0","","","","","","",""
"2016.0","6.0","27.0","179.0","4716.987345","0.13","1.1","0.0","8.06","1.1","8.866","0.0","0.0","0.0","0.0","0.0","0.0","0.0","0.0","0.0","0.0","0.0","","","","","","",""
"2016.0","6.0","28.0","180.0","4716.987345","0.13","1.1","0.0","8.1","1.1","8.91","0.0","0.0","0.0","0.0","0.0","0.0","0.0","0.0","0.0","0.0","0.0","","","","","","",""
"2016.0","6.0","29.0","181.0","4716.987345","0.13","1.1","0.0","7.52","1.1","8.272","0.0","0.0","0.0","0.0","0.0","0.0","0.0","0.0","0.0","0.0","0.0","","","","","","",""
"2016.0","6.0","30.0","182.0","4716.987345","0.13","1.1","0.0","7.46","1.1","8.206","0.0","0.0","0.0","0.0","0.0","0.0","0.0","0.0","0.0","0.0","0.0","","","","","","",""
"2016.0","7.0","1.0","183.0","4716.987345","0.13","1.1","0.0","7.37","1.1","8.107","0.0","0.0","0.0","0.0","0.0","0.0","0.0","0.0","0.0","0.0","0.0","","","","","","",""
"2016.0","7.0","2.0","184.0","4716.987345","0.12","1.1","0.0","7.33","1.1","8.063","0.0","0.0","0.0","0.0","0.0","0.0","0.0","0.0","0.0","0.0","0.0","","","","","","",""
"2016.0","7.0","3.0","185.0","4716.987345","0.12","1.1","0.0","7.61","1.1","8.371","0.0","0.0","0.0","0.0","0.0","0.0","0.0","0.0","0.0","0.0","0.0","","","","","","",""
"2016.0","7.0","4.0","186.0","4716.987345","0.12","1.1","0.0","7.15","1.1","7.865","0.0","0.0","0.0","0.0","0.0","0.0","0.0","0.0","0.0","0.0","0.0","","","","","","",""
"2016.0","7.0","5.0","187.0","4716.987345","0.12","1.1","0.0","6.39","1.1","7.029","0.0","0.0","0.0","0.0","0.0","0.0","0.0","0.0","0.0","0.0","0.0","","","","","","",""
"2016.0","7.0","6.0","188.0","4716.987345","0.12","1.1","0.0","6.42","1.1","7.062","0.0","0.0","0.0","0.0","0.0","0.0","0.0","0.0","0.0","0.0","0.0","","","","","","",""
"2016.0","7.0","7.0","189.0","4716.987345","0.12","1.1","0.0","6.46","1.1","7.106","0.0","0.0","0.0","0.0","0.0","0.0","0.0","0.0","0.0","0.0","0.0","","","","","","",""
"2016.0","7.0","8.0","190.0","4716.987345","0.12","1.1","0.0","7.14","1.1","7.854","0.0","0.0","0.0","0.0","0.0","0.0","0.0","0.0","0.0","0.0","0.0","","","","","","",""
"2016.0","7.0","9.0","191.0","4716.987345","0.12","1.1","0.0","6.6","1.1","7.26","0.0","0.0","0.0","0.0","0.0","0.0","0.0","0.0","0.0","0.0","0.0","","","","","","",""
"2016.0","7.0","10.0","192.0","4716.987345","0.12","1.1","0.0","6.38","1.1","7.018","0.0","0.0","0.0","0.0","0.0","0.0","0.0","0.0","0.0","0.0","0.0","","","","","","",""
"2016.0","7.0","11.0","193.0","4716.987345","0.12","1.1","0.0","7.2","1.1","7.92","0.0","0.0","0.0","0.0","0.0","0.0","0.0","0.0","0.0","0.0","0.0","","","","","","",""
"2016.0","7.0","12.0","194.0","4716.987345","0.12","1.1","0.0","6.95","1.1","7.645","0.0","0.0","0.0","0.0","0.0","0.0","0.0","0.0","0.0","0.0","0.0","","","","","","",""
"2016.0","7.0","13.0","195.0","4716.987345","0.11","1.1","0.0","7.32","1.1","8.052","0.0","0.0","0.0","0.0","0.0","0.0","0.0","0.0","0.0","0.0","0.0","","","","","","",""
"2016.0","7.0","14.0","196.0","4716.987345","0.11","1.1","0.0","7.51","1.1","8.261","0.0","0.0","0.0","0.0","0.0","0.0","0.0","0.0","0.0","0.0","0.0","","","","","","",""
"2016.0","7.0","15.0","197.0","4716.987345","0.11","1.1","0.0","7.52","1.1","8.272","0.0","0.0","0.0","0.0","0.0","0.0","0.0","0.0","0.0","0.0","0.0","","","","","","",""
"2016.0","7.0","16.0","198.0","4716.987345","0.11","1.1","0.0","7.13","1.1","7.843","0.0","0.0","0.0","0.0","0.0","0.0","0.0","0.0","0.0","0.0","0.0","","","","","","",""
"2016.0","7.0","17.0","199.0","4716.987345","0.11","1.1","0.0","6.87","1.1","7.557","0.0","0.0","0.0","0.0","0.0","0.0","0.0","0.0","0.0","0.0","0.0","","","","","","",""
"2016.0","7.0","18.0","200.0","4716.987345","0.11","1.1","0.0","6.47","1.1","7.117","0.0","0.0","0.0","0.0","0.0","0.0","0.0","0.0","0.0","0.0","0.0","","","","","","",""
"2016.0","7.0","19.0","201.0","4716.987345","0.11","1.1","0.0","6.63","1.1","7.293","0.0","0.0","0.0","0.0","0.0","0.0","0.0","0.0","0.0","0.0","0.0","","","","","","",""
"2016.0","7.0","20.0","202.0","4716.987345","0.11","1.1","0.0","6.93","1.1","7.623","0.0","0.0","0.0","0.0","0.0","0.0","0.0","0.0","0.0","0.0","0.0","","","","","","",""
"2016.0","7.0","21.0","203.0","4716.987345","0.11","1.1","0.0","7.4","1.1","8.14","0.0","0.0","0.0","0.0","0.0","0.0","0.0","0.0","0.0","0.0","0.0","","","","","","",""
"2016.0","7.0","22.0","204.0","4716.987345","0.11","1.1","0.0","7.0","1.1","7.7","0.0","0.0","0.0","0.0","0.0","0.0","0.0","0.0","0.0","0.0","0.0","","","","","","",""
"2016.0","7.0","23.0","205.0","4716.987345","0.11","1.1","0.0","7.64","1.1","8.404","0.0","0.0","0.0","0.0","0.0","0.0","0.0","0.0","0.0","0.0","0.0","","","","","","",""
"2016.0","7.0","24.0","206.0","4716.987345","0.11","1.1","0.0","7.51","1.1","8.261","0.0","0.0","0.0","0.0","0.0","0.0","0.0","0.0","0.0","0.0","0.0","","","","","","",""
"2016.0","7.0","25.0","207.0","4716.987345","0.11","1.1","0.0","7.4","1.1","8.14","0.0","0.0","0.0","0.0","0.0","0.0","0.0","0.0","0.0","0.0","0.0","","","","","","",""
"2016.0","7.0","26.0","208.0","4716.987345","0.1","1.1","0.0","7.33","1.1","8.063","0.0","0.0","0.0","0.0","0.0","0.0","0.0","0.0","0.0","0.0","0.0","","","","","","",""
"2016.0","7.0","27.0","209.0","4716.987345","0.1","1.1","0.0","7.92","1.1","8.712","0.0","0.0","0.0","0.0","0.0","0.0","0.0","0.0","0.0","0.0","0.0","","","","","","",""
"2016.0","7.0","28.0","210.0","4716.987345","0.1","1.1","0.0","7.83","1.1","8.613","0.0","0.0","0.0","0.0","0.0","0.0","0.0","0.0","0.0","0.0","0.0","","","","","","",""
"2016.0","7.0","29.0","211.0","4716.987345","0.1","1.1","0.0","7.74","1.1","8.514","0.0","0.0","0.0","0.0","0.0","0.0","0.0","0.0","0.0","0.0","0.0","","","","","","",""
"2016.0","7.0","30.0","212.0","4716.987345","0.1","1.1","0.0","8.21","1.1","9.031","0.0","0.0","0.0","0.0","0.0","0.0","0.0","0.0","0.0","0.0","0.0","","","","","","",""
"2016.0","7.0","31.0","213.0","4716.987345","0.1","1.1","0.0","7.36","1.1","8.096","0.0","0.0","0.0","0.0","0.0","0.0","0.0","0.0","0.0","0.0","0.0","","","","","","",""
"2016.0","8.0","1.0","214.0","4716.987345","0.1","1.1","0.0","6.94","1.1","7.634","0.0","0.0","0.0","0.0","0.0","0.0","0.0","0.0","0.0","0.0","0.0","","","","","","",""
"2016.0","8.0","2.0","215.0","4716.987345","0.1","1.1","0.0","6.64","1.1","7.304","0.0","0.0","0.0","0.0","0.0","0.0","0.0","0.0","0.0","0.0","0.0","","","","","","",""
"2016.0","8.0","3.0","216.0","4716.987345","0.1","1.1","0.0","7.24","1.1","7.964","0.0","0.0","0.0","0.0","0.0","0.0","0.0","0.0","0.0","0.0","0.0","","","","","","",""
"2016.0","8.0","4.0","217.0","4716.987345","0.1","1.1","0.0","6.34","1.1","6.974","0.0","0.0","0.0","0.0","0.0","0.0","0.0","0.0","0.0","0.0","0.0","","","","","","",""
"2016.0","8.0","5.0","218.0","4716.987345","0.1","1.1","0.0","5.77","1.1","6.347","0.0","0.0","0.0","0.0","0.0","0.0","0.0","0.0","0.0","0.0","0.0","","","","","","",""
"2016.0","8.0","6.0","219.0","4716.987345","0.1","1.1","0.0","6.15","1.1","6.765","0.0","0.0","0.0","0.0","0.0","0.0","0.0","0.0","0.0","0.0","0.0","","","","","","",""
"2016.0","8.0","7.0","220.0","4716.987345","0.1","1.1","0.0","6.08","1.1","6.688","0.0","0.0","0.0","0.0","0.0","0.0","0.0","0.0","0.0","0.0","0.0","","","","","","",""
"2016.0","8.0","8.0","221.0","4716.987345","0.1","1.1","0.0","6.56","1.1","7.216","0.0","0.0","0.0","0.0","0.0","0.0","0.0","0.0","0.0","0.0","0.0","","","","","","",""
"2016.0","8.0","9.0","222.0","4716.987345","0.1","1.1","0.0","6.26","1.1","6.886","0.0","0.0","0.0","0.0","0.0","0.0","0.0","0.0","0.0","0.0","0.0","","","","","","",""
"2016.0","8.0","10.0","223.0","4716.987345","0.1","1.1","0.0","6.4","1.1","7.04","0.0","0.0","0.0","0.0","0.0","0.0","0.0","0.0","0.0","0.0","0.0","","","","","","",""
"2016.0","8.0","11.0","224.0","4716.987345","0.1","1.1","0.0","6.56","1.1","7.216","0.0","0.0","0.0","0.0","0.0","0.0","0.0","0.0","0.0","0.0","0.0","","","","","","",""
"2016.0","8.0","12.0","225.0","4716.987345","0.1","1.1","0.0","6.77","1.1","7.447","0.0","0.0","0.0","0.0","0.0","0.0","0.0","0.0","0.0","0.0","0.0","","","","","","",""
"2016.0","8.0","13.0","226.0","4716.987345","0.09","1.1","0.0","7.07","1.1","7.777","0.0","0.0","0.0","0.0","0.0","0.0","0.0","0.0","0.0","0.0","0.0","","","","","","",""
"2016.0","8.0","14.0","227.0","4716.987345","0.09","1.1","0.0","7.32","1.1","8.052","0.0","0.0","0.0","0.0","0.0","0.0","0.0","0.0","0.0","0.0","0.0","","","","","","",""
"2016.0","8.0","15.0","228.0","4716.987345","0.09","1.1","0.0","6.72","1.1","7.392","0.0","0.0","0.0","0.0","0.0","0.0","0.0","0.0","0.0","0.0","0.0","","","","","","",""
"2016.0","8.0","16.0","229.0","4716.987345","0.09","1.1","0.0","6.78","1.1","7.458","0.0","0.0","0.0","0.0","0.0","0.0","0.0","0.0","0.0","0.0","0.0","","","","","","",""
"2016.0","8.0","17.0","230.0","4716.987345","0.09","1.1","0.0","6.66","1.1","7.326","0.0","0.0","0.0","0.0","0.0","0.0","0.0","0.0","0.0","0.0","0.0","","","","","","",""
"2016.0","8.0","18.0","231.0","4716.987345","0.09","1.1","0.0","6.59","1.1","7.249","0.0","0.0","0.0","0.0","0.0","0.0","0.0","0.0","0.0","0.0","0.0","","","","","","",""
"2016.0","8.0","19.0","232.0","4716.987345","0.09","1.1","0.0","6.54","1.1","7.194","0.0","0.0","0.0","0.0","0.0","0.0","0.0","0.0","0.0","0.0","0.0","","","","","","",""
"2016.0","8.0","20.0","233.0","4716.987345","0.09","1.1","0.0","6.45","1.1","7.095","0.0","0.0","0.0","0.0","0.0","0.0","0.0","0.0","0.0","0.0","0.0","","","","","","",""
"2016.0","8.0","21.0","234.0","4716.987345","0.09","1.1","0.0","6.46","1.1","7.106","0.0","0.0","0.0","0.0","0.0","0.0","0.0","0.0","0.0","0.0","0.0","","","","","","",""
"2016.0","8.0","22.0","235.0","4716.987345","0.09","1.1","0.0","6.25","1.1","6.875","0.0","0.0","0.0","0.0","0.0","0.0","0.0","0.0","0.0","0.0","0.0","","","","","","",""
"2016.0","8.0","23.0","236.0","4716.987345","0.09","1.1","0.0","6.06","1.1","6.666","0.0","0.0","0.0","0.0","0.0","0.0","0.0","0.0","0.0","0.0","0.0","","","","","","",""
"2016.0","8.0","24.0","237.0","4716.987345","0.09","1.1","0.0","6.01","1.1","6.611","0.0","0.0","0.0","0.0","0.0","0.0","0.0","0.0","0.0","0.0","0.0","","","","","","",""
"2016.0","8.0","25.0","238.0","4716.987345","0.09","1.1","0.0","5.95","1.1","6.545","0.0","0.0","0.0","0.0","0.0","0.0","0.0","0.0","0.0","0.0","0.0","","","","","","",""
"2016.0","8.0","26.0","239.0","4716.987345","0.09","1.1","0.0","5.58","1.1","6.138","0.0","0.0","0.0","0.0","0.0","0.0","0.0","0.0","0.0","0.0","0.0","","","","","","",""
"2016.0","8.0","27.0","240.0","4716.987345","0.09","1.1","0.0","5.4","1.1","5.94","0.0","0.0","0.0","0.0","0.0","0.0","0.0","0.0","0.0","0.0","0.0","","","","","","",""
"2016.0","8.0","28.0","241.0","4716.987345","0.09","1.1","0.0","5.72","1.1","6.292","0.0","0.0","0.0","0.0","0.0","0.0","0.0","0.0","0.0","0.0","0.0","","","","","","",""
"2016.0","8.0","29.0","242.0","4716.987345","0.09","1.1","0.0","5.8","1.1","6.38","0.0","0.0","0.0","0.0","0.0","0.0","0.0","0.0","0.0","0.0","0.0","","","","","","",""
"2016.0","8.0","30.0","243.0","4716.987345","0.09","1.1","0.0","6.21","1.1","6.831","0.0","0.0","0.0","0.0","0.0","0.0","0.0","0.0","0.0","0.0","0.0","","","","","","",""
"2016.0","8.0","31.0","244.0","4716.987345","0.09","1.1","0.0","6.02","1.1","6.622","0.0","0.0","0.0","0.0","0.0","0.0","0.0","0.0","0.0","0.0","0.0","","","","","","",""
"2016.0","9.0","1.0","245.0","4716.987345","0.09","1.1","0.0","5.19","1.1","5.709","0.0","0.0","0.0","0.0","0.0","0.0","0.0","0.0","0.0","0.0","0.0","","","","","","",""
"2016.0","9.0","2.0","246.0","4716.987345","0.09","1.1","0.0","5.31","1.1","5.841","0.0","0.0","0.0","0.0","0.0","0.0","0.0","0.0","0.0","0.0","0.0","","","","","","",""
"2016.0","9.0","3.0","247.0","4716.987345","0.09","1.1","0.0","5.36","1.1","5.896","0.0","0.0","0.0","0.0","0.0","0.0","0.0","0.0","0.0","0.0","0.0","","","","","","",""
"2016.0","9.0","4.0","248.0","4716.987345","0.09","1.1","0.0","4.61","1.1","5.071","0.0","0.0","0.0","0.0","0.0","0.0","0.0","0.0","0.0","0.0","0.0","","","","","","",""
"2016.0","9.0","5.0","249.0","4716.987345","0.09","1.1","0.0","5.36","1.1","5.896","0.0","0.0","0.0","0.0","0.0","0.0","0.0","0.0","0.0","0.0","0.0","","","","","","",""
"2016.0","9.0","6.0","250.0","4716.987345","0.09","1.1","0.0","5.11","1.1","5.621","0.0","0.0","0.0","0.0","0.0","0.0","0.0","0.0","0.0","0.0","0.0","","","","","","",""
"2016.0","9.0","7.0","251.0","4716.987345","0.09","1.1","0.0","5.77","1.1","6.347","0.0","0.0","0.0","0.0","0.0","0.0","0.0","0.0","0.0","0.0","0.0","","","","","","",""
"2016.0","9.0","8.0","252.0","4716.987345","0.09","1.1","0.0","5.97","1.1","6.567","0.0","0.0","0.0","0.0","0.0","0.0","0.0","0.0","0.0","0.0","0.0","","","","","","",""
"2016.0","9.0","9.0","253.0","4716.987345","0.09","1.1","0.0","5.42","1.1","5.962","0.0","0.0","0.0","0.0","0.0","0.0","0.0","0.0","0.0","0.0","0.0","","","","","","",""
"2016.0","9.0","10.0","254.0","4716.987345","0.09","1.1","0.0","5.51","1.1","6.061","0.0","0.0","0.0","0.0","0.0","0.0","0.0","0.0","0.0","0.0","0.0","","","","","","",""
"2016.0","9.0","11.0","255.0","4716.987345","0.09","1.1","0.0","5.03","1.1","5.533","0.0","0.0","0.0","0.0","0.0","0.0","0.0","0.0","0.0","0.0","0.0","","","","","","",""
"2016.0","9.0","12.0","256.0","4716.987345","0.09","1.1","0.0","4.44","1.1","4.884","0.0","0.0","0.0","0.0","0.0","0.0","0.0","0.0","0.0","0.0","0.0","","","","","","",""
"2016.0","9.0","13.0","257.0","4716.987345","0.09","1.1","0.0","3.89","1.1","4.279","0.0","0.0","0.0","0.0","0.0","0.0","0.0","0.0","0.0","0.0","0.0","","","","","","",""
"2016.0","9.0","14.0","258.0","4716.987345","0.08","1.1","0.0","4.24","1.1","4.664","0.0","0.0","0.0","0.0","0.0","0.0","0.0","0.0","0.0","0.0","0.0","","","","","","",""
"2016.0","9.0","15.0","259.0","4716.987345","0.08","1.1","0.0","4.62","1.1","5.082","0.0","0.0","0.0","0.0","0.0","0.0","0.0","0.0","0.0","0.0","0.0","","","","","","",""
"2016.0","9.0","16.0","260.0","4716.987345","0.08","1.1","0.0","4.84","1.1","5.324","0.0","0.0","0.0","0.0","0.0","0.0","0.0","0.0","0.0","0.0","0.0","","","","","","",""
"2016.0","9.0","17.0","261.0","4716.987345","0.08","1.1","0.0","4.94","1.1","5.434","0.0","0.0","0.0","0.0","0.0","0.0","0.0","0.0","0.0","0.0","0.0","","","","","","",""
"2016.0","9.0","18.0","262.0","4716.987345","0.08","1.1","0.0","4.76","1.1","5.236","0.0","0.0","0.0","0.0","0.0","0.0","0.0","0.0","0.0","0.0","0.0","","","","","","",""
"2016.0","9.0","19.0","263.0","4716.987345","0.08","1.1","0.0","5.35","1.1","5.885","0.0","0.0","0.0","0.0","0.0","0.0","0.0","0.0","0.0","0.0","0.0","","","","","","",""
"2016.0","9.0","20.0","264.0","4716.987345","0.08","1.1","0.0","6.17","1.1","6.787","0.0","0.0","0.0","0.0","0.0","0.0","0.0","0.0","0.0","0.0","0.0","","","","","","",""
"2016.0","9.0","21.0","265.0","4716.987345","0.08","1.1","0.0","5.64","1.1","6.204","0.0","0.0","0.0","0.0","0.0","0.0","0.0","0.0","0.0","0.0","0.0","","","","","","",""
"2016.0","9.0","22.0","266.0","4716.987345","0.08","1.1","0.0","4.3","1.1","4.73","0.0","0.0","0.0","0.0","0.0","0.0","0.0","0.0","0.0","0.0","0.0","","","","","","",""
"2016.0","9.0","23.0","267.0","4716.987345","0.08","1.1","0.0","4.57","1.1","5.027","0.0","0.0","0.0","0.0","0.0","0.0","0.0","0.0","0.0","0.0","0.0","","","","","","",""
"2016.0","9.0","24.0","268.0","4716.987345","0.08","1.1","0.0","4.82","1.1","5.302","0.0","0.0","0.0","0.0","0.0","0.0","0.0","0.0","0.0","0.0","0.0","","","","","","",""
"2016.0","9.0","25.0","269.0","4716.987345","0.08","1.1","0.0","4.47","1.1","4.917","0.0","0.0","0.0","0.0","0.0","0.0","0.0","0.0","0.0","0.0","0.0","","","","","","",""
"2016.0","9.0","26.0","270.0","4716.987345","0.08","1.1","0.0","4.57","1.1","5.027","0.0","0.0","0.0","0.0","0.0","0.0","0.0","0.0","0.0","0.0","0.0","","","","","","",""
"2016.0","9.0","27.0","271.0","4716.987345","0.08","1.1","0.0","4.73","1.1","5.203","0.0","0.0","0.0","0.0","0.0","0.0","0.0","0.0","0.0","0.0","0.0","","","","","","",""
"2016.0","9.0","28.0","272.0","4716.987345","0.08","1.1","0.0","4.93","1.1","5.423","0.0","0.0","0.0","0.0","0.0","0.0","0.0","0.0","0.0","0.0","0.0","","","","","","",""
"2016.0","9.0","29.0","273.0","4716.987345","0.08","1.1","0.0","4.89","1.1","5.379","0.0","0.0","0.0","0.0","0.0","0.0","0.0","0.0","0.0","0.0","0.0","","","","","","",""
"2016.0","9.0","30.0","274.0","4716.987345","0.08","1.1","0.0","3.74","1.1","4.114","0.32","","","","","","","","","","","","","","","","",""
