" Daily soil water balance output for Alfalfa in 185_Contra Costa DAU_Co within 06_San Joaquin River for WY 2015","","","","","","","","","","","","","","","","","","","","","","","Annual and in-season monthly output for Alfalfa in 185_Contra Costa DAU_Co within 06_San Joaquin River for WY 2015","","","","",""
"Year","Mon","Day","DOY"," Area","OKc","IKc","CCKc","ETo","Kc","ETc","Pcp","Er","Spg","Espg","SWD","SWDx","FC","PWP","SWC"," YT ","NA","","Year","Mon"," Area","ETo","ETc","ETc"
" #  "," # "," # ","  #","Acres","   ","   ","    "," mm","mm"," mm"," mm","mm"," mm"," mm "," mm"," mm ","mm"," mm"," mm"," mm"," mm","","#  "," # "," Acres"," mm"," mm","acre-ft"
"2014.0","10.0","1.0","274.0","5168.0","0.08","0.9","0.0","5.56","0.9","5.0","0.0","0.0","0.0","0.0","101.61","122.64","569.98","284.99","468.37","447.33","0.0","","2014.0","10.0","5168.0","100.46","90.42","1533.10551181"
"2014.0","10.0","2.0","275.0","5168.0","0.08","0.9","0.0","4.08","0.9","3.67","0.0","0.0","0.0","0.0","105.28","122.64","569.98","284.99","464.7","447.33","0.0","","2014.0","11.0","5168.0","43.94","44.22","749.766929134"
"2014.0","10.0","3.0","276.0","5168.0","0.08","0.9","0.0","4.13","0.9","3.72","0.0","0.0","0.0","0.0","109.0","122.64","569.98","284.99","460.98","447.33","0.0","","2014.0","12.0","5168.0","32.25","35.84","607.680839895"
"2014.0","10.0","4.0","277.0","5168.0","0.08","0.9","0.0","4.12","0.9","3.71","0.0","0.0","0.0","0.0","112.71","122.64","569.98","284.99","457.27","447.33","0.0","","2015.0","1.0","5168.0","31.89","28.7","486.619422572"
"2014.0","10.0","5.0","278.0","5168.0","0.08","0.9","0.0","3.97","0.9","3.57","0.0","0.0","0.0","0.0","116.28","122.64","569.98","284.99","453.7","447.33","0.0","","2015.0","2.0","5168.0","56.06","53.29","903.552230971"
"2014.0","10.0","6.0","279.0","5168.0","0.08","0.9","0.0","3.97","0.9","3.57","0.0","0.0","0.0","0.0","119.85","122.64","569.98","284.99","450.13","447.33","0.0","","2015.0","3.0","5168.0","102.94","93.96","1593.12755906"
"2014.0","10.0","7.0","280.0","5168.0","0.08","0.9","0.0","4.08","0.9","3.67","0.0","0.0","0.0","0.0","0.0","122.64","569.98","284.99","569.98","447.33","123.52","","2015.0","4.0","5168.0","136.61","125.93","2135.19107612"
"2014.0","10.0","8.0","281.0","5168.0","0.08","0.9","0.0","4.81","0.9","4.33","0.0","0.0","0.0","0.0","4.33","122.64","569.98","284.99","565.65","447.33","0.0","","2015.0","5.0","5168.0","150.49","135.47","2296.94540682"
"2014.0","10.0","9.0","282.0","5168.0","0.08","0.9","0.0","4.12","0.9","3.71","0.0","0.0","0.0","0.0","8.04","122.64","569.98","284.99","561.94","447.33","0.0","","2015.0","6.0","5168.0","196.51","176.89","2999.23727034"
"2014.0","10.0","10.0","283.0","5168.0","0.08","0.9","0.0","3.54","0.9","3.19","0.0","0.0","0.0","0.0","11.22","122.64","569.98","284.99","558.75","447.33","0.0","","2015.0","7.0","5168.0","204.06","183.68","3114.36430446"
"2014.0","10.0","11.0","284.0","5168.0","0.08","0.9","0.0","3.45","0.9","3.11","0.0","0.0","0.0","0.0","14.33","122.64","569.98","284.99","555.65","447.33","0.0","","2015.0","8.0","5168.0","187.5","168.78","2861.72913386"
"2014.0","10.0","12.0","285.0","5168.0","0.08","0.9","0.0","6.01","0.9","5.41","0.0","0.0","0.0","0.0","19.74","122.64","569.98","284.99","550.24","447.33","0.0","","2015.0","9.0","5168.0","144.17","129.8","2200.80839895"
"2014.0","10.0","13.0","286.0","5168.0","0.08","0.9","0.0","3.98","0.9","3.58","0.0","0.0","0.0","0.0","23.32","122.64","569.98","284.99","546.66","447.33","0.0","","","","","","",""
"2014.0","10.0","14.0","287.0","5168.0","0.08","0.9","0.0","3.08","0.9","2.77","0.0","0.0","0.0","0.0","26.09","122.64","569.98","284.99","543.89","447.33","0.0","","","","","","",""
"2014.0","10.0","15.0","288.0","5168.0","0.08","0.9","0.0","2.4","0.9","2.16","0.0","0.0","0.0","0.0","28.25","122.64","569.98","284.99","541.73","447.33","0.0","","","","","","",""
"2014.0","10.0","16.0","289.0","5168.0","0.08","0.9","0.0","2.69","0.9","2.42","0.0","0.0","0.0","0.0","30.67","122.64","569.98","284.99","539.3","447.33","0.0","","","","","","",""
"2014.0","10.0","17.0","290.0","5168.0","0.08","0.9","0.0","2.49","0.9","2.24","0.0","0.0","0.0","0.0","32.91","122.64","569.98","284.99","537.06","447.33","0.0","","","","","","",""
"2014.0","10.0","18.0","291.0","5168.0","0.08","0.9","0.0","2.85","0.9","2.57","0.0","0.0","0.0","0.0","35.48","122.64","569.98","284.99","534.5","447.33","0.0","","","","","","",""
"2014.0","10.0","19.0","292.0","5168.0","0.08","0.9","0.0","2.85","0.9","2.57","0.0","0.0","0.0","0.0","38.04","122.64","569.98","284.99","531.93","447.33","0.0","","","","","","",""
"2014.0","10.0","20.0","293.0","5168.0","0.08","0.9","0.0","2.16","0.9","1.94","0.0","0.0","0.0","0.0","39.99","122.64","569.98","284.99","529.99","447.33","0.0","","","","","","",""
"2014.0","10.0","21.0","294.0","5168.0","0.08","0.9","0.0","2.66","0.9","2.39","0.0","0.0","0.0","0.0","42.38","122.64","569.98","284.99","527.6","447.33","0.0","","","","","","",""
"2014.0","10.0","22.0","295.0","5168.0","0.08","0.9","0.0","2.54","0.9","2.29","0.0","0.0","0.0","0.0","44.67","122.64","569.98","284.99","525.31","447.33","0.0","","","","","","",""
"2014.0","10.0","23.0","296.0","5168.0","0.08","0.9","0.0","2.49","0.9","2.24","0.0","0.0","0.0","0.0","46.91","122.64","569.98","284.99","523.07","447.33","0.0","","","","","","",""
"2014.0","10.0","24.0","297.0","5168.0","0.08","0.9","0.0","2.54","0.9","2.29","0.0","0.0","0.0","0.0","49.19","122.64","569.98","284.99","520.78","447.33","0.0","","","","","","",""
"2014.0","10.0","25.0","298.0","5168.0","0.08","0.9","0.0","2.22","0.9","2.0","0.0","0.0","0.0","0.0","51.19","122.64","569.98","284.99","518.78","447.33","0.0","","","","","","",""
"2014.0","10.0","26.0","299.0","5168.0","0.08","0.9","0.0","2.66","0.9","2.39","0.87","0.87","0.0","0.0","52.72","122.64","569.98","284.99","517.26","447.33","0.0","","","","","","",""
"2014.0","10.0","27.0","300.0","5168.0","0.08","0.9","0.0","2.48","0.9","2.23","0.0","0.0","0.0","0.0","54.95","122.64","569.98","284.99","515.03","447.33","0.0","","","","","","",""
"2014.0","10.0","28.0","301.0","5168.0","0.08","0.9","0.0","2.36","0.9","2.12","0.0","0.0","0.0","0.0","57.07","122.64","569.98","284.99","512.9","447.33","0.0","","","","","","",""
"2014.0","10.0","29.0","302.0","5168.0","0.08","0.9","0.0","2.44","0.9","2.2","0.0","0.0","0.0","0.0","59.27","122.64","569.98","284.99","510.71","447.33","0.0","","","","","","",""
"2014.0","10.0","30.0","303.0","5168.0","0.08","0.9","0.0","2.44","0.9","2.2","0.0","0.0","0.0","0.0","61.46","122.64","569.98","284.99","508.51","447.33","0.0","","","","","","",""
"2014.0","10.0","31.0","304.0","5168.0","0.08","0.9","0.0","1.29","0.9","1.16","0.07","0.07","0.0","0.0","62.56","122.64","569.98","284.99","507.42","447.33","0.0","","","","","","",""
"2014.0","11.0","1.0","305.0","5168.0","0.08","0.9","0.0","1.83","0.9","1.65","5.22","5.22","0.0","0.0","58.98","122.64","569.98","284.99","510.99","447.33","0.0","","","","","","",""
"2014.0","11.0","2.0","306.0","5168.0","0.08","0.9","0.0","2.18","0.9","1.96","0.0","0.0","0.0","0.0","60.94","122.64","569.98","284.99","509.03","447.33","0.0","","","","","","",""
"2014.0","11.0","3.0","307.0","5168.0","0.08","0.9","0.0","1.8","0.9","1.62","0.0","0.0","0.0","0.0","62.56","122.64","569.98","284.99","507.41","447.33","0.0","","","","","","",""
"2014.0","11.0","4.0","308.0","5168.0","0.08","0.9","0.0","1.75","0.9","1.58","0.0","0.0","0.0","0.0","64.14","122.64","569.98","284.99","505.84","447.33","0.0","","","","","","",""
"2014.0","11.0","5.0","309.0","5168.0","0.08","0.9","0.0","1.9","0.9","1.71","0.0","0.0","0.0","0.0","65.85","122.64","569.98","284.99","504.13","447.33","0.0","","","","","","",""
"2014.0","11.0","6.0","310.0","5168.0","0.08","0.9","0.0","1.91","0.9","1.72","0.0","0.0","0.0","0.0","67.57","122.64","569.98","284.99","502.41","447.33","0.0","","","","","","",""
"2014.0","11.0","7.0","311.0","5168.0","0.08","0.9","0.0","1.94","0.9","1.75","0.0","0.0","0.0","0.0","69.31","122.64","569.98","284.99","500.66","447.33","0.0","","","","","","",""
"2014.0","11.0","8.0","312.0","5168.0","0.08","0.9","0.0","1.87","0.9","1.68","0.0","0.0","0.0","0.0","71.0","122.64","569.98","284.99","498.98","447.33","0.0","","","","","","",""
"2014.0","11.0","9.0","313.0","5168.0","0.08","0.9","0.0","1.83","0.9","1.65","0.0","0.0","0.0","0.0","72.64","122.64","569.98","284.99","497.33","447.33","0.0","","","","","","",""
"2014.0","11.0","10.0","314.0","5168.0","0.08","0.9","0.0","1.84","0.9","1.66","0.0","0.0","0.0","0.0","74.3","122.64","569.98","284.99","495.68","447.33","0.0","","","","","","",""
"2014.0","11.0","11.0","315.0","5168.0","0.08","0.9","0.0","1.55","0.9","1.4","0.0","0.0","0.0","0.0","75.7","122.64","569.98","284.99","494.28","447.33","0.0","","","","","","",""
"2014.0","11.0","12.0","316.0","5168.0","0.08","0.9","0.0","1.54","0.9","1.39","0.0","0.0","0.0","0.0","77.08","122.64","569.98","284.99","492.9","447.33","0.0","","","","","","",""
"2014.0","11.0","13.0","317.0","5168.0","1.18","0.9","0.0","1.07","1.18","1.26","5.34","5.34","0.0","0.0","73.0","122.64","569.98","284.99","496.98","447.33","0.0","","","","","","",""
"2014.0","11.0","14.0","318.0","5168.0","1.17","0.9","0.0","1.4","1.17","1.64","0.95","0.95","0.0","0.0","73.69","122.64","569.98","284.99","496.29","447.33","0.0","","","","","","",""
"2014.0","11.0","15.0","319.0","5168.0","1.17","0.9","0.0","1.34","1.17","1.57","0.0","0.0","0.0","0.0","75.26","122.64","569.98","284.99","494.72","447.33","0.0","","","","","","",""
"2014.0","11.0","16.0","320.0","5168.0","1.16","0.9","0.0","1.94","1.16","2.26","0.07","0.07","0.0","0.0","77.44","122.64","569.98","284.99","492.53","447.33","0.0","","","","","","",""
"2014.0","11.0","17.0","321.0","5168.0","1.02","0.9","0.0","1.79","1.02","1.83","0.0","0.0","0.0","0.0","79.27","122.64","569.98","284.99","490.71","447.33","0.0","","","","","","",""
"2014.0","11.0","18.0","322.0","5168.0","0.94","0.9","0.0","1.33","0.94","1.25","0.0","0.0","0.0","0.0","80.52","122.64","569.98","284.99","489.46","447.33","0.0","","","","","","",""
"2014.0","11.0","19.0","323.0","5168.0","0.89","0.9","0.0","1.09","0.9","0.98","0.59","0.59","0.0","0.0","80.91","122.64","569.98","284.99","489.07","447.33","0.0","","","","","","",""
"2014.0","11.0","20.0","324.0","5168.0","1.19","0.9","0.0","0.63","1.19","0.75","2.88","2.88","0.0","0.0","78.78","122.64","569.98","284.99","491.19","447.33","0.0","","","","","","",""
"2014.0","11.0","21.0","325.0","5168.0","1.18","0.9","0.0","0.9","1.18","1.07","4.27","4.27","0.0","0.0","75.58","122.64","569.98","284.99","494.4","447.33","0.0","","","","","","",""
"2014.0","11.0","22.0","326.0","5168.0","1.18","0.9","0.0","1.25","1.18","1.47","0.9","0.9","0.0","0.0","76.15","122.64","569.98","284.99","493.83","447.33","0.0","","","","","","",""
"2014.0","11.0","23.0","327.0","5168.0","1.16","0.9","0.0","1.56","1.16","1.81","3.21","3.21","0.0","0.0","74.74","122.64","569.98","284.99","495.23","447.33","0.0","","","","","","",""
"2014.0","11.0","24.0","328.0","5168.0","1.16","0.9","0.0","1.39","1.16","1.61","0.0","0.0","0.0","0.0","76.36","122.64","569.98","284.99","493.62","447.33","0.0","","","","","","",""
"2014.0","11.0","25.0","329.0","5168.0","1.16","0.9","0.0","1.25","1.16","1.46","0.0","0.0","0.0","0.0","77.81","122.64","569.98","284.99","492.16","447.33","0.0","","","","","","",""
"2014.0","11.0","26.0","330.0","5168.0","1.17","0.9","0.0","1.26","1.17","1.47","0.0","0.0","0.0","0.0","79.28","122.64","569.98","284.99","490.69","447.33","0.0","","","","","","",""
"2014.0","11.0","27.0","331.0","5168.0","1.09","0.9","0.0","1.19","1.09","1.3","0.0","0.0","0.0","0.0","80.58","122.64","569.98","284.99","489.4","447.33","0.0","","","","","","",""
"2014.0","11.0","28.0","332.0","5168.0","1.01","0.9","0.0","1.14","1.01","1.15","0.0","0.0","0.0","0.0","81.72","122.64","569.98","284.99","488.25","447.33","0.0","","","","","","",""
"2014.0","11.0","29.0","333.0","5168.0","0.96","0.9","0.0","0.81","0.96","0.78","0.48","0.48","0.0","0.0","82.02","122.64","569.98","284.99","487.95","447.33","0.0","","","","","","",""
"2014.0","11.0","30.0","334.0","5168.0","1.19","0.9","0.0","0.66","1.19","0.79","3.64","3.64","0.0","0.0","79.17","122.64","569.98","284.99","490.81","447.33","0.0","","","","","","",""
"2014.0","12.0","1.0","335.0","5168.0","1.18","0.9","0.0","0.96","1.18","1.13","10.55","10.55","0.0","0.0","69.75","122.64","569.98","284.99","500.22","447.33","0.0","","","","","","",""
"2014.0","12.0","2.0","336.0","5168.0","1.19","0.9","0.0","0.64","1.19","0.76","10.14","10.14","0.0","0.0","60.38","122.64","569.98","284.99","509.6","447.33","0.0","","","","","","",""
"2014.0","12.0","3.0","337.0","5168.0","1.17","0.9","0.0","1.15","1.17","1.35","32.71","32.71","0.0","0.0","29.02","122.64","569.98","284.99","540.96","447.33","0.0","","","","","","",""
"2014.0","12.0","4.0","338.0","5168.0","1.18","0.9","0.0","1.1","1.18","1.29","6.73","6.73","0.0","0.0","23.58","122.64","569.98","284.99","546.39","447.33","0.0","","","","","","",""
"2014.0","12.0","5.0","339.0","5168.0","1.18","0.9","0.0","0.9","1.18","1.06","0.56","0.56","0.0","0.0","24.08","122.64","569.98","284.99","545.89","447.33","0.0","","","","","","",""
"2014.0","12.0","6.0","340.0","5168.0","1.18","0.9","0.0","1.08","1.18","1.27","3.46","3.46","0.0","0.0","21.9","122.64","569.98","284.99","548.08","447.33","0.0","","","","","","",""
"2014.0","12.0","7.0","341.0","5168.0","1.18","0.9","0.0","0.73","1.18","0.86","0.14","0.14","0.0","0.0","22.62","122.64","569.98","284.99","547.36","447.33","0.0","","","","","","",""
"2014.0","12.0","8.0","342.0","5168.0","1.18","0.9","0.0","0.84","1.18","1.0","0.0","0.0","0.0","0.0","23.61","122.64","569.98","284.99","546.36","447.33","0.0","","","","","","",""
"2014.0","12.0","9.0","343.0","5168.0","1.19","0.9","0.0","0.67","1.19","0.8","0.0","0.0","0.0","0.0","24.41","122.64","569.98","284.99","545.57","447.33","0.0","","","","","","",""
"2014.0","12.0","10.0","344.0","5168.0","1.19","0.9","0.0","0.91","1.19","1.08","0.0","0.0","0.0","0.0","25.49","122.64","569.98","284.99","544.49","447.33","0.0","","","","","","",""
"2014.0","12.0","11.0","345.0","5168.0","1.18","0.9","0.0","1.28","1.18","1.51","0.0","0.0","0.0","0.0","27.0","122.64","569.98","284.99","542.97","447.33","0.0","","","","","","",""
"2014.0","12.0","12.0","346.0","5168.0","1.2","0.9","0.0","0.62","1.2","0.74","67.69","27.74","0.0","0.0","0.0","122.64","569.98","284.99","569.98","447.33","0.0","","","","","","",""
"2014.0","12.0","13.0","347.0","5168.0","1.19","0.9","0.0","0.72","1.19","0.86","1.17","0.86","0.0","0.0","0.0","122.64","569.98","284.99","569.98","447.33","0.0","","","","","","",""
"2014.0","12.0","14.0","348.0","5168.0","1.19","0.9","0.0","0.78","1.19","0.93","0.0","0.0","0.0","0.0","0.93","122.64","569.98","284.99","569.05","447.33","0.0","","","","","","",""
"2014.0","12.0","15.0","349.0","5168.0","1.18","0.9","0.0","0.98","1.18","1.16","12.1","2.09","0.0","0.0","0.0","122.64","569.98","284.99","569.98","447.33","0.0","","","","","","",""
"2014.0","12.0","16.0","350.0","5168.0","1.17","0.9","0.0","1.22","1.17","1.43","11.08","1.43","0.0","0.0","0.0","122.64","569.98","284.99","569.98","447.33","0.0","","","","","","",""
"2014.0","12.0","17.0","351.0","5168.0","1.18","0.9","0.0","0.95","1.18","1.12","11.26","1.12","0.0","0.0","0.0","122.64","569.98","284.99","569.98","447.33","0.0","","","","","","",""
"2014.0","12.0","18.0","352.0","5168.0","1.18","0.9","0.0","0.97","1.18","1.15","3.99","1.15","0.0","0.0","0.0","122.64","569.98","284.99","569.98","447.33","0.0","","","","","","",""
"2014.0","12.0","19.0","353.0","5168.0","1.18","0.9","0.0","0.84","1.18","0.99","0.0","0.0","0.0","0.0","0.99","122.64","569.98","284.99","568.98","447.33","0.0","","","","","","",""
"2014.0","12.0","20.0","354.0","5168.0","1.19","0.9","0.0","0.68","1.19","0.81","9.13","1.81","0.0","0.0","0.0","122.64","569.98","284.99","569.98","447.33","0.0","","","","","","",""
"2014.0","12.0","21.0","355.0","5168.0","1.19","0.9","0.0","0.99","1.19","1.17","0.01","0.01","0.0","0.0","1.16","122.64","569.98","284.99","568.81","447.33","0.0","","","","","","",""
"2014.0","12.0","22.0","356.0","5168.0","1.19","0.9","0.0","0.78","1.19","0.93","0.0","0.0","0.0","0.0","2.09","122.64","569.98","284.99","567.89","447.33","0.0","","","","","","",""
"2014.0","12.0","23.0","357.0","5168.0","1.19","0.9","0.0","0.75","1.19","0.89","0.0","0.0","0.0","0.0","2.98","122.64","569.98","284.99","566.99","447.33","0.0","","","","","","",""
"2014.0","12.0","24.0","358.0","5168.0","1.19","0.9","0.0","0.96","1.19","1.14","0.0","0.0","0.0","0.0","4.12","122.64","569.98","284.99","565.85","447.33","0.0","","","","","","",""
"2014.0","12.0","25.0","359.0","5168.0","1.14","0.9","0.0","1.94","1.14","2.22","0.81","0.81","0.0","0.0","5.53","122.64","569.98","284.99","564.45","447.33","0.0","","","","","","",""
"2014.0","12.0","26.0","360.0","5168.0","1.01","0.9","0.0","1.7","1.01","1.72","0.0","0.0","0.0","0.0","7.24","122.64","569.98","284.99","562.73","447.33","0.0","","","","","","",""
"2014.0","12.0","27.0","361.0","5168.0","0.96","0.9","0.0","0.76","0.96","0.73","0.0","0.0","0.0","0.0","7.98","122.64","569.98","284.99","562.0","447.33","0.0","","","","","","",""
"2014.0","12.0","28.0","362.0","5168.0","0.93","0.9","0.0","0.75","0.93","0.69","0.0","0.0","0.0","0.0","8.67","122.64","569.98","284.99","561.3","447.33","0.0","","","","","","",""
"2014.0","12.0","29.0","363.0","5168.0","0.9","0.9","0.0","0.55","0.9","0.5","0.0","0.0","0.0","0.0","9.17","122.64","569.98","284.99","560.81","447.33","0.0","","","","","","",""
"2014.0","12.0","30.0","364.0","5168.0","0.8","0.9","0.0","2.45","0.9","2.21","0.0","0.0","0.0","0.0","11.37","122.64","569.98","284.99","558.6","447.33","0.0","","","","","","",""
"2014.0","12.0","31.0","365.0","5168.0","0.73","0.9","0.0","2.6","0.9","2.34","0.0","0.0","0.0","0.0","13.71","122.64","569.98","284.99","556.26","447.33","0.0","","","","","","",""
"2015.0","1.0","1.0","1.0","5168.0","0.71","0.9","0.0","0.96","0.9","0.86","0.0","0.0","0.0","0.0","14.58","119.72","569.98","284.99","555.4","450.26","0.0","","","","","","",""
"2015.0","1.0","2.0","2.0","5168.0","0.69","0.9","0.0","0.89","0.9","0.8","0.0","0.0","0.0","0.0","15.38","119.72","569.98","284.99","554.6","450.26","0.0","","","","","","",""
"2015.0","1.0","3.0","3.0","5168.0","0.67","0.9","0.0","0.88","0.9","0.79","0.0","0.0","0.0","0.0","16.17","119.72","569.98","284.99","553.81","450.26","0.0","","","","","","",""
"2015.0","1.0","4.0","4.0","5168.0","0.65","0.9","0.0","0.99","0.9","0.89","0.0","0.0","0.0","0.0","17.06","119.72","569.98","284.99","552.92","450.26","0.0","","","","","","",""
"2015.0","1.0","5.0","5.0","5168.0","0.64","0.9","0.0","0.96","0.9","0.86","0.0","0.0","0.0","0.0","17.92","119.72","569.98","284.99","552.05","450.26","0.0","","","","","","",""
"2015.0","1.0","6.0","6.0","5168.0","0.62","0.9","0.0","1.23","0.9","1.11","0.0","0.0","0.0","0.0","19.03","119.72","569.98","284.99","550.95","450.26","0.0","","","","","","",""
"2015.0","1.0","7.0","7.0","5168.0","0.6","0.9","0.0","1.21","0.9","1.09","0.0","0.0","0.0","0.0","20.12","119.72","569.98","284.99","549.86","450.26","0.0","","","","","","",""
"2015.0","1.0","8.0","8.0","5168.0","0.59","0.9","0.0","1.01","0.9","0.91","0.0","0.0","0.0","0.0","21.03","119.72","569.98","284.99","548.95","450.26","0.0","","","","","","",""
"2015.0","1.0","9.0","9.0","5168.0","0.58","0.9","0.0","0.89","0.9","0.8","0.0","0.0","0.0","0.0","21.83","119.72","569.98","284.99","548.15","450.26","0.0","","","","","","",""
"2015.0","1.0","10.0","10.0","5168.0","0.56","0.9","0.0","1.01","0.9","0.91","0.0","0.0","0.0","0.0","22.74","119.72","569.98","284.99","547.24","450.26","0.0","","","","","","",""
"2015.0","1.0","11.0","11.0","5168.0","0.56","0.9","0.0","0.85","0.9","0.77","0.0","0.0","0.0","0.0","23.5","119.72","569.98","284.99","546.47","450.26","0.0","","","","","","",""
"2015.0","1.0","12.0","12.0","5168.0","0.54","0.9","0.0","0.99","0.9","0.89","0.0","0.0","0.0","0.0","24.39","119.72","569.98","284.99","545.58","450.26","0.0","","","","","","",""
"2015.0","1.0","13.0","13.0","5168.0","0.53","0.9","0.0","1.06","0.9","0.95","0.0","0.0","0.0","0.0","25.35","119.72","569.98","284.99","544.63","450.26","0.0","","","","","","",""
"2015.0","1.0","14.0","14.0","5168.0","0.53","0.9","0.0","0.61","0.9","0.55","0.0","0.0","0.0","0.0","25.9","119.72","569.98","284.99","544.08","450.26","0.0","","","","","","",""
"2015.0","1.0","15.0","15.0","5168.0","0.52","0.9","0.0","0.65","0.9","0.59","0.0","0.0","0.0","0.0","26.48","119.72","569.98","284.99","543.49","450.26","0.0","","","","","","",""
"2015.0","1.0","16.0","16.0","5168.0","0.52","0.9","0.0","0.57","0.9","0.51","0.0","0.0","0.0","0.0","27.0","119.72","569.98","284.99","542.98","450.26","0.0","","","","","","",""
"2015.0","1.0","17.0","17.0","5168.0","0.51","0.9","0.0","0.51","0.9","0.46","0.0","0.0","0.0","0.0","27.45","119.72","569.98","284.99","542.52","450.26","0.0","","","","","","",""
"2015.0","1.0","18.0","18.0","5168.0","0.51","0.9","0.0","0.61","0.9","0.55","0.0","0.0","0.0","0.0","28.0","119.72","569.98","284.99","541.97","450.26","0.0","","","","","","",""
"2015.0","1.0","19.0","19.0","5168.0","0.5","0.9","0.0","0.58","0.9","0.52","0.17","0.17","0.0","0.0","28.36","119.72","569.98","284.99","541.62","450.26","0.0","","","","","","",""
"2015.0","1.0","20.0","20.0","5168.0","0.5","0.9","0.0","0.8","0.9","0.72","0.0","0.0","0.0","0.0","29.08","119.72","569.98","284.99","540.9","450.26","0.0","","","","","","",""
"2015.0","1.0","21.0","21.0","5168.0","0.49","0.9","0.0","1.03","0.9","0.93","0.0","0.0","0.0","0.0","30.0","119.72","569.98","284.99","539.97","450.26","0.0","","","","","","",""
"2015.0","1.0","22.0","22.0","5168.0","0.49","0.9","0.0","0.69","0.9","0.62","0.0","0.0","0.0","0.0","30.62","119.72","569.98","284.99","539.35","450.26","0.0","","","","","","",""
"2015.0","1.0","23.0","23.0","5168.0","0.48","0.9","0.0","0.99","0.9","0.89","0.0","0.0","0.0","0.0","31.51","119.72","569.98","284.99","538.46","450.26","0.0","","","","","","",""
"2015.0","1.0","24.0","24.0","5168.0","0.47","0.9","0.0","0.91","0.9","0.82","0.0","0.0","0.0","0.0","32.33","119.72","569.98","284.99","537.64","450.26","0.0","","","","","","",""
"2015.0","1.0","25.0","25.0","5168.0","0.47","0.9","0.0","1.02","0.9","0.92","0.0","0.0","0.0","0.0","33.25","119.72","569.98","284.99","536.72","450.26","0.0","","","","","","",""
"2015.0","1.0","26.0","26.0","5168.0","0.46","0.9","0.0","1.21","0.9","1.09","0.0","0.0","0.0","0.0","34.34","119.72","569.98","284.99","535.64","450.26","0.0","","","","","","",""
"2015.0","1.0","27.0","27.0","5168.0","0.45","0.9","0.0","1.16","0.9","1.04","0.0","0.0","0.0","0.0","35.38","119.72","569.98","284.99","534.59","450.26","0.0","","","","","","",""
"2015.0","1.0","28.0","28.0","5168.0","0.44","0.9","0.0","1.45","0.9","1.31","0.0","0.0","0.0","0.0","36.69","119.72","569.98","284.99","533.29","450.26","0.0","","","","","","",""
"2015.0","1.0","29.0","29.0","5168.0","0.44","0.9","0.0","1.38","0.9","1.24","0.0","0.0","0.0","0.0","37.93","119.72","569.98","284.99","532.04","450.26","0.0","","","","","","",""
"2015.0","1.0","30.0","30.0","5168.0","0.43","0.9","0.0","1.73","0.9","1.56","0.0","0.0","0.0","0.0","39.49","119.72","569.98","284.99","530.49","450.26","0.0","","","","","","",""
"2015.0","1.0","31.0","31.0","5168.0","0.41","0.9","0.0","3.06","0.9","2.75","0.0","0.0","0.0","0.0","42.24","119.72","569.98","284.99","527.73","450.26","0.0","","","","","","",""
"2015.0","2.0","1.0","32.0","5168.0","0.41","0.9","0.0","1.51","0.9","1.36","0.0","0.0","0.0","0.0","43.6","119.72","569.98","284.99","526.37","450.26","0.0","","","","","","",""
"2015.0","2.0","2.0","33.0","5168.0","0.4","0.9","0.0","1.52","0.9","1.37","0.0","0.0","0.0","0.0","44.97","119.72","569.98","284.99","525.01","450.26","0.0","","","","","","",""
"2015.0","2.0","3.0","34.0","5168.0","0.39","0.9","0.0","1.6","0.9","1.44","0.0","0.0","0.0","0.0","46.41","119.72","569.98","284.99","523.57","450.26","0.0","","","","","","",""
"2015.0","2.0","4.0","35.0","5168.0","0.39","0.9","0.0","1.34","0.9","1.21","0.0","0.0","0.0","0.0","47.62","119.72","569.98","284.99","522.36","450.26","0.0","","","","","","",""
"2015.0","2.0","5.0","36.0","5168.0","0.38","0.9","0.0","1.02","0.9","0.92","0.0","0.0","0.0","0.0","48.53","119.72","569.98","284.99","521.44","450.26","0.0","","","","","","",""
"2015.0","2.0","6.0","37.0","5168.0","1.13","0.9","0.0","2.15","1.13","2.44","6.0","6.0","0.0","0.0","44.97","119.72","569.98","284.99","525.0","450.26","0.0","","","","","","",""
"2015.0","2.0","7.0","38.0","5168.0","1.16","0.9","0.0","1.45","1.16","1.68","12.31","12.31","0.0","0.0","34.35","119.72","569.98","284.99","535.63","450.26","0.0","","","","","","",""
"2015.0","2.0","8.0","39.0","5168.0","1.16","0.9","0.0","1.48","1.16","1.72","13.84","13.84","0.0","0.0","22.22","119.72","569.98","284.99","547.75","450.26","0.0","","","","","","",""
"2015.0","2.0","9.0","40.0","5168.0","1.14","0.9","0.0","2.07","1.14","2.35","11.18","11.18","0.0","0.0","13.4","119.72","569.98","284.99","556.58","450.26","0.0","","","","","","",""
"2015.0","2.0","10.0","41.0","5168.0","1.14","0.9","0.0","1.86","1.14","2.12","0.0","0.0","0.0","0.0","15.52","119.72","569.98","284.99","554.45","450.26","0.0","","","","","","",""
"2015.0","2.0","11.0","42.0","5168.0","1.15","0.9","0.0","1.69","1.15","1.94","0.0","0.0","0.0","0.0","17.46","119.72","569.98","284.99","552.52","450.26","0.0","","","","","","",""
"2015.0","2.0","12.0","43.0","5168.0","1.01","0.9","0.0","2.01","1.01","2.02","0.0","0.0","0.0","0.0","19.48","119.72","569.98","284.99","550.5","450.26","0.0","","","","","","",""
"2015.0","2.0","13.0","44.0","5168.0","0.89","0.9","0.0","2.06","0.9","1.85","0.0","0.0","0.0","0.0","21.33","119.72","569.98","284.99","548.64","450.26","0.0","","","","","","",""
"2015.0","2.0","14.0","45.0","5168.0","0.81","0.9","0.0","2.19","0.9","1.97","0.0","0.0","0.0","0.0","23.3","119.72","569.98","284.99","546.67","450.26","0.0","","","","","","",""
"2015.0","2.0","15.0","46.0","5168.0","0.74","0.9","0.0","2.1","0.9","1.89","0.0","0.0","0.0","0.0","25.19","119.72","569.98","284.99","544.78","450.26","0.0","","","","","","",""
"2015.0","2.0","16.0","47.0","5168.0","0.69","0.9","0.0","2.08","0.9","1.87","0.0","0.0","0.0","0.0","27.07","119.72","569.98","284.99","542.91","450.26","0.0","","","","","","",""
"2015.0","2.0","17.0","48.0","5168.0","0.66","0.9","0.0","1.79","0.9","1.61","0.0","0.0","0.0","0.0","28.68","119.72","569.98","284.99","541.3","450.26","0.0","","","","","","",""
"2015.0","2.0","18.0","49.0","5168.0","0.63","0.9","0.0","1.77","0.9","1.59","0.0","0.0","0.0","0.0","30.27","119.72","569.98","284.99","539.71","450.26","0.0","","","","","","",""
"2015.0","2.0","19.0","50.0","5168.0","0.61","0.9","0.0","1.04","0.9","0.94","0.0","0.0","0.0","0.0","31.21","119.72","569.98","284.99","538.77","450.26","0.0","","","","","","",""
"2015.0","2.0","20.0","51.0","5168.0","0.59","0.9","0.0","1.91","0.9","1.72","0.0","0.0","0.0","0.0","32.93","119.72","569.98","284.99","537.05","450.26","0.0","","","","","","",""
"2015.0","2.0","21.0","52.0","5168.0","0.56","0.9","0.0","1.73","0.9","1.56","0.0","0.0","0.0","0.0","34.48","119.72","569.98","284.99","535.49","450.26","0.0","","","","","","",""
"2015.0","2.0","22.0","53.0","5168.0","0.53","0.9","0.0","3.17","0.9","2.85","0.0","0.0","0.0","0.0","37.34","119.72","569.98","284.99","532.64","450.26","0.0","","","","","","",""
"2015.0","2.0","23.0","54.0","5168.0","0.5","0.9","0.0","3.74","0.9","3.37","0.0","0.0","0.0","0.0","40.7","119.72","569.98","284.99","529.27","450.26","0.0","","","","","","",""
"2015.0","2.0","24.0","55.0","5168.0","0.48","0.9","0.0","2.72","0.9","2.45","0.0","0.0","0.0","0.0","43.15","119.72","569.98","284.99","526.83","450.26","0.0","","","","","","",""
"2015.0","2.0","25.0","56.0","5168.0","0.46","0.9","0.0","2.16","0.9","1.94","0.0","0.0","0.0","0.0","45.09","119.72","569.98","284.99","524.88","450.26","0.0","","","","","","",""
"2015.0","2.0","26.0","57.0","5168.0","0.44","0.9","0.0","2.91","0.9","2.62","0.0","0.0","0.0","0.0","47.71","119.72","569.98","284.99","522.26","450.26","0.0","","","","","","",""
"2015.0","2.0","27.0","58.0","5168.0","0.43","0.9","0.0","2.89","0.9","2.6","0.0","0.0","0.0","0.0","50.31","119.72","569.98","284.99","519.66","450.26","0.0","","","","","","",""
"2015.0","2.0","28.0","59.0","5168.0","0.42","0.9","0.0","2.1","0.9","1.89","0.0","0.0","0.0","0.0","52.2","119.72","569.98","284.99","517.77","450.26","0.0","","","","","","",""
"2015.0","3.0","1.0","60.0","5168.0","0.41","0.9","0.0","2.54","0.9","2.29","0.0","0.0","0.0","0.0","54.49","119.72","569.98","284.99","515.49","450.26","0.0","","","","","","",""
"2015.0","3.0","2.0","61.0","5168.0","0.4","0.9","0.0","2.2","0.9","1.98","0.0","0.0","0.0","0.0","56.47","119.72","569.98","284.99","513.51","450.26","0.0","","","","","","",""
"2015.0","3.0","3.0","62.0","5168.0","0.39","0.9","0.0","2.5","0.9","2.25","0.31","0.31","0.0","0.0","58.41","119.72","569.98","284.99","511.57","450.26","0.0","","","","","","",""
"2015.0","3.0","4.0","63.0","5168.0","0.38","0.9","0.0","2.61","0.9","2.35","0.0","0.0","0.0","0.0","60.76","119.72","569.98","284.99","509.22","450.26","0.0","","","","","","",""
"2015.0","3.0","5.0","64.0","5168.0","0.37","0.9","0.0","2.81","0.9","2.53","0.0","0.0","0.0","0.0","63.29","119.72","569.98","284.99","506.69","450.26","0.0","","","","","","",""
"2015.0","3.0","6.0","65.0","5168.0","0.36","0.9","0.0","2.99","0.9","2.69","0.0","0.0","0.0","0.0","65.98","119.72","569.98","284.99","504.0","450.26","0.0","","","","","","",""
"2015.0","3.0","7.0","66.0","5168.0","0.35","0.9","0.0","2.86","0.9","2.57","0.0","0.0","0.0","0.0","68.55","119.72","569.98","284.99","501.42","450.26","0.0","","","","","","",""
"2015.0","3.0","8.0","67.0","5168.0","0.34","0.9","0.0","2.91","0.9","2.62","0.0","0.0","0.0","0.0","71.17","119.72","569.98","284.99","498.8","450.26","0.0","","","","","","",""
"2015.0","3.0","9.0","68.0","5168.0","0.33","0.9","0.0","2.86","0.9","2.57","0.0","0.0","0.0","0.0","73.75","119.72","569.98","284.99","496.23","450.26","0.0","","","","","","",""
"2015.0","3.0","10.0","69.0","5168.0","0.33","0.9","0.0","2.39","0.9","2.15","0.0","0.0","0.0","0.0","75.9","119.72","569.98","284.99","494.08","450.26","0.0","","","","","","",""
"2015.0","3.0","11.0","70.0","5168.0","1.13","0.9","0.0","2.24","1.13","2.53","2.67","2.67","0.0","0.0","75.76","119.72","569.98","284.99","494.22","450.26","0.0","","","","","","",""
"2015.0","3.0","12.0","71.0","5168.0","1.11","0.9","0.0","3.32","1.11","3.68","2.08","2.08","0.0","0.0","77.36","119.72","569.98","284.99","492.62","450.26","0.0","","","","","","",""
"2015.0","3.0","13.0","72.0","5168.0","0.93","0.9","0.0","3.03","0.93","2.83","0.0","0.0","0.0","0.0","80.19","119.72","569.98","284.99","489.79","450.26","0.0","","","","","","",""
"2015.0","3.0","14.0","73.0","5168.0","0.79","0.9","0.0","3.33","0.9","3.0","0.0","0.0","0.0","0.0","83.18","119.72","569.98","284.99","486.79","450.26","0.0","","","","","","",""
"2015.0","3.0","15.0","74.0","5168.0","0.69","0.9","0.0","3.77","0.9","3.39","0.0","0.0","0.0","0.0","86.58","119.72","569.98","284.99","483.4","450.26","0.0","","","","","","",""
"2015.0","3.0","16.0","75.0","5168.0","0.64","0.9","0.0","2.61","0.9","2.35","0.0","0.0","0.0","0.0","88.93","119.72","569.98","284.99","481.05","450.26","0.0","","","","","","",""
"2015.0","3.0","17.0","76.0","5168.0","0.58","0.9","0.0","3.59","0.9","3.23","0.0","0.0","0.0","0.0","92.16","119.72","569.98","284.99","477.82","450.26","0.0","","","","","","",""
"2015.0","3.0","18.0","77.0","5168.0","0.54","0.9","0.0","3.75","0.9","3.38","1.28","1.28","0.0","0.0","94.25","119.72","569.98","284.99","475.72","450.26","0.0","","","","","","",""
"2015.0","3.0","19.0","78.0","5168.0","0.5","0.9","0.0","3.78","0.9","3.4","0.0","0.0","0.0","0.0","97.65","119.72","569.98","284.99","472.32","450.26","0.0","","","","","","",""
"2015.0","3.0","20.0","79.0","5168.0","0.48","0.9","0.0","3.08","0.9","2.77","0.0","0.0","0.0","0.0","100.43","119.72","569.98","284.99","469.55","450.26","0.0","","","","","","",""
"2015.0","3.0","21.0","80.0","5168.0","0.45","0.9","0.0","3.5","0.9","3.15","0.0","0.0","0.0","0.0","103.58","119.72","569.98","284.99","466.4","450.26","0.0","","","","","","",""
"2015.0","3.0","22.0","81.0","5168.0","0.43","0.9","0.0","3.12","0.9","2.81","0.0","0.0","0.0","0.0","106.38","119.72","569.98","284.99","463.59","450.26","0.0","","","","","","",""
"2015.0","3.0","23.0","82.0","5168.0","0.42","0.9","0.0","3.08","0.9","2.77","0.53","0.53","0.0","0.0","108.63","119.72","569.98","284.99","461.35","450.26","0.0","","","","","","",""
"2015.0","3.0","24.0","83.0","5168.0","0.4","0.9","0.0","3.33","0.9","3.0","0.0","0.0","0.0","0.0","111.62","119.72","569.98","284.99","458.35","450.26","0.0","","","","","","",""
"2015.0","3.0","25.0","84.0","5168.0","0.39","0.9","0.0","4.06","0.9","3.65","0.0","0.0","0.0","0.0","115.28","119.72","569.98","284.99","454.7","450.26","0.0","","","","","","",""
"2015.0","3.0","26.0","85.0","5168.0","0.37","0.9","0.0","3.9","0.9","3.51","0.0","0.0","0.0","0.0","118.79","119.72","569.98","284.99","451.19","450.26","0.0","","","","","","",""
"2015.0","3.0","27.0","86.0","5168.0","0.36","0.9","0.0","4.27","0.9","3.84","0.0","0.0","0.0","0.0","0.0","119.72","569.98","284.99","569.98","450.26","122.63","","","","","","",""
"2015.0","3.0","28.0","87.0","5168.0","0.34","0.9","0.0","4.84","0.9","4.36","0.0","0.0","0.0","0.0","4.36","119.72","569.98","284.99","565.62","450.26","0.0","","","","","","",""
"2015.0","3.0","29.0","88.0","5168.0","0.33","0.9","0.0","4.63","0.9","4.17","0.0","0.0","0.0","0.0","8.52","119.72","569.98","284.99","561.45","450.26","0.0","","","","","","",""
"2015.0","3.0","30.0","89.0","5168.0","0.32","0.9","0.0","4.42","0.9","3.98","0.0","0.0","0.0","0.0","12.5","119.72","569.98","284.99","557.48","450.26","0.0","","","","","","",""
"2015.0","3.0","31.0","90.0","5168.0","0.31","0.9","0.0","4.62","0.9","4.16","0.0","0.0","0.0","0.0","16.66","119.72","569.98","284.99","553.32","450.26","0.0","","","","","","",""
"2015.0","4.0","1.0","91.0","5168.0","0.3","0.9","0.0","4.12","0.9","3.71","0.0","0.0","0.0","0.0","20.37","119.72","569.98","284.99","549.61","450.26","0.0","","","","","","",""
"2015.0","4.0","2.0","92.0","5168.0","0.29","0.9","0.0","5.35","0.9","4.82","0.0","0.0","0.0","0.0","25.18","119.72","569.98","284.99","544.79","450.26","0.0","","","","","","",""
"2015.0","4.0","3.0","93.0","5168.0","0.28","0.9","0.0","4.55","0.9","4.1","0.0","0.0","0.0","0.0","29.28","119.72","569.98","284.99","540.7","450.26","0.0","","","","","","",""
"2015.0","4.0","4.0","94.0","5168.0","0.28","0.9","0.0","4.42","0.9","3.98","0.0","0.0","0.0","0.0","33.26","119.72","569.98","284.99","536.72","450.26","0.0","","","","","","",""
"2015.0","4.0","5.0","95.0","5168.0","0.27","0.9","0.0","2.61","0.9","2.35","0.65","0.65","0.0","0.0","34.95","119.72","569.98","284.99","535.02","450.26","0.0","","","","","","",""
"2015.0","4.0","6.0","96.0","5168.0","1.1","0.9","0.0","2.92","1.1","3.22","4.82","4.82","0.0","0.0","33.36","119.72","569.98","284.99","536.62","450.26","0.0","","","","","","",""
"2015.0","4.0","7.0","97.0","5168.0","1.11","0.9","0.0","2.82","1.11","3.12","3.41","3.41","0.0","0.0","33.07","119.72","569.98","284.99","536.91","450.26","0.0","","","","","","",""
"2015.0","4.0","8.0","98.0","5168.0","1.1","0.9","0.0","3.06","1.1","3.36","6.61","6.61","0.0","0.0","29.82","119.72","569.98","284.99","540.16","450.26","0.0","","","","","","",""
"2015.0","4.0","9.0","99.0","5168.0","1.06","0.9","0.0","3.49","1.06","3.7","0.0","0.0","0.0","0.0","33.52","119.72","569.98","284.99","536.46","450.26","0.0","","","","","","",""
"2015.0","4.0","10.0","100.0","5168.0","0.83","0.9","0.0","4.07","0.9","3.66","0.0","0.0","0.0","0.0","37.18","119.72","569.98","284.99","532.8","450.26","0.0","","","","","","",""
"2015.0","4.0","11.0","101.0","5168.0","0.7","0.9","0.0","4.2","0.9","3.78","0.0","0.0","0.0","0.0","40.96","119.72","569.98","284.99","529.02","450.26","0.0","","","","","","",""
"2015.0","4.0","12.0","102.0","5168.0","0.61","0.9","0.0","4.8","0.9","4.32","0.0","0.0","0.0","0.0","45.28","119.72","569.98","284.99","524.7","450.26","0.0","","","","","","",""
"2015.0","4.0","13.0","103.0","5168.0","0.54","0.9","0.0","4.68","0.9","4.21","0.0","0.0","0.0","0.0","49.49","119.72","569.98","284.99","520.48","450.26","0.0","","","","","","",""
"2015.0","4.0","14.0","104.0","5168.0","0.49","0.9","0.0","4.89","0.9","4.4","0.0","0.0","0.0","0.0","53.89","119.72","569.98","284.99","516.08","450.26","0.0","","","","","","",""
"2015.0","4.0","15.0","105.0","5168.0","0.45","0.9","0.0","6.17","0.9","5.55","0.0","0.0","0.0","0.0","59.45","119.72","569.98","284.99","510.53","450.26","0.0","","","","","","",""
"2015.0","4.0","16.0","106.0","5168.0","0.41","0.9","0.0","5.75","0.9","5.18","0.0","0.0","0.0","0.0","64.62","119.72","569.98","284.99","505.36","450.26","0.0","","","","","","",""
"2015.0","4.0","17.0","107.0","5168.0","0.39","0.9","0.0","5.26","0.9","4.73","0.0","0.0","0.0","0.0","69.35","119.72","569.98","284.99","500.62","450.26","0.0","","","","","","",""
"2015.0","4.0","18.0","108.0","5168.0","0.37","0.9","0.0","4.83","0.9","4.35","0.0","0.0","0.0","0.0","73.7","119.72","569.98","284.99","496.27","450.26","0.0","","","","","","",""
"2015.0","4.0","19.0","109.0","5168.0","0.35","0.9","0.0","4.94","0.9","4.45","0.0","0.0","0.0","0.0","78.15","119.72","569.98","284.99","491.83","450.26","0.0","","","","","","",""
"2015.0","4.0","20.0","110.0","5168.0","0.34","0.9","0.0","4.55","0.9","4.1","0.0","0.0","0.0","0.0","82.24","119.72","569.98","284.99","487.73","450.26","0.0","","","","","","",""
"2015.0","4.0","21.0","111.0","5168.0","0.33","0.9","0.0","3.69","0.9","3.32","0.0","0.0","0.0","0.0","85.56","119.72","569.98","284.99","484.41","450.26","0.0","","","","","","",""
"2015.0","4.0","22.0","112.0","5168.0","0.32","0.9","0.0","4.06","0.9","3.65","0.0","0.0","0.0","0.0","89.22","119.72","569.98","284.99","480.76","450.26","0.0","","","","","","",""
"2015.0","4.0","23.0","113.0","5168.0","0.31","0.9","0.0","4.61","0.9","4.15","0.0","0.0","0.0","0.0","93.37","119.72","569.98","284.99","476.61","450.26","0.0","","","","","","",""
"2015.0","4.0","24.0","114.0","5168.0","0.3","0.9","0.0","4.98","0.9","4.48","0.0","0.0","0.0","0.0","97.85","119.72","569.98","284.99","472.13","450.26","0.0","","","","","","",""
"2015.0","4.0","25.0","115.0","5168.0","1.06","0.9","0.0","3.96","1.06","4.2","7.89","7.89","0.0","0.0","94.16","119.72","569.98","284.99","475.81","450.26","0.0","","","","","","",""
"2015.0","4.0","26.0","116.0","5168.0","0.88","0.9","0.0","5.06","0.9","4.55","0.0","0.0","0.0","0.0","98.72","119.72","569.98","284.99","471.26","450.26","0.0","","","","","","",""
"2015.0","4.0","27.0","117.0","5168.0","0.68","0.9","0.0","5.85","0.9","5.27","0.0","0.0","0.0","0.0","103.98","119.72","569.98","284.99","465.99","450.26","0.0","","","","","","",""
"2015.0","4.0","28.0","118.0","5168.0","0.58","0.9","0.0","5.37","0.9","4.83","0.0","0.0","0.0","0.0","108.81","119.72","569.98","284.99","461.16","450.26","0.0","","","","","","",""
"2015.0","4.0","29.0","119.0","5168.0","0.52","0.9","0.0","5.19","0.9","4.67","0.0","0.0","0.0","0.0","113.49","119.72","569.98","284.99","456.49","450.26","0.0","","","","","","",""
"2015.0","4.0","30.0","120.0","5168.0","0.46","0.9","0.0","6.36","0.9","5.72","0.0","0.0","0.0","0.0","119.21","119.72","569.98","284.99","450.77","450.26","0.0","","","","","","",""
"2015.0","5.0","1.0","121.0","5168.0","0.42","0.9","0.0","6.3","0.9","5.67","0.0","0.0","0.0","0.0","0.0","119.72","569.98","284.99","569.98","450.26","124.88","","","","","","",""
"2015.0","5.0","2.0","122.0","5168.0","0.39","0.9","0.0","5.65","0.9","5.09","0.0","0.0","0.0","0.0","5.09","119.72","569.98","284.99","564.89","450.26","0.0","","","","","","",""
"2015.0","5.0","3.0","123.0","5168.0","0.37","0.9","0.0","4.95","0.9","4.46","0.0","0.0","0.0","0.0","9.54","119.72","569.98","284.99","560.44","450.26","0.0","","","","","","",""
"2015.0","5.0","4.0","124.0","5168.0","0.36","0.9","0.0","4.62","0.9","4.16","0.0","0.0","0.0","0.0","13.7","119.72","569.98","284.99","556.28","450.26","0.0","","","","","","",""
"2015.0","5.0","5.0","125.0","5168.0","0.34","0.9","0.0","4.71","0.9","4.24","0.0","0.0","0.0","0.0","17.94","119.72","569.98","284.99","552.04","450.26","0.0","","","","","","",""
"2015.0","5.0","6.0","126.0","5168.0","0.33","0.9","0.0","4.99","0.9","4.49","0.0","0.0","0.0","0.0","22.43","119.72","569.98","284.99","547.55","450.26","0.0","","","","","","",""
"2015.0","5.0","7.0","127.0","5168.0","0.32","0.9","0.0","3.32","0.9","2.99","0.0","0.0","0.0","0.0","25.42","119.72","569.98","284.99","544.56","450.26","0.0","","","","","","",""
"2015.0","5.0","8.0","128.0","5168.0","0.31","0.9","0.0","4.33","0.9","3.9","0.3","0.3","0.0","0.0","29.01","119.72","569.98","284.99","540.96","450.26","0.0","","","","","","",""
"2015.0","5.0","9.0","129.0","5168.0","0.3","0.9","0.0","4.75","0.9","4.28","0.0","0.0","0.0","0.0","33.29","119.72","569.98","284.99","536.69","450.26","0.0","","","","","","",""
"2015.0","5.0","10.0","130.0","5168.0","0.29","0.9","0.0","4.97","0.9","4.47","0.0","0.0","0.0","0.0","37.76","119.72","569.98","284.99","532.22","450.26","0.0","","","","","","",""
"2015.0","5.0","11.0","131.0","5168.0","0.28","0.9","0.0","4.98","0.9","4.48","0.0","0.0","0.0","0.0","42.24","119.72","569.98","284.99","527.73","450.26","0.0","","","","","","",""
"2015.0","5.0","12.0","132.0","5168.0","0.28","0.9","0.0","4.94","0.9","4.45","0.0","0.0","0.0","0.0","46.69","119.72","569.98","284.99","523.29","450.26","0.0","","","","","","",""
"2015.0","5.0","13.0","133.0","5168.0","0.27","0.9","0.0","4.64","0.9","4.18","0.0","0.0","0.0","0.0","50.87","119.72","569.98","284.99","519.11","450.26","0.0","","","","","","",""
"2015.0","5.0","14.0","134.0","5168.0","0.27","0.9","0.0","3.04","0.9","2.74","0.0","0.0","0.0","0.0","53.6","119.72","569.98","284.99","516.38","450.26","0.0","","","","","","",""
"2015.0","5.0","15.0","135.0","5168.0","0.26","0.9","0.0","4.56","0.9","4.1","3.66","3.66","0.0","0.0","54.05","119.72","569.98","284.99","515.93","450.26","0.0","","","","","","",""
"2015.0","5.0","16.0","136.0","5168.0","0.25","0.9","0.0","4.67","0.9","4.2","0.0","0.0","0.0","0.0","58.25","119.72","569.98","284.99","511.73","450.26","0.0","","","","","","",""
"2015.0","5.0","17.0","137.0","5168.0","0.25","0.9","0.0","3.98","0.9","3.58","0.0","0.0","0.0","0.0","61.83","119.72","569.98","284.99","508.15","450.26","0.0","","","","","","",""
"2015.0","5.0","18.0","138.0","5168.0","0.24","0.9","0.0","4.71","0.9","4.24","0.0","0.0","0.0","0.0","66.07","119.72","569.98","284.99","503.91","450.26","0.0","","","","","","",""
"2015.0","5.0","19.0","139.0","5168.0","0.24","0.9","0.0","4.89","0.9","4.4","0.0","0.0","0.0","0.0","70.47","119.72","569.98","284.99","499.51","450.26","0.0","","","","","","",""
"2015.0","5.0","20.0","140.0","5168.0","0.24","0.9","0.0","4.74","0.9","4.27","0.0","0.0","0.0","0.0","74.74","119.72","569.98","284.99","495.24","450.26","0.0","","","","","","",""
"2015.0","5.0","21.0","141.0","5168.0","0.23","0.9","0.0","4.02","0.9","3.62","0.0","0.0","0.0","0.0","78.35","119.72","569.98","284.99","491.62","450.26","0.0","","","","","","",""
"2015.0","5.0","22.0","142.0","5168.0","0.23","0.9","0.0","4.76","0.9","4.28","0.0","0.0","0.0","0.0","82.64","119.72","569.98","284.99","487.34","450.26","0.0","","","","","","",""
"2015.0","5.0","23.0","143.0","5168.0","0.22","0.9","0.0","4.73","0.9","4.26","0.0","0.0","0.0","0.0","86.9","119.72","569.98","284.99","483.08","450.26","0.0","","","","","","",""
"2015.0","5.0","24.0","144.0","5168.0","0.22","0.9","0.0","5.3","0.9","4.77","0.0","0.0","0.0","0.0","91.67","119.72","569.98","284.99","478.31","450.26","0.0","","","","","","",""
"2015.0","5.0","25.0","145.0","5168.0","0.22","0.9","0.0","5.22","0.9","4.7","0.0","0.0","0.0","0.0","96.36","119.72","569.98","284.99","473.61","450.26","0.0","","","","","","",""
"2015.0","5.0","26.0","146.0","5168.0","0.21","0.9","0.0","5.23","0.9","4.71","0.0","0.0","0.0","0.0","101.07","119.72","569.98","284.99","468.91","450.26","0.0","","","","","","",""
"2015.0","5.0","27.0","147.0","5168.0","0.21","0.9","0.0","5.27","0.9","4.74","0.0","0.0","0.0","0.0","105.81","119.72","569.98","284.99","464.16","450.26","0.0","","","","","","",""
"2015.0","5.0","28.0","148.0","5168.0","0.2","0.9","0.0","5.16","0.9","4.64","0.0","0.0","0.0","0.0","110.46","119.72","569.98","284.99","459.52","450.26","0.0","","","","","","",""
"2015.0","5.0","29.0","149.0","5168.0","0.2","0.9","0.0","5.83","0.9","5.25","0.0","0.0","0.0","0.0","115.7","119.72","569.98","284.99","454.27","450.26","0.0","","","","","","",""
"2015.0","5.0","30.0","150.0","5168.0","0.2","0.9","0.0","6.13","0.9","5.52","0.0","0.0","0.0","0.0","0.0","119.72","569.98","284.99","569.98","450.26","121.22","","","","","","",""
"2015.0","5.0","31.0","151.0","5168.0","0.19","0.9","0.0","5.1","0.9","4.59","0.0","0.0","0.0","0.0","4.59","119.72","569.98","284.99","565.39","450.26","0.0","","","","","","",""
"2015.0","6.0","1.0","152.0","5168.0","0.19","0.9","0.0","5.33","0.9","4.8","0.0","0.0","0.0","0.0","9.39","119.72","569.98","284.99","560.59","450.26","0.0","","","","","","",""
"2015.0","6.0","2.0","153.0","5168.0","0.19","0.9","0.0","5.55","0.9","5.0","0.0","0.0","0.0","0.0","14.38","119.72","569.98","284.99","555.59","450.26","0.0","","","","","","",""
"2015.0","6.0","3.0","154.0","5168.0","0.19","0.9","0.0","5.22","0.9","4.7","0.0","0.0","0.0","0.0","19.08","119.72","569.98","284.99","550.9","450.26","0.0","","","","","","",""
"2015.0","6.0","4.0","155.0","5168.0","0.18","0.9","0.0","5.69","0.9","5.12","0.0","0.0","0.0","0.0","24.2","119.72","569.98","284.99","545.78","450.26","0.0","","","","","","",""
"2015.0","6.0","5.0","156.0","5168.0","0.18","0.9","0.0","6.41","0.9","5.77","0.0","0.0","0.0","0.0","29.97","119.72","569.98","284.99","540.01","450.26","0.0","","","","","","",""
"2015.0","6.0","6.0","157.0","5168.0","0.18","0.9","0.0","6.08","0.9","5.47","0.0","0.0","0.0","0.0","35.44","119.72","569.98","284.99","534.53","450.26","0.0","","","","","","",""
"2015.0","6.0","7.0","158.0","5168.0","0.18","0.9","0.0","6.53","0.9","5.88","0.0","0.0","0.0","0.0","41.32","119.72","569.98","284.99","528.66","450.26","0.0","","","","","","",""
"2015.0","6.0","8.0","159.0","5168.0","0.17","0.9","0.0","7.19","0.9","6.47","0.0","0.0","0.0","0.0","47.79","119.72","569.98","284.99","522.19","450.26","0.0","","","","","","",""
"2015.0","6.0","9.0","160.0","5168.0","0.17","0.9","0.0","6.4","0.9","5.76","0.0","0.0","0.0","0.0","53.55","119.72","569.98","284.99","516.43","450.26","0.0","","","","","","",""
"2015.0","6.0","10.0","161.0","5168.0","0.17","0.9","0.0","2.74","0.9","2.47","0.19","0.19","0.0","0.0","55.83","119.72","569.98","284.99","514.15","450.26","0.0","","","","","","",""
"2015.0","6.0","11.0","162.0","5168.0","0.17","0.9","0.0","6.69","0.9","6.02","3.14","3.14","0.0","0.0","58.71","119.72","569.98","284.99","511.27","450.26","0.0","","","","","","",""
"2015.0","6.0","12.0","163.0","5168.0","0.16","0.9","0.0","7.43","0.9","6.69","0.0","0.0","0.0","0.0","65.39","119.72","569.98","284.99","504.58","450.26","0.0","","","","","","",""
"2015.0","6.0","13.0","164.0","5168.0","0.16","0.9","0.0","7.13","0.9","6.42","0.0","0.0","0.0","0.0","71.81","119.72","569.98","284.99","498.17","450.26","0.0","","","","","","",""
"2015.0","6.0","14.0","165.0","5168.0","0.16","0.9","0.0","6.37","0.9","5.73","0.0","0.0","0.0","0.0","77.54","119.72","569.98","284.99","492.43","450.26","0.0","","","","","","",""
"2015.0","6.0","15.0","166.0","5168.0","0.16","0.9","0.0","6.19","0.9","5.57","0.0","0.0","0.0","0.0","83.12","119.72","569.98","284.99","486.86","450.26","0.0","","","","","","",""
"2015.0","6.0","16.0","167.0","5168.0","0.16","0.9","0.0","6.63","0.9","5.97","3.09","3.09","0.0","0.0","85.99","119.72","569.98","284.99","483.98","450.26","0.0","","","","","","",""
"2015.0","6.0","17.0","168.0","5168.0","0.15","0.9","0.0","6.67","0.9","6.0","0.0","0.0","0.0","0.0","92.0","119.72","569.98","284.99","477.98","450.26","0.0","","","","","","",""
"2015.0","6.0","18.0","169.0","5168.0","0.15","0.9","0.0","7.15","0.9","6.44","0.0","0.0","0.0","0.0","98.43","119.72","569.98","284.99","471.55","450.26","0.0","","","","","","",""
"2015.0","6.0","19.0","170.0","5168.0","0.15","0.9","0.0","7.13","0.9","6.42","0.0","0.0","0.0","0.0","104.85","119.72","569.98","284.99","465.13","450.26","0.0","","","","","","",""
"2015.0","6.0","20.0","171.0","5168.0","0.15","0.9","0.0","6.67","0.9","6.0","0.0","0.0","0.0","0.0","110.85","119.72","569.98","284.99","459.13","450.26","0.0","","","","","","",""
"2015.0","6.0","21.0","172.0","5168.0","0.15","0.9","0.0","7.12","0.9","6.41","0.0","0.0","0.0","0.0","117.26","119.72","569.98","284.99","452.72","450.26","0.0","","","","","","",""
"2015.0","6.0","22.0","173.0","5168.0","0.15","0.9","0.0","6.69","0.9","6.02","0.0","0.0","0.0","0.0","0.0","119.72","569.98","284.99","569.98","450.26","123.28","","","","","","",""
"2015.0","6.0","23.0","174.0","5168.0","0.14","0.9","0.0","7.08","0.9","6.37","0.0","0.0","0.0","0.0","6.37","119.72","569.98","284.99","563.6","450.26","0.0","","","","","","",""
"2015.0","6.0","24.0","175.0","5168.0","0.14","0.9","0.0","7.0","0.9","6.3","0.0","0.0","0.0","0.0","12.67","119.72","569.98","284.99","557.3","450.26","0.0","","","","","","",""
"2015.0","6.0","25.0","176.0","5168.0","0.14","0.9","0.0","7.72","0.9","6.95","0.0","0.0","0.0","0.0","19.62","119.72","569.98","284.99","550.36","450.26","0.0","","","","","","",""
"2015.0","6.0","26.0","177.0","5168.0","0.14","0.9","0.0","7.92","0.9","7.13","0.0","0.0","0.0","0.0","26.75","119.72","569.98","284.99","543.23","450.26","0.0","","","","","","",""
"2015.0","6.0","27.0","178.0","5168.0","0.14","0.9","0.0","6.22","0.9","5.6","0.0","0.0","0.0","0.0","32.35","119.72","569.98","284.99","537.63","450.26","0.0","","","","","","",""
"2015.0","6.0","28.0","179.0","5168.0","0.14","0.9","0.0","6.84","0.9","6.16","0.0","0.0","0.0","0.0","38.5","119.72","569.98","284.99","531.47","450.26","0.0","","","","","","",""
"2015.0","6.0","29.0","180.0","5168.0","0.13","0.9","0.0","7.27","0.9","6.54","0.0","0.0","0.0","0.0","45.05","119.72","569.98","284.99","524.93","450.26","0.0","","","","","","",""
"2015.0","6.0","30.0","181.0","5168.0","0.13","0.9","0.0","7.45","0.9","6.71","0.0","0.0","0.0","0.0","51.75","119.72","569.98","284.99","518.23","450.26","0.0","","","","","","",""
"2015.0","7.0","1.0","182.0","5168.0","0.13","0.9","0.0","7.25","0.9","6.53","0.0","0.0","0.0","0.0","58.28","119.72","569.98","284.99","511.7","450.26","0.0","","","","","","",""
"2015.0","7.0","2.0","183.0","5168.0","0.13","0.9","0.0","6.75","0.9","6.08","0.0","0.0","0.0","0.0","64.35","119.72","569.98","284.99","505.63","450.26","0.0","","","","","","",""
"2015.0","7.0","3.0","184.0","5168.0","0.13","0.9","0.0","7.24","0.9","6.52","0.0","0.0","0.0","0.0","70.87","119.72","569.98","284.99","499.11","450.26","0.0","","","","","","",""
"2015.0","7.0","4.0","185.0","5168.0","0.13","0.9","0.0","7.49","0.9","6.74","0.0","0.0","0.0","0.0","77.61","119.72","569.98","284.99","492.37","450.26","0.0","","","","","","",""
"2015.0","7.0","5.0","186.0","5168.0","0.13","0.9","0.0","6.81","0.9","6.13","0.0","0.0","0.0","0.0","83.74","119.72","569.98","284.99","486.24","450.26","0.0","","","","","","",""
"2015.0","7.0","6.0","187.0","5168.0","0.13","0.9","0.0","7.06","0.9","6.35","0.0","0.0","0.0","0.0","90.09","119.72","569.98","284.99","479.89","450.26","0.0","","","","","","",""
"2015.0","7.0","7.0","188.0","5168.0","0.12","0.9","0.0","6.43","0.9","5.79","0.0","0.0","0.0","0.0","95.88","119.72","569.98","284.99","474.1","450.26","0.0","","","","","","",""
"2015.0","7.0","8.0","189.0","5168.0","0.12","0.9","0.0","6.11","0.9","5.5","0.0","0.0","0.0","0.0","101.38","119.72","569.98","284.99","468.6","450.26","0.0","","","","","","",""
"2015.0","7.0","9.0","190.0","5168.0","0.12","0.9","0.0","4.59","0.9","4.13","0.0","0.0","0.0","0.0","105.51","119.72","569.98","284.99","464.47","450.26","0.0","","","","","","",""
"2015.0","7.0","10.0","191.0","5168.0","0.12","0.9","0.0","5.12","0.9","4.61","0.0","0.0","0.0","0.0","110.12","119.72","569.98","284.99","459.86","450.26","0.0","","","","","","",""
"2015.0","7.0","11.0","192.0","5168.0","0.12","0.9","0.0","6.16","0.9","5.54","0.0","0.0","0.0","0.0","115.66","119.72","569.98","284.99","454.32","450.26","0.0","","","","","","",""
"2015.0","7.0","12.0","193.0","5168.0","0.12","0.9","0.0","6.25","0.9","5.63","0.0","0.0","0.0","0.0","0.0","119.72","569.98","284.99","569.98","450.26","121.28","","","","","","",""
"2015.0","7.0","13.0","194.0","5168.0","0.12","0.9","0.0","6.5","0.9","5.85","0.0","0.0","0.0","0.0","5.85","119.72","569.98","284.99","564.13","450.26","0.0","","","","","","",""
"2015.0","7.0","14.0","195.0","5168.0","0.12","0.9","0.0","6.12","0.9","5.51","0.0","0.0","0.0","0.0","11.36","119.72","569.98","284.99","558.62","450.26","0.0","","","","","","",""
"2015.0","7.0","15.0","196.0","5168.0","0.12","0.9","0.0","6.37","0.9","5.73","0.0","0.0","0.0","0.0","17.09","119.72","569.98","284.99","552.89","450.26","0.0","","","","","","",""
"2015.0","7.0","16.0","197.0","5168.0","0.12","0.9","0.0","6.8","0.9","6.12","0.0","0.0","0.0","0.0","23.21","119.72","569.98","284.99","546.77","450.26","0.0","","","","","","",""
"2015.0","7.0","17.0","198.0","5168.0","0.12","0.9","0.0","6.95","0.9","6.26","0.0","0.0","0.0","0.0","29.47","119.72","569.98","284.99","540.51","450.26","0.0","","","","","","",""
"2015.0","7.0","18.0","199.0","5168.0","0.12","0.9","0.0","6.8","0.9","6.12","0.0","0.0","0.0","0.0","35.59","119.72","569.98","284.99","534.39","450.26","0.0","","","","","","",""
"2015.0","7.0","19.0","200.0","5168.0","0.12","0.9","0.0","6.55","0.9","5.9","0.0","0.0","0.0","0.0","41.48","119.72","569.98","284.99","528.5","450.26","0.0","","","","","","",""
"2015.0","7.0","20.0","201.0","5168.0","0.11","0.9","0.0","7.22","0.9","6.5","0.0","0.0","0.0","0.0","47.98","119.72","569.98","284.99","522.0","450.26","0.0","","","","","","",""
"2015.0","7.0","21.0","202.0","5168.0","0.11","0.9","0.0","6.9","0.9","6.21","0.0","0.0","0.0","0.0","54.19","119.72","569.98","284.99","515.79","450.26","0.0","","","","","","",""
"2015.0","7.0","22.0","203.0","5168.0","0.11","0.9","0.0","6.43","0.9","5.79","0.0","0.0","0.0","0.0","59.98","119.72","569.98","284.99","510.0","450.26","0.0","","","","","","",""
"2015.0","7.0","23.0","204.0","5168.0","0.11","0.9","0.0","6.01","0.9","5.41","0.0","0.0","0.0","0.0","65.39","119.72","569.98","284.99","504.59","450.26","0.0","","","","","","",""
"2015.0","7.0","24.0","205.0","5168.0","0.11","0.9","0.0","6.29","0.9","5.66","0.0","0.0","0.0","0.0","71.05","119.72","569.98","284.99","498.93","450.26","0.0","","","","","","",""
"2015.0","7.0","25.0","206.0","5168.0","0.11","0.9","0.0","6.27","0.9","5.64","0.0","0.0","0.0","0.0","76.69","119.72","569.98","284.99","493.29","450.26","0.0","","","","","","",""
"2015.0","7.0","26.0","207.0","5168.0","0.11","0.9","0.0","6.18","0.9","5.56","0.0","0.0","0.0","0.0","82.25","119.72","569.98","284.99","487.73","450.26","0.0","","","","","","",""
"2015.0","7.0","27.0","208.0","5168.0","0.11","0.9","0.0","7.16","0.9","6.44","0.0","0.0","0.0","0.0","88.7","119.72","569.98","284.99","481.28","450.26","0.0","","","","","","",""
"2015.0","7.0","28.0","209.0","5168.0","0.11","0.9","0.0","7.41","0.9","6.67","0.0","0.0","0.0","0.0","95.36","119.72","569.98","284.99","474.61","450.26","0.0","","","","","","",""
"2015.0","7.0","29.0","210.0","5168.0","0.11","0.9","0.0","7.18","0.9","6.46","0.0","0.0","0.0","0.0","101.83","119.72","569.98","284.99","468.15","450.26","0.0","","","","","","",""
"2015.0","7.0","30.0","211.0","5168.0","0.11","0.9","0.0","7.32","0.9","6.59","0.0","0.0","0.0","0.0","108.41","119.72","569.98","284.99","461.56","450.26","0.0","","","","","","",""
"2015.0","7.0","31.0","212.0","5168.0","0.11","0.9","0.0","6.34","0.9","5.71","0.0","0.0","0.0","0.0","114.12","119.72","569.98","284.99","455.86","450.26","0.0","","","","","","",""
"2015.0","8.0","1.0","213.0","5168.0","0.11","0.9","0.0","6.74","0.9","6.07","0.0","0.0","0.0","0.0","0.0","119.72","569.98","284.99","569.98","450.26","120.19","","","","","","",""
"2015.0","8.0","2.0","214.0","5168.0","0.11","0.9","0.0","6.62","0.9","5.96","0.0","0.0","0.0","0.0","5.96","119.72","569.98","284.99","564.02","450.26","0.0","","","","","","",""
"2015.0","8.0","3.0","215.0","5168.0","0.1","0.9","0.0","6.57","0.9","5.91","0.0","0.0","0.0","0.0","11.87","119.72","569.98","284.99","558.11","450.26","0.0","","","","","","",""
"2015.0","8.0","4.0","216.0","5168.0","0.1","0.9","0.0","5.07","0.9","4.56","0.0","0.0","0.0","0.0","16.43","119.72","569.98","284.99","553.54","450.26","0.0","","","","","","",""
"2015.0","8.0","5.0","217.0","5168.0","0.1","0.9","0.0","5.66","0.9","5.09","0.0","0.0","0.0","0.0","21.53","119.72","569.98","284.99","548.45","450.26","0.0","","","","","","",""
"2015.0","8.0","6.0","218.0","5168.0","0.1","0.9","0.0","3.9","0.9","3.51","0.0","0.0","0.0","0.0","25.04","119.72","569.98","284.99","544.94","450.26","0.0","","","","","","",""
"2015.0","8.0","7.0","219.0","5168.0","0.1","0.9","0.0","6.42","0.9","5.78","0.1","0.1","0.0","0.0","30.72","119.72","569.98","284.99","539.26","450.26","0.0","","","","","","",""
"2015.0","8.0","8.0","220.0","5168.0","0.1","0.9","0.0","5.74","0.9","5.17","0.0","0.0","0.0","0.0","35.88","119.72","569.98","284.99","534.09","450.26","0.0","","","","","","",""
"2015.0","8.0","9.0","221.0","5168.0","0.1","0.9","0.0","6.34","0.9","5.71","0.0","0.0","0.0","0.0","41.59","119.72","569.98","284.99","528.39","450.26","0.0","","","","","","",""
"2015.0","8.0","10.0","222.0","5168.0","0.1","0.9","0.0","6.33","0.9","5.7","0.0","0.0","0.0","0.0","47.29","119.72","569.98","284.99","522.69","450.26","0.0","","","","","","",""
"2015.0","8.0","11.0","223.0","5168.0","0.1","0.9","0.0","6.22","0.9","5.6","0.0","0.0","0.0","0.0","52.88","119.72","569.98","284.99","517.09","450.26","0.0","","","","","","",""
"2015.0","8.0","12.0","224.0","5168.0","0.1","0.9","0.0","6.17","0.9","5.55","0.0","0.0","0.0","0.0","58.44","119.72","569.98","284.99","511.54","450.26","0.0","","","","","","",""
"2015.0","8.0","13.0","225.0","5168.0","0.1","0.9","0.0","6.28","0.9","5.65","0.0","0.0","0.0","0.0","64.09","119.72","569.98","284.99","505.89","450.26","0.0","","","","","","",""
"2015.0","8.0","14.0","226.0","5168.0","0.1","0.9","0.0","6.15","0.9","5.54","0.0","0.0","0.0","0.0","69.62","119.72","569.98","284.99","500.35","450.26","0.0","","","","","","",""
"2015.0","8.0","15.0","227.0","5168.0","0.1","0.9","0.0","6.44","0.9","5.8","0.0","0.0","0.0","0.0","75.42","119.72","569.98","284.99","494.56","450.26","0.0","","","","","","",""
"2015.0","8.0","16.0","228.0","5168.0","0.1","0.9","0.0","6.56","0.9","5.9","0.0","0.0","0.0","0.0","81.32","119.72","569.98","284.99","488.65","450.26","0.0","","","","","","",""
"2015.0","8.0","17.0","229.0","5168.0","0.1","0.9","0.0","6.9","0.9","6.21","0.0","0.0","0.0","0.0","87.53","119.72","569.98","284.99","482.44","450.26","0.0","","","","","","",""
"2015.0","8.0","18.0","230.0","5168.0","0.1","0.9","0.0","6.52","0.9","5.87","0.0","0.0","0.0","0.0","93.4","119.72","569.98","284.99","476.58","450.26","0.0","","","","","","",""
"2015.0","8.0","19.0","231.0","5168.0","0.1","0.9","0.0","5.94","0.9","5.35","0.0","0.0","0.0","0.0","98.75","119.72","569.98","284.99","471.23","450.26","0.0","","","","","","",""
"2015.0","8.0","20.0","232.0","5168.0","0.1","0.9","0.0","5.43","0.9","4.89","0.0","0.0","0.0","0.0","103.63","119.72","569.98","284.99","466.34","450.26","0.0","","","","","","",""
"2015.0","8.0","21.0","233.0","5168.0","0.1","0.9","0.0","5.49","0.9","4.94","0.0","0.0","0.0","0.0","108.58","119.72","569.98","284.99","461.4","450.26","0.0","","","","","","",""
"2015.0","8.0","22.0","234.0","5168.0","0.1","0.9","0.0","5.51","0.9","4.96","0.0","0.0","0.0","0.0","113.53","119.72","569.98","284.99","456.44","450.26","0.0","","","","","","",""
"2015.0","8.0","23.0","235.0","5168.0","0.1","0.9","0.0","5.64","0.9","5.08","0.0","0.0","0.0","0.0","118.61","119.72","569.98","284.99","451.37","450.26","0.0","","","","","","",""
"2015.0","8.0","24.0","236.0","5168.0","0.1","0.9","0.0","6.06","0.9","5.45","0.0","0.0","0.0","0.0","0.0","119.72","569.98","284.99","569.98","450.26","124.06","","","","","","",""
"2015.0","8.0","25.0","237.0","5168.0","0.1","0.9","0.0","6.32","0.9","5.69","0.0","0.0","0.0","0.0","5.69","119.72","569.98","284.99","564.29","450.26","0.0","","","","","","",""
"2015.0","8.0","26.0","238.0","5168.0","0.09","0.9","0.0","6.51","0.9","5.86","0.0","0.0","0.0","0.0","11.55","119.72","569.98","284.99","558.43","450.26","0.0","","","","","","",""
"2015.0","8.0","27.0","239.0","5168.0","0.09","0.9","0.0","6.88","0.9","6.19","0.04","0.04","0.0","0.0","17.7","119.72","569.98","284.99","552.28","450.26","0.0","","","","","","",""
"2015.0","8.0","28.0","240.0","5168.0","0.09","0.9","0.0","6.73","0.9","6.06","0.0","0.0","0.0","0.0","23.76","119.72","569.98","284.99","546.22","450.26","0.0","","","","","","",""
"2015.0","8.0","29.0","241.0","5168.0","0.09","0.9","0.0","5.23","0.9","4.71","0.0","0.0","0.0","0.0","28.46","119.72","569.98","284.99","541.51","450.26","0.0","","","","","","",""
"2015.0","8.0","30.0","242.0","5168.0","0.09","0.9","0.0","5.55","0.9","5.0","0.0","0.0","0.0","0.0","33.46","119.72","569.98","284.99","536.52","450.26","0.0","","","","","","",""
"2015.0","8.0","31.0","243.0","5168.0","0.09","0.9","0.0","5.58","0.9","5.02","0.0","0.0","0.0","0.0","38.48","119.72","569.98","284.99","531.5","450.26","0.0","","","","","","",""
"2015.0","9.0","1.0","244.0","5168.0","0.09","0.9","0.0","5.43","0.9","4.89","0.0","0.0","0.0","0.0","43.37","119.72","569.98","284.99","526.61","450.26","0.0","","","","","","",""
"2015.0","9.0","2.0","245.0","5168.0","0.09","0.9","0.0","5.29","0.9","4.76","0.0","0.0","0.0","0.0","48.13","119.72","569.98","284.99","521.85","450.26","0.0","","","","","","",""
"2015.0","9.0","3.0","246.0","5168.0","0.09","0.9","0.0","5.11","0.9","4.6","0.0","0.0","0.0","0.0","52.73","119.72","569.98","284.99","517.25","450.26","0.0","","","","","","",""
"2015.0","9.0","4.0","247.0","5168.0","0.09","0.9","0.0","5.15","0.9","4.64","0.0","0.0","0.0","0.0","57.36","119.72","569.98","284.99","512.61","450.26","0.0","","","","","","",""
"2015.0","9.0","5.0","248.0","5168.0","0.09","0.9","0.0","5.45","0.9","4.91","0.0","0.0","0.0","0.0","62.27","119.72","569.98","284.99","507.71","450.26","0.0","","","","","","",""
"2015.0","9.0","6.0","249.0","5168.0","0.09","0.9","0.0","5.14","0.9","4.63","0.0","0.0","0.0","0.0","66.89","119.72","569.98","284.99","503.08","450.26","0.0","","","","","","",""
"2015.0","9.0","7.0","250.0","5168.0","0.09","0.9","0.0","5.35","0.9","4.82","0.0","0.0","0.0","0.0","71.71","119.72","569.98","284.99","498.27","450.26","0.0","","","","","","",""
"2015.0","9.0","8.0","251.0","5168.0","0.09","0.9","0.0","5.51","0.9","4.96","0.0","0.0","0.0","0.0","76.67","119.72","569.98","284.99","493.31","450.26","0.0","","","","","","",""
"2015.0","9.0","9.0","252.0","5168.0","0.09","0.9","0.0","6.15","0.9","5.54","0.0","0.0","0.0","0.0","82.2","119.72","569.98","284.99","487.77","450.26","0.0","","","","","","",""
"2015.0","9.0","10.0","253.0","5168.0","0.09","0.9","0.0","6.46","0.9","5.81","0.0","0.0","0.0","0.0","88.02","119.72","569.98","284.99","481.96","450.26","0.0","","","","","","",""
"2015.0","9.0","11.0","254.0","5168.0","0.09","0.9","0.0","5.99","0.9","5.39","0.0","0.0","0.0","0.0","93.41","119.72","569.98","284.99","476.57","450.26","0.0","","","","","","",""
"2015.0","9.0","12.0","255.0","5168.0","0.09","0.9","0.0","4.16","0.9","3.74","0.0","0.0","0.0","0.0","97.15","119.72","569.98","284.99","472.83","450.26","0.0","","","","","","",""
"2015.0","9.0","13.0","256.0","5168.0","0.09","0.9","0.0","5.02","0.9","4.52","0.0","0.0","0.0","0.0","101.67","119.72","569.98","284.99","468.31","450.26","0.0","","","","","","",""
"2015.0","9.0","14.0","257.0","5168.0","0.09","0.9","0.0","3.65","0.9","3.29","0.0","0.0","0.0","0.0","104.95","119.72","569.98","284.99","465.02","450.26","0.0","","","","","","",""
"2015.0","9.0","15.0","258.0","5168.0","0.09","0.9","0.0","4.63","0.9","4.17","0.0","0.0","0.0","0.0","109.12","119.72","569.98","284.99","460.86","450.26","0.0","","","","","","",""
"2015.0","9.0","16.0","259.0","5168.0","0.09","0.9","0.0","3.63","0.9","3.27","0.0","0.0","0.0","0.0","112.39","119.72","569.98","284.99","457.59","450.26","0.0","","","","","","",""
"2015.0","9.0","17.0","260.0","5168.0","0.09","0.9","0.0","3.92","0.9","3.53","0.0","0.0","0.0","0.0","115.92","119.72","569.98","284.99","454.06","450.26","0.0","","","","","","",""
"2015.0","9.0","18.0","261.0","5168.0","0.09","0.9","0.0","4.56","0.9","4.1","0.0","0.0","0.0","0.0","0.0","119.72","569.98","284.99","569.98","450.26","120.02","","","","","","",""
"2015.0","9.0","19.0","262.0","5168.0","0.09","0.9","0.0","4.65","0.9","4.19","0.0","0.0","0.0","0.0","4.19","119.72","569.98","284.99","565.79","450.26","0.0","","","","","","",""
"2015.0","9.0","20.0","263.0","5168.0","0.09","0.9","0.0","4.8","0.9","4.32","0.0","0.0","0.0","0.0","8.51","119.72","569.98","284.99","561.47","450.26","0.0","","","","","","",""
"2015.0","9.0","21.0","264.0","5168.0","0.09","0.9","0.0","5.53","0.9","4.98","0.0","0.0","0.0","0.0","13.48","119.72","569.98","284.99","556.49","450.26","0.0","","","","","","",""
"2015.0","9.0","22.0","265.0","5168.0","0.09","0.9","0.0","5.15","0.9","4.64","0.0","0.0","0.0","0.0","18.12","119.72","569.98","284.99","551.86","450.26","0.0","","","","","","",""
"2015.0","9.0","23.0","266.0","5168.0","0.09","0.9","0.0","4.56","0.9","4.1","0.0","0.0","0.0","0.0","22.22","119.72","569.98","284.99","547.76","450.26","0.0","","","","","","",""
"2015.0","9.0","24.0","267.0","5168.0","0.09","0.9","0.0","4.55","0.9","4.1","0.0","0.0","0.0","0.0","26.32","119.72","569.98","284.99","543.66","450.26","0.0","","","","","","",""
"2015.0","9.0","25.0","268.0","5168.0","0.09","0.9","0.0","5.43","0.9","4.89","0.0","0.0","0.0","0.0","31.2","119.72","569.98","284.99","538.77","450.26","0.0","","","","","","",""
"2015.0","9.0","26.0","269.0","5168.0","0.09","0.9","0.0","5.3","0.9","4.77","0.0","0.0","0.0","0.0","35.97","119.72","569.98","284.99","534.0","450.26","0.0","","","","","","",""
"2015.0","9.0","27.0","270.0","5168.0","0.09","0.9","0.0","3.79","0.9","3.41","0.0","0.0","0.0","0.0","39.38","119.72","569.98","284.99","530.59","450.26","0.0","","","","","","",""
"2015.0","9.0","28.0","271.0","5168.0","0.09","0.9","0.0","4.18","0.9","3.76","0.0","0.0","0.0","0.0","43.15","119.72","569.98","284.99","526.83","450.26","0.0","","","","","","",""
"2015.0","9.0","29.0","272.0","5168.0","0.09","0.9","0.0","3.64","0.9","3.28","0.0","0.0","0.0","0.0","46.42","119.72","569.98","284.99","523.55","450.26","0.0","","","","","","",""
"2015.0","9.0","30.0","273.0","5168.0","0.09","0.9","0.0","1.99","0.9","1.79","0.0","0.0","0.0","0.0","48.21","119.72","569.98","284.99","521.76","450.26","0.0","","","","","","",""
