" Daily soil water balance output for Almonds in 185_Contra Costa DAU_Co within 06_San Joaquin River for WY 2015","","","","","","","","","","","","","","","","","","","","","","","Annual and in-season monthly output for Almonds in 185_Contra Costa DAU_Co within 06_San Joaquin River for WY 2015","","","","","","",""
"Year","Mon","Day","DOY"," Area","OKc","IKc","CCKc","ETo","Kc","ETc","Pcp","Er","Spg","Espg","SWD","SWDx","FC","PWP","SWC"," YT ","NA","","Year","Mon"," Area","ETo","ETc","ETc","ETc","ETc"
" #  "," # "," # ","  #","Acres","   ","   ","    "," mm","mm"," mm"," mm","mm"," mm"," mm "," mm"," mm ","mm"," mm"," mm"," mm"," mm","","#  "," # "," Acres"," mm"," mm","acre-ft"," mm","acre-ft"
"2014.0","10.0","1.0","274.0","3.0","0.08","1.15","0.0","5.56","1.15","6.39","0.0","0.0","0.0","0.0","65.2","142.49","569.98","284.99","504.77","427.48","0.0","","2014.0","10.0","3.0","100.46","97.88","0.963385826772","97.9","0.963582677165"
"2014.0","10.0","2.0","275.0","3.0","0.08","1.15","0.0","4.08","1.15","4.69","0.0","0.0","0.0","0.0","69.89","142.49","569.98","284.99","500.08","427.48","0.0","","2014.0","11.0","3.0","43.94","26.21","0.257972440945","0.0","0.0"
"2014.0","10.0","3.0","276.0","3.0","0.08","1.15","0.0","4.13","1.15","4.75","0.0","0.0","0.0","0.0","74.64","142.49","569.98","284.99","495.33","427.48","0.0","","2014.0","12.0","3.0","32.25","35.14","0.345866141732","0.0","0.0"
"2014.0","10.0","4.0","277.0","3.0","0.08","1.15","0.0","4.12","1.15","4.74","0.0","0.0","0.0","0.0","79.38","142.49","569.98","284.99","490.59","427.48","0.0","","2015.0","1.0","3.0","31.89","16.61","0.163484251969","0.0","0.0"
"2014.0","10.0","5.0","278.0","3.0","0.08","1.15","0.0","3.97","1.15","4.57","0.0","0.0","0.0","0.0","83.95","142.49","569.98","284.99","486.03","427.48","0.0","","2015.0","2.0","3.0","56.06","40.49","0.398523622047","21.62","0.212795275591"
"2014.0","10.0","6.0","279.0","3.0","0.08","1.13","0.0","3.97","1.13","4.49","0.0","0.0","0.0","0.0","88.44","142.49","569.98","284.99","481.54","427.48","0.0","","2015.0","3.0","3.0","102.94","75.32","0.741338582677","75.32","0.741338582677"
"2014.0","10.0","7.0","280.0","3.0","0.08","1.11","0.0","4.08","1.11","4.54","0.0","0.0","0.0","0.0","92.97","142.49","569.98","284.99","477.0","427.48","0.0","","2015.0","4.0","3.0","136.61","118.39","1.16525590551","118.4","1.16535433071"
"2014.0","10.0","8.0","281.0","3.0","0.08","1.09","0.0","4.81","1.09","5.25","0.0","0.0","0.0","0.0","98.23","142.49","569.98","284.99","471.75","427.48","0.0","","2015.0","5.0","3.0","150.49","146.13","1.43828740157","146.14","1.43838582677"
"2014.0","10.0","9.0","282.0","3.0","0.08","1.07","0.0","4.12","1.07","4.42","0.0","0.0","0.0","0.0","102.65","142.49","569.98","284.99","467.33","427.48","0.0","","2015.0","6.0","3.0","196.51","218.24","2.14803149606","218.23","2.14793307087"
"2014.0","10.0","10.0","283.0","3.0","0.08","1.05","0.0","3.54","1.05","3.73","0.0","0.0","0.0","0.0","106.38","142.49","569.98","284.99","463.6","427.48","0.0","","2015.0","7.0","3.0","204.06","234.65","2.30954724409","234.67","2.30974409449"
"2014.0","10.0","11.0","284.0","3.0","0.08","1.03","0.0","3.45","1.03","3.57","0.0","0.0","0.0","0.0","109.95","142.49","569.98","284.99","460.03","427.48","0.0","","2015.0","8.0","3.0","187.5","215.61","2.12214566929","215.63","2.12234251969"
"2014.0","10.0","12.0","285.0","3.0","0.08","1.02","0.0","6.01","1.02","6.1","0.0","0.0","0.0","0.0","116.05","142.49","569.98","284.99","453.93","427.48","0.0","","2015.0","9.0","3.0","144.17","165.77","1.63159448819","165.8","1.63188976378"
"2014.0","10.0","13.0","286.0","3.0","0.08","1.0","0.0","3.98","1.0","3.96","0.0","0.0","0.0","0.0","120.01","142.49","569.98","284.99","449.96","427.48","0.0","","","","","","","","",""
"2014.0","10.0","14.0","287.0","3.0","0.08","0.98","0.0","3.08","0.98","3.01","0.0","0.0","0.0","0.0","123.02","142.49","569.98","284.99","446.95","427.48","0.0","","","","","","","","",""
"2014.0","10.0","15.0","288.0","3.0","0.08","0.96","0.0","2.4","0.96","2.3","0.0","0.0","0.0","0.0","125.32","142.49","569.98","284.99","444.65","427.48","0.0","","","","","","","","",""
"2014.0","10.0","16.0","289.0","3.0","0.08","0.94","0.0","2.69","0.94","2.52","0.0","0.0","0.0","0.0","127.85","142.49","569.98","284.99","442.13","427.48","0.0","","","","","","","","",""
"2014.0","10.0","17.0","290.0","3.0","0.08","0.92","0.0","2.49","0.92","2.29","0.0","0.0","0.0","0.0","130.14","142.49","569.98","284.99","439.84","427.48","0.0","","","","","","","","",""
"2014.0","10.0","18.0","291.0","3.0","0.08","0.9","0.0","2.85","0.9","2.57","0.0","0.0","0.0","0.0","132.7","142.49","569.98","284.99","437.28","427.48","0.0","","","","","","","","",""
"2014.0","10.0","19.0","292.0","3.0","0.08","0.88","0.0","2.85","0.88","2.51","0.0","0.0","0.0","0.0","135.21","142.49","569.98","284.99","434.77","427.48","0.0","","","","","","","","",""
"2014.0","10.0","20.0","293.0","3.0","0.08","0.86","0.0","2.16","0.86","1.86","0.0","0.0","0.0","0.0","137.07","142.49","569.98","284.99","432.9","427.48","0.0","","","","","","","","",""
"2014.0","10.0","21.0","294.0","3.0","0.08","0.84","0.0","2.66","0.84","2.24","0.0","0.0","0.0","0.0","139.31","142.49","569.98","284.99","430.66","427.48","0.0","","","","","","","","",""
"2014.0","10.0","22.0","295.0","3.0","0.08","0.82","0.0","2.54","0.82","2.09","0.0","0.0","0.0","0.0","141.4","142.49","569.98","284.99","428.57","427.48","0.0","","","","","","","","",""
"2014.0","10.0","23.0","296.0","3.0","0.08","0.8","0.0","2.49","0.8","2.0","0.0","0.0","0.0","0.0","0.0","142.49","569.98","284.99","569.98","427.48","143.4","","","","","","","","",""
"2014.0","10.0","24.0","297.0","3.0","0.08","0.78","0.0","2.54","0.78","1.99","0.0","0.0","0.0","0.0","1.99","142.49","569.98","284.99","567.98","427.48","0.0","","","","","","","","",""
"2014.0","10.0","25.0","298.0","3.0","0.08","0.77","0.0","2.22","0.77","1.7","0.0","0.0","0.0","0.0","3.69","142.49","569.98","284.99","566.28","427.48","0.0","","","","","","","","",""
"2014.0","10.0","26.0","299.0","3.0","0.08","0.75","0.0","2.66","0.75","1.98","0.87","0.87","0.0","0.0","4.81","142.49","569.98","284.99","565.17","427.48","0.0","","","","","","","","",""
"2014.0","10.0","27.0","300.0","3.0","0.08","0.73","0.0","2.48","0.73","1.8","0.0","0.0","0.0","0.0","6.61","142.49","569.98","284.99","563.37","427.48","0.0","","","","","","","","",""
"2014.0","10.0","28.0","301.0","3.0","0.08","0.71","0.0","2.36","0.71","1.67","0.0","0.0","0.0","0.0","8.28","142.49","569.98","284.99","561.7","427.48","0.0","","","","","","","","",""
"2014.0","10.0","29.0","302.0","3.0","0.08","0.69","0.0","2.44","0.69","1.68","0.0","0.0","0.0","0.0","9.96","142.49","569.98","284.99","560.02","427.48","0.0","","","","","","","","",""
"2014.0","10.0","30.0","303.0","3.0","0.08","0.67","0.0","2.44","0.67","1.63","0.0","0.0","0.0","0.0","11.59","142.49","569.98","284.99","558.38","427.48","0.0","","","","","","","","",""
"2014.0","10.0","31.0","304.0","3.0","0.08","0.65","0.0","1.29","0.65","0.84","0.07","0.07","0.0","0.0","12.36","142.49","569.98","284.99","557.61","427.48","0.0","","","","","","","","",""
"2014.0","11.0","1.0","305.0","3.0","0.08","0.0","0.0","1.83","0.08","0.15","5.22","5.22","0.0","0.0","7.29","28.05","569.98","284.99","562.69","541.93","0.0","","","","","","","","",""
"2014.0","11.0","2.0","306.0","3.0","0.08","0.0","0.0","2.18","0.08","0.18","0.0","0.0","0.0","0.0","7.47","28.05","569.98","284.99","562.51","541.93","0.0","","","","","","","","",""
"2014.0","11.0","3.0","307.0","3.0","0.08","0.0","0.0","1.8","0.08","0.15","0.0","0.0","0.0","0.0","7.61","28.05","569.98","284.99","562.36","541.93","0.0","","","","","","","","",""
"2014.0","11.0","4.0","308.0","3.0","0.08","0.0","0.0","1.75","0.08","0.14","0.0","0.0","0.0","0.0","7.75","28.05","569.98","284.99","562.22","541.93","0.0","","","","","","","","",""
"2014.0","11.0","5.0","309.0","3.0","0.08","0.0","0.0","1.9","0.08","0.15","0.0","0.0","0.0","0.0","7.91","28.05","569.98","284.99","562.07","541.93","0.0","","","","","","","","",""
"2014.0","11.0","6.0","310.0","3.0","0.08","0.0","0.0","1.91","0.08","0.15","0.0","0.0","0.0","0.0","8.06","28.05","569.98","284.99","561.92","541.93","0.0","","","","","","","","",""
"2014.0","11.0","7.0","311.0","3.0","0.08","0.0","0.0","1.94","0.08","0.16","0.0","0.0","0.0","0.0","8.22","28.05","569.98","284.99","561.76","541.93","0.0","","","","","","","","",""
"2014.0","11.0","8.0","312.0","3.0","0.08","0.0","0.0","1.87","0.08","0.15","0.0","0.0","0.0","0.0","8.37","28.05","569.98","284.99","561.61","541.93","0.0","","","","","","","","",""
"2014.0","11.0","9.0","313.0","3.0","0.08","0.0","0.0","1.83","0.08","0.15","0.0","0.0","0.0","0.0","8.52","28.05","569.98","284.99","561.46","541.93","0.0","","","","","","","","",""
"2014.0","11.0","10.0","314.0","3.0","0.08","0.0","0.0","1.84","0.08","0.15","0.0","0.0","0.0","0.0","8.66","28.05","569.98","284.99","561.31","541.93","0.0","","","","","","","","",""
"2014.0","11.0","11.0","315.0","3.0","0.08","0.0","0.0","1.55","0.08","0.12","0.0","0.0","0.0","0.0","8.79","28.05","569.98","284.99","561.19","541.93","0.0","","","","","","","","",""
"2014.0","11.0","12.0","316.0","3.0","0.08","0.0","0.0","1.54","0.08","0.12","0.0","0.0","0.0","0.0","8.91","28.05","569.98","284.99","561.06","541.93","0.0","","","","","","","","",""
"2014.0","11.0","13.0","317.0","3.0","1.18","0.0","0.0","1.07","1.18","1.26","5.34","5.34","0.0","0.0","4.83","28.05","569.98","284.99","565.14","541.93","0.0","","","","","","","","",""
"2014.0","11.0","14.0","318.0","3.0","1.17","0.0","0.0","1.4","1.17","1.64","0.95","0.95","0.0","0.0","5.52","28.05","569.98","284.99","564.45","541.93","0.0","","","","","","","","",""
"2014.0","11.0","15.0","319.0","3.0","1.17","0.0","0.0","1.34","1.17","1.57","0.0","0.0","0.0","0.0","7.09","28.05","569.98","284.99","562.89","541.93","0.0","","","","","","","","",""
"2014.0","11.0","16.0","320.0","3.0","1.16","0.0","0.0","1.94","1.16","2.26","0.07","0.07","0.0","0.0","9.27","28.05","569.98","284.99","560.7","541.93","0.0","","","","","","","","",""
"2014.0","11.0","17.0","321.0","3.0","1.02","0.0","0.0","1.79","1.02","1.83","0.0","0.0","0.0","0.0","11.1","28.05","569.98","284.99","558.88","541.93","0.0","","","","","","","","",""
"2014.0","11.0","18.0","322.0","3.0","0.94","0.0","0.0","1.33","0.94","1.25","0.0","0.0","0.0","0.0","12.35","28.05","569.98","284.99","557.63","541.93","0.0","","","","","","","","",""
"2014.0","11.0","19.0","323.0","3.0","0.89","0.0","0.0","1.09","0.89","0.97","0.59","0.59","0.0","0.0","12.73","28.05","569.98","284.99","557.25","541.93","0.0","","","","","","","","",""
"2014.0","11.0","20.0","324.0","3.0","1.19","0.0","0.0","0.63","1.19","0.75","2.88","2.88","0.0","0.0","10.6","28.05","569.98","284.99","559.38","541.93","0.0","","","","","","","","",""
"2014.0","11.0","21.0","325.0","3.0","1.18","0.0","0.0","0.9","1.18","1.07","4.27","4.27","0.0","0.0","7.4","28.05","569.98","284.99","562.58","541.93","0.0","","","","","","","","",""
"2014.0","11.0","22.0","326.0","3.0","1.18","0.0","0.0","1.25","1.18","1.47","0.9","0.9","0.0","0.0","7.97","28.05","569.98","284.99","562.01","541.93","0.0","","","","","","","","",""
"2014.0","11.0","23.0","327.0","3.0","1.16","0.0","0.0","1.56","1.16","1.81","3.21","3.21","0.0","0.0","6.56","28.05","569.98","284.99","563.41","541.93","0.0","","","","","","","","",""
"2014.0","11.0","24.0","328.0","3.0","1.16","0.0","0.0","1.39","1.16","1.61","0.0","0.0","0.0","0.0","8.18","28.05","569.98","284.99","561.8","541.93","0.0","","","","","","","","",""
"2014.0","11.0","25.0","329.0","3.0","1.16","0.0","0.0","1.25","1.16","1.46","0.0","0.0","0.0","0.0","9.63","28.05","569.98","284.99","560.34","541.93","0.0","","","","","","","","",""
"2014.0","11.0","26.0","330.0","3.0","1.17","0.0","0.0","1.26","1.17","1.47","0.0","0.0","0.0","0.0","11.1","28.05","569.98","284.99","558.88","541.93","0.0","","","","","","","","",""
"2014.0","11.0","27.0","331.0","3.0","1.09","0.0","0.0","1.19","1.09","1.3","0.0","0.0","0.0","0.0","12.4","28.05","569.98","284.99","557.58","541.93","0.0","","","","","","","","",""
"2014.0","11.0","28.0","332.0","3.0","1.01","0.0","0.0","1.14","1.01","1.15","0.0","0.0","0.0","0.0","13.54","28.05","569.98","284.99","556.43","541.93","0.0","","","","","","","","",""
"2014.0","11.0","29.0","333.0","3.0","0.96","0.0","0.0","0.81","0.96","0.78","0.48","0.48","0.0","0.0","13.84","28.05","569.98","284.99","556.13","541.93","0.0","","","","","","","","",""
"2014.0","11.0","30.0","334.0","3.0","1.19","0.0","0.0","0.66","1.19","0.79","3.64","3.64","0.0","0.0","10.99","28.05","569.98","284.99","558.99","541.93","0.0","","","","","","","","",""
"2014.0","12.0","1.0","335.0","3.0","1.18","0.0","0.0","0.96","1.18","1.13","10.55","10.55","0.0","0.0","1.57","28.05","569.98","284.99","568.4","541.93","0.0","","","","","","","","",""
"2014.0","12.0","2.0","336.0","3.0","1.19","0.0","0.0","0.64","1.19","0.76","10.14","2.34","0.0","0.0","0.0","28.05","569.98","284.99","569.98","541.93","0.0","","","","","","","","",""
"2014.0","12.0","3.0","337.0","3.0","1.17","0.0","0.0","1.15","1.17","1.35","32.71","1.35","0.0","0.0","0.0","28.05","569.98","284.99","569.98","541.93","0.0","","","","","","","","",""
"2014.0","12.0","4.0","338.0","3.0","1.18","0.0","0.0","1.1","1.18","1.29","6.73","1.29","0.0","0.0","0.0","28.05","569.98","284.99","569.98","541.93","0.0","","","","","","","","",""
"2014.0","12.0","5.0","339.0","3.0","1.18","0.0","0.0","0.9","1.18","1.06","0.56","0.56","0.0","0.0","0.5","28.05","569.98","284.99","569.47","541.93","0.0","","","","","","","","",""
"2014.0","12.0","6.0","340.0","3.0","1.18","0.0","0.0","1.08","1.18","1.27","3.46","1.77","0.0","0.0","0.0","28.05","569.98","284.99","569.98","541.93","0.0","","","","","","","","",""
"2014.0","12.0","7.0","341.0","3.0","1.18","0.0","0.0","0.73","1.18","0.86","0.14","0.14","0.0","0.0","0.72","28.05","569.98","284.99","569.25","541.93","0.0","","","","","","","","",""
"2014.0","12.0","8.0","342.0","3.0","1.18","0.0","0.0","0.84","1.18","1.0","0.0","0.0","0.0","0.0","1.72","28.05","569.98","284.99","568.26","541.93","0.0","","","","","","","","",""
"2014.0","12.0","9.0","343.0","3.0","1.19","0.0","0.0","0.67","1.19","0.8","0.0","0.0","0.0","0.0","2.51","28.05","569.98","284.99","567.46","541.93","0.0","","","","","","","","",""
"2014.0","12.0","10.0","344.0","3.0","1.19","0.0","0.0","0.91","1.19","1.08","0.0","0.0","0.0","0.0","3.59","28.05","569.98","284.99","566.38","541.93","0.0","","","","","","","","",""
"2014.0","12.0","11.0","345.0","3.0","1.18","0.0","0.0","1.28","1.18","1.51","0.0","0.0","0.0","0.0","5.11","28.05","569.98","284.99","564.87","541.93","0.0","","","","","","","","",""
"2014.0","12.0","12.0","346.0","3.0","1.2","0.0","0.0","0.62","1.2","0.74","67.69","5.85","0.0","0.0","0.0","28.05","569.98","284.99","569.98","541.93","0.0","","","","","","","","",""
"2014.0","12.0","13.0","347.0","3.0","1.19","0.0","0.0","0.72","1.19","0.86","1.17","0.86","0.0","0.0","0.0","28.05","569.98","284.99","569.98","541.93","0.0","","","","","","","","",""
"2014.0","12.0","14.0","348.0","3.0","1.19","0.0","0.0","0.78","1.19","0.93","0.0","0.0","0.0","0.0","0.93","28.05","569.98","284.99","569.05","541.93","0.0","","","","","","","","",""
"2014.0","12.0","15.0","349.0","3.0","1.18","0.0","0.0","0.98","1.18","1.16","12.1","2.09","0.0","0.0","0.0","28.05","569.98","284.99","569.98","541.93","0.0","","","","","","","","",""
"2014.0","12.0","16.0","350.0","3.0","1.17","0.0","0.0","1.22","1.17","1.43","11.08","1.43","0.0","0.0","0.0","28.05","569.98","284.99","569.98","541.93","0.0","","","","","","","","",""
"2014.0","12.0","17.0","351.0","3.0","1.18","0.0","0.0","0.95","1.18","1.12","11.26","1.12","0.0","0.0","0.0","28.05","569.98","284.99","569.98","541.93","0.0","","","","","","","","",""
"2014.0","12.0","18.0","352.0","3.0","1.18","0.0","0.0","0.97","1.18","1.15","3.99","1.15","0.0","0.0","0.0","28.05","569.98","284.99","569.98","541.93","0.0","","","","","","","","",""
"2014.0","12.0","19.0","353.0","3.0","1.18","0.0","0.0","0.84","1.18","0.99","0.0","0.0","0.0","0.0","0.99","28.05","569.98","284.99","568.98","541.93","0.0","","","","","","","","",""
"2014.0","12.0","20.0","354.0","3.0","1.19","0.0","0.0","0.68","1.19","0.81","9.13","1.81","0.0","0.0","0.0","28.05","569.98","284.99","569.98","541.93","0.0","","","","","","","","",""
"2014.0","12.0","21.0","355.0","3.0","1.19","0.0","0.0","0.99","1.19","1.17","0.01","0.01","0.0","0.0","1.16","28.05","569.98","284.99","568.81","541.93","0.0","","","","","","","","",""
"2014.0","12.0","22.0","356.0","3.0","1.19","0.0","0.0","0.78","1.19","0.93","0.0","0.0","0.0","0.0","2.09","28.05","569.98","284.99","567.89","541.93","0.0","","","","","","","","",""
"2014.0","12.0","23.0","357.0","3.0","1.19","0.0","0.0","0.75","1.19","0.89","0.0","0.0","0.0","0.0","2.98","28.05","569.98","284.99","566.99","541.93","0.0","","","","","","","","",""
"2014.0","12.0","24.0","358.0","3.0","1.19","0.0","0.0","0.96","1.19","1.14","0.0","0.0","0.0","0.0","4.12","28.05","569.98","284.99","565.85","541.93","0.0","","","","","","","","",""
"2014.0","12.0","25.0","359.0","3.0","1.14","0.0","0.0","1.94","1.14","2.22","0.81","0.81","0.0","0.0","5.53","28.05","569.98","284.99","564.45","541.93","0.0","","","","","","","","",""
"2014.0","12.0","26.0","360.0","3.0","1.01","0.0","0.0","1.7","1.01","1.72","0.0","0.0","0.0","0.0","7.24","28.05","569.98","284.99","562.73","541.93","0.0","","","","","","","","",""
"2014.0","12.0","27.0","361.0","3.0","0.96","0.0","0.0","0.76","0.96","0.73","0.0","0.0","0.0","0.0","7.98","28.05","569.98","284.99","562.0","541.93","0.0","","","","","","","","",""
"2014.0","12.0","28.0","362.0","3.0","0.93","0.0","0.0","0.75","0.93","0.69","0.0","0.0","0.0","0.0","8.67","28.05","569.98","284.99","561.3","541.93","0.0","","","","","","","","",""
"2014.0","12.0","29.0","363.0","3.0","0.9","0.0","0.0","0.55","0.9","0.49","0.0","0.0","0.0","0.0","9.17","28.05","569.98","284.99","560.81","541.93","0.0","","","","","","","","",""
"2014.0","12.0","30.0","364.0","3.0","0.8","0.0","0.0","2.45","0.8","1.97","0.0","0.0","0.0","0.0","11.13","28.05","569.98","284.99","558.84","541.93","0.0","","","","","","","","",""
"2014.0","12.0","31.0","365.0","3.0","0.73","0.0","0.0","2.6","0.73","1.89","0.0","0.0","0.0","0.0","13.03","28.05","569.98","284.99","556.95","541.93","0.0","","","","","","","","",""
"2015.0","1.0","1.0","1.0","3.0","0.71","0.0","0.0","0.96","0.71","0.68","0.0","0.0","0.0","0.0","13.71","28.05","569.98","284.99","556.27","541.93","0.0","","","","","","","","",""
"2015.0","1.0","2.0","2.0","3.0","0.69","0.0","0.0","0.89","0.69","0.61","0.0","0.0","0.0","0.0","14.32","28.05","569.98","284.99","555.66","541.93","0.0","","","","","","","","",""
"2015.0","1.0","3.0","3.0","3.0","0.67","0.0","0.0","0.88","0.67","0.59","0.0","0.0","0.0","0.0","14.91","28.05","569.98","284.99","555.07","541.93","0.0","","","","","","","","",""
"2015.0","1.0","4.0","4.0","3.0","0.65","0.0","0.0","0.99","0.65","0.65","0.0","0.0","0.0","0.0","15.55","28.05","569.98","284.99","554.42","541.93","0.0","","","","","","","","",""
"2015.0","1.0","5.0","5.0","3.0","0.64","0.0","0.0","0.96","0.64","0.61","0.0","0.0","0.0","0.0","16.17","28.05","569.98","284.99","553.81","541.93","0.0","","","","","","","","",""
"2015.0","1.0","6.0","6.0","3.0","0.62","0.0","0.0","1.23","0.62","0.76","0.0","0.0","0.0","0.0","16.92","28.05","569.98","284.99","553.05","541.93","0.0","","","","","","","","",""
"2015.0","1.0","7.0","7.0","3.0","0.6","0.0","0.0","1.21","0.6","0.73","0.0","0.0","0.0","0.0","17.65","28.05","569.98","284.99","552.33","541.93","0.0","","","","","","","","",""
"2015.0","1.0","8.0","8.0","3.0","0.59","0.0","0.0","1.01","0.59","0.59","0.0","0.0","0.0","0.0","18.24","28.05","569.98","284.99","551.73","541.93","0.0","","","","","","","","",""
"2015.0","1.0","9.0","9.0","3.0","0.58","0.0","0.0","0.89","0.58","0.51","0.0","0.0","0.0","0.0","18.76","28.05","569.98","284.99","551.22","541.93","0.0","","","","","","","","",""
"2015.0","1.0","10.0","10.0","3.0","0.56","0.0","0.0","1.01","0.56","0.57","0.0","0.0","0.0","0.0","19.33","28.05","569.98","284.99","550.65","541.93","0.0","","","","","","","","",""
"2015.0","1.0","11.0","11.0","3.0","0.56","0.0","0.0","0.85","0.56","0.47","0.0","0.0","0.0","0.0","19.8","28.05","569.98","284.99","550.18","541.93","0.0","","","","","","","","",""
"2015.0","1.0","12.0","12.0","3.0","0.54","0.0","0.0","0.99","0.54","0.54","0.0","0.0","0.0","0.0","20.34","28.05","569.98","284.99","549.64","541.93","0.0","","","","","","","","",""
"2015.0","1.0","13.0","13.0","3.0","0.53","0.0","0.0","1.06","0.53","0.57","0.0","0.0","0.0","0.0","20.9","28.05","569.98","284.99","549.07","541.93","0.0","","","","","","","","",""
"2015.0","1.0","14.0","14.0","3.0","0.53","0.0","0.0","0.61","0.53","0.32","0.0","0.0","0.0","0.0","21.23","28.05","569.98","284.99","548.75","541.93","0.0","","","","","","","","",""
"2015.0","1.0","15.0","15.0","3.0","0.52","0.0","0.0","0.65","0.52","0.34","0.0","0.0","0.0","0.0","21.57","28.05","569.98","284.99","548.41","541.93","0.0","","","","","","","","",""
"2015.0","1.0","16.0","16.0","3.0","0.52","0.0","0.0","0.57","0.52","0.3","0.0","0.0","0.0","0.0","21.86","28.05","569.98","284.99","548.12","541.93","0.0","","","","","","","","",""
"2015.0","1.0","17.0","17.0","3.0","0.51","0.0","0.0","0.51","0.51","0.26","0.0","0.0","0.0","0.0","22.12","28.05","569.98","284.99","547.85","541.93","0.0","","","","","","","","",""
"2015.0","1.0","18.0","18.0","3.0","0.51","0.0","0.0","0.61","0.51","0.31","0.0","0.0","0.0","0.0","22.43","28.05","569.98","284.99","547.54","541.93","0.0","","","","","","","","",""
"2015.0","1.0","19.0","19.0","3.0","0.5","0.0","0.0","0.58","0.5","0.29","0.17","0.17","0.0","0.0","22.56","28.05","569.98","284.99","547.42","541.93","0.0","","","","","","","","",""
"2015.0","1.0","20.0","20.0","3.0","0.5","0.0","0.0","0.8","0.5","0.4","0.0","0.0","0.0","0.0","22.95","28.05","569.98","284.99","547.02","541.93","0.0","","","","","","","","",""
"2015.0","1.0","21.0","21.0","3.0","0.49","0.0","0.0","1.03","0.49","0.5","0.0","0.0","0.0","0.0","23.46","28.05","569.98","284.99","546.52","541.93","0.0","","","","","","","","",""
"2015.0","1.0","22.0","22.0","3.0","0.49","0.0","0.0","0.69","0.49","0.33","0.0","0.0","0.0","0.0","23.79","28.05","569.98","284.99","546.18","541.93","0.0","","","","","","","","",""
"2015.0","1.0","23.0","23.0","3.0","0.48","0.0","0.0","0.99","0.48","0.47","0.0","0.0","0.0","0.0","24.27","28.05","569.98","284.99","545.71","541.93","0.0","","","","","","","","",""
"2015.0","1.0","24.0","24.0","3.0","0.47","0.0","0.0","0.91","0.47","0.43","0.0","0.0","0.0","0.0","24.7","28.05","569.98","284.99","545.28","541.93","0.0","","","","","","","","",""
"2015.0","1.0","25.0","25.0","3.0","0.47","0.0","0.0","1.02","0.47","0.47","0.0","0.0","0.0","0.0","25.17","28.05","569.98","284.99","544.8","541.93","0.0","","","","","","","","",""
"2015.0","1.0","26.0","26.0","3.0","0.46","0.0","0.0","1.21","0.46","0.55","0.0","0.0","0.0","0.0","25.73","28.05","569.98","284.99","544.25","541.93","0.0","","","","","","","","",""
"2015.0","1.0","27.0","27.0","3.0","0.45","0.0","0.0","1.16","0.45","0.52","0.0","0.0","0.0","0.0","26.25","28.05","569.98","284.99","543.73","541.93","0.0","","","","","","","","",""
"2015.0","1.0","28.0","28.0","3.0","0.44","0.0","0.0","1.45","0.44","0.64","0.0","0.0","0.0","0.0","26.89","28.05","569.98","284.99","543.08","541.93","0.0","","","","","","","","",""
"2015.0","1.0","29.0","29.0","3.0","0.44","0.0","0.0","1.38","0.44","0.6","0.0","0.0","0.0","0.0","27.49","28.05","569.98","284.99","542.48","541.93","0.0","","","","","","","","",""
"2015.0","1.0","30.0","30.0","3.0","0.43","0.0","0.0","1.73","0.43","0.74","0.0","0.0","0.0","0.0","28.23","28.05","569.98","284.99","541.75","541.93","0.0","","","","","","","","",""
"2015.0","1.0","31.0","31.0","3.0","0.41","0.0","0.0","3.06","0.41","1.26","0.0","0.0","0.0","0.0","28.05","28.05","569.98","284.99","541.93","541.93","0.0","","","","","","","","",""
"2015.0","2.0","1.0","32.0","3.0","0.41","0.0","0.0","1.51","0.41","0.61","0.0","0.0","0.0","0.0","28.66","28.05","569.98","284.99","541.31","541.93","0.0","","","","","","","","",""
"2015.0","2.0","2.0","33.0","3.0","0.4","0.0","0.0","1.52","0.4","0.61","0.0","0.0","0.0","0.0","28.05","28.05","569.98","284.99","541.93","541.93","0.0","","","","","","","","",""
"2015.0","2.0","3.0","34.0","3.0","0.39","0.0","0.0","1.6","0.39","0.63","0.0","0.0","0.0","0.0","28.68","28.05","569.98","284.99","541.3","541.93","0.0","","","","","","","","",""
"2015.0","2.0","4.0","35.0","3.0","0.39","0.0","0.0","1.34","0.39","0.52","0.0","0.0","0.0","0.0","28.05","28.05","569.98","284.99","541.93","541.93","0.0","","","","","","","","",""
"2015.0","2.0","5.0","36.0","3.0","0.38","0.0","0.0","1.02","0.38","0.39","0.0","0.0","0.0","0.0","28.44","28.05","569.98","284.99","541.53","541.93","0.0","","","","","","","","",""
"2015.0","2.0","6.0","37.0","3.0","1.13","0.0","0.0","2.15","1.13","2.44","6.0","6.0","0.0","0.0","22.44","28.05","569.98","284.99","547.53","541.93","0.0","","","","","","","","",""
"2015.0","2.0","7.0","38.0","3.0","1.16","0.0","0.0","1.45","1.16","1.68","12.31","12.31","0.0","0.0","11.82","28.05","569.98","284.99","558.16","541.93","0.0","","","","","","","","",""
"2015.0","2.0","8.0","39.0","3.0","1.16","0.0","0.0","1.48","1.16","1.72","13.84","13.53","0.0","0.0","0.0","28.05","569.98","284.99","569.98","541.93","0.0","","","","","","","","",""
"2015.0","2.0","9.0","40.0","3.0","1.14","0.0","0.0","2.07","1.14","2.35","11.18","2.35","0.0","0.0","0.0","28.05","569.98","284.99","569.98","541.93","0.0","","","","","","","","",""
"2015.0","2.0","10.0","41.0","3.0","1.14","0.0","0.0","1.86","1.14","2.12","0.0","0.0","0.0","0.0","2.12","28.05","569.98","284.99","567.85","541.93","0.0","","","","","","","","",""
"2015.0","2.0","11.0","42.0","3.0","1.15","0.0","0.0","1.69","1.15","1.94","0.0","0.0","0.0","0.0","4.06","28.05","569.98","284.99","565.92","541.93","0.0","","","","","","","","",""
"2015.0","2.0","12.0","43.0","3.0","1.01","0.0","0.0","2.01","1.01","2.02","0.0","0.0","0.0","0.0","6.08","28.05","569.98","284.99","563.89","541.93","0.0","","","","","","","","",""
"2015.0","2.0","13.0","44.0","3.0","0.89","0.0","0.0","2.06","0.89","1.84","0.0","0.0","0.0","0.0","7.92","28.05","569.98","284.99","562.06","541.93","0.0","","","","","","","","",""
"2015.0","2.0","14.0","45.0","3.0","0.81","0.55","0.0","2.19","0.81","1.76","0.0","0.0","0.0","0.0","9.69","128.4","569.98","284.99","560.29","441.58","0.0","","","","","","","","",""
"2015.0","2.0","15.0","46.0","3.0","0.74","0.55","0.0","2.1","0.74","1.56","0.0","0.0","0.0","0.0","11.24","128.4","569.98","284.99","558.73","441.58","0.0","","","","","","","","",""
"2015.0","2.0","16.0","47.0","3.0","0.69","0.56","0.0","2.08","0.69","1.44","0.0","0.0","0.0","0.0","12.68","128.4","569.98","284.99","557.29","441.58","0.0","","","","","","","","",""
"2015.0","2.0","17.0","48.0","3.0","0.66","0.56","0.0","1.79","0.66","1.18","0.0","0.0","0.0","0.0","13.86","128.4","569.98","284.99","556.11","441.58","0.0","","","","","","","","",""
"2015.0","2.0","18.0","49.0","3.0","0.63","0.57","0.0","1.77","0.63","1.11","0.0","0.0","0.0","0.0","14.97","128.4","569.98","284.99","555.0","441.58","0.0","","","","","","","","",""
"2015.0","2.0","19.0","50.0","3.0","0.61","0.57","0.0","1.04","0.61","0.64","0.0","0.0","0.0","0.0","15.61","128.4","569.98","284.99","554.37","441.58","0.0","","","","","","","","",""
"2015.0","2.0","20.0","51.0","3.0","0.59","0.58","0.0","1.91","0.59","1.12","0.0","0.0","0.0","0.0","16.73","128.4","569.98","284.99","553.25","441.58","0.0","","","","","","","","",""
"2015.0","2.0","21.0","52.0","3.0","0.56","0.58","0.0","1.73","0.58","1.01","0.0","0.0","0.0","0.0","17.73","128.4","569.98","284.99","552.24","441.58","0.0","","","","","","","","",""
"2015.0","2.0","22.0","53.0","3.0","0.53","0.59","0.0","3.17","0.59","1.86","0.0","0.0","0.0","0.0","19.59","128.4","569.98","284.99","550.38","441.58","0.0","","","","","","","","",""
"2015.0","2.0","23.0","54.0","3.0","0.5","0.59","0.0","3.74","0.59","2.21","0.0","0.0","0.0","0.0","21.81","128.4","569.98","284.99","548.17","441.58","0.0","","","","","","","","",""
"2015.0","2.0","24.0","55.0","3.0","0.48","0.6","0.0","2.72","0.6","1.62","0.0","0.0","0.0","0.0","23.43","128.4","569.98","284.99","546.55","441.58","0.0","","","","","","","","",""
"2015.0","2.0","25.0","56.0","3.0","0.46","0.6","0.0","2.16","0.6","1.3","0.0","0.0","0.0","0.0","24.73","128.4","569.98","284.99","545.25","441.58","0.0","","","","","","","","",""
"2015.0","2.0","26.0","57.0","3.0","0.44","0.61","0.0","2.91","0.61","1.76","0.0","0.0","0.0","0.0","26.49","128.4","569.98","284.99","543.49","441.58","0.0","","","","","","","","",""
"2015.0","2.0","27.0","58.0","3.0","0.43","0.61","0.0","2.89","0.61","1.76","0.0","0.0","0.0","0.0","28.25","128.4","569.98","284.99","541.73","441.58","0.0","","","","","","","","",""
"2015.0","2.0","28.0","59.0","3.0","0.42","0.61","0.0","2.1","0.61","1.29","0.0","0.0","0.0","0.0","29.54","128.4","569.98","284.99","540.43","441.58","0.0","","","","","","","","",""
"2015.0","3.0","1.0","60.0","3.0","0.41","0.62","0.0","2.54","0.62","1.57","0.0","0.0","0.0","0.0","31.11","128.4","569.98","284.99","538.86","441.58","0.0","","","","","","","","",""
"2015.0","3.0","2.0","61.0","3.0","0.4","0.62","0.0","2.2","0.62","1.37","0.0","0.0","0.0","0.0","32.49","128.4","569.98","284.99","537.49","441.58","0.0","","","","","","","","",""
"2015.0","3.0","3.0","62.0","3.0","0.39","0.63","0.0","2.5","0.63","1.57","0.31","0.31","0.0","0.0","33.75","128.4","569.98","284.99","536.23","441.58","0.0","","","","","","","","",""
"2015.0","3.0","4.0","63.0","3.0","0.38","0.63","0.0","2.61","0.63","1.65","0.0","0.0","0.0","0.0","35.4","128.4","569.98","284.99","534.58","441.58","0.0","","","","","","","","",""
"2015.0","3.0","5.0","64.0","3.0","0.37","0.64","0.0","2.81","0.64","1.79","0.0","0.0","0.0","0.0","37.19","128.4","569.98","284.99","532.78","441.58","0.0","","","","","","","","",""
"2015.0","3.0","6.0","65.0","3.0","0.36","0.64","0.0","2.99","0.64","1.92","0.0","0.0","0.0","0.0","39.11","128.4","569.98","284.99","530.86","441.58","0.0","","","","","","","","",""
"2015.0","3.0","7.0","66.0","3.0","0.35","0.65","0.0","2.86","0.65","1.85","0.0","0.0","0.0","0.0","40.96","128.4","569.98","284.99","529.01","441.58","0.0","","","","","","","","",""
"2015.0","3.0","8.0","67.0","3.0","0.34","0.65","0.0","2.91","0.65","1.9","0.0","0.0","0.0","0.0","42.86","128.4","569.98","284.99","527.12","441.58","0.0","","","","","","","","",""
"2015.0","3.0","9.0","68.0","3.0","0.33","0.66","0.0","2.86","0.66","1.88","0.0","0.0","0.0","0.0","44.74","128.4","569.98","284.99","525.24","441.58","0.0","","","","","","","","",""
"2015.0","3.0","10.0","69.0","3.0","0.33","0.66","0.0","2.39","0.66","1.58","0.0","0.0","0.0","0.0","46.31","128.4","569.98","284.99","523.66","441.58","0.0","","","","","","","","",""
"2015.0","3.0","11.0","70.0","3.0","1.13","0.67","0.0","2.24","1.13","2.53","2.67","2.67","0.0","0.0","46.18","128.4","569.98","284.99","523.8","441.58","0.0","","","","","","","","",""
"2015.0","3.0","12.0","71.0","3.0","1.11","0.67","0.0","3.32","1.11","3.68","2.08","2.08","0.0","0.0","47.78","128.4","569.98","284.99","522.2","441.58","0.0","","","","","","","","",""
"2015.0","3.0","13.0","72.0","3.0","0.93","0.67","0.0","3.03","0.93","2.83","0.0","0.0","0.0","0.0","50.6","128.4","569.98","284.99","519.37","441.58","0.0","","","","","","","","",""
"2015.0","3.0","14.0","73.0","3.0","0.79","0.68","0.0","3.33","0.79","2.63","0.0","0.0","0.0","0.0","53.23","128.4","569.98","284.99","516.74","441.58","0.0","","","","","","","","",""
"2015.0","3.0","15.0","74.0","3.0","0.69","0.68","0.0","3.77","0.69","2.59","0.0","0.0","0.0","0.0","55.82","128.4","569.98","284.99","514.15","441.58","0.0","","","","","","","","",""
"2015.0","3.0","16.0","75.0","3.0","0.64","0.69","0.0","2.61","0.69","1.8","0.0","0.0","0.0","0.0","57.62","128.4","569.98","284.99","512.36","441.58","0.0","","","","","","","","",""
"2015.0","3.0","17.0","76.0","3.0","0.58","0.69","0.0","3.59","0.69","2.49","0.0","0.0","0.0","0.0","60.11","128.4","569.98","284.99","509.87","441.58","0.0","","","","","","","","",""
"2015.0","3.0","18.0","77.0","3.0","0.54","0.7","0.0","3.75","0.7","2.62","1.28","1.28","0.0","0.0","61.45","128.4","569.98","284.99","508.53","441.58","0.0","","","","","","","","",""
"2015.0","3.0","19.0","78.0","3.0","0.5","0.7","0.0","3.78","0.7","2.65","0.0","0.0","0.0","0.0","64.1","128.4","569.98","284.99","505.88","441.58","0.0","","","","","","","","",""
"2015.0","3.0","20.0","79.0","3.0","0.48","0.71","0.0","3.08","0.71","2.18","0.0","0.0","0.0","0.0","66.28","128.4","569.98","284.99","503.7","441.58","0.0","","","","","","","","",""
"2015.0","3.0","21.0","80.0","3.0","0.45","0.71","0.0","3.5","0.71","2.49","0.0","0.0","0.0","0.0","68.77","128.4","569.98","284.99","501.21","441.58","0.0","","","","","","","","",""
"2015.0","3.0","22.0","81.0","3.0","0.43","0.72","0.0","3.12","0.72","2.23","0.0","0.0","0.0","0.0","71.0","128.4","569.98","284.99","498.97","441.58","0.0","","","","","","","","",""
"2015.0","3.0","23.0","82.0","3.0","0.42","0.72","0.0","3.08","0.72","2.22","0.53","0.53","0.0","0.0","72.69","128.4","569.98","284.99","497.28","441.58","0.0","","","","","","","","",""
"2015.0","3.0","24.0","83.0","3.0","0.4","0.73","0.0","3.33","0.73","2.42","0.0","0.0","0.0","0.0","75.11","128.4","569.98","284.99","494.87","441.58","0.0","","","","","","","","",""
"2015.0","3.0","25.0","84.0","3.0","0.39","0.73","0.0","4.06","0.73","2.96","0.0","0.0","0.0","0.0","78.07","128.4","569.98","284.99","491.9","441.58","0.0","","","","","","","","",""
"2015.0","3.0","26.0","85.0","3.0","0.37","0.73","0.0","3.9","0.73","2.86","0.0","0.0","0.0","0.0","80.94","128.4","569.98","284.99","489.04","441.58","0.0","","","","","","","","",""
"2015.0","3.0","27.0","86.0","3.0","0.36","0.74","0.0","4.27","0.74","3.16","0.0","0.0","0.0","0.0","84.09","128.4","569.98","284.99","485.88","441.58","0.0","","","","","","","","",""
"2015.0","3.0","28.0","87.0","3.0","0.34","0.74","0.0","4.84","0.74","3.6","0.0","0.0","0.0","0.0","87.69","128.4","569.98","284.99","482.28","441.58","0.0","","","","","","","","",""
"2015.0","3.0","29.0","88.0","3.0","0.33","0.75","0.0","4.63","0.75","3.47","0.0","0.0","0.0","0.0","91.16","128.4","569.98","284.99","478.82","441.58","0.0","","","","","","","","",""
"2015.0","3.0","30.0","89.0","3.0","0.32","0.75","0.0","4.42","0.75","3.33","0.0","0.0","0.0","0.0","94.49","128.4","569.98","284.99","475.49","441.58","0.0","","","","","","","","",""
"2015.0","3.0","31.0","90.0","3.0","0.31","0.76","0.0","4.62","0.76","3.5","0.0","0.0","0.0","0.0","97.99","128.4","569.98","284.99","471.99","441.58","0.0","","","","","","","","",""
"2015.0","4.0","1.0","91.0","3.0","0.3","0.76","0.0","4.12","0.76","3.14","0.0","0.0","0.0","0.0","101.13","128.4","569.98","284.99","468.85","441.58","0.0","","","","","","","","",""
"2015.0","4.0","2.0","92.0","3.0","0.29","0.77","0.0","5.35","0.77","4.1","0.0","0.0","0.0","0.0","105.23","128.4","569.98","284.99","464.74","441.58","0.0","","","","","","","","",""
"2015.0","4.0","3.0","93.0","3.0","0.28","0.77","0.0","4.55","0.77","3.51","0.0","0.0","0.0","0.0","108.74","128.4","569.98","284.99","461.23","441.58","0.0","","","","","","","","",""
"2015.0","4.0","4.0","94.0","3.0","0.28","0.78","0.0","4.42","0.78","3.43","0.0","0.0","0.0","0.0","112.17","128.4","569.98","284.99","457.8","441.58","0.0","","","","","","","","",""
"2015.0","4.0","5.0","95.0","3.0","0.27","0.78","0.0","2.61","0.78","2.04","0.65","0.65","0.0","0.0","113.56","128.4","569.98","284.99","456.42","441.58","0.0","","","","","","","","",""
"2015.0","4.0","6.0","96.0","3.0","1.1","0.79","0.0","2.92","1.1","3.22","4.82","4.82","0.0","0.0","111.96","128.4","569.98","284.99","458.01","441.58","0.0","","","","","","","","",""
"2015.0","4.0","7.0","97.0","3.0","1.11","0.79","0.0","2.82","1.11","3.12","3.41","3.41","0.0","0.0","111.67","128.4","569.98","284.99","458.3","441.58","0.0","","","","","","","","",""
"2015.0","4.0","8.0","98.0","3.0","1.1","0.79","0.0","3.06","1.1","3.36","6.61","6.61","0.0","0.0","108.42","128.4","569.98","284.99","461.55","441.58","0.0","","","","","","","","",""
"2015.0","4.0","9.0","99.0","3.0","1.06","0.8","0.0","3.49","1.06","3.7","0.0","0.0","0.0","0.0","112.12","128.4","569.98","284.99","457.85","441.58","0.0","","","","","","","","",""
"2015.0","4.0","10.0","100.0","3.0","0.83","0.8","0.0","4.07","0.83","3.37","0.0","0.0","0.0","0.0","115.49","128.4","569.98","284.99","454.48","441.58","0.0","","","","","","","","",""
"2015.0","4.0","11.0","101.0","3.0","0.7","0.81","0.0","4.2","0.81","3.4","0.0","0.0","0.0","0.0","118.89","128.4","569.98","284.99","451.09","441.58","0.0","","","","","","","","",""
"2015.0","4.0","12.0","102.0","3.0","0.61","0.81","0.0","4.8","0.81","3.9","0.0","0.0","0.0","0.0","122.79","128.4","569.98","284.99","447.18","441.58","0.0","","","","","","","","",""
"2015.0","4.0","13.0","103.0","3.0","0.54","0.82","0.0","4.68","0.82","3.83","0.0","0.0","0.0","0.0","126.62","128.4","569.98","284.99","443.36","441.58","0.0","","","","","","","","",""
"2015.0","4.0","14.0","104.0","3.0","0.49","0.82","0.0","4.89","0.82","4.02","0.0","0.0","0.0","0.0","0.0","128.4","569.98","284.99","569.98","441.58","130.64","","","","","","","","",""
"2015.0","4.0","15.0","105.0","3.0","0.45","0.83","0.0","6.17","0.83","5.1","0.0","0.0","0.0","0.0","5.1","128.4","569.98","284.99","564.87","441.58","0.0","","","","","","","","",""
"2015.0","4.0","16.0","106.0","3.0","0.41","0.83","0.0","5.75","0.83","4.78","0.0","0.0","0.0","0.0","9.88","128.4","569.98","284.99","560.09","441.58","0.0","","","","","","","","",""
"2015.0","4.0","17.0","107.0","3.0","0.39","0.84","0.0","5.26","0.84","4.4","0.0","0.0","0.0","0.0","14.28","128.4","569.98","284.99","555.69","441.58","0.0","","","","","","","","",""
"2015.0","4.0","18.0","108.0","3.0","0.37","0.84","0.0","4.83","0.84","4.06","0.0","0.0","0.0","0.0","18.34","128.4","569.98","284.99","551.63","441.58","0.0","","","","","","","","",""
"2015.0","4.0","19.0","109.0","3.0","0.35","0.85","0.0","4.94","0.85","4.18","0.0","0.0","0.0","0.0","22.52","128.4","569.98","284.99","547.46","441.58","0.0","","","","","","","","",""
"2015.0","4.0","20.0","110.0","3.0","0.34","0.85","0.0","4.55","0.85","3.87","0.0","0.0","0.0","0.0","26.39","128.4","569.98","284.99","543.59","441.58","0.0","","","","","","","","",""
"2015.0","4.0","21.0","111.0","3.0","0.33","0.85","0.0","3.69","0.85","3.15","0.0","0.0","0.0","0.0","29.54","128.4","569.98","284.99","540.44","441.58","0.0","","","","","","","","",""
"2015.0","4.0","22.0","112.0","3.0","0.32","0.86","0.0","4.06","0.86","3.49","0.0","0.0","0.0","0.0","33.03","128.4","569.98","284.99","536.95","441.58","0.0","","","","","","","","",""
"2015.0","4.0","23.0","113.0","3.0","0.31","0.86","0.0","4.61","0.86","3.98","0.0","0.0","0.0","0.0","37.01","128.4","569.98","284.99","532.97","441.58","0.0","","","","","","","","",""
"2015.0","4.0","24.0","114.0","3.0","0.3","0.87","0.0","4.98","0.87","4.32","0.0","0.0","0.0","0.0","41.34","128.4","569.98","284.99","528.64","441.58","0.0","","","","","","","","",""
"2015.0","4.0","25.0","115.0","3.0","1.06","0.87","0.0","3.96","1.06","4.2","7.89","7.89","0.0","0.0","37.65","128.4","569.98","284.99","532.33","441.58","0.0","","","","","","","","",""
"2015.0","4.0","26.0","116.0","3.0","0.88","0.88","0.0","5.06","0.88","4.47","0.0","0.0","0.0","0.0","42.12","128.4","569.98","284.99","527.86","441.58","0.0","","","","","","","","",""
"2015.0","4.0","27.0","117.0","3.0","0.68","0.88","0.0","5.85","0.88","5.16","0.0","0.0","0.0","0.0","47.28","128.4","569.98","284.99","522.7","441.58","0.0","","","","","","","","",""
"2015.0","4.0","28.0","118.0","3.0","0.58","0.89","0.0","5.37","0.89","4.76","0.0","0.0","0.0","0.0","52.04","128.4","569.98","284.99","517.94","441.58","0.0","","","","","","","","",""
"2015.0","4.0","29.0","119.0","3.0","0.52","0.89","0.0","5.19","0.89","4.63","0.0","0.0","0.0","0.0","56.67","128.4","569.98","284.99","513.31","441.58","0.0","","","","","","","","",""
"2015.0","4.0","30.0","120.0","3.0","0.46","0.9","0.0","6.36","0.9","5.7","0.0","0.0","0.0","0.0","62.37","128.4","569.98","284.99","507.61","441.58","0.0","","","","","","","","",""
"2015.0","5.0","1.0","121.0","3.0","0.42","0.9","0.0","6.3","0.9","5.67","0.0","0.0","0.0","0.0","68.04","128.4","569.98","284.99","501.93","441.58","0.0","","","","","","","","",""
"2015.0","5.0","2.0","122.0","3.0","0.39","0.91","0.0","5.65","0.91","5.12","0.0","0.0","0.0","0.0","73.16","128.4","569.98","284.99","496.82","441.58","0.0","","","","","","","","",""
"2015.0","5.0","3.0","123.0","3.0","0.37","0.91","0.0","4.95","0.91","4.5","0.0","0.0","0.0","0.0","77.66","128.4","569.98","284.99","492.31","441.58","0.0","","","","","","","","",""
"2015.0","5.0","4.0","124.0","3.0","0.36","0.91","0.0","4.62","0.91","4.23","0.0","0.0","0.0","0.0","81.89","128.4","569.98","284.99","488.09","441.58","0.0","","","","","","","","",""
"2015.0","5.0","5.0","125.0","3.0","0.34","0.92","0.0","4.71","0.92","4.33","0.0","0.0","0.0","0.0","86.22","128.4","569.98","284.99","483.76","441.58","0.0","","","","","","","","",""
"2015.0","5.0","6.0","126.0","3.0","0.33","0.92","0.0","4.99","0.92","4.61","0.0","0.0","0.0","0.0","90.83","128.4","569.98","284.99","479.15","441.58","0.0","","","","","","","","",""
"2015.0","5.0","7.0","127.0","3.0","0.32","0.93","0.0","3.32","0.93","3.08","0.0","0.0","0.0","0.0","93.91","128.4","569.98","284.99","476.07","441.58","0.0","","","","","","","","",""
"2015.0","5.0","8.0","128.0","3.0","0.31","0.93","0.0","4.33","0.93","4.04","0.3","0.3","0.0","0.0","97.65","128.4","569.98","284.99","472.33","441.58","0.0","","","","","","","","",""
"2015.0","5.0","9.0","129.0","3.0","0.3","0.94","0.0","4.75","0.94","4.45","0.0","0.0","0.0","0.0","102.1","128.4","569.98","284.99","467.87","441.58","0.0","","","","","","","","",""
"2015.0","5.0","10.0","130.0","3.0","0.29","0.94","0.0","4.97","0.94","4.68","0.0","0.0","0.0","0.0","106.79","128.4","569.98","284.99","463.19","441.58","0.0","","","","","","","","",""
"2015.0","5.0","11.0","131.0","3.0","0.28","0.95","0.0","4.98","0.95","4.72","0.0","0.0","0.0","0.0","111.5","128.4","569.98","284.99","458.47","441.58","0.0","","","","","","","","",""
"2015.0","5.0","12.0","132.0","3.0","0.28","0.95","0.0","4.94","0.95","4.7","0.0","0.0","0.0","0.0","116.2","128.4","569.98","284.99","453.77","441.58","0.0","","","","","","","","",""
"2015.0","5.0","13.0","133.0","3.0","0.27","0.96","0.0","4.64","0.96","4.44","0.0","0.0","0.0","0.0","120.64","128.4","569.98","284.99","449.34","441.58","0.0","","","","","","","","",""
"2015.0","5.0","14.0","134.0","3.0","0.27","0.96","0.0","3.04","0.96","2.92","0.0","0.0","0.0","0.0","123.56","128.4","569.98","284.99","446.42","441.58","0.0","","","","","","","","",""
"2015.0","5.0","15.0","135.0","3.0","0.26","0.97","0.0","4.56","0.97","4.4","3.66","3.66","0.0","0.0","124.3","128.4","569.98","284.99","445.67","441.58","0.0","","","","","","","","",""
"2015.0","5.0","16.0","136.0","3.0","0.25","0.97","0.0","4.67","0.97","4.53","0.0","0.0","0.0","0.0","0.0","128.4","569.98","284.99","569.98","441.58","128.83","","","","","","","","",""
"2015.0","5.0","17.0","137.0","3.0","0.25","0.97","0.0","3.98","0.97","3.88","0.0","0.0","0.0","0.0","3.88","128.4","569.98","284.99","566.1","441.58","0.0","","","","","","","","",""
"2015.0","5.0","18.0","138.0","3.0","0.24","0.98","0.0","4.71","0.98","4.61","0.0","0.0","0.0","0.0","8.49","128.4","569.98","284.99","561.48","441.58","0.0","","","","","","","","",""
"2015.0","5.0","19.0","139.0","3.0","0.24","0.98","0.0","4.89","0.98","4.81","0.0","0.0","0.0","0.0","13.3","128.4","569.98","284.99","556.67","441.58","0.0","","","","","","","","",""
"2015.0","5.0","20.0","140.0","3.0","0.24","0.99","0.0","4.74","0.99","4.69","0.0","0.0","0.0","0.0","17.99","128.4","569.98","284.99","551.99","441.58","0.0","","","","","","","","",""
"2015.0","5.0","21.0","141.0","3.0","0.23","0.99","0.0","4.02","0.99","3.99","0.0","0.0","0.0","0.0","21.98","128.4","569.98","284.99","548.0","441.58","0.0","","","","","","","","",""
"2015.0","5.0","22.0","142.0","3.0","0.23","1.0","0.0","4.76","1.0","4.75","0.0","0.0","0.0","0.0","26.73","128.4","569.98","284.99","543.25","441.58","0.0","","","","","","","","",""
"2015.0","5.0","23.0","143.0","3.0","0.22","1.0","0.0","4.73","1.0","4.74","0.0","0.0","0.0","0.0","31.47","128.4","569.98","284.99","538.51","441.58","0.0","","","","","","","","",""
"2015.0","5.0","24.0","144.0","3.0","0.22","1.01","0.0","5.3","1.01","5.34","0.0","0.0","0.0","0.0","36.81","128.4","569.98","284.99","533.17","441.58","0.0","","","","","","","","",""
"2015.0","5.0","25.0","145.0","3.0","0.22","1.01","0.0","5.22","1.01","5.28","0.0","0.0","0.0","0.0","42.09","128.4","569.98","284.99","527.89","441.58","0.0","","","","","","","","",""
"2015.0","5.0","26.0","146.0","3.0","0.21","1.02","0.0","5.23","1.02","5.31","0.0","0.0","0.0","0.0","47.4","128.4","569.98","284.99","522.58","441.58","0.0","","","","","","","","",""
"2015.0","5.0","27.0","147.0","3.0","0.21","1.02","0.0","5.27","1.02","5.38","0.0","0.0","0.0","0.0","52.78","128.4","569.98","284.99","517.2","441.58","0.0","","","","","","","","",""
"2015.0","5.0","28.0","148.0","3.0","0.2","1.03","0.0","5.16","1.03","5.29","0.0","0.0","0.0","0.0","58.07","128.4","569.98","284.99","511.9","441.58","0.0","","","","","","","","",""
"2015.0","5.0","29.0","149.0","3.0","0.2","1.03","0.0","5.83","1.03","6.0","0.0","0.0","0.0","0.0","64.08","128.4","569.98","284.99","505.9","441.58","0.0","","","","","","","","",""
"2015.0","5.0","30.0","150.0","3.0","0.2","1.03","0.0","6.13","1.03","6.34","0.0","0.0","0.0","0.0","70.42","128.4","569.98","284.99","499.56","441.58","0.0","","","","","","","","",""
"2015.0","5.0","31.0","151.0","3.0","0.19","1.04","0.0","5.1","1.04","5.3","0.0","0.0","0.0","0.0","75.72","128.4","569.98","284.99","494.26","441.58","0.0","","","","","","","","",""
"2015.0","6.0","1.0","152.0","3.0","0.19","1.04","0.0","5.33","1.04","5.56","0.0","0.0","0.0","0.0","81.28","128.4","569.98","284.99","488.69","441.58","0.0","","","","","","","","",""
"2015.0","6.0","2.0","153.0","3.0","0.19","1.05","0.0","5.55","1.05","5.82","0.0","0.0","0.0","0.0","87.1","128.4","569.98","284.99","482.87","441.58","0.0","","","","","","","","",""
"2015.0","6.0","3.0","154.0","3.0","0.19","1.05","0.0","5.22","1.05","5.5","0.0","0.0","0.0","0.0","92.6","128.4","569.98","284.99","477.38","441.58","0.0","","","","","","","","",""
"2015.0","6.0","4.0","155.0","3.0","0.18","1.06","0.0","5.69","1.06","6.02","0.0","0.0","0.0","0.0","98.62","128.4","569.98","284.99","471.36","441.58","0.0","","","","","","","","",""
"2015.0","6.0","5.0","156.0","3.0","0.18","1.06","0.0","6.41","1.06","6.81","0.0","0.0","0.0","0.0","105.43","128.4","569.98","284.99","464.55","441.58","0.0","","","","","","","","",""
"2015.0","6.0","6.0","157.0","3.0","0.18","1.07","0.0","6.08","1.07","6.49","0.0","0.0","0.0","0.0","111.91","128.4","569.98","284.99","458.06","441.58","0.0","","","","","","","","",""
"2015.0","6.0","7.0","158.0","3.0","0.18","1.07","0.0","6.53","1.07","7.0","0.0","0.0","0.0","0.0","118.91","128.4","569.98","284.99","451.07","441.58","0.0","","","","","","","","",""
"2015.0","6.0","8.0","159.0","3.0","0.17","1.08","0.0","7.19","1.08","7.74","0.0","0.0","0.0","0.0","126.65","128.4","569.98","284.99","443.33","441.58","0.0","","","","","","","","",""
"2015.0","6.0","9.0","160.0","3.0","0.17","1.08","0.0","6.4","1.08","6.92","0.0","0.0","0.0","0.0","0.0","128.4","569.98","284.99","569.98","441.58","133.56","","","","","","","","",""
"2015.0","6.0","10.0","161.0","3.0","0.17","1.09","0.0","2.74","1.09","2.97","0.19","0.19","0.0","0.0","2.78","128.4","569.98","284.99","567.19","441.58","0.0","","","","","","","","",""
"2015.0","6.0","11.0","162.0","3.0","0.17","1.09","0.0","6.69","1.09","7.29","3.14","3.14","0.0","0.0","6.94","128.4","569.98","284.99","563.04","441.58","0.0","","","","","","","","",""
"2015.0","6.0","12.0","163.0","3.0","0.16","1.09","0.0","7.43","1.09","8.13","0.0","0.0","0.0","0.0","15.07","128.4","569.98","284.99","554.91","441.58","0.0","","","","","","","","",""
"2015.0","6.0","13.0","164.0","3.0","0.16","1.1","0.0","7.13","1.1","7.84","0.0","0.0","0.0","0.0","22.91","128.4","569.98","284.99","547.07","441.58","0.0","","","","","","","","",""
"2015.0","6.0","14.0","165.0","3.0","0.16","1.1","0.0","6.37","1.1","7.03","0.0","0.0","0.0","0.0","29.94","128.4","569.98","284.99","540.04","441.58","0.0","","","","","","","","",""
"2015.0","6.0","15.0","166.0","3.0","0.16","1.11","0.0","6.19","1.11","6.86","0.0","0.0","0.0","0.0","36.8","128.4","569.98","284.99","533.18","441.58","0.0","","","","","","","","",""
"2015.0","6.0","16.0","167.0","3.0","0.16","1.11","0.0","6.63","1.11","7.38","3.09","3.09","0.0","0.0","41.09","128.4","569.98","284.99","528.89","441.58","0.0","","","","","","","","",""
"2015.0","6.0","17.0","168.0","3.0","0.15","1.12","0.0","6.67","1.12","7.46","0.0","0.0","0.0","0.0","48.54","128.4","569.98","284.99","521.43","441.58","0.0","","","","","","","","",""
"2015.0","6.0","18.0","169.0","3.0","0.15","1.12","0.0","7.15","1.12","8.02","0.0","0.0","0.0","0.0","56.57","128.4","569.98","284.99","513.41","441.58","0.0","","","","","","","","",""
"2015.0","6.0","19.0","170.0","3.0","0.15","1.13","0.0","7.13","1.13","8.03","0.0","0.0","0.0","0.0","64.6","128.4","569.98","284.99","505.37","441.58","0.0","","","","","","","","",""
"2015.0","6.0","20.0","171.0","3.0","0.15","1.13","0.0","6.67","1.13","7.55","0.0","0.0","0.0","0.0","72.15","128.4","569.98","284.99","497.83","441.58","0.0","","","","","","","","",""
"2015.0","6.0","21.0","172.0","3.0","0.15","1.14","0.0","7.12","1.14","8.09","0.0","0.0","0.0","0.0","80.24","128.4","569.98","284.99","489.74","441.58","0.0","","","","","","","","",""
"2015.0","6.0","22.0","173.0","3.0","0.15","1.14","0.0","6.69","1.14","7.63","0.0","0.0","0.0","0.0","87.87","128.4","569.98","284.99","482.1","441.58","0.0","","","","","","","","",""
"2015.0","6.0","23.0","174.0","3.0","0.14","1.15","0.0","7.08","1.15","8.11","0.0","0.0","0.0","0.0","95.98","128.4","569.98","284.99","473.99","441.58","0.0","","","","","","","","",""
"2015.0","6.0","24.0","175.0","3.0","0.14","1.15","0.0","7.0","1.15","8.05","0.0","0.0","0.0","0.0","104.03","128.4","569.98","284.99","465.94","441.58","0.0","","","","","","","","",""
"2015.0","6.0","25.0","176.0","3.0","0.14","1.15","0.0","7.72","1.15","8.88","0.0","0.0","0.0","0.0","112.91","128.4","569.98","284.99","457.07","441.58","0.0","","","","","","","","",""
"2015.0","6.0","26.0","177.0","3.0","0.14","1.15","0.0","7.92","1.15","9.11","0.0","0.0","0.0","0.0","122.02","128.4","569.98","284.99","447.96","441.58","0.0","","","","","","","","",""
"2015.0","6.0","27.0","178.0","3.0","0.14","1.15","0.0","6.22","1.15","7.15","0.0","0.0","0.0","0.0","0.0","128.4","569.98","284.99","569.98","441.58","129.17","","","","","","","","",""
"2015.0","6.0","28.0","179.0","3.0","0.14","1.15","0.0","6.84","1.15","7.87","0.0","0.0","0.0","0.0","7.87","128.4","569.98","284.99","562.11","441.58","0.0","","","","","","","","",""
"2015.0","6.0","29.0","180.0","3.0","0.13","1.15","0.0","7.27","1.15","8.36","0.0","0.0","0.0","0.0","16.23","128.4","569.98","284.99","553.75","441.58","0.0","","","","","","","","",""
"2015.0","6.0","30.0","181.0","3.0","0.13","1.15","0.0","7.45","1.15","8.57","0.0","0.0","0.0","0.0","24.79","128.4","569.98","284.99","545.18","441.58","0.0","","","","","","","","",""
"2015.0","7.0","1.0","182.0","3.0","0.13","1.15","0.0","7.25","1.15","8.34","0.0","0.0","0.0","0.0","33.13","128.4","569.98","284.99","536.84","441.58","0.0","","","","","","","","",""
"2015.0","7.0","2.0","183.0","3.0","0.13","1.15","0.0","6.75","1.15","7.76","0.0","0.0","0.0","0.0","40.89","128.4","569.98","284.99","529.08","441.58","0.0","","","","","","","","",""
"2015.0","7.0","3.0","184.0","3.0","0.13","1.15","0.0","7.24","1.15","8.33","0.0","0.0","0.0","0.0","49.22","128.4","569.98","284.99","520.76","441.58","0.0","","","","","","","","",""
"2015.0","7.0","4.0","185.0","3.0","0.13","1.15","0.0","7.49","1.15","8.61","0.0","0.0","0.0","0.0","57.83","128.4","569.98","284.99","512.14","441.58","0.0","","","","","","","","",""
"2015.0","7.0","5.0","186.0","3.0","0.13","1.15","0.0","6.81","1.15","7.83","0.0","0.0","0.0","0.0","65.66","128.4","569.98","284.99","504.31","441.58","0.0","","","","","","","","",""
"2015.0","7.0","6.0","187.0","3.0","0.13","1.15","0.0","7.06","1.15","8.12","0.0","0.0","0.0","0.0","73.78","128.4","569.98","284.99","496.19","441.58","0.0","","","","","","","","",""
"2015.0","7.0","7.0","188.0","3.0","0.12","1.15","0.0","6.43","1.15","7.39","0.0","0.0","0.0","0.0","81.18","128.4","569.98","284.99","488.8","441.58","0.0","","","","","","","","",""
"2015.0","7.0","8.0","189.0","3.0","0.12","1.15","0.0","6.11","1.15","7.03","0.0","0.0","0.0","0.0","88.2","128.4","569.98","284.99","481.77","441.58","0.0","","","","","","","","",""
"2015.0","7.0","9.0","190.0","3.0","0.12","1.15","0.0","4.59","1.15","5.28","0.0","0.0","0.0","0.0","93.48","128.4","569.98","284.99","476.49","441.58","0.0","","","","","","","","",""
"2015.0","7.0","10.0","191.0","3.0","0.12","1.15","0.0","5.12","1.15","5.89","0.0","0.0","0.0","0.0","99.37","128.4","569.98","284.99","470.6","441.58","0.0","","","","","","","","",""
"2015.0","7.0","11.0","192.0","3.0","0.12","1.15","0.0","6.16","1.15","7.08","0.0","0.0","0.0","0.0","106.46","128.4","569.98","284.99","463.52","441.58","0.0","","","","","","","","",""
"2015.0","7.0","12.0","193.0","3.0","0.12","1.15","0.0","6.25","1.15","7.19","0.0","0.0","0.0","0.0","113.64","128.4","569.98","284.99","456.33","441.58","0.0","","","","","","","","",""
"2015.0","7.0","13.0","194.0","3.0","0.12","1.15","0.0","6.5","1.15","7.47","0.0","0.0","0.0","0.0","121.12","128.4","569.98","284.99","448.86","441.58","0.0","","","","","","","","",""
"2015.0","7.0","14.0","195.0","3.0","0.12","1.15","0.0","6.12","1.15","7.04","0.0","0.0","0.0","0.0","128.16","128.4","569.98","284.99","441.82","441.58","0.0","","","","","","","","",""
"2015.0","7.0","15.0","196.0","3.0","0.12","1.15","0.0","6.37","1.15","7.33","0.0","0.0","0.0","0.0","0.0","128.4","569.98","284.99","569.98","441.58","135.48","","","","","","","","",""
"2015.0","7.0","16.0","197.0","3.0","0.12","1.15","0.0","6.8","1.15","7.82","0.0","0.0","0.0","0.0","7.82","128.4","569.98","284.99","562.16","441.58","0.0","","","","","","","","",""
"2015.0","7.0","17.0","198.0","3.0","0.12","1.15","0.0","6.95","1.15","7.99","0.0","0.0","0.0","0.0","15.81","128.4","569.98","284.99","554.16","441.58","0.0","","","","","","","","",""
"2015.0","7.0","18.0","199.0","3.0","0.12","1.15","0.0","6.8","1.15","7.82","0.0","0.0","0.0","0.0","23.63","128.4","569.98","284.99","546.34","441.58","0.0","","","","","","","","",""
"2015.0","7.0","19.0","200.0","3.0","0.12","1.15","0.0","6.55","1.15","7.53","0.0","0.0","0.0","0.0","31.17","128.4","569.98","284.99","538.81","441.58","0.0","","","","","","","","",""
"2015.0","7.0","20.0","201.0","3.0","0.11","1.15","0.0","7.22","1.15","8.3","0.0","0.0","0.0","0.0","39.47","128.4","569.98","284.99","530.51","441.58","0.0","","","","","","","","",""
"2015.0","7.0","21.0","202.0","3.0","0.11","1.15","0.0","6.9","1.15","7.93","0.0","0.0","0.0","0.0","47.4","128.4","569.98","284.99","522.57","441.58","0.0","","","","","","","","",""
"2015.0","7.0","22.0","203.0","3.0","0.11","1.15","0.0","6.43","1.15","7.39","0.0","0.0","0.0","0.0","54.8","128.4","569.98","284.99","515.18","441.58","0.0","","","","","","","","",""
"2015.0","7.0","23.0","204.0","3.0","0.11","1.15","0.0","6.01","1.15","6.91","0.0","0.0","0.0","0.0","61.71","128.4","569.98","284.99","508.27","441.58","0.0","","","","","","","","",""
"2015.0","7.0","24.0","205.0","3.0","0.11","1.15","0.0","6.29","1.15","7.23","0.0","0.0","0.0","0.0","68.94","128.4","569.98","284.99","501.03","441.58","0.0","","","","","","","","",""
"2015.0","7.0","25.0","206.0","3.0","0.11","1.15","0.0","6.27","1.15","7.21","0.0","0.0","0.0","0.0","76.15","128.4","569.98","284.99","493.82","441.58","0.0","","","","","","","","",""
"2015.0","7.0","26.0","207.0","3.0","0.11","1.15","0.0","6.18","1.15","7.11","0.0","0.0","0.0","0.0","83.26","128.4","569.98","284.99","486.72","441.58","0.0","","","","","","","","",""
"2015.0","7.0","27.0","208.0","3.0","0.11","1.15","0.0","7.16","1.15","8.23","0.0","0.0","0.0","0.0","91.49","128.4","569.98","284.99","478.48","441.58","0.0","","","","","","","","",""
"2015.0","7.0","28.0","209.0","3.0","0.11","1.15","0.0","7.41","1.15","8.52","0.0","0.0","0.0","0.0","100.02","128.4","569.98","284.99","469.96","441.58","0.0","","","","","","","","",""
"2015.0","7.0","29.0","210.0","3.0","0.11","1.15","0.0","7.18","1.15","8.26","0.0","0.0","0.0","0.0","108.27","128.4","569.98","284.99","461.7","441.58","0.0","","","","","","","","",""
"2015.0","7.0","30.0","211.0","3.0","0.11","1.15","0.0","7.32","1.15","8.42","0.0","0.0","0.0","0.0","116.69","128.4","569.98","284.99","453.29","441.58","0.0","","","","","","","","",""
"2015.0","7.0","31.0","212.0","3.0","0.11","1.15","0.0","6.34","1.15","7.29","0.0","0.0","0.0","0.0","123.98","128.4","569.98","284.99","445.99","441.58","0.0","","","","","","","","",""
"2015.0","8.0","1.0","213.0","3.0","0.11","1.15","0.0","6.74","1.15","7.75","0.0","0.0","0.0","0.0","0.0","128.4","569.98","284.99","569.98","441.58","131.73","","","","","","","","",""
"2015.0","8.0","2.0","214.0","3.0","0.11","1.15","0.0","6.62","1.15","7.61","0.0","0.0","0.0","0.0","7.61","128.4","569.98","284.99","562.36","441.58","0.0","","","","","","","","",""
"2015.0","8.0","3.0","215.0","3.0","0.1","1.15","0.0","6.57","1.15","7.56","0.0","0.0","0.0","0.0","15.17","128.4","569.98","284.99","554.81","441.58","0.0","","","","","","","","",""
"2015.0","8.0","4.0","216.0","3.0","0.1","1.15","0.0","5.07","1.15","5.83","0.0","0.0","0.0","0.0","21.0","128.4","569.98","284.99","548.98","441.58","0.0","","","","","","","","",""
"2015.0","8.0","5.0","217.0","3.0","0.1","1.15","0.0","5.66","1.15","6.51","0.0","0.0","0.0","0.0","27.51","128.4","569.98","284.99","542.47","441.58","0.0","","","","","","","","",""
"2015.0","8.0","6.0","218.0","3.0","0.1","1.15","0.0","3.9","1.15","4.48","0.0","0.0","0.0","0.0","31.99","128.4","569.98","284.99","537.98","441.58","0.0","","","","","","","","",""
"2015.0","8.0","7.0","219.0","3.0","0.1","1.15","0.0","6.42","1.15","7.38","0.1","0.1","0.0","0.0","39.28","128.4","569.98","284.99","530.7","441.58","0.0","","","","","","","","",""
"2015.0","8.0","8.0","220.0","3.0","0.1","1.15","0.0","5.74","1.15","6.6","0.0","0.0","0.0","0.0","45.88","128.4","569.98","284.99","524.1","441.58","0.0","","","","","","","","",""
"2015.0","8.0","9.0","221.0","3.0","0.1","1.15","0.0","6.34","1.15","7.29","0.0","0.0","0.0","0.0","53.17","128.4","569.98","284.99","516.81","441.58","0.0","","","","","","","","",""
"2015.0","8.0","10.0","222.0","3.0","0.1","1.15","0.0","6.33","1.15","7.28","0.0","0.0","0.0","0.0","60.45","128.4","569.98","284.99","509.53","441.58","0.0","","","","","","","","",""
"2015.0","8.0","11.0","223.0","3.0","0.1","1.15","0.0","6.22","1.15","7.15","0.0","0.0","0.0","0.0","67.6","128.4","569.98","284.99","502.38","441.58","0.0","","","","","","","","",""
"2015.0","8.0","12.0","224.0","3.0","0.1","1.15","0.0","6.17","1.15","7.1","0.0","0.0","0.0","0.0","74.7","128.4","569.98","284.99","495.28","441.58","0.0","","","","","","","","",""
"2015.0","8.0","13.0","225.0","3.0","0.1","1.15","0.0","6.28","1.15","7.22","0.0","0.0","0.0","0.0","81.92","128.4","569.98","284.99","488.06","441.58","0.0","","","","","","","","",""
"2015.0","8.0","14.0","226.0","3.0","0.1","1.15","0.0","6.15","1.15","7.07","0.0","0.0","0.0","0.0","88.99","128.4","569.98","284.99","480.99","441.58","0.0","","","","","","","","",""
"2015.0","8.0","15.0","227.0","3.0","0.1","1.15","0.0","6.44","1.15","7.41","0.0","0.0","0.0","0.0","96.4","128.4","569.98","284.99","473.58","441.58","0.0","","","","","","","","",""
"2015.0","8.0","16.0","228.0","3.0","0.1","1.15","0.0","6.56","1.15","7.54","0.0","0.0","0.0","0.0","103.94","128.4","569.98","284.99","466.04","441.58","0.0","","","","","","","","",""
"2015.0","8.0","17.0","229.0","3.0","0.1","1.15","0.0","6.9","1.15","7.93","0.0","0.0","0.0","0.0","111.88","128.4","569.98","284.99","458.1","441.58","0.0","","","","","","","","",""
"2015.0","8.0","18.0","230.0","3.0","0.1","1.15","0.0","6.52","1.15","7.5","0.0","0.0","0.0","0.0","119.37","128.4","569.98","284.99","450.6","441.58","0.0","","","","","","","","",""
"2015.0","8.0","19.0","231.0","3.0","0.1","1.15","0.0","5.94","1.15","6.83","0.0","0.0","0.0","0.0","126.2","128.4","569.98","284.99","443.77","441.58","0.0","","","","","","","","",""
"2015.0","8.0","20.0","232.0","3.0","0.1","1.15","0.0","5.43","1.15","6.24","0.0","0.0","0.0","0.0","0.0","128.4","569.98","284.99","569.98","441.58","132.45","","","","","","","","",""
"2015.0","8.0","21.0","233.0","3.0","0.1","1.15","0.0","5.49","1.15","6.31","0.0","0.0","0.0","0.0","6.31","128.4","569.98","284.99","563.66","441.58","0.0","","","","","","","","",""
"2015.0","8.0","22.0","234.0","3.0","0.1","1.15","0.0","5.51","1.15","6.34","0.0","0.0","0.0","0.0","12.65","128.4","569.98","284.99","557.33","441.58","0.0","","","","","","","","",""
"2015.0","8.0","23.0","235.0","3.0","0.1","1.15","0.0","5.64","1.15","6.49","0.0","0.0","0.0","0.0","19.14","128.4","569.98","284.99","550.84","441.58","0.0","","","","","","","","",""
"2015.0","8.0","24.0","236.0","3.0","0.1","1.15","0.0","6.06","1.15","6.97","0.0","0.0","0.0","0.0","26.11","128.4","569.98","284.99","543.87","441.58","0.0","","","","","","","","",""
"2015.0","8.0","25.0","237.0","3.0","0.1","1.15","0.0","6.32","1.15","7.27","0.0","0.0","0.0","0.0","33.37","128.4","569.98","284.99","536.6","441.58","0.0","","","","","","","","",""
"2015.0","8.0","26.0","238.0","3.0","0.09","1.15","0.0","6.51","1.15","7.49","0.0","0.0","0.0","0.0","40.86","128.4","569.98","284.99","529.12","441.58","0.0","","","","","","","","",""
"2015.0","8.0","27.0","239.0","3.0","0.09","1.15","0.0","6.88","1.15","7.91","0.04","0.04","0.0","0.0","48.73","128.4","569.98","284.99","521.24","441.58","0.0","","","","","","","","",""
"2015.0","8.0","28.0","240.0","3.0","0.09","1.15","0.0","6.73","1.15","7.74","0.0","0.0","0.0","0.0","56.47","128.4","569.98","284.99","513.51","441.58","0.0","","","","","","","","",""
"2015.0","8.0","29.0","241.0","3.0","0.09","1.15","0.0","5.23","1.15","6.01","0.0","0.0","0.0","0.0","62.49","128.4","569.98","284.99","507.49","441.58","0.0","","","","","","","","",""
"2015.0","8.0","30.0","242.0","3.0","0.09","1.15","0.0","5.55","1.15","6.38","0.0","0.0","0.0","0.0","68.87","128.4","569.98","284.99","501.11","441.58","0.0","","","","","","","","",""
"2015.0","8.0","31.0","243.0","3.0","0.09","1.15","0.0","5.58","1.15","6.42","0.0","0.0","0.0","0.0","75.28","128.4","569.98","284.99","494.69","441.58","0.0","","","","","","","","",""
"2015.0","9.0","1.0","244.0","3.0","0.09","1.15","0.0","5.43","1.15","6.24","0.0","0.0","0.0","0.0","81.53","128.4","569.98","284.99","488.45","441.58","0.0","","","","","","","","",""
"2015.0","9.0","2.0","245.0","3.0","0.09","1.15","0.0","5.29","1.15","6.08","0.0","0.0","0.0","0.0","87.61","128.4","569.98","284.99","482.36","441.58","0.0","","","","","","","","",""
"2015.0","9.0","3.0","246.0","3.0","0.09","1.15","0.0","5.11","1.15","5.88","0.0","0.0","0.0","0.0","93.49","128.4","569.98","284.99","476.49","441.58","0.0","","","","","","","","",""
"2015.0","9.0","4.0","247.0","3.0","0.09","1.15","0.0","5.15","1.15","5.92","0.0","0.0","0.0","0.0","99.41","128.4","569.98","284.99","470.56","441.58","0.0","","","","","","","","",""
"2015.0","9.0","5.0","248.0","3.0","0.09","1.15","0.0","5.45","1.15","6.27","0.0","0.0","0.0","0.0","105.68","128.4","569.98","284.99","464.3","441.58","0.0","","","","","","","","",""
"2015.0","9.0","6.0","249.0","3.0","0.09","1.15","0.0","5.14","1.15","5.91","0.0","0.0","0.0","0.0","111.59","128.4","569.98","284.99","458.39","441.58","0.0","","","","","","","","",""
"2015.0","9.0","7.0","250.0","3.0","0.09","1.15","0.0","5.35","1.15","6.15","0.0","0.0","0.0","0.0","117.74","128.4","569.98","284.99","452.23","441.58","0.0","","","","","","","","",""
"2015.0","9.0","8.0","251.0","3.0","0.09","1.15","0.0","5.51","1.15","6.34","0.0","0.0","0.0","0.0","124.08","128.4","569.98","284.99","445.9","441.58","0.0","","","","","","","","",""
"2015.0","9.0","9.0","252.0","3.0","0.09","1.15","0.0","6.15","1.15","7.07","0.0","0.0","0.0","0.0","0.0","128.4","569.98","284.99","569.98","441.58","131.15","","","","","","","","",""
"2015.0","9.0","10.0","253.0","3.0","0.09","1.15","0.0","6.46","1.15","7.43","0.0","0.0","0.0","0.0","7.43","128.4","569.98","284.99","562.55","441.58","0.0","","","","","","","","",""
"2015.0","9.0","11.0","254.0","3.0","0.09","1.15","0.0","5.99","1.15","6.89","0.0","0.0","0.0","0.0","14.32","128.4","569.98","284.99","555.66","441.58","0.0","","","","","","","","",""
"2015.0","9.0","12.0","255.0","3.0","0.09","1.15","0.0","4.16","1.15","4.78","0.0","0.0","0.0","0.0","19.1","128.4","569.98","284.99","550.87","441.58","0.0","","","","","","","","",""
"2015.0","9.0","13.0","256.0","3.0","0.09","1.15","0.0","5.02","1.15","5.77","0.0","0.0","0.0","0.0","24.87","128.4","569.98","284.99","545.1","441.58","0.0","","","","","","","","",""
"2015.0","9.0","14.0","257.0","3.0","0.09","1.15","0.0","3.65","1.15","4.2","0.0","0.0","0.0","0.0","29.07","128.4","569.98","284.99","540.9","441.58","0.0","","","","","","","","",""
"2015.0","9.0","15.0","258.0","3.0","0.09","1.15","0.0","4.63","1.15","5.32","0.0","0.0","0.0","0.0","34.4","128.4","569.98","284.99","535.58","441.58","0.0","","","","","","","","",""
"2015.0","9.0","16.0","259.0","3.0","0.09","1.15","0.0","3.63","1.15","4.17","0.0","0.0","0.0","0.0","38.57","128.4","569.98","284.99","531.41","441.58","0.0","","","","","","","","",""
"2015.0","9.0","17.0","260.0","3.0","0.09","1.15","0.0","3.92","1.15","4.51","0.0","0.0","0.0","0.0","43.08","128.4","569.98","284.99","526.9","441.58","0.0","","","","","","","","",""
"2015.0","9.0","18.0","261.0","3.0","0.09","1.15","0.0","4.56","1.15","5.24","0.0","0.0","0.0","0.0","48.32","128.4","569.98","284.99","521.65","441.58","0.0","","","","","","","","",""
"2015.0","9.0","19.0","262.0","3.0","0.09","1.15","0.0","4.65","1.15","5.35","0.0","0.0","0.0","0.0","53.67","128.4","569.98","284.99","516.31","441.58","0.0","","","","","","","","",""
"2015.0","9.0","20.0","263.0","3.0","0.09","1.15","0.0","4.8","1.15","5.52","0.0","0.0","0.0","0.0","59.19","128.4","569.98","284.99","510.79","441.58","0.0","","","","","","","","",""
"2015.0","9.0","21.0","264.0","3.0","0.09","1.15","0.0","5.53","1.15","6.36","0.0","0.0","0.0","0.0","65.55","128.4","569.98","284.99","504.43","441.58","0.0","","","","","","","","",""
"2015.0","9.0","22.0","265.0","3.0","0.09","1.15","0.0","5.15","1.15","5.92","0.0","0.0","0.0","0.0","71.47","128.4","569.98","284.99","498.5","441.58","0.0","","","","","","","","",""
"2015.0","9.0","23.0","266.0","3.0","0.09","1.15","0.0","4.56","1.15","5.24","0.0","0.0","0.0","0.0","76.72","142.49","569.98","284.99","493.26","427.48","0.0","","","","","","","","",""
"2015.0","9.0","24.0","267.0","3.0","0.09","1.15","0.0","4.55","1.15","5.23","0.0","0.0","0.0","0.0","81.95","142.49","569.98","284.99","488.03","427.48","0.0","","","","","","","","",""
"2015.0","9.0","25.0","268.0","3.0","0.09","1.15","0.0","5.43","1.15","6.24","0.0","0.0","0.0","0.0","88.19","142.49","569.98","284.99","481.78","427.48","0.0","","","","","","","","",""
"2015.0","9.0","26.0","269.0","3.0","0.09","1.15","0.0","5.3","1.15","6.09","0.0","0.0","0.0","0.0","94.29","142.49","569.98","284.99","475.69","427.48","0.0","","","","","","","","",""
"2015.0","9.0","27.0","270.0","3.0","0.09","1.15","0.0","3.79","1.15","4.36","0.0","0.0","0.0","0.0","98.65","142.49","569.98","284.99","471.33","427.48","0.0","","","","","","","","",""
"2015.0","9.0","28.0","271.0","3.0","0.09","1.15","0.0","4.18","1.15","4.81","0.0","0.0","0.0","0.0","103.45","142.49","569.98","284.99","466.52","427.48","0.0","","","","","","","","",""
"2015.0","9.0","29.0","272.0","3.0","0.09","1.15","0.0","3.64","1.15","4.19","0.0","0.0","0.0","0.0","107.64","142.49","569.98","284.99","462.34","427.48","0.0","","","","","","","","",""
"2015.0","9.0","30.0","273.0","3.0","0.09","1.15","0.0","1.99","1.15","2.29","0.0","0.0","0.0","0.0","109.93","142.49","569.98","284.99","460.05","427.48","0.0","","","","","","","","",""
