" Daily soil water balance output for Corn in 185_San Joaquin DAU_Co within 06_San Joaquin River for WY 2015","","","","","","","","","","","","","","","","","","","","","","","Annual and in-season monthly output for Corn in 185_San Joaquin DAU_Co within 06_San Joaquin River for WY 2015","","","","","","",""
"Year","Mon","Day","DOY"," Area","OKc","IKc","CCKc","ETo","Kc","ETc","Pcp","Er","Spg","Espg","SWD","SWDx","FC","PWP","SWC"," YT ","NA","","Year","Mon"," Area","ETo","ETc","ETc","ETc","ETc"
" #  "," # "," # ","  #","Acres","   ","   ","    "," mm","mm"," mm"," mm","mm"," mm"," mm "," mm"," mm ","mm"," mm"," mm"," mm"," mm","","#  "," # "," Acres"," mm"," mm","acre-ft"," mm","acre-ft"
"2014.0","10.0","1.0","274.0","54404.0","0.08","0.0","0.0","5.64","0.08","0.46","0.0","0.0","0.0","0.0","26.6","32.4","460.86","230.43","434.26","428.46","0.0","","2014.0","10.0","54404.0","104.06","8.38","1495.75301837","0.0","0.0"
"2014.0","10.0","2.0","275.0","54404.0","0.08","0.0","0.0","4.13","0.08","0.34","0.0","0.0","0.0","0.0","26.94","32.4","460.86","230.43","433.92","428.46","0.0","","2014.0","11.0","54404.0","44.11","43.59","7780.41456693","0.0","0.0"
"2014.0","10.0","3.0","276.0","54404.0","0.08","0.0","0.0","4.17","0.08","0.34","0.0","0.0","0.0","0.0","27.28","32.4","460.86","230.43","433.58","428.46","0.0","","2014.0","12.0","54404.0","32.86","35.82","6393.54094488","0.0","0.0"
"2014.0","10.0","4.0","277.0","54404.0","0.08","0.0","0.0","4.22","0.08","0.35","0.0","0.0","0.0","0.0","27.63","32.4","460.86","230.43","433.23","428.46","0.0","","2015.0","1.0","54404.0","31.82","16.64","2970.08713911","0.0","0.0"
"2014.0","10.0","5.0","278.0","54404.0","0.08","0.0","0.0","4.07","0.08","0.33","0.0","0.0","0.0","0.0","27.96","32.4","460.86","230.43","432.9","428.46","0.0","","2015.0","2.0","54404.0","55.9","36.29","6477.4316273","0.0","0.0"
"2014.0","10.0","6.0","279.0","54404.0","0.08","0.0","0.0","4.12","0.08","0.34","0.0","0.0","0.0","0.0","28.29","32.4","460.86","230.43","432.56","428.46","0.0","","2015.0","3.0","54404.0","105.04","49.57","8847.78963255","0.0","0.0"
"2014.0","10.0","7.0","280.0","54404.0","0.08","0.0","0.0","4.3","0.08","0.35","0.0","0.0","0.0","0.0","28.64","32.4","460.86","230.43","432.21","428.46","0.0","","2015.0","4.0","54404.0","139.8","71.08","12687.1270341","0.0","0.0"
"2014.0","10.0","8.0","281.0","54404.0","0.08","0.0","0.0","5.11","0.08","0.41","0.0","0.0","0.0","0.0","29.06","32.4","460.86","230.43","431.8","428.46","0.0","","2015.0","5.0","54404.0","156.12","41.43","7394.87440945","41.44","7396.65931759"
"2014.0","10.0","9.0","282.0","54404.0","0.08","0.0","0.0","4.37","0.08","0.35","0.0","0.0","0.0","0.0","29.41","32.4","460.86","230.43","431.44","428.46","0.0","","2015.0","6.0","54404.0","205.59","154.03","27492.9400262","114.04","20355.0923885"
"2014.0","10.0","10.0","283.0","54404.0","0.08","0.0","0.0","3.76","0.08","0.3","0.0","0.0","0.0","0.0","29.72","32.4","460.86","230.43","431.14","428.46","0.0","","2015.0","7.0","54404.0","212.75","212.12","37861.4713911","214.61","38305.9135171"
"2014.0","10.0","11.0","284.0","54404.0","0.08","0.0","0.0","3.57","0.08","0.29","0.0","0.0","0.0","0.0","30.01","32.4","460.86","230.43","430.85","428.46","0.0","","2015.0","8.0","54404.0","195.07","55.2","9852.69291339","200.92","35862.3742782"
"2014.0","10.0","12.0","285.0","54404.0","0.08","0.0","0.0","6.1","0.08","0.49","0.0","0.0","0.0","0.0","30.5","32.4","460.86","230.43","430.36","428.46","0.0","","2015.0","9.0","54404.0","149.12","12.91","2304.3164042","141.24","25210.0425197"
"2014.0","10.0","13.0","286.0","54404.0","0.08","0.0","0.0","4.07","0.08","0.33","0.0","0.0","0.0","0.0","30.82","32.4","460.86","230.43","430.03","428.46","0.0","","","","","","","","",""
"2014.0","10.0","14.0","287.0","54404.0","0.08","0.0","0.0","3.32","0.08","0.27","0.0","0.0","0.0","0.0","31.09","32.4","460.86","230.43","429.77","428.46","0.0","","","","","","","","",""
"2014.0","10.0","15.0","288.0","54404.0","0.08","0.0","0.0","2.48","0.08","0.2","0.0","0.0","0.0","0.0","31.29","32.4","460.86","230.43","429.57","428.46","0.0","","","","","","","","",""
"2014.0","10.0","16.0","289.0","54404.0","0.08","0.0","0.0","2.77","0.08","0.22","0.0","0.0","0.0","0.0","31.51","32.4","460.86","230.43","429.35","428.46","0.0","","","","","","","","",""
"2014.0","10.0","17.0","290.0","54404.0","0.08","0.0","0.0","2.57","0.08","0.21","0.0","0.0","0.0","0.0","31.72","32.4","460.86","230.43","429.14","428.46","0.0","","","","","","","","",""
"2014.0","10.0","18.0","291.0","54404.0","0.08","0.0","0.0","2.93","0.08","0.23","0.0","0.0","0.0","0.0","31.95","32.4","460.86","230.43","428.91","428.46","0.0","","","","","","","","",""
"2014.0","10.0","19.0","292.0","54404.0","0.08","0.0","0.0","2.95","0.08","0.24","0.0","0.0","0.0","0.0","32.19","32.4","460.86","230.43","428.67","428.46","0.0","","","","","","","","",""
"2014.0","10.0","20.0","293.0","54404.0","0.08","0.0","0.0","2.41","0.08","0.19","0.0","0.0","0.0","0.0","32.38","32.4","460.86","230.43","428.48","428.46","0.0","","","","","","","","",""
"2014.0","10.0","21.0","294.0","54404.0","0.08","0.0","0.0","2.78","0.08","0.22","0.0","0.0","0.0","0.0","32.6","32.4","460.86","230.43","428.26","428.46","0.0","","","","","","","","",""
"2014.0","10.0","22.0","295.0","54404.0","0.08","0.0","0.0","2.61","0.08","0.21","0.0","0.0","0.0","0.0","32.4","32.4","460.86","230.43","428.46","428.46","0.0","","","","","","","","",""
"2014.0","10.0","23.0","296.0","54404.0","0.08","0.0","0.0","2.6","0.08","0.21","0.0","0.0","0.0","0.0","32.61","32.4","460.86","230.43","428.25","428.46","0.0","","","","","","","","",""
"2014.0","10.0","24.0","297.0","54404.0","0.08","0.0","0.0","2.62","0.08","0.21","0.0","0.0","0.0","0.0","32.4","32.4","460.86","230.43","428.46","428.46","0.0","","","","","","","","",""
"2014.0","10.0","25.0","298.0","54404.0","0.08","0.0","0.0","2.22","0.08","0.18","0.03","0.03","0.0","0.0","32.55","32.4","460.86","230.43","428.31","428.46","0.0","","","","","","","","",""
"2014.0","10.0","26.0","299.0","54404.0","0.08","0.0","0.0","2.76","0.08","0.22","0.77","0.77","0.0","0.0","31.78","32.4","460.86","230.43","429.08","428.46","0.0","","","","","","","","",""
"2014.0","10.0","27.0","300.0","54404.0","0.08","0.0","0.0","2.56","0.08","0.2","0.0","0.0","0.0","0.0","31.98","32.4","460.86","230.43","428.88","428.46","0.0","","","","","","","","",""
"2014.0","10.0","28.0","301.0","54404.0","0.08","0.0","0.0","2.42","0.08","0.19","0.0","0.0","0.0","0.0","32.17","32.4","460.86","230.43","428.69","428.46","0.0","","","","","","","","",""
"2014.0","10.0","29.0","302.0","54404.0","0.08","0.0","0.0","2.46","0.08","0.19","0.0","0.0","0.0","0.0","32.37","32.4","460.86","230.43","428.49","428.46","0.0","","","","","","","","",""
"2014.0","10.0","30.0","303.0","54404.0","0.08","0.0","0.0","2.53","0.08","0.2","0.0","0.0","0.0","0.0","32.57","32.4","460.86","230.43","428.29","428.46","0.0","","","","","","","","",""
"2014.0","10.0","31.0","304.0","54404.0","0.08","0.0","0.0","1.44","0.08","0.11","0.38","0.38","0.0","0.0","32.19","32.4","460.86","230.43","428.67","428.46","0.0","","","","","","","","",""
"2014.0","11.0","1.0","305.0","54404.0","1.15","0.0","0.0","1.78","1.15","2.04","8.7","8.7","0.0","0.0","25.53","32.4","460.86","230.43","435.33","428.46","0.0","","","","","","","","",""
"2014.0","11.0","2.0","306.0","54404.0","1.14","0.0","0.0","2.19","1.14","2.5","0.0","0.0","0.0","0.0","28.03","32.4","460.86","230.43","432.83","428.46","0.0","","","","","","","","",""
"2014.0","11.0","3.0","307.0","54404.0","1.14","0.0","0.0","1.79","1.14","2.05","0.0","0.0","0.0","0.0","30.08","32.4","460.86","230.43","430.78","428.46","0.0","","","","","","","","",""
"2014.0","11.0","4.0","308.0","54404.0","1.02","0.0","0.0","1.75","1.02","1.78","0.0","0.0","0.0","0.0","31.85","32.4","460.86","230.43","429.01","428.46","0.0","","","","","","","","",""
"2014.0","11.0","5.0","309.0","54404.0","0.91","0.0","0.0","1.91","0.91","1.73","0.0","0.0","0.0","0.0","33.58","32.4","460.86","230.43","427.27","428.46","0.0","","","","","","","","",""
"2014.0","11.0","6.0","310.0","54404.0","0.83","0.0","0.0","1.94","0.83","1.6","0.0","0.0","0.0","0.0","32.4","32.4","460.86","230.43","428.46","428.46","0.0","","","","","","","","",""
"2014.0","11.0","7.0","311.0","54404.0","0.76","0.0","0.0","2.02","0.76","1.54","0.0","0.0","0.0","0.0","33.94","32.4","460.86","230.43","426.92","428.46","0.0","","","","","","","","",""
"2014.0","11.0","8.0","312.0","54404.0","0.71","0.0","0.0","1.86","0.71","1.32","0.0","0.0","0.0","0.0","32.4","32.4","460.86","230.43","428.46","428.46","0.0","","","","","","","","",""
"2014.0","11.0","9.0","313.0","54404.0","0.67","0.0","0.0","1.86","0.67","1.25","0.0","0.0","0.0","0.0","33.65","32.4","460.86","230.43","427.21","428.46","0.0","","","","","","","","",""
"2014.0","11.0","10.0","314.0","54404.0","0.64","0.0","0.0","1.86","0.64","1.19","0.0","0.0","0.0","0.0","32.4","32.4","460.86","230.43","428.46","428.46","0.0","","","","","","","","",""
"2014.0","11.0","11.0","315.0","54404.0","0.62","0.0","0.0","1.5","0.62","0.92","0.0","0.0","0.0","0.0","33.32","32.4","460.86","230.43","427.53","428.46","0.0","","","","","","","","",""
"2014.0","11.0","12.0","316.0","54404.0","0.59","0.0","0.0","1.55","0.59","0.92","0.0","0.0","0.0","0.0","32.4","32.4","460.86","230.43","428.46","428.46","0.0","","","","","","","","",""
"2014.0","11.0","13.0","317.0","54404.0","1.18","0.0","0.0","1.1","1.18","1.29","5.8","5.8","0.0","0.0","27.89","32.4","460.86","230.43","432.96","428.46","0.0","","","","","","","","",""
"2014.0","11.0","14.0","318.0","54404.0","1.16","0.0","0.0","1.42","1.16","1.65","1.33","1.33","0.0","0.0","28.22","32.4","460.86","230.43","432.64","428.46","0.0","","","","","","","","",""
"2014.0","11.0","15.0","319.0","54404.0","1.16","0.0","0.0","1.34","1.16","1.56","0.0","0.0","0.0","0.0","29.78","32.4","460.86","230.43","431.08","428.46","0.0","","","","","","","","",""
"2014.0","11.0","16.0","320.0","54404.0","1.16","0.0","0.0","1.88","1.16","2.18","0.0","0.0","0.0","0.0","31.95","32.4","460.86","230.43","428.9","428.46","0.0","","","","","","","","",""
"2014.0","11.0","17.0","321.0","54404.0","1.11","0.0","0.0","1.72","1.11","1.91","0.0","0.0","0.0","0.0","33.86","32.4","460.86","230.43","427.0","428.46","0.0","","","","","","","","",""
"2014.0","11.0","18.0","322.0","54404.0","1.01","0.0","0.0","1.32","1.01","1.33","0.0","0.0","0.0","0.0","32.4","32.4","460.86","230.43","428.46","428.46","0.0","","","","","","","","",""
"2014.0","11.0","19.0","323.0","54404.0","0.94","0.0","0.0","1.22","0.94","1.15","0.04","0.04","0.0","0.0","33.51","32.4","460.86","230.43","427.35","428.46","0.0","","","","","","","","",""
"2014.0","11.0","20.0","324.0","54404.0","1.19","0.0","0.0","0.65","1.19","0.78","2.17","2.17","0.0","0.0","31.34","32.4","460.86","230.43","429.52","428.46","0.0","","","","","","","","",""
"2014.0","11.0","21.0","325.0","54404.0","1.18","0.0","0.0","0.91","1.18","1.08","3.54","3.54","0.0","0.0","28.87","32.4","460.86","230.43","431.99","428.46","0.0","","","","","","","","",""
"2014.0","11.0","22.0","326.0","54404.0","1.18","0.0","0.0","1.19","1.18","1.4","0.14","0.14","0.0","0.0","30.13","32.4","460.86","230.43","430.72","428.46","0.0","","","","","","","","",""
"2014.0","11.0","23.0","327.0","54404.0","1.16","0.0","0.0","1.55","1.16","1.79","2.92","2.92","0.0","0.0","29.01","32.4","460.86","230.43","431.85","428.46","0.0","","","","","","","","",""
"2014.0","11.0","24.0","328.0","54404.0","1.16","0.0","0.0","1.38","1.16","1.6","0.0","0.0","0.0","0.0","30.61","32.4","460.86","230.43","430.25","428.46","0.0","","","","","","","","",""
"2014.0","11.0","25.0","329.0","54404.0","1.16","0.0","0.0","1.24","1.16","1.44","0.0","0.0","0.0","0.0","32.06","32.4","460.86","230.43","428.8","428.46","0.0","","","","","","","","",""
"2014.0","11.0","26.0","330.0","54404.0","1.17","0.0","0.0","1.26","1.17","1.47","0.0","0.0","0.0","0.0","33.52","32.4","460.86","230.43","427.33","428.46","0.0","","","","","","","","",""
"2014.0","11.0","27.0","331.0","54404.0","1.09","0.0","0.0","1.24","1.09","1.35","0.0","0.0","0.0","0.0","32.4","32.4","460.86","230.43","428.46","428.46","0.0","","","","","","","","",""
"2014.0","11.0","28.0","332.0","54404.0","1.0","0.0","0.0","1.2","1.0","1.2","0.0","0.0","0.0","0.0","33.6","32.4","460.86","230.43","427.26","428.46","0.0","","","","","","","","",""
"2014.0","11.0","29.0","333.0","54404.0","0.95","0.0","0.0","0.81","0.95","0.77","0.93","0.93","0.0","0.0","32.4","32.4","460.86","230.43","428.46","428.46","0.0","","","","","","","","",""
"2014.0","11.0","30.0","334.0","54404.0","1.19","0.0","0.0","0.67","1.19","0.8","1.78","1.78","0.0","0.0","31.42","32.4","460.86","230.43","429.44","428.46","0.0","","","","","","","","",""
"2014.0","12.0","1.0","335.0","54404.0","1.18","0.0","0.0","1.01","1.18","1.19","11.06","11.06","0.0","0.0","21.55","32.4","460.86","230.43","439.31","428.46","0.0","","","","","","","","",""
"2014.0","12.0","2.0","336.0","54404.0","1.2","0.0","0.0","0.62","1.2","0.74","7.1","7.1","0.0","0.0","15.19","32.4","460.86","230.43","445.67","428.46","0.0","","","","","","","","",""
"2014.0","12.0","3.0","337.0","54404.0","1.17","0.0","0.0","1.27","1.17","1.48","28.07","16.68","0.0","0.0","0.0","32.4","460.86","230.43","460.86","428.46","0.0","","","","","","","","",""
"2014.0","12.0","4.0","338.0","54404.0","1.17","0.0","0.0","1.14","1.17","1.34","8.49","1.34","0.0","0.0","0.0","32.4","460.86","230.43","460.86","428.46","0.0","","","","","","","","",""
"2014.0","12.0","5.0","339.0","54404.0","1.18","0.0","0.0","0.92","1.18","1.08","0.14","0.14","0.0","0.0","0.94","32.4","460.86","230.43","459.91","428.46","0.0","","","","","","","","",""
"2014.0","12.0","6.0","340.0","54404.0","1.18","0.0","0.0","1.12","1.18","1.32","2.24","2.24","0.0","0.0","0.02","32.4","460.86","230.43","460.84","428.46","0.0","","","","","","","","",""
"2014.0","12.0","7.0","341.0","54404.0","1.18","0.0","0.0","0.75","1.18","0.89","0.28","0.28","0.0","0.0","0.63","32.4","460.86","230.43","460.23","428.46","0.0","","","","","","","","",""
"2014.0","12.0","8.0","342.0","54404.0","1.18","0.0","0.0","0.87","1.18","1.03","0.21","0.21","0.0","0.0","1.45","32.4","460.86","230.43","459.41","428.46","0.0","","","","","","","","",""
"2014.0","12.0","9.0","343.0","54404.0","1.19","0.0","0.0","0.69","1.19","0.82","0.0","0.0","0.0","0.0","2.27","32.4","460.86","230.43","458.59","428.46","0.0","","","","","","","","",""
"2014.0","12.0","10.0","344.0","54404.0","1.18","0.0","0.0","0.96","1.18","1.14","0.0","0.0","0.0","0.0","3.4","32.4","460.86","230.43","457.45","428.46","0.0","","","","","","","","",""
"2014.0","12.0","11.0","345.0","54404.0","1.17","0.0","0.0","1.43","1.17","1.67","0.0","0.0","0.0","0.0","5.08","32.4","460.86","230.43","455.78","428.46","0.0","","","","","","","","",""
"2014.0","12.0","12.0","346.0","54404.0","1.2","0.0","0.0","0.62","1.2","0.74","63.4","5.82","0.0","0.0","0.0","32.4","460.86","230.43","460.86","428.46","0.0","","","","","","","","",""
"2014.0","12.0","13.0","347.0","54404.0","1.19","0.0","0.0","0.7","1.19","0.83","1.49","0.83","0.0","0.0","0.0","32.4","460.86","230.43","460.86","428.46","0.0","","","","","","","","",""
"2014.0","12.0","14.0","348.0","54404.0","1.19","0.0","0.0","0.78","1.19","0.93","0.0","0.0","0.0","0.0","0.93","32.4","460.86","230.43","459.93","428.46","0.0","","","","","","","","",""
"2014.0","12.0","15.0","349.0","54404.0","1.18","0.0","0.0","1.03","1.18","1.21","7.42","2.14","0.0","0.0","0.0","32.4","460.86","230.43","460.86","428.46","0.0","","","","","","","","",""
"2014.0","12.0","16.0","350.0","54404.0","1.17","0.0","0.0","1.27","1.17","1.48","8.63","1.48","0.0","0.0","0.0","32.4","460.86","230.43","460.86","428.46","0.0","","","","","","","","",""
"2014.0","12.0","17.0","351.0","54404.0","1.18","0.0","0.0","0.95","1.18","1.12","10.65","1.12","0.0","0.0","0.0","32.4","460.86","230.43","460.86","428.46","0.0","","","","","","","","",""
"2014.0","12.0","18.0","352.0","54404.0","1.18","0.0","0.0","1.01","1.18","1.19","3.76","1.19","0.0","0.0","0.0","32.4","460.86","230.43","460.86","428.46","0.0","","","","","","","","",""
"2014.0","12.0","19.0","353.0","54404.0","1.18","0.0","0.0","0.86","1.18","1.02","0.0","0.0","0.0","0.0","1.02","32.4","460.86","230.43","459.84","428.46","0.0","","","","","","","","",""
"2014.0","12.0","20.0","354.0","54404.0","1.19","0.0","0.0","0.69","1.19","0.82","8.9","1.84","0.0","0.0","0.0","32.4","460.86","230.43","460.86","428.46","0.0","","","","","","","","",""
"2014.0","12.0","21.0","355.0","54404.0","1.19","0.0","0.0","0.99","1.19","1.17","0.18","0.18","0.0","0.0","0.99","32.4","460.86","230.43","459.86","428.46","0.0","","","","","","","","",""
"2014.0","12.0","22.0","356.0","54404.0","1.19","0.0","0.0","0.76","1.19","0.9","0.0","0.0","0.0","0.0","1.9","32.4","460.86","230.43","458.96","428.46","0.0","","","","","","","","",""
"2014.0","12.0","23.0","357.0","54404.0","1.19","0.0","0.0","0.75","1.19","0.89","0.0","0.0","0.0","0.0","2.79","32.4","460.86","230.43","458.07","428.46","0.0","","","","","","","","",""
"2014.0","12.0","24.0","358.0","54404.0","1.19","0.0","0.0","0.93","1.19","1.1","0.0","0.0","0.0","0.0","3.89","32.4","460.86","230.43","456.97","428.46","0.0","","","","","","","","",""
"2014.0","12.0","25.0","359.0","54404.0","1.14","0.0","0.0","2.0","1.14","2.28","0.99","0.99","0.0","0.0","5.18","32.4","460.86","230.43","455.67","428.46","0.0","","","","","","","","",""
"2014.0","12.0","26.0","360.0","54404.0","1.01","0.0","0.0","1.63","1.01","1.65","0.0","0.0","0.0","0.0","6.84","32.4","460.86","230.43","454.02","428.46","0.0","","","","","","","","",""
"2014.0","12.0","27.0","361.0","54404.0","0.97","0.0","0.0","0.77","0.97","0.74","0.0","0.0","0.0","0.0","7.58","32.4","460.86","230.43","453.28","428.46","0.0","","","","","","","","",""
"2014.0","12.0","28.0","362.0","54404.0","0.93","0.0","0.0","0.77","0.93","0.71","0.0","0.0","0.0","0.0","8.29","32.4","460.86","230.43","452.56","428.46","0.0","","","","","","","","",""
"2014.0","12.0","29.0","363.0","54404.0","0.9","0.0","0.0","0.56","0.9","0.5","0.0","0.0","0.0","0.0","8.8","32.4","460.86","230.43","452.06","428.46","0.0","","","","","","","","",""
"2014.0","12.0","30.0","364.0","54404.0","0.8","0.0","0.0","2.46","0.8","1.98","0.0","0.0","0.0","0.0","10.77","32.4","460.86","230.43","450.08","428.46","0.0","","","","","","","","",""
"2014.0","12.0","31.0","365.0","54404.0","0.73","0.0","0.0","2.55","0.73","1.86","0.0","0.0","0.0","0.0","12.63","32.4","460.86","230.43","448.22","428.46","0.0","","","","","","","","",""
"2015.0","1.0","1.0","1.0","54404.0","0.71","0.0","0.0","0.94","0.71","0.67","0.0","0.0","0.0","0.0","13.3","32.4","460.86","230.43","447.56","428.46","0.0","","","","","","","","",""
"2015.0","1.0","2.0","2.0","54404.0","0.69","0.0","0.0","0.91","0.69","0.63","0.0","0.0","0.0","0.0","13.93","32.4","460.86","230.43","446.93","428.46","0.0","","","","","","","","",""
"2015.0","1.0","3.0","3.0","54404.0","0.67","0.0","0.0","0.91","0.67","0.61","0.0","0.0","0.0","0.0","14.54","32.4","460.86","230.43","446.32","428.46","0.0","","","","","","","","",""
"2015.0","1.0","4.0","4.0","54404.0","0.65","0.0","0.0","1.0","0.65","0.65","0.0","0.0","0.0","0.0","15.19","32.4","460.86","230.43","445.67","428.46","0.0","","","","","","","","",""
"2015.0","1.0","5.0","5.0","54404.0","0.64","0.0","0.0","0.96","0.64","0.61","0.0","0.0","0.0","0.0","15.8","32.4","460.86","230.43","445.06","428.46","0.0","","","","","","","","",""
"2015.0","1.0","6.0","6.0","54404.0","0.62","0.0","0.0","1.22","0.62","0.75","0.0","0.0","0.0","0.0","16.55","32.4","460.86","230.43","444.3","428.46","0.0","","","","","","","","",""
"2015.0","1.0","7.0","7.0","54404.0","0.6","0.0","0.0","1.2","0.6","0.72","0.0","0.0","0.0","0.0","17.27","32.4","460.86","230.43","443.58","428.46","0.0","","","","","","","","",""
"2015.0","1.0","8.0","8.0","54404.0","0.59","0.0","0.0","1.05","0.59","0.62","0.0","0.0","0.0","0.0","17.89","32.4","460.86","230.43","442.97","428.46","0.0","","","","","","","","",""
"2015.0","1.0","9.0","9.0","54404.0","0.58","0.0","0.0","0.9","0.58","0.52","0.0","0.0","0.0","0.0","18.41","32.4","460.86","230.43","442.45","428.46","0.0","","","","","","","","",""
"2015.0","1.0","10.0","10.0","54404.0","0.56","0.0","0.0","1.04","0.56","0.59","0.0","0.0","0.0","0.0","18.99","32.4","460.86","230.43","441.86","428.46","0.0","","","","","","","","",""
"2015.0","1.0","11.0","11.0","54404.0","0.55","0.0","0.0","0.89","0.55","0.49","0.0","0.0","0.0","0.0","19.49","32.4","460.86","230.43","441.37","428.46","0.0","","","","","","","","",""
"2015.0","1.0","12.0","12.0","54404.0","0.54","0.0","0.0","0.99","0.54","0.54","0.0","0.0","0.0","0.0","20.03","32.4","460.86","230.43","440.83","428.46","0.0","","","","","","","","",""
"2015.0","1.0","13.0","13.0","54404.0","0.53","0.0","0.0","1.0","0.53","0.53","0.0","0.0","0.0","0.0","20.56","32.4","460.86","230.43","440.3","428.46","0.0","","","","","","","","",""
"2015.0","1.0","14.0","14.0","54404.0","0.53","0.0","0.0","0.64","0.53","0.34","0.0","0.0","0.0","0.0","20.9","32.4","460.86","230.43","439.96","428.46","0.0","","","","","","","","",""
"2015.0","1.0","15.0","15.0","54404.0","0.52","0.0","0.0","0.67","0.52","0.35","0.0","0.0","0.0","0.0","21.25","32.4","460.86","230.43","439.61","428.46","0.0","","","","","","","","",""
"2015.0","1.0","16.0","16.0","54404.0","0.52","0.0","0.0","0.64","0.52","0.33","0.0","0.0","0.0","0.0","21.58","32.4","460.86","230.43","439.28","428.46","0.0","","","","","","","","",""
"2015.0","1.0","17.0","17.0","54404.0","0.51","0.0","0.0","0.53","0.51","0.27","0.0","0.0","0.0","0.0","21.85","32.4","460.86","230.43","439.01","428.46","0.0","","","","","","","","",""
"2015.0","1.0","18.0","18.0","54404.0","0.51","0.0","0.0","0.61","0.51","0.31","0.0","0.0","0.0","0.0","22.16","32.4","460.86","230.43","438.7","428.46","0.0","","","","","","","","",""
"2015.0","1.0","19.0","19.0","54404.0","0.5","0.0","0.0","0.55","0.5","0.28","0.03","0.03","0.0","0.0","22.41","32.4","460.86","230.43","438.45","428.46","0.0","","","","","","","","",""
"2015.0","1.0","20.0","20.0","54404.0","0.5","0.0","0.0","0.74","0.5","0.37","0.0","0.0","0.0","0.0","22.77","32.4","460.86","230.43","438.08","428.46","0.0","","","","","","","","",""
"2015.0","1.0","21.0","21.0","54404.0","0.49","0.0","0.0","1.03","0.49","0.5","0.0","0.0","0.0","0.0","23.28","32.4","460.86","230.43","437.58","428.46","0.0","","","","","","","","",""
"2015.0","1.0","22.0","22.0","54404.0","0.48","0.0","0.0","0.7","0.48","0.34","0.0","0.0","0.0","0.0","23.62","32.4","460.86","230.43","437.24","428.46","0.0","","","","","","","","",""
"2015.0","1.0","23.0","23.0","54404.0","0.48","0.0","0.0","0.94","0.48","0.45","0.0","0.0","0.0","0.0","24.07","32.4","460.86","230.43","436.79","428.46","0.0","","","","","","","","",""
"2015.0","1.0","24.0","24.0","54404.0","0.47","0.0","0.0","0.86","0.47","0.41","0.0","0.0","0.0","0.0","24.47","32.4","460.86","230.43","436.38","428.46","0.0","","","","","","","","",""
"2015.0","1.0","25.0","25.0","54404.0","0.47","0.0","0.0","1.0","0.47","0.47","0.0","0.0","0.0","0.0","24.94","32.4","460.86","230.43","435.92","428.46","0.0","","","","","","","","",""
"2015.0","1.0","26.0","26.0","54404.0","0.46","0.0","0.0","1.2","0.46","0.55","0.0","0.0","0.0","0.0","25.49","32.4","460.86","230.43","435.37","428.46","0.0","","","","","","","","",""
"2015.0","1.0","27.0","27.0","54404.0","0.45","0.0","0.0","1.17","0.45","0.53","0.0","0.0","0.0","0.0","26.02","32.4","460.86","230.43","434.84","428.46","0.0","","","","","","","","",""
"2015.0","1.0","28.0","28.0","54404.0","0.44","0.0","0.0","1.46","0.44","0.65","0.0","0.0","0.0","0.0","26.66","32.4","460.86","230.43","434.19","428.46","0.0","","","","","","","","",""
"2015.0","1.0","29.0","29.0","54404.0","0.44","0.0","0.0","1.36","0.44","0.59","0.0","0.0","0.0","0.0","27.26","32.4","460.86","230.43","433.6","428.46","0.0","","","","","","","","",""
"2015.0","1.0","30.0","30.0","54404.0","0.43","0.0","0.0","1.73","0.43","0.74","0.0","0.0","0.0","0.0","27.99","32.4","460.86","230.43","432.86","428.46","0.0","","","","","","","","",""
"2015.0","1.0","31.0","31.0","54404.0","0.41","0.0","0.0","2.98","0.41","1.23","0.0","0.0","0.0","0.0","29.22","32.4","460.86","230.43","431.63","428.46","0.0","","","","","","","","",""
"2015.0","2.0","1.0","32.0","54404.0","0.41","0.0","0.0","1.53","0.41","0.62","0.0","0.0","0.0","0.0","29.85","32.4","460.86","230.43","431.01","428.46","0.0","","","","","","","","",""
"2015.0","2.0","2.0","33.0","54404.0","0.4","0.0","0.0","1.54","0.4","0.62","0.0","0.0","0.0","0.0","30.46","32.4","460.86","230.43","430.4","428.46","0.0","","","","","","","","",""
"2015.0","2.0","3.0","34.0","54404.0","0.39","0.0","0.0","1.62","0.39","0.64","0.0","0.0","0.0","0.0","31.1","32.4","460.86","230.43","429.76","428.46","0.0","","","","","","","","",""
"2015.0","2.0","4.0","35.0","54404.0","0.39","0.0","0.0","1.46","0.39","0.57","0.01","0.01","0.0","0.0","31.66","32.4","460.86","230.43","429.2","428.46","0.0","","","","","","","","",""
"2015.0","2.0","5.0","36.0","54404.0","0.38","0.0","0.0","1.06","0.38","0.41","0.0","0.0","0.0","0.0","32.06","32.4","460.86","230.43","428.8","428.46","0.0","","","","","","","","",""
"2015.0","2.0","6.0","37.0","54404.0","0.38","0.0","0.0","2.4","0.38","0.9","0.23","0.23","0.0","0.0","32.73","32.4","460.86","230.43","428.12","428.46","0.0","","","","","","","","",""
"2015.0","2.0","7.0","38.0","54404.0","1.16","0.0","0.0","1.48","1.16","1.72","13.13","13.13","0.0","0.0","19.6","32.4","460.86","230.43","441.25","428.46","0.0","","","","","","","","",""
"2015.0","2.0","8.0","39.0","54404.0","1.16","0.0","0.0","1.56","1.16","1.81","12.26","12.26","0.0","0.0","9.15","32.4","460.86","230.43","451.71","428.46","0.0","","","","","","","","",""
"2015.0","2.0","9.0","40.0","54404.0","1.14","0.0","0.0","2.12","1.14","2.41","13.42","11.56","0.0","0.0","0.0","32.4","460.86","230.43","460.86","428.46","0.0","","","","","","","","",""
"2015.0","2.0","10.0","41.0","54404.0","1.14","0.0","0.0","1.87","1.14","2.13","0.0","0.0","0.0","0.0","2.13","32.4","460.86","230.43","458.73","428.46","0.0","","","","","","","","",""
"2015.0","2.0","11.0","42.0","54404.0","1.14","0.0","0.0","1.71","1.14","1.96","0.0","0.0","0.0","0.0","4.09","32.4","460.86","230.43","456.77","428.46","0.0","","","","","","","","",""
"2015.0","2.0","12.0","43.0","54404.0","1.0","0.0","0.0","2.0","1.0","2.0","0.0","0.0","0.0","0.0","6.09","32.4","460.86","230.43","454.77","428.46","0.0","","","","","","","","",""
"2015.0","2.0","13.0","44.0","54404.0","0.89","0.0","0.0","2.09","0.89","1.86","0.0","0.0","0.0","0.0","7.95","32.4","460.86","230.43","452.91","428.46","0.0","","","","","","","","",""
"2015.0","2.0","14.0","45.0","54404.0","0.8","0.0","0.0","2.2","0.8","1.76","0.0","0.0","0.0","0.0","9.71","32.4","460.86","230.43","451.15","428.46","0.0","","","","","","","","",""
"2015.0","2.0","15.0","46.0","54404.0","0.74","0.0","0.0","2.08","0.74","1.54","0.0","0.0","0.0","0.0","11.25","32.4","460.86","230.43","449.61","428.46","0.0","","","","","","","","",""
"2015.0","2.0","16.0","47.0","54404.0","0.69","0.0","0.0","2.09","0.69","1.44","0.0","0.0","0.0","0.0","12.69","32.4","460.86","230.43","448.16","428.46","0.0","","","","","","","","",""
"2015.0","2.0","17.0","48.0","54404.0","0.65","0.0","0.0","1.81","0.65","1.19","0.0","0.0","0.0","0.0","13.88","32.4","460.86","230.43","446.98","428.46","0.0","","","","","","","","",""
"2015.0","2.0","18.0","49.0","54404.0","0.63","0.0","0.0","1.72","0.63","1.08","0.0","0.0","0.0","0.0","14.96","32.4","460.86","230.43","445.9","428.46","0.0","","","","","","","","",""
"2015.0","2.0","19.0","50.0","54404.0","0.61","0.0","0.0","1.04","0.61","0.64","0.0","0.0","0.0","0.0","15.59","32.4","460.86","230.43","445.27","428.46","0.0","","","","","","","","",""
"2015.0","2.0","20.0","51.0","54404.0","0.59","0.0","0.0","1.75","0.59","1.03","0.0","0.0","0.0","0.0","16.62","32.4","460.86","230.43","444.24","428.46","0.0","","","","","","","","",""
"2015.0","2.0","21.0","52.0","54404.0","0.57","0.0","0.0","1.58","0.57","0.9","0.0","0.0","0.0","0.0","17.51","32.4","460.86","230.43","443.34","428.46","0.0","","","","","","","","",""
"2015.0","2.0","22.0","53.0","54404.0","0.53","0.0","0.0","2.95","0.53","1.58","0.0","0.0","0.0","0.0","19.09","32.4","460.86","230.43","441.77","428.46","0.0","","","","","","","","",""
"2015.0","2.0","23.0","54.0","54404.0","0.5","0.0","0.0","3.55","0.5","1.78","0.0","0.0","0.0","0.0","20.87","32.4","460.86","230.43","439.98","428.46","0.0","","","","","","","","",""
"2015.0","2.0","24.0","55.0","54404.0","0.48","0.0","0.0","2.71","0.48","1.3","0.0","0.0","0.0","0.0","22.18","32.4","460.86","230.43","438.68","428.46","0.0","","","","","","","","",""
"2015.0","2.0","25.0","56.0","54404.0","0.47","0.0","0.0","2.2","0.47","1.02","0.0","0.0","0.0","0.0","23.2","32.4","460.86","230.43","437.66","428.46","0.0","","","","","","","","",""
"2015.0","2.0","26.0","57.0","54404.0","0.45","0.0","0.0","2.91","0.45","1.3","0.0","0.0","0.0","0.0","24.5","32.4","460.86","230.43","436.36","428.46","0.0","","","","","","","","",""
"2015.0","2.0","27.0","58.0","54404.0","0.43","0.0","0.0","2.86","0.43","1.23","0.0","0.0","0.0","0.0","25.73","32.4","460.86","230.43","435.12","428.46","0.0","","","","","","","","",""
"2015.0","2.0","28.0","59.0","54404.0","0.42","0.0","0.0","2.01","0.42","0.85","0.0","0.0","0.0","0.0","26.58","32.4","460.86","230.43","434.28","428.46","0.0","","","","","","","","",""
"2015.0","3.0","1.0","60.0","54404.0","0.41","0.0","0.0","2.51","0.41","1.03","0.25","0.25","0.0","0.0","27.36","32.4","460.86","230.43","433.5","428.46","0.0","","","","","","","","",""
"2015.0","3.0","2.0","61.0","54404.0","0.4","0.0","0.0","2.21","0.4","0.88","0.0","0.0","0.0","0.0","28.24","32.4","460.86","230.43","432.62","428.46","0.0","","","","","","","","",""
"2015.0","3.0","3.0","62.0","54404.0","0.39","0.0","0.0","2.53","0.39","0.98","1.19","1.19","0.0","0.0","28.03","32.4","460.86","230.43","432.82","428.46","0.0","","","","","","","","",""
"2015.0","3.0","4.0","63.0","54404.0","0.38","0.0","0.0","2.61","0.38","0.99","0.0","0.0","0.0","0.0","29.02","32.4","460.86","230.43","431.83","428.46","0.0","","","","","","","","",""
"2015.0","3.0","5.0","64.0","54404.0","0.37","0.0","0.0","2.81","0.37","1.04","0.0","0.0","0.0","0.0","30.06","32.4","460.86","230.43","430.79","428.46","0.0","","","","","","","","",""
"2015.0","3.0","6.0","65.0","54404.0","0.36","0.0","0.0","2.99","0.36","1.08","0.0","0.0","0.0","0.0","31.14","32.4","460.86","230.43","429.72","428.46","0.0","","","","","","","","",""
"2015.0","3.0","7.0","66.0","54404.0","0.35","0.0","0.0","2.88","0.35","1.01","0.0","0.0","0.0","0.0","32.15","32.4","460.86","230.43","428.71","428.46","0.0","","","","","","","","",""
"2015.0","3.0","8.0","67.0","54404.0","0.34","0.0","0.0","2.97","0.34","1.02","0.0","0.0","0.0","0.0","33.17","32.4","460.86","230.43","427.69","428.46","0.0","","","","","","","","",""
"2015.0","3.0","9.0","68.0","54404.0","0.34","0.0","0.0","2.92","0.34","0.98","0.0","0.0","0.0","0.0","32.4","32.4","460.86","230.43","428.46","428.46","0.0","","","","","","","","",""
"2015.0","3.0","10.0","69.0","54404.0","0.33","0.0","0.0","2.53","0.33","0.83","0.0","0.0","0.0","0.0","33.23","32.4","460.86","230.43","427.62","428.46","0.0","","","","","","","","",""
"2015.0","3.0","11.0","70.0","54404.0","0.32","0.0","0.0","2.06","0.32","0.67","1.21","1.21","0.0","0.0","32.02","32.4","460.86","230.43","428.83","428.46","0.0","","","","","","","","",""
"2015.0","3.0","12.0","71.0","54404.0","1.09","0.0","0.0","3.36","1.09","3.65","3.33","3.33","0.0","0.0","32.34","32.4","460.86","230.43","428.52","428.46","0.0","","","","","","","","",""
"2015.0","3.0","13.0","72.0","54404.0","1.07","0.0","0.0","3.07","1.07","3.29","0.0","0.0","0.0","0.0","35.63","32.4","460.86","230.43","425.23","428.46","0.0","","","","","","","","",""
"2015.0","3.0","14.0","73.0","54404.0","0.86","0.0","0.0","3.44","0.86","2.97","0.0","0.0","0.0","0.0","32.4","32.4","460.86","230.43","428.46","428.46","0.0","","","","","","","","",""
"2015.0","3.0","15.0","74.0","54404.0","0.73","0.0","0.0","3.99","0.73","2.9","0.0","0.0","0.0","0.0","35.3","32.4","460.86","230.43","425.56","428.46","0.0","","","","","","","","",""
"2015.0","3.0","16.0","75.0","54404.0","0.66","0.0","0.0","2.83","0.66","1.88","0.0","0.0","0.0","0.0","32.4","32.4","460.86","230.43","428.46","428.46","0.0","","","","","","","","",""
"2015.0","3.0","17.0","76.0","54404.0","0.6","0.0","0.0","3.65","0.6","2.19","0.0","0.0","0.0","0.0","34.59","32.4","460.86","230.43","426.27","428.46","0.0","","","","","","","","",""
"2015.0","3.0","18.0","77.0","54404.0","0.55","0.0","0.0","3.82","0.55","2.1","0.0","0.0","0.0","0.0","32.4","32.4","460.86","230.43","428.46","428.46","0.0","","","","","","","","",""
"2015.0","3.0","19.0","78.0","54404.0","0.51","0.0","0.0","3.83","0.51","1.96","0.0","0.0","0.0","0.0","34.36","32.4","460.86","230.43","426.5","428.46","0.0","","","","","","","","",""
"2015.0","3.0","20.0","79.0","54404.0","0.48","0.0","0.0","3.23","0.48","1.56","0.0","0.0","0.0","0.0","32.4","32.4","460.86","230.43","428.46","428.46","0.0","","","","","","","","",""
"2015.0","3.0","21.0","80.0","54404.0","0.46","0.0","0.0","3.56","0.46","1.63","0.0","0.0","0.0","0.0","34.03","32.4","460.86","230.43","426.83","428.46","0.0","","","","","","","","",""
"2015.0","3.0","22.0","81.0","54404.0","0.44","0.0","0.0","3.17","0.44","1.39","0.0","0.0","0.0","0.0","32.4","32.4","460.86","230.43","428.46","428.46","0.0","","","","","","","","",""
"2015.0","3.0","23.0","82.0","54404.0","0.42","0.0","0.0","3.21","0.42","1.35","0.72","0.72","0.0","0.0","33.03","32.4","460.86","230.43","427.82","428.46","0.0","","","","","","","","",""
"2015.0","3.0","24.0","83.0","54404.0","0.41","0.0","0.0","3.34","0.41","1.35","0.0","0.0","0.0","0.0","32.4","32.4","460.86","230.43","428.46","428.46","0.0","","","","","","","","",""
"2015.0","3.0","25.0","84.0","54404.0","0.39","0.0","0.0","4.1","0.39","1.59","0.0","0.0","0.0","0.0","33.99","32.4","460.86","230.43","426.87","428.46","0.0","","","","","","","","",""
"2015.0","3.0","26.0","85.0","54404.0","0.37","0.0","0.0","3.96","0.37","1.48","0.0","0.0","0.0","0.0","32.4","32.4","460.86","230.43","428.46","428.46","0.0","","","","","","","","",""
"2015.0","3.0","27.0","86.0","54404.0","0.36","0.0","0.0","4.5","0.36","1.61","0.0","0.0","0.0","0.0","34.01","32.4","460.86","230.43","426.85","428.46","0.0","","","","","","","","",""
"2015.0","3.0","28.0","87.0","54404.0","0.34","0.0","0.0","4.95","0.34","1.69","0.0","0.0","0.0","0.0","32.4","32.4","460.86","230.43","428.46","428.46","0.0","","","","","","","","",""
"2015.0","3.0","29.0","88.0","54404.0","0.33","0.0","0.0","4.75","0.33","1.56","0.0","0.0","0.0","0.0","33.96","32.4","460.86","230.43","426.89","428.46","0.0","","","","","","","","",""
"2015.0","3.0","30.0","89.0","54404.0","0.32","0.0","0.0","4.57","0.32","1.46","0.0","0.0","0.0","0.0","32.4","32.4","460.86","230.43","428.46","428.46","0.0","","","","","","","","",""
"2015.0","3.0","31.0","90.0","54404.0","0.31","0.0","0.0","4.69","0.31","1.45","0.0","0.0","0.0","0.0","33.85","32.4","460.86","230.43","427.01","428.46","0.0","","","","","","","","",""
"2015.0","4.0","1.0","91.0","54404.0","0.3","0.0","0.0","4.21","0.3","1.26","0.0","0.0","0.0","0.0","32.4","32.4","460.86","230.43","428.46","428.46","0.0","","","","","","","","",""
"2015.0","4.0","2.0","92.0","54404.0","0.29","0.0","0.0","5.44","0.29","1.58","0.0","0.0","0.0","0.0","33.98","32.4","460.86","230.43","426.88","428.46","0.0","","","","","","","","",""
"2015.0","4.0","3.0","93.0","54404.0","0.28","0.0","0.0","4.68","0.28","1.32","0.0","0.0","0.0","0.0","32.4","32.4","460.86","230.43","428.46","428.46","0.0","","","","","","","","",""
"2015.0","4.0","4.0","94.0","54404.0","0.28","0.0","0.0","4.56","0.28","1.25","0.0","0.0","0.0","0.0","33.65","32.4","460.86","230.43","427.2","428.46","0.0","","","","","","","","",""
"2015.0","4.0","5.0","95.0","54404.0","0.27","0.0","0.0","2.58","0.27","0.7","0.04","0.04","0.0","0.0","32.4","32.4","460.86","230.43","428.46","428.46","0.0","","","","","","","","",""
"2015.0","4.0","6.0","96.0","54404.0","0.27","0.0","0.0","3.08","0.27","0.82","2.02","2.02","0.0","0.0","31.2","32.4","460.86","230.43","429.65","428.46","0.0","","","","","","","","",""
"2015.0","4.0","7.0","97.0","54404.0","1.11","0.0","0.0","2.76","1.11","3.06","4.27","4.27","0.0","0.0","30.0","32.4","460.86","230.43","430.86","428.46","0.0","","","","","","","","",""
"2015.0","4.0","8.0","98.0","54404.0","1.1","0.0","0.0","3.05","1.1","3.35","11.21","11.21","0.0","0.0","22.14","32.4","460.86","230.43","438.72","428.46","0.0","","","","","","","","",""
"2015.0","4.0","9.0","99.0","54404.0","1.06","0.0","0.0","3.51","1.06","3.72","0.0","0.0","0.0","0.0","25.85","32.4","460.86","230.43","435.0","428.46","0.0","","","","","","","","",""
"2015.0","4.0","10.0","100.0","54404.0","0.82","0.0","0.0","4.17","0.82","3.43","0.0","0.0","0.0","0.0","29.29","32.4","460.86","230.43","431.57","428.46","0.0","","","","","","","","",""
"2015.0","4.0","11.0","101.0","54404.0","0.69","0.0","0.0","4.35","0.69","3.01","0.0","0.0","0.0","0.0","32.3","32.4","460.86","230.43","428.56","428.46","0.0","","","","","","","","",""
"2015.0","4.0","12.0","102.0","54404.0","0.6","0.0","0.0","4.89","0.6","2.93","0.0","0.0","0.0","0.0","35.23","32.4","460.86","230.43","425.63","428.46","0.0","","","","","","","","",""
"2015.0","4.0","13.0","103.0","54404.0","0.53","0.0","0.0","5.01","0.53","2.68","0.0","0.0","0.0","0.0","32.4","32.4","460.86","230.43","428.46","428.46","0.0","","","","","","","","",""
"2015.0","4.0","14.0","104.0","54404.0","0.49","0.0","0.0","4.99","0.49","2.43","0.0","0.0","0.0","0.0","34.83","32.4","460.86","230.43","426.03","428.46","0.0","","","","","","","","",""
"2015.0","4.0","15.0","105.0","54404.0","0.44","0.0","0.0","6.25","0.44","2.75","0.0","0.0","0.0","0.0","32.4","32.4","460.86","230.43","428.46","428.46","0.0","","","","","","","","",""
"2015.0","4.0","16.0","106.0","54404.0","0.41","0.0","0.0","5.67","0.41","2.32","0.0","0.0","0.0","0.0","34.72","32.4","460.86","230.43","426.14","428.46","0.0","","","","","","","","",""
"2015.0","4.0","17.0","107.0","54404.0","0.38","0.0","0.0","5.38","0.38","2.07","0.0","0.0","0.0","0.0","32.4","32.4","460.86","230.43","428.46","428.46","0.0","","","","","","","","",""
"2015.0","4.0","18.0","108.0","54404.0","0.37","0.0","0.0","4.98","0.37","1.82","0.0","0.0","0.0","0.0","34.22","32.4","460.86","230.43","426.64","428.46","0.0","","","","","","","","",""
"2015.0","4.0","19.0","109.0","54404.0","0.35","0.0","0.0","5.17","0.35","1.8","0.0","0.0","0.0","0.0","32.4","32.4","460.86","230.43","428.46","428.46","0.0","","","","","","","","",""
"2015.0","4.0","20.0","110.0","54404.0","0.33","0.0","0.0","4.8","0.33","1.6","0.0","0.0","0.0","0.0","34.0","32.4","460.86","230.43","426.85","428.46","0.0","","","","","","","","",""
"2015.0","4.0","21.0","111.0","54404.0","0.32","0.0","0.0","3.84","0.32","1.25","0.0","0.0","0.0","0.0","32.4","32.4","460.86","230.43","428.46","428.46","0.0","","","","","","","","",""
"2015.0","4.0","22.0","112.0","54404.0","0.32","0.0","0.0","4.05","0.32","1.28","0.0","0.0","0.0","0.0","33.68","32.4","460.86","230.43","427.18","428.46","0.0","","","","","","","","",""
"2015.0","4.0","23.0","113.0","54404.0","0.31","0.0","0.0","4.79","0.31","1.46","0.0","0.0","0.0","0.0","32.4","32.4","460.86","230.43","428.46","428.46","0.0","","","","","","","","",""
"2015.0","4.0","24.0","114.0","54404.0","0.3","0.0","0.0","5.07","0.3","1.5","0.0","0.0","0.0","0.0","33.9","32.4","460.86","230.43","426.96","428.46","0.0","","","","","","","","",""
"2015.0","4.0","25.0","115.0","54404.0","1.06","0.0","0.0","4.03","1.06","4.27","10.88","10.88","0.0","0.0","23.02","32.4","460.86","230.43","437.84","428.46","0.0","","","","","","","","",""
"2015.0","4.0","26.0","116.0","54404.0","0.87","0.0","0.0","5.17","0.87","4.51","0.0","0.0","0.0","0.0","27.53","32.4","460.86","230.43","433.33","428.46","0.0","","","","","","","","",""
"2015.0","4.0","27.0","117.0","54404.0","0.68","0.0","0.0","5.81","0.68","3.94","0.0","0.0","0.0","0.0","31.47","32.4","460.86","230.43","429.39","428.46","0.0","","","","","","","","",""
"2015.0","4.0","28.0","118.0","54404.0","0.58","0.0","0.0","5.63","0.58","3.24","0.0","0.0","0.0","0.0","34.71","32.4","460.86","230.43","426.15","428.46","0.0","","","","","","","","",""
"2015.0","4.0","29.0","119.0","54404.0","0.51","0.0","0.0","5.42","0.51","2.78","0.0","0.0","0.0","0.0","32.4","32.4","460.86","230.43","428.46","428.46","0.0","","","","","","","","",""
"2015.0","4.0","30.0","120.0","54404.0","0.46","0.0","0.0","6.46","0.46","2.95","0.0","0.0","0.0","0.0","35.35","32.4","460.86","230.43","425.51","428.46","0.0","","","","","","","","",""
"2015.0","5.0","1.0","121.0","54404.0","0.42","0.0","0.0","6.5","0.42","2.7","0.0","0.0","0.0","0.0","32.4","32.4","460.86","230.43","428.46","428.46","0.0","","","","","","","","",""
"2015.0","5.0","2.0","122.0","54404.0","0.39","0.0","0.0","5.93","0.39","2.29","0.0","0.0","0.0","0.0","34.69","32.4","460.86","230.43","426.16","428.46","0.0","","","","","","","","",""
"2015.0","5.0","3.0","123.0","54404.0","0.37","0.0","0.0","5.27","0.37","1.93","0.0","0.0","0.0","0.0","32.4","32.4","460.86","230.43","428.46","428.46","0.0","","","","","","","","",""
"2015.0","5.0","4.0","124.0","54404.0","0.35","0.0","0.0","4.89","0.35","1.71","0.0","0.0","0.0","0.0","34.11","32.4","460.86","230.43","426.75","428.46","0.0","","","","","","","","",""
"2015.0","5.0","5.0","125.0","54404.0","0.34","0.0","0.0","4.9","0.34","1.65","0.0","0.0","0.0","0.0","32.4","32.4","460.86","230.43","428.46","428.46","0.0","","","","","","","","",""
"2015.0","5.0","6.0","126.0","54404.0","0.32","0.0","0.0","5.04","0.32","1.63","0.0","0.0","0.0","0.0","34.03","32.4","460.86","230.43","426.83","428.46","0.0","","","","","","","","",""
"2015.0","5.0","7.0","127.0","54404.0","0.32","0.0","0.0","3.23","0.32","1.02","0.0","0.0","0.0","0.0","32.4","32.4","460.86","230.43","428.46","428.46","0.0","","","","","","","","",""
"2015.0","5.0","8.0","128.0","54404.0","0.31","0.0","0.0","4.37","0.31","1.34","1.13","1.13","0.0","0.0","32.61","32.4","460.86","230.43","428.25","428.46","0.0","","","","","","","","",""
"2015.0","5.0","9.0","129.0","54404.0","0.3","0.0","0.0","4.89","0.3","1.45","0.0","0.0","0.0","0.0","32.4","32.4","460.86","230.43","428.46","428.46","0.0","","","","","","","","",""
"2015.0","5.0","10.0","130.0","54404.0","0.29","0.0","0.0","5.25","0.29","1.51","0.0","0.0","0.0","0.0","33.91","32.4","460.86","230.43","426.95","428.46","0.0","","","","","","","","",""
"2015.0","5.0","11.0","131.0","54404.0","0.28","0.0","0.0","5.24","0.28","1.46","0.0","0.0","0.0","0.0","32.4","32.4","460.86","230.43","428.46","428.46","0.0","","","","","","","","",""
"2015.0","5.0","12.0","132.0","54404.0","0.27","0.0","0.0","5.05","0.27","1.37","0.0","0.0","0.0","0.0","33.77","32.4","460.86","230.43","427.09","428.46","0.0","","","","","","","","",""
"2015.0","5.0","13.0","133.0","54404.0","0.26","0.0","0.0","4.75","0.26","1.26","0.0","0.0","0.0","0.0","32.4","32.4","460.86","230.43","428.46","428.46","0.0","","","","","","","","",""
"2015.0","5.0","14.0","134.0","54404.0","0.26","0.0","0.0","3.29","0.26","0.86","0.0","0.0","0.0","0.0","33.26","32.4","460.86","230.43","427.6","428.46","0.0","","","","","","","","",""
"2015.0","5.0","15.0","135.0","54404.0","0.26","0.2","0.0","4.65","0.26","1.19","1.77","1.77","0.0","0.0","32.67","78.71","460.86","230.43","428.18","382.15","0.0","","","","","","","","",""
"2015.0","5.0","16.0","136.0","54404.0","0.25","0.2","0.0","4.81","0.25","1.2","0.0","0.0","0.0","0.0","33.88","78.71","460.86","230.43","426.98","382.15","0.0","","","","","","","","",""
"2015.0","5.0","17.0","137.0","54404.0","0.25","0.2","0.0","3.92","0.25","0.96","0.0","0.0","0.0","0.0","34.84","78.71","460.86","230.43","426.02","382.15","0.0","","","","","","","","",""
"2015.0","5.0","18.0","138.0","54404.0","0.24","0.2","0.0","4.84","0.24","1.16","0.0","0.0","0.0","0.0","36.0","78.71","460.86","230.43","424.86","382.15","0.0","","","","","","","","",""
"2015.0","5.0","19.0","139.0","54404.0","0.24","0.2","0.0","5.04","0.24","1.19","0.0","0.0","0.0","0.0","37.19","78.71","460.86","230.43","423.67","382.15","0.0","","","","","","","","",""
"2015.0","5.0","20.0","140.0","54404.0","0.23","0.2","0.0","4.95","0.23","1.14","0.0","0.0","0.0","0.0","38.33","78.71","460.86","230.43","422.53","382.15","0.0","","","","","","","","",""
"2015.0","5.0","21.0","141.0","54404.0","0.23","0.2","0.0","4.01","0.23","0.91","0.0","0.0","0.0","0.0","39.25","78.71","460.86","230.43","421.61","382.15","0.0","","","","","","","","",""
"2015.0","5.0","22.0","142.0","54404.0","0.22","0.2","0.0","4.85","0.22","1.08","0.0","0.0","0.0","0.0","40.33","78.71","460.86","230.43","420.53","382.15","0.0","","","","","","","","",""
"2015.0","5.0","23.0","143.0","54404.0","0.22","0.2","0.0","4.86","0.22","1.07","0.0","0.0","0.0","0.0","41.4","78.71","460.86","230.43","419.46","382.15","0.0","","","","","","","","",""
"2015.0","5.0","24.0","144.0","54404.0","0.22","0.2","0.0","5.54","0.22","1.19","0.0","0.0","0.0","0.0","42.59","78.71","460.86","230.43","418.26","382.15","0.0","","","","","","","","",""
"2015.0","5.0","25.0","145.0","54404.0","0.21","0.2","0.0","5.5","0.21","1.16","0.0","0.0","0.0","0.0","43.76","78.71","460.86","230.43","417.1","382.15","0.0","","","","","","","","",""
"2015.0","5.0","26.0","146.0","54404.0","0.21","0.2","0.0","5.52","0.21","1.15","0.0","0.0","0.0","0.0","44.9","78.71","460.86","230.43","415.95","382.15","0.0","","","","","","","","",""
"2015.0","5.0","27.0","147.0","54404.0","0.2","0.2","0.0","5.56","0.2","1.14","0.0","0.0","0.0","0.0","46.04","78.71","460.86","230.43","414.82","382.15","0.0","","","","","","","","",""
"2015.0","5.0","28.0","148.0","54404.0","0.2","0.2","0.0","5.42","0.2","1.09","0.0","0.0","0.0","0.0","47.13","78.71","460.86","230.43","413.73","382.15","0.0","","","","","","","","",""
"2015.0","5.0","29.0","149.0","54404.0","0.2","0.2","0.0","6.13","0.2","1.23","0.0","0.0","0.0","0.0","48.36","78.71","460.86","230.43","412.5","382.15","0.0","","","","","","","","",""
"2015.0","5.0","30.0","150.0","54404.0","0.19","0.2","0.0","6.48","0.2","1.3","0.0","0.0","0.0","0.0","49.65","78.71","460.86","230.43","411.21","382.15","0.0","","","","","","","","",""
"2015.0","5.0","31.0","151.0","54404.0","0.19","0.2","0.0","5.44","0.2","1.09","0.0","0.0","0.0","0.0","50.74","78.71","460.86","230.43","410.12","382.15","0.0","","","","","","","","",""
"2015.0","6.0","1.0","152.0","54404.0","0.19","0.2","0.0","5.54","0.2","1.11","0.0","0.0","0.0","0.0","51.85","78.71","460.86","230.43","409.01","382.15","0.0","","","","","","","","",""
"2015.0","6.0","2.0","153.0","54404.0","0.19","0.24","0.0","5.77","0.24","1.38","0.0","0.0","0.0","0.0","53.22","78.71","460.86","230.43","407.63","382.15","0.0","","","","","","","","",""
"2015.0","6.0","3.0","154.0","54404.0","0.18","0.28","0.0","5.57","0.28","1.54","0.0","0.0","0.0","0.0","54.77","78.71","460.86","230.43","406.09","382.15","0.0","","","","","","","","",""
"2015.0","6.0","4.0","155.0","54404.0","0.18","0.32","0.0","5.83","0.32","1.84","0.0","0.0","0.0","0.0","56.61","78.71","460.86","230.43","404.25","382.15","0.0","","","","","","","","",""
"2015.0","6.0","5.0","156.0","54404.0","0.18","0.35","0.0","6.52","0.35","2.31","0.0","0.0","0.0","0.0","58.92","78.71","460.86","230.43","401.94","382.15","0.0","","","","","","","","",""
"2015.0","6.0","6.0","157.0","54404.0","0.17","0.39","0.0","6.39","0.39","2.51","0.0","0.0","0.0","0.0","61.43","78.71","460.86","230.43","399.42","382.15","0.0","","","","","","","","",""
"2015.0","6.0","7.0","158.0","54404.0","0.17","0.43","0.0","6.75","0.43","2.91","0.0","0.0","0.0","0.0","64.35","78.71","460.86","230.43","396.51","382.15","0.0","","","","","","","","",""
"2015.0","6.0","8.0","159.0","54404.0","0.17","0.47","0.0","7.39","0.47","3.48","0.0","0.0","0.0","0.0","67.83","78.71","460.86","230.43","393.03","382.15","0.0","","","","","","","","",""
"2015.0","6.0","9.0","160.0","54404.0","0.17","0.51","0.0","6.66","0.51","3.39","0.0","0.0","0.0","0.0","71.22","78.71","460.86","230.43","389.64","382.15","0.0","","","","","","","","",""
"2015.0","6.0","10.0","161.0","54404.0","0.17","0.55","0.0","3.04","0.55","1.67","0.1","0.1","0.0","0.0","72.78","78.71","460.86","230.43","388.08","382.15","0.0","","","","","","","","",""
"2015.0","6.0","11.0","162.0","54404.0","0.16","0.59","0.0","6.89","0.59","4.04","3.61","3.61","0.0","0.0","73.21","78.71","460.86","230.43","387.65","382.15","0.0","","","","","","","","",""
"2015.0","6.0","12.0","163.0","54404.0","0.16","0.63","0.0","7.67","0.63","4.79","0.0","0.0","0.0","0.0","78.01","78.71","460.86","230.43","382.85","382.15","0.0","","","","","","","","",""
"2015.0","6.0","13.0","164.0","54404.0","0.16","0.66","0.0","7.55","0.66","5.01","0.0","0.0","0.0","0.0","0.0","78.71","460.86","230.43","460.86","382.15","83.02","","","","","","","","",""
"2015.0","6.0","14.0","165.0","54404.0","0.16","0.7","0.0","6.8","0.7","4.78","0.0","0.0","0.0","0.0","4.78","78.71","460.86","230.43","456.08","382.15","0.0","","","","","","","","",""
"2015.0","6.0","15.0","166.0","54404.0","0.15","0.74","0.0","6.63","0.74","4.91","0.0","0.0","0.0","0.0","9.69","78.71","460.86","230.43","451.17","382.15","0.0","","","","","","","","",""
"2015.0","6.0","16.0","167.0","54404.0","0.15","0.78","0.0","6.95","0.78","5.42","0.0","0.0","0.0","0.0","15.11","78.71","460.86","230.43","445.75","382.15","0.0","","","","","","","","",""
"2015.0","6.0","17.0","168.0","54404.0","0.15","0.82","0.0","6.98","0.82","5.71","0.0","0.0","0.0","0.0","20.82","78.71","460.86","230.43","440.04","382.15","0.0","","","","","","","","",""
"2015.0","6.0","18.0","169.0","54404.0","0.15","0.86","0.0","7.54","0.86","6.46","0.0","0.0","0.0","0.0","27.28","78.71","460.86","230.43","433.58","382.15","0.0","","","","","","","","",""
"2015.0","6.0","19.0","170.0","54404.0","0.15","0.9","0.0","7.41","0.9","6.64","0.0","0.0","0.0","0.0","33.91","78.71","460.86","230.43","426.95","382.15","0.0","","","","","","","","",""
"2015.0","6.0","20.0","171.0","54404.0","0.15","0.93","0.0","6.95","0.93","6.49","0.0","0.0","0.0","0.0","40.4","78.71","460.86","230.43","420.45","382.15","0.0","","","","","","","","",""
"2015.0","6.0","21.0","172.0","54404.0","0.14","0.97","0.0","7.57","0.97","7.36","0.0","0.0","0.0","0.0","47.77","78.71","460.86","230.43","413.09","382.15","0.0","","","","","","","","",""
"2015.0","6.0","22.0","173.0","54404.0","0.14","1.01","0.0","7.07","1.01","7.15","0.0","0.0","0.0","0.0","54.92","78.71","460.86","230.43","405.94","382.15","0.0","","","","","","","","",""
"2015.0","6.0","23.0","174.0","54404.0","0.14","1.05","0.0","7.35","1.05","7.72","0.0","0.0","0.0","0.0","62.64","78.71","460.86","230.43","398.22","382.15","0.0","","","","","","","","",""
"2015.0","6.0","24.0","175.0","54404.0","0.14","1.05","0.0","7.29","1.05","7.65","0.0","0.0","0.0","0.0","70.29","78.71","460.86","230.43","390.57","382.15","0.0","","","","","","","","",""
"2015.0","6.0","25.0","176.0","54404.0","0.14","1.05","0.0","7.98","1.05","8.38","0.0","0.0","0.0","0.0","78.67","78.71","460.86","230.43","382.19","382.15","0.0","","","","","","","","",""
"2015.0","6.0","26.0","177.0","54404.0","0.14","1.05","0.0","8.25","1.05","8.66","0.0","0.0","0.0","0.0","0.0","78.71","460.86","230.43","460.86","382.15","87.33","","","","","","","","",""
"2015.0","6.0","27.0","178.0","54404.0","0.13","1.05","0.0","6.76","1.05","7.1","0.0","0.0","0.0","0.0","7.1","78.71","460.86","230.43","453.76","382.15","0.0","","","","","","","","",""
"2015.0","6.0","28.0","179.0","54404.0","0.13","1.05","0.0","7.21","1.05","7.57","0.0","0.0","0.0","0.0","14.67","78.71","460.86","230.43","446.19","382.15","0.0","","","","","","","","",""
"2015.0","6.0","29.0","180.0","54404.0","0.13","1.05","0.0","7.58","1.05","7.96","0.0","0.0","0.0","0.0","22.63","78.71","460.86","230.43","438.23","382.15","0.0","","","","","","","","",""
"2015.0","6.0","30.0","181.0","54404.0","0.13","1.05","0.0","7.7","1.05","8.09","0.0","0.0","0.0","0.0","30.71","78.71","460.86","230.43","430.15","382.15","0.0","","","","","","","","",""
"2015.0","7.0","1.0","182.0","54404.0","0.13","1.05","0.0","7.4","1.05","7.77","0.0","0.0","0.0","0.0","38.48","78.71","460.86","230.43","422.38","382.15","0.0","","","","","","","","",""
"2015.0","7.0","2.0","183.0","54404.0","0.13","1.05","0.0","7.05","1.05","7.4","0.0","0.0","0.0","0.0","45.89","78.71","460.86","230.43","414.97","382.15","0.0","","","","","","","","",""
"2015.0","7.0","3.0","184.0","54404.0","0.13","1.05","0.0","7.61","1.05","7.99","0.0","0.0","0.0","0.0","53.88","78.71","460.86","230.43","406.98","382.15","0.0","","","","","","","","",""
"2015.0","7.0","4.0","185.0","54404.0","0.13","1.05","0.0","7.92","1.05","8.32","0.0","0.0","0.0","0.0","62.19","78.71","460.86","230.43","398.67","382.15","0.0","","","","","","","","",""
"2015.0","7.0","5.0","186.0","54404.0","0.12","1.05","0.0","7.19","1.05","7.55","0.0","0.0","0.0","0.0","69.74","78.71","460.86","230.43","391.12","382.15","0.0","","","","","","","","",""
"2015.0","7.0","6.0","187.0","54404.0","0.12","1.05","0.0","7.41","1.05","7.78","0.0","0.0","0.0","0.0","77.52","78.71","460.86","230.43","383.34","382.15","0.0","","","","","","","","",""
"2015.0","7.0","7.0","188.0","54404.0","0.12","1.05","0.0","6.84","1.05","7.18","0.0","0.0","0.0","0.0","0.0","78.71","460.86","230.43","460.86","382.15","84.7","","","","","","","","",""
"2015.0","7.0","8.0","189.0","54404.0","0.12","1.05","0.0","6.4","1.05","6.72","0.0","0.0","0.0","0.0","6.72","78.71","460.86","230.43","454.14","382.15","0.0","","","","","","","","",""
"2015.0","7.0","9.0","190.0","54404.0","0.12","1.05","0.0","5.04","1.05","5.29","0.0","0.0","0.0","0.0","12.01","78.71","460.86","230.43","448.85","382.15","0.0","","","","","","","","",""
"2015.0","7.0","10.0","191.0","54404.0","0.12","1.05","0.0","5.3","1.05","5.57","0.0","0.0","0.0","0.0","17.58","78.71","460.86","230.43","443.28","382.15","0.0","","","","","","","","",""
"2015.0","7.0","11.0","192.0","54404.0","0.12","1.05","0.0","6.37","1.05","6.69","0.0","0.0","0.0","0.0","24.27","78.71","460.86","230.43","436.59","382.15","0.0","","","","","","","","",""
"2015.0","7.0","12.0","193.0","54404.0","0.12","1.05","0.0","6.44","1.05","6.76","0.0","0.0","0.0","0.0","31.03","78.71","460.86","230.43","429.83","382.15","0.0","","","","","","","","",""
"2015.0","7.0","13.0","194.0","54404.0","0.12","1.05","0.0","6.8","1.05","7.14","0.0","0.0","0.0","0.0","38.17","78.71","460.86","230.43","422.69","382.15","0.0","","","","","","","","",""
"2015.0","7.0","14.0","195.0","54404.0","0.12","1.05","0.0","6.39","1.05","6.71","0.0","0.0","0.0","0.0","44.88","78.71","460.86","230.43","415.98","382.15","0.0","","","","","","","","",""
"2015.0","7.0","15.0","196.0","54404.0","0.12","1.05","0.0","6.57","1.05","6.9","0.0","0.0","0.0","0.0","51.78","78.71","460.86","230.43","409.08","382.15","0.0","","","","","","","","",""
"2015.0","7.0","16.0","197.0","54404.0","0.11","1.05","0.0","7.1","1.05","7.46","0.0","0.0","0.0","0.0","59.23","78.71","460.86","230.43","401.63","382.15","0.0","","","","","","","","",""
"2015.0","7.0","17.0","198.0","54404.0","0.11","1.05","0.0","7.27","1.05","7.63","0.0","0.0","0.0","0.0","66.86","78.71","460.86","230.43","393.99","382.15","0.0","","","","","","","","",""
"2015.0","7.0","18.0","199.0","54404.0","0.11","1.05","0.0","7.05","1.05","7.4","0.0","0.0","0.0","0.0","74.27","78.71","460.86","230.43","386.59","382.15","0.0","","","","","","","","",""
"2015.0","7.0","19.0","200.0","54404.0","0.11","1.05","0.0","6.59","1.05","6.92","0.0","0.0","0.0","0.0","0.0","78.71","460.86","230.43","460.86","382.15","81.19","","","","","","","","",""
"2015.0","7.0","20.0","201.0","54404.0","0.11","1.03","0.0","7.34","1.03","7.56","0.0","0.0","0.0","0.0","7.56","78.71","460.86","230.43","453.3","382.15","0.0","","","","","","","","",""
"2015.0","7.0","21.0","202.0","54404.0","0.11","1.01","0.0","7.25","1.01","7.32","0.0","0.0","0.0","0.0","14.87","115.21","460.86","230.43","445.98","345.64","0.0","","","","","","","","",""
"2015.0","7.0","22.0","203.0","54404.0","0.11","0.99","0.0","6.76","0.99","6.68","0.0","0.0","0.0","0.0","21.56","115.21","460.86","230.43","439.3","345.64","0.0","","","","","","","","",""
"2015.0","7.0","23.0","204.0","54404.0","0.11","0.97","0.0","6.27","0.97","6.07","0.0","0.0","0.0","0.0","27.63","115.21","460.86","230.43","433.23","345.64","0.0","","","","","","","","",""
"2015.0","7.0","24.0","205.0","54404.0","0.11","0.95","0.0","6.52","0.95","6.18","0.0","0.0","0.0","0.0","33.81","115.21","460.86","230.43","427.05","345.64","0.0","","","","","","","","",""
"2015.0","7.0","25.0","206.0","54404.0","0.11","0.93","0.0","6.61","0.93","6.13","0.0","0.0","0.0","0.0","39.93","115.21","460.86","230.43","420.92","345.64","0.0","","","","","","","","",""
"2015.0","7.0","26.0","207.0","54404.0","0.11","0.91","0.0","6.44","0.91","5.84","0.0","0.0","0.0","0.0","45.77","115.21","460.86","230.43","415.08","345.64","0.0","","","","","","","","",""
"2015.0","7.0","27.0","208.0","54404.0","0.11","0.89","0.0","7.4","0.89","6.56","0.0","0.0","0.0","0.0","52.33","115.21","460.86","230.43","408.52","345.64","0.0","","","","","","","","",""
"2015.0","7.0","28.0","209.0","54404.0","0.11","0.87","0.0","7.6","0.87","6.58","0.0","0.0","0.0","0.0","58.91","115.21","460.86","230.43","401.94","345.64","0.0","","","","","","","","",""
"2015.0","7.0","29.0","210.0","54404.0","0.11","0.85","0.0","7.4","0.85","6.26","0.0","0.0","0.0","0.0","65.17","115.21","460.86","230.43","395.69","345.64","0.0","","","","","","","","",""
"2015.0","7.0","30.0","211.0","54404.0","0.1","0.83","0.0","7.62","0.83","6.29","0.0","0.0","0.0","0.0","71.46","115.21","460.86","230.43","389.4","345.64","0.0","","","","","","","","",""
"2015.0","7.0","31.0","212.0","54404.0","0.1","0.8","0.0","6.8","0.8","5.47","0.0","0.0","0.0","0.0","76.93","115.21","460.86","230.43","383.93","345.64","0.0","","","","","","","","",""
"2015.0","8.0","1.0","213.0","54404.0","0.1","0.78","0.0","7.01","0.78","5.5","0.0","0.0","0.0","0.0","82.43","115.21","460.86","230.43","378.43","345.64","0.0","","","","","","","","",""
"2015.0","8.0","2.0","214.0","54404.0","0.1","0.76","0.0","6.94","0.76","5.3","0.0","0.0","0.0","0.0","87.72","115.21","460.86","230.43","373.13","345.64","0.0","","","","","","","","",""
"2015.0","8.0","3.0","215.0","54404.0","0.1","0.74","0.0","6.82","0.74","5.07","0.0","0.0","0.0","0.0","92.79","115.21","460.86","230.43","368.06","345.64","0.0","","","","","","","","",""
"2015.0","8.0","4.0","216.0","54404.0","0.1","0.72","0.0","5.18","0.72","3.74","0.0","0.0","0.0","0.0","96.54","115.21","460.86","230.43","364.32","345.64","0.0","","","","","","","","",""
"2015.0","8.0","5.0","217.0","54404.0","0.1","0.7","0.0","5.74","0.7","4.03","0.0","0.0","0.0","0.0","100.57","115.21","460.86","230.43","360.29","345.64","0.0","","","","","","","","",""
"2015.0","8.0","6.0","218.0","54404.0","0.1","0.68","0.0","3.84","0.68","2.62","0.0","0.0","0.0","0.0","103.19","115.21","460.86","230.43","357.67","345.64","0.0","","","","","","","","",""
"2015.0","8.0","7.0","219.0","54404.0","0.1","0.66","0.0","6.68","0.66","4.42","0.28","0.28","0.0","0.0","107.32","115.21","460.86","230.43","353.53","345.64","0.0","","","","","","","","",""
"2015.0","8.0","8.0","220.0","54404.0","0.1","0.64","0.0","6.05","0.64","3.88","0.0","0.0","0.0","0.0","111.2","115.21","460.86","230.43","349.66","345.64","0.0","","","","","","","","",""
"2015.0","8.0","9.0","221.0","54404.0","0.1","0.62","0.0","6.56","0.62","4.07","0.0","0.0","0.0","0.0","0.0","115.21","460.86","230.43","460.86","345.64","115.27","","","","","","","","",""
"2015.0","8.0","10.0","222.0","54404.0","0.1","0.6","0.0","6.58","0.6","3.95","0.0","0.0","0.0","0.0","3.95","115.21","460.86","230.43","456.91","345.64","0.0","","","","","","","","",""
"2015.0","8.0","11.0","223.0","54404.0","0.1","0.0","0.0","6.51","0.1","0.64","0.0","0.0","0.0","0.0","4.59","32.4","460.86","230.43","456.27","428.46","0.0","","","","","","","","",""
"2015.0","8.0","12.0","224.0","54404.0","0.1","0.0","0.0","6.4","0.1","0.63","0.0","0.0","0.0","0.0","5.22","32.4","460.86","230.43","455.64","428.46","0.0","","","","","","","","",""
"2015.0","8.0","13.0","225.0","54404.0","0.1","0.0","0.0","6.59","0.1","0.64","0.0","0.0","0.0","0.0","5.86","32.4","460.86","230.43","454.99","428.46","0.0","","","","","","","","",""
"2015.0","8.0","14.0","226.0","54404.0","0.1","0.0","0.0","6.41","0.1","0.62","0.0","0.0","0.0","0.0","6.49","32.4","460.86","230.43","454.37","428.46","0.0","","","","","","","","",""
"2015.0","8.0","15.0","227.0","54404.0","0.1","0.0","0.0","6.64","0.1","0.64","0.0","0.0","0.0","0.0","7.13","32.4","460.86","230.43","453.73","428.46","0.0","","","","","","","","",""
"2015.0","8.0","16.0","228.0","54404.0","0.1","0.0","0.0","6.79","0.1","0.65","0.0","0.0","0.0","0.0","7.78","32.4","460.86","230.43","453.07","428.46","0.0","","","","","","","","",""
"2015.0","8.0","17.0","229.0","54404.0","0.1","0.0","0.0","7.17","0.1","0.69","0.0","0.0","0.0","0.0","8.47","32.4","460.86","230.43","452.39","428.46","0.0","","","","","","","","",""
"2015.0","8.0","18.0","230.0","54404.0","0.1","0.0","0.0","6.9","0.1","0.66","0.0","0.0","0.0","0.0","9.13","32.4","460.86","230.43","451.73","428.46","0.0","","","","","","","","",""
"2015.0","8.0","19.0","231.0","54404.0","0.09","0.0","0.0","6.3","0.09","0.6","0.0","0.0","0.0","0.0","9.73","32.4","460.86","230.43","451.13","428.46","0.0","","","","","","","","",""
"2015.0","8.0","20.0","232.0","54404.0","0.09","0.0","0.0","5.73","0.09","0.54","0.0","0.0","0.0","0.0","10.27","32.4","460.86","230.43","450.59","428.46","0.0","","","","","","","","",""
"2015.0","8.0","21.0","233.0","54404.0","0.09","0.0","0.0","5.74","0.09","0.54","0.0","0.0","0.0","0.0","10.81","32.4","460.86","230.43","450.05","428.46","0.0","","","","","","","","",""
"2015.0","8.0","22.0","234.0","54404.0","0.09","0.0","0.0","5.73","0.09","0.54","0.0","0.0","0.0","0.0","11.35","32.4","460.86","230.43","449.51","428.46","0.0","","","","","","","","",""
"2015.0","8.0","23.0","235.0","54404.0","0.09","0.0","0.0","5.93","0.09","0.55","0.0","0.0","0.0","0.0","11.9","32.4","460.86","230.43","448.96","428.46","0.0","","","","","","","","",""
"2015.0","8.0","24.0","236.0","54404.0","0.09","0.0","0.0","6.34","0.09","0.59","0.0","0.0","0.0","0.0","12.49","32.4","460.86","230.43","448.36","428.46","0.0","","","","","","","","",""
"2015.0","8.0","25.0","237.0","54404.0","0.09","0.0","0.0","6.64","0.09","0.62","0.0","0.0","0.0","0.0","13.11","32.4","460.86","230.43","447.75","428.46","0.0","","","","","","","","",""
"2015.0","8.0","26.0","238.0","54404.0","0.09","0.0","0.0","6.81","0.09","0.63","0.0","0.0","0.0","0.0","13.74","32.4","460.86","230.43","447.12","428.46","0.0","","","","","","","","",""
"2015.0","8.0","27.0","239.0","54404.0","0.09","0.0","0.0","7.07","0.09","0.65","0.02","0.02","0.0","0.0","14.37","32.4","460.86","230.43","446.49","428.46","0.0","","","","","","","","",""
"2015.0","8.0","28.0","240.0","54404.0","0.09","0.0","0.0","6.97","0.09","0.64","0.0","0.0","0.0","0.0","15.0","32.4","460.86","230.43","445.85","428.46","0.0","","","","","","","","",""
"2015.0","8.0","29.0","241.0","54404.0","0.09","0.0","0.0","5.56","0.09","0.51","0.0","0.0","0.0","0.0","15.51","32.4","460.86","230.43","445.35","428.46","0.0","","","","","","","","",""
"2015.0","8.0","30.0","242.0","54404.0","0.09","0.0","0.0","5.74","0.09","0.52","0.0","0.0","0.0","0.0","16.03","32.4","460.86","230.43","444.83","428.46","0.0","","","","","","","","",""
"2015.0","8.0","31.0","243.0","54404.0","0.09","0.0","0.0","5.7","0.09","0.52","0.0","0.0","0.0","0.0","16.55","32.4","460.86","230.43","444.31","428.46","0.0","","","","","","","","",""
"2015.0","9.0","1.0","244.0","54404.0","0.09","0.0","0.0","5.68","0.09","0.51","0.0","0.0","0.0","0.0","17.06","32.4","460.86","230.43","443.8","428.46","0.0","","","","","","","","",""
"2015.0","9.0","2.0","245.0","54404.0","0.09","0.0","0.0","5.54","0.09","0.5","0.0","0.0","0.0","0.0","17.56","32.4","460.86","230.43","443.3","428.46","0.0","","","","","","","","",""
"2015.0","9.0","3.0","246.0","54404.0","0.09","0.0","0.0","5.27","0.09","0.47","0.0","0.0","0.0","0.0","18.03","32.4","460.86","230.43","442.83","428.46","0.0","","","","","","","","",""
"2015.0","9.0","4.0","247.0","54404.0","0.09","0.0","0.0","5.29","0.09","0.47","0.0","0.0","0.0","0.0","18.5","32.4","460.86","230.43","442.36","428.46","0.0","","","","","","","","",""
"2015.0","9.0","5.0","248.0","54404.0","0.09","0.0","0.0","5.58","0.09","0.5","0.0","0.0","0.0","0.0","19.0","32.4","460.86","230.43","441.86","428.46","0.0","","","","","","","","",""
"2015.0","9.0","6.0","249.0","54404.0","0.09","0.0","0.0","5.17","0.09","0.46","0.0","0.0","0.0","0.0","19.46","32.4","460.86","230.43","441.4","428.46","0.0","","","","","","","","",""
"2015.0","9.0","7.0","250.0","54404.0","0.09","0.0","0.0","5.45","0.09","0.48","0.0","0.0","0.0","0.0","19.94","32.4","460.86","230.43","440.92","428.46","0.0","","","","","","","","",""
"2015.0","9.0","8.0","251.0","54404.0","0.09","0.0","0.0","5.6","0.09","0.49","0.0","0.0","0.0","0.0","20.43","32.4","460.86","230.43","440.42","428.46","0.0","","","","","","","","",""
"2015.0","9.0","9.0","252.0","54404.0","0.09","0.0","0.0","6.36","0.09","0.56","0.0","0.0","0.0","0.0","20.99","32.4","460.86","230.43","439.87","428.46","0.0","","","","","","","","",""
"2015.0","9.0","10.0","253.0","54404.0","0.09","0.0","0.0","6.71","0.09","0.59","0.0","0.0","0.0","0.0","21.58","32.4","460.86","230.43","439.28","428.46","0.0","","","","","","","","",""
"2015.0","9.0","11.0","254.0","54404.0","0.09","0.0","0.0","6.2","0.09","0.54","0.0","0.0","0.0","0.0","22.12","32.4","460.86","230.43","438.74","428.46","0.0","","","","","","","","",""
"2015.0","9.0","12.0","255.0","54404.0","0.09","0.0","0.0","4.33","0.09","0.38","0.0","0.0","0.0","0.0","22.5","32.4","460.86","230.43","438.36","428.46","0.0","","","","","","","","",""
"2015.0","9.0","13.0","256.0","54404.0","0.09","0.0","0.0","5.05","0.09","0.44","0.0","0.0","0.0","0.0","22.94","32.4","460.86","230.43","437.92","428.46","0.0","","","","","","","","",""
"2015.0","9.0","14.0","257.0","54404.0","0.09","0.0","0.0","3.92","0.09","0.34","0.0","0.0","0.0","0.0","23.27","32.4","460.86","230.43","437.58","428.46","0.0","","","","","","","","",""
"2015.0","9.0","15.0","258.0","54404.0","0.09","0.0","0.0","4.74","0.09","0.41","0.0","0.0","0.0","0.0","23.68","32.4","460.86","230.43","437.17","428.46","0.0","","","","","","","","",""
"2015.0","9.0","16.0","259.0","54404.0","0.09","0.0","0.0","3.96","0.09","0.34","0.0","0.0","0.0","0.0","24.03","32.4","460.86","230.43","436.83","428.46","0.0","","","","","","","","",""
"2015.0","9.0","17.0","260.0","54404.0","0.09","0.0","0.0","4.02","0.09","0.35","0.0","0.0","0.0","0.0","24.37","32.4","460.86","230.43","436.49","428.46","0.0","","","","","","","","",""
"2015.0","9.0","18.0","261.0","54404.0","0.09","0.0","0.0","4.69","0.09","0.4","0.0","0.0","0.0","0.0","24.77","32.4","460.86","230.43","436.08","428.46","0.0","","","","","","","","",""
"2015.0","9.0","19.0","262.0","54404.0","0.09","0.0","0.0","4.72","0.09","0.4","0.0","0.0","0.0","0.0","25.18","32.4","460.86","230.43","435.68","428.46","0.0","","","","","","","","",""
"2015.0","9.0","20.0","263.0","54404.0","0.09","0.0","0.0","4.88","0.09","0.42","0.0","0.0","0.0","0.0","25.6","32.4","460.86","230.43","435.26","428.46","0.0","","","","","","","","",""
"2015.0","9.0","21.0","264.0","54404.0","0.09","0.0","0.0","5.65","0.09","0.48","0.0","0.0","0.0","0.0","26.08","32.4","460.86","230.43","434.78","428.46","0.0","","","","","","","","",""
"2015.0","9.0","22.0","265.0","54404.0","0.08","0.0","0.0","5.56","0.08","0.47","0.0","0.0","0.0","0.0","26.55","32.4","460.86","230.43","434.31","428.46","0.0","","","","","","","","",""
"2015.0","9.0","23.0","266.0","54404.0","0.08","0.0","0.0","4.77","0.08","0.4","0.0","0.0","0.0","0.0","26.95","32.4","460.86","230.43","433.91","428.46","0.0","","","","","","","","",""
"2015.0","9.0","24.0","267.0","54404.0","0.08","0.0","0.0","4.64","0.08","0.39","0.0","0.0","0.0","0.0","27.34","32.4","460.86","230.43","433.51","428.46","0.0","","","","","","","","",""
"2015.0","9.0","25.0","268.0","54404.0","0.08","0.0","0.0","5.61","0.08","0.47","0.0","0.0","0.0","0.0","27.82","32.4","460.86","230.43","433.04","428.46","0.0","","","","","","","","",""
"2015.0","9.0","26.0","269.0","54404.0","0.08","0.0","0.0","5.61","0.08","0.47","0.0","0.0","0.0","0.0","28.29","32.4","460.86","230.43","432.57","428.46","0.0","","","","","","","","",""
"2015.0","9.0","27.0","270.0","54404.0","0.08","0.0","0.0","3.95","0.08","0.33","0.0","0.0","0.0","0.0","28.62","32.4","460.86","230.43","432.24","428.46","0.0","","","","","","","","",""
"2015.0","9.0","28.0","271.0","54404.0","0.08","0.0","0.0","4.29","0.08","0.36","0.0","0.0","0.0","0.0","28.98","32.4","460.86","230.43","431.88","428.46","0.0","","","","","","","","",""
"2015.0","9.0","29.0","272.0","54404.0","0.08","0.0","0.0","3.68","0.08","0.31","0.0","0.0","0.0","0.0","29.29","32.4","460.86","230.43","431.57","428.46","0.0","","","","","","","","",""
"2015.0","9.0","30.0","273.0","54404.0","0.08","0.0","0.0","2.2","0.08","0.18","0.0","0.0","0.0","0.0","29.47","32.4","460.86","230.43","431.39","428.46","0.0","","","","","","","","",""
