" Daily soil water balance output for Cucurbits in 186_Sacramento DAU_Co within 05_Sacramento River for WY 2015","","","","","","","","","","","","","","","","","","","","","","","Annual and in-season monthly output for Cucurbits in 186_Sacramento DAU_Co within 05_Sacramento River for WY 2015","","","","","","",""
"Year","Mon","Day","DOY"," Area","OKc","IKc","CCKc","ETo","Kc","ETc","Pcp","Er","Spg","Espg","SWD","SWDx","FC","PWP","SWC"," YT ","NA","","Year","Mon"," Area","ETo","ETc","ETc","ETc","ETc"
" #  "," # "," # ","  #","Acres","   ","   ","    "," mm","mm"," mm"," mm","mm"," mm"," mm "," mm"," mm ","mm"," mm"," mm"," mm"," mm","","#  "," # "," Acres"," mm"," mm","acre-ft"," mm","acre-ft"
"2014.0","10.0","1.0","274.0","275.0","0.57","0.0","0.0","5.96","0.57","3.38","0.0","0.0","0.0","0.0","3.38","28.5","376.43","188.21","373.05","347.93","0.0","","2014.0","10.0","275.0","103.02","35.97","32.4532480315","0.0","0.0"
"2014.0","10.0","2.0","275.0","275.0","0.52","0.0","0.0","4.15","0.52","2.16","0.0","0.0","0.0","0.0","5.53","28.5","376.43","188.21","370.89","347.93","0.0","","2014.0","11.0","275.0","43.68","43.33","39.093667979","0.0","0.0"
"2014.0","10.0","3.0","276.0","275.0","0.48","0.0","0.0","4.14","0.48","2.0","0.0","0.0","0.0","0.0","7.54","28.5","376.43","188.21","368.89","347.93","0.0","","2014.0","12.0","275.0","32.29","36.63","33.0487204724","0.0","0.0"
"2014.0","10.0","4.0","277.0","275.0","0.45","0.0","0.0","4.17","0.45","1.89","0.0","0.0","0.0","0.0","9.43","28.5","376.43","188.21","367.0","347.93","0.0","","2015.0","1.0","275.0","32.29","18.19","16.4115813648","0.0","0.0"
"2014.0","10.0","5.0","278.0","275.0","0.43","0.0","0.0","4.03","0.43","1.73","0.0","0.0","0.0","0.0","11.16","28.5","376.43","188.21","365.27","347.93","0.0","","2015.0","2.0","275.0","56.46","36.47","32.9043635171","0.0","0.0"
"2014.0","10.0","6.0","279.0","275.0","0.41","0.0","0.0","4.09","0.41","1.67","0.0","0.0","0.0","0.0","12.83","28.5","376.43","188.21","363.6","347.93","0.0","","2015.0","3.0","275.0","104.49","49.32","44.4980314961","0.0","0.0"
"2014.0","10.0","7.0","280.0","275.0","0.39","0.0","0.0","4.24","0.39","1.65","0.0","0.0","0.0","0.0","14.48","28.5","376.43","188.21","361.95","347.93","0.0","","2015.0","4.0","275.0","140.05","68.86","62.1276246719","0.0","0.0"
"2014.0","10.0","8.0","281.0","275.0","0.37","0.0","0.0","4.92","0.37","1.82","0.0","0.0","0.0","0.0","16.3","28.5","376.43","188.21","360.13","347.93","0.0","","2015.0","5.0","275.0","157.44","41.5","37.4425853018","0.0","0.0"
"2014.0","10.0","9.0","282.0","275.0","0.36","0.0","0.0","4.33","0.36","1.54","0.0","0.0","0.0","0.0","17.84","28.5","376.43","188.21","358.59","347.93","0.0","","2015.0","6.0","275.0","206.92","143.02","129.037073491","108.79","98.1537073491"
"2014.0","10.0","10.0","283.0","275.0","0.34","0.0","0.0","3.75","0.34","1.29","0.0","0.0","0.0","0.0","19.13","28.5","376.43","188.21","357.3","347.93","0.0","","2015.0","7.0","275.0","214.06","181.8","164.025590551","158.95","143.409612861"
"2014.0","10.0","11.0","284.0","275.0","0.33","0.0","0.0","3.53","0.33","1.18","0.0","0.0","0.0","0.0","20.31","28.5","376.43","188.21","356.12","347.93","0.0","","2015.0","8.0","275.0","194.99","185.23","167.120242782","175.49","158.332513123"
"2014.0","10.0","12.0","285.0","275.0","0.32","0.0","0.0","6.45","0.32","2.05","0.0","0.0","0.0","0.0","22.36","28.5","376.43","188.21","354.06","347.93","0.0","","2015.0","9.0","275.0","149.52","133.2","120.177165354","123.13","111.091699475"
"2014.0","10.0","13.0","286.0","275.0","0.31","0.0","0.0","4.08","0.31","1.26","0.0","0.0","0.0","0.0","23.63","28.5","376.43","188.21","352.8","347.93","0.0","","","","","","","","",""
"2014.0","10.0","14.0","287.0","275.0","0.3","0.0","0.0","3.18","0.3","0.96","0.0","0.0","0.0","0.0","24.59","28.5","376.43","188.21","351.84","347.93","0.0","","","","","","","","",""
"2014.0","10.0","15.0","288.0","275.0","0.3","0.0","0.0","2.39","0.3","0.72","0.15","0.15","0.0","0.0","25.16","28.5","376.43","188.21","351.27","347.93","0.0","","","","","","","","",""
"2014.0","10.0","16.0","289.0","275.0","0.29","0.0","0.0","2.7","0.29","0.8","0.0","0.0","0.0","0.0","25.95","28.5","376.43","188.21","350.48","347.93","0.0","","","","","","","","",""
"2014.0","10.0","17.0","290.0","275.0","0.29","0.0","0.0","2.51","0.29","0.73","0.0","0.0","0.0","0.0","26.68","28.5","376.43","188.21","349.75","347.93","0.0","","","","","","","","",""
"2014.0","10.0","18.0","291.0","275.0","0.29","0.0","0.0","2.88","0.29","0.82","0.0","0.0","0.0","0.0","27.51","28.5","376.43","188.21","348.92","347.93","0.0","","","","","","","","",""
"2014.0","10.0","19.0","292.0","275.0","0.28","0.0","0.0","2.97","0.28","0.84","0.0","0.0","0.0","0.0","28.34","28.5","376.43","188.21","348.09","347.93","0.0","","","","","","","","",""
"2014.0","10.0","20.0","293.0","275.0","0.28","0.0","0.0","2.25","0.28","0.63","0.0","0.0","0.0","0.0","28.97","28.5","376.43","188.21","347.46","347.93","0.0","","","","","","","","",""
"2014.0","10.0","21.0","294.0","275.0","0.27","0.0","0.0","2.67","0.27","0.73","0.0","0.0","0.0","0.0","28.5","28.5","376.43","188.21","347.93","347.93","0.0","","","","","","","","",""
"2014.0","10.0","22.0","295.0","275.0","0.27","0.0","0.0","2.57","0.27","0.7","0.0","0.0","0.0","0.0","29.2","28.5","376.43","188.21","347.23","347.93","0.0","","","","","","","","",""
"2014.0","10.0","23.0","296.0","275.0","0.27","0.0","0.0","2.51","0.27","0.67","0.0","0.0","0.0","0.0","28.5","28.5","376.43","188.21","347.93","347.93","0.0","","","","","","","","",""
"2014.0","10.0","24.0","297.0","275.0","0.27","0.0","0.0","2.57","0.27","0.68","0.0","0.0","0.0","0.0","29.18","28.5","376.43","188.21","347.25","347.93","0.0","","","","","","","","",""
"2014.0","10.0","25.0","298.0","275.0","0.26","0.0","0.0","2.27","0.26","0.6","0.0","0.0","0.0","0.0","28.5","28.5","376.43","188.21","347.93","347.93","0.0","","","","","","","","",""
"2014.0","10.0","26.0","299.0","275.0","0.26","0.0","0.0","2.66","0.26","0.69","1.25","1.25","0.0","0.0","27.94","28.5","376.43","188.21","348.49","347.93","0.0","","","","","","","","",""
"2014.0","10.0","27.0","300.0","275.0","0.26","0.0","0.0","2.48","0.26","0.64","0.0","0.0","0.0","0.0","28.58","28.5","376.43","188.21","347.85","347.93","0.0","","","","","","","","",""
"2014.0","10.0","28.0","301.0","275.0","0.25","0.0","0.0","2.37","0.25","0.6","0.0","0.0","0.0","0.0","28.5","28.5","376.43","188.21","347.93","347.93","0.0","","","","","","","","",""
"2014.0","10.0","29.0","302.0","275.0","0.25","0.0","0.0","2.4","0.25","0.6","0.0","0.0","0.0","0.0","29.1","28.5","376.43","188.21","347.32","347.93","0.0","","","","","","","","",""
"2014.0","10.0","30.0","303.0","275.0","0.25","0.0","0.0","2.51","0.25","0.62","0.0","0.0","0.0","0.0","28.5","28.5","376.43","188.21","347.93","347.93","0.0","","","","","","","","",""
"2014.0","10.0","31.0","304.0","275.0","0.25","0.0","0.0","1.29","0.25","0.32","0.01","0.01","0.0","0.0","28.81","28.5","376.43","188.21","347.62","347.93","0.0","","","","","","","","",""
"2014.0","11.0","1.0","305.0","275.0","1.15","0.0","0.0","1.84","1.15","2.11","7.1","7.1","0.0","0.0","21.71","28.5","376.43","188.21","354.72","347.93","0.0","","","","","","","","",""
"2014.0","11.0","2.0","306.0","275.0","1.14","0.0","0.0","2.21","1.14","2.52","0.0","0.0","0.0","0.0","24.23","28.5","376.43","188.21","352.2","347.93","0.0","","","","","","","","",""
"2014.0","11.0","3.0","307.0","275.0","1.14","0.0","0.0","1.8","1.14","2.06","0.0","0.0","0.0","0.0","26.28","28.5","376.43","188.21","350.15","347.93","0.0","","","","","","","","",""
"2014.0","11.0","4.0","308.0","275.0","1.01","0.0","0.0","1.75","1.01","1.77","0.0","0.0","0.0","0.0","28.05","28.5","376.43","188.21","348.38","347.93","0.0","","","","","","","","",""
"2014.0","11.0","5.0","309.0","275.0","0.91","0.0","0.0","1.82","0.91","1.65","0.0","0.0","0.0","0.0","29.7","28.5","376.43","188.21","346.73","347.93","0.0","","","","","","","","",""
"2014.0","11.0","6.0","310.0","275.0","0.83","0.0","0.0","1.94","0.83","1.6","0.0","0.0","0.0","0.0","28.5","28.5","376.43","188.21","347.93","347.93","0.0","","","","","","","","",""
"2014.0","11.0","7.0","311.0","275.0","0.76","0.0","0.0","2.01","0.76","1.53","0.0","0.0","0.0","0.0","30.03","28.5","376.43","188.21","346.4","347.93","0.0","","","","","","","","",""
"2014.0","11.0","8.0","312.0","275.0","0.71","0.0","0.0","1.88","0.71","1.34","0.0","0.0","0.0","0.0","28.5","28.5","376.43","188.21","347.93","347.93","0.0","","","","","","","","",""
"2014.0","11.0","9.0","313.0","275.0","0.67","0.0","0.0","1.86","0.67","1.25","0.0","0.0","0.0","0.0","29.75","28.5","376.43","188.21","346.68","347.93","0.0","","","","","","","","",""
"2014.0","11.0","10.0","314.0","275.0","0.64","0.0","0.0","1.96","0.64","1.25","0.0","0.0","0.0","0.0","28.5","28.5","376.43","188.21","347.93","347.93","0.0","","","","","","","","",""
"2014.0","11.0","11.0","315.0","275.0","0.61","0.0","0.0","1.52","0.61","0.93","0.0","0.0","0.0","0.0","29.43","28.5","376.43","188.21","347.0","347.93","0.0","","","","","","","","",""
"2014.0","11.0","12.0","316.0","275.0","0.59","0.0","0.0","1.46","0.59","0.87","0.0","0.0","0.0","0.0","28.5","28.5","376.43","188.21","347.93","347.93","0.0","","","","","","","","",""
"2014.0","11.0","13.0","317.0","275.0","1.18","0.0","0.0","1.02","1.18","1.2","4.19","4.19","0.0","0.0","25.51","28.5","376.43","188.21","350.92","347.93","0.0","","","","","","","","",""
"2014.0","11.0","14.0","318.0","275.0","1.17","0.0","0.0","1.34","1.17","1.56","1.96","1.96","0.0","0.0","25.12","28.5","376.43","188.21","351.31","347.93","0.0","","","","","","","","",""
"2014.0","11.0","15.0","319.0","275.0","1.17","0.0","0.0","1.28","1.17","1.49","0.0","0.0","0.0","0.0","26.61","28.5","376.43","188.21","349.82","347.93","0.0","","","","","","","","",""
"2014.0","11.0","16.0","320.0","275.0","1.16","0.0","0.0","1.98","1.16","2.29","0.01","0.01","0.0","0.0","28.89","28.5","376.43","188.21","347.53","347.93","0.0","","","","","","","","",""
"2014.0","11.0","17.0","321.0","275.0","1.1","0.0","0.0","1.82","1.1","2.01","0.0","0.0","0.0","0.0","28.5","28.5","376.43","188.21","347.93","347.93","0.0","","","","","","","","",""
"2014.0","11.0","18.0","322.0","275.0","1.0","0.0","0.0","1.37","1.0","1.37","0.0","0.0","0.0","0.0","29.87","28.5","376.43","188.21","346.55","347.93","0.0","","","","","","","","",""
"2014.0","11.0","19.0","323.0","275.0","0.94","0.0","0.0","1.06","0.94","1.0","0.13","0.13","0.0","0.0","28.5","28.5","376.43","188.21","347.93","347.93","0.0","","","","","","","","",""
"2014.0","11.0","20.0","324.0","275.0","1.19","0.0","0.0","0.64","1.19","0.76","3.26","3.26","0.0","0.0","26.0","28.5","376.43","188.21","350.42","347.93","0.0","","","","","","","","",""
"2014.0","11.0","21.0","325.0","275.0","1.19","0.0","0.0","0.82","1.19","0.97","4.7","4.7","0.0","0.0","22.28","28.5","376.43","188.21","354.15","347.93","0.0","","","","","","","","",""
"2014.0","11.0","22.0","326.0","275.0","1.18","0.0","0.0","1.16","1.18","1.37","0.19","0.19","0.0","0.0","23.46","28.5","376.43","188.21","352.97","347.93","0.0","","","","","","","","",""
"2014.0","11.0","23.0","327.0","275.0","1.16","0.0","0.0","1.49","1.16","1.73","3.38","3.38","0.0","0.0","21.81","28.5","376.43","188.21","354.62","347.93","0.0","","","","","","","","",""
"2014.0","11.0","24.0","328.0","275.0","1.16","0.0","0.0","1.37","1.16","1.59","0.0","0.0","0.0","0.0","23.4","28.5","376.43","188.21","353.03","347.93","0.0","","","","","","","","",""
"2014.0","11.0","25.0","329.0","275.0","1.17","0.0","0.0","1.22","1.17","1.42","0.0","0.0","0.0","0.0","24.82","28.5","376.43","188.21","351.61","347.93","0.0","","","","","","","","",""
"2014.0","11.0","26.0","330.0","275.0","1.17","0.0","0.0","1.2","1.17","1.4","0.0","0.0","0.0","0.0","26.22","28.5","376.43","188.21","350.21","347.93","0.0","","","","","","","","",""
"2014.0","11.0","27.0","331.0","275.0","1.1","0.0","0.0","1.19","1.1","1.31","0.0","0.0","0.0","0.0","27.54","28.5","376.43","188.21","348.89","347.93","0.0","","","","","","","","",""
"2014.0","11.0","28.0","332.0","275.0","1.02","0.0","0.0","1.16","1.02","1.18","0.0","0.0","0.0","0.0","28.72","28.5","376.43","188.21","347.71","347.93","0.0","","","","","","","","",""
"2014.0","11.0","29.0","333.0","275.0","1.19","0.0","0.0","0.85","1.19","1.01","2.69","2.69","0.0","0.0","26.03","28.5","376.43","188.21","350.4","347.93","0.0","","","","","","","","",""
"2014.0","11.0","30.0","334.0","275.0","1.19","0.0","0.0","0.66","1.19","0.79","3.5","3.5","0.0","0.0","23.31","28.5","376.43","188.21","353.11","347.93","0.0","","","","","","","","",""
"2014.0","12.0","1.0","335.0","275.0","1.18","0.0","0.0","1.02","1.18","1.2","7.13","7.13","0.0","0.0","17.39","28.5","376.43","188.21","359.04","347.93","0.0","","","","","","","","",""
"2014.0","12.0","2.0","336.0","275.0","1.19","0.0","0.0","0.66","1.19","0.79","2.45","2.45","0.0","0.0","15.73","28.5","376.43","188.21","360.7","347.93","0.0","","","","","","","","",""
"2014.0","12.0","3.0","337.0","275.0","1.17","0.0","0.0","1.13","1.17","1.33","39.11","17.05","0.0","0.0","0.0","28.5","376.43","188.21","376.43","347.93","0.0","","","","","","","","",""
"2014.0","12.0","4.0","338.0","275.0","1.18","0.0","0.0","1.1","1.18","1.29","21.84","1.29","0.0","0.0","0.0","28.5","376.43","188.21","376.43","347.93","0.0","","","","","","","","",""
"2014.0","12.0","5.0","339.0","275.0","1.18","0.0","0.0","0.92","1.18","1.09","0.22","0.22","0.0","0.0","0.87","28.5","376.43","188.21","375.56","347.93","0.0","","","","","","","","",""
"2014.0","12.0","6.0","340.0","275.0","1.18","0.0","0.0","1.09","1.18","1.28","2.83","2.15","0.0","0.0","0.0","28.5","376.43","188.21","376.43","347.93","0.0","","","","","","","","",""
"2014.0","12.0","7.0","341.0","275.0","1.18","0.0","0.0","0.77","1.18","0.91","0.78","0.78","0.0","0.0","0.13","28.5","376.43","188.21","376.3","347.93","0.0","","","","","","","","",""
"2014.0","12.0","8.0","342.0","275.0","1.18","0.0","0.0","0.83","1.18","0.98","0.0","0.0","0.0","0.0","1.11","28.5","376.43","188.21","375.31","347.93","0.0","","","","","","","","",""
"2014.0","12.0","9.0","343.0","275.0","1.19","0.0","0.0","0.68","1.19","0.81","0.0","0.0","0.0","0.0","1.92","28.5","376.43","188.21","374.51","347.93","0.0","","","","","","","","",""
"2014.0","12.0","10.0","344.0","275.0","1.19","0.0","0.0","0.97","1.19","1.15","0.0","0.0","0.0","0.0","3.07","28.5","376.43","188.21","373.36","347.93","0.0","","","","","","","","",""
"2014.0","12.0","11.0","345.0","275.0","1.18","0.0","0.0","1.27","1.18","1.5","0.01","0.01","0.0","0.0","4.56","28.5","376.43","188.21","371.87","347.93","0.0","","","","","","","","",""
"2014.0","12.0","12.0","346.0","275.0","1.2","0.0","0.0","0.61","1.2","0.73","68.69","5.29","0.0","0.0","0.0","28.5","376.43","188.21","376.43","347.93","0.0","","","","","","","","",""
"2014.0","12.0","13.0","347.0","275.0","1.19","0.0","0.0","0.68","1.19","0.81","1.6","0.81","0.0","0.0","0.0","28.5","376.43","188.21","376.43","347.93","0.0","","","","","","","","",""
"2014.0","12.0","14.0","348.0","275.0","1.19","0.0","0.0","0.73","1.19","0.87","0.0","0.0","0.0","0.0","0.87","28.5","376.43","188.21","375.56","347.93","0.0","","","","","","","","",""
"2014.0","12.0","15.0","349.0","275.0","1.18","0.0","0.0","0.95","1.18","1.12","6.13","1.99","0.0","0.0","0.0","28.5","376.43","188.21","376.43","347.93","0.0","","","","","","","","",""
"2014.0","12.0","16.0","350.0","275.0","1.17","0.0","0.0","1.22","1.17","1.43","11.72","1.43","0.0","0.0","0.0","28.5","376.43","188.21","376.43","347.93","0.0","","","","","","","","",""
"2014.0","12.0","17.0","351.0","275.0","1.18","0.0","0.0","0.96","1.18","1.13","12.55","1.13","0.0","0.0","0.0","28.5","376.43","188.21","376.43","347.93","0.0","","","","","","","","",""
"2014.0","12.0","18.0","352.0","275.0","1.18","0.0","0.0","0.94","1.18","1.11","2.97","1.11","0.0","0.0","0.0","28.5","376.43","188.21","376.43","347.93","0.0","","","","","","","","",""
"2014.0","12.0","19.0","353.0","275.0","1.18","0.0","0.0","0.83","1.18","0.98","0.0","0.0","0.0","0.0","0.98","28.5","376.43","188.21","375.44","347.93","0.0","","","","","","","","",""
"2014.0","12.0","20.0","354.0","275.0","1.19","0.0","0.0","0.65","1.19","0.78","15.13","1.76","0.0","0.0","0.0","28.5","376.43","188.21","376.43","347.93","0.0","","","","","","","","",""
"2014.0","12.0","21.0","355.0","275.0","1.19","0.0","0.0","0.98","1.19","1.16","0.01","0.01","0.0","0.0","1.15","28.5","376.43","188.21","375.27","347.93","0.0","","","","","","","","",""
"2014.0","12.0","22.0","356.0","275.0","1.19","0.0","0.0","0.77","1.19","0.91","0.0","0.0","0.0","0.0","2.07","28.5","376.43","188.21","374.36","347.93","0.0","","","","","","","","",""
"2014.0","12.0","23.0","357.0","275.0","1.19","0.0","0.0","0.72","1.19","0.86","0.0","0.0","0.0","0.0","2.92","28.5","376.43","188.21","373.5","347.93","0.0","","","","","","","","",""
"2014.0","12.0","24.0","358.0","275.0","1.19","0.0","0.0","0.95","1.19","1.13","0.0","0.0","0.0","0.0","4.05","28.5","376.43","188.21","372.38","347.93","0.0","","","","","","","","",""
"2014.0","12.0","25.0","359.0","275.0","1.14","0.0","0.0","1.9","1.14","2.17","1.24","1.24","0.0","0.0","4.99","28.5","376.43","188.21","371.44","347.93","0.0","","","","","","","","",""
"2014.0","12.0","26.0","360.0","275.0","1.15","0.0","0.0","1.79","1.15","2.05","0.0","0.0","0.0","0.0","7.04","28.5","376.43","188.21","369.39","347.93","0.0","","","","","","","","",""
"2014.0","12.0","27.0","361.0","275.0","1.16","0.0","0.0","0.76","1.16","0.88","0.0","0.0","0.0","0.0","7.92","28.5","376.43","188.21","368.51","347.93","0.0","","","","","","","","",""
"2014.0","12.0","28.0","362.0","275.0","1.17","0.0","0.0","0.75","1.17","0.88","0.0","0.0","0.0","0.0","8.8","28.5","376.43","188.21","367.63","347.93","0.0","","","","","","","","",""
"2014.0","12.0","29.0","363.0","275.0","1.17","0.0","0.0","0.54","1.17","0.63","0.0","0.0","0.0","0.0","9.43","28.5","376.43","188.21","367.0","347.93","0.0","","","","","","","","",""
"2014.0","12.0","30.0","364.0","275.0","0.98","0.0","0.0","2.48","0.98","2.43","0.0","0.0","0.0","0.0","11.86","28.5","376.43","188.21","364.57","347.93","0.0","","","","","","","","",""
"2014.0","12.0","31.0","365.0","275.0","0.85","0.0","0.0","2.64","0.85","2.24","0.0","0.0","0.0","0.0","14.1","28.5","376.43","188.21","362.33","347.93","0.0","","","","","","","","",""
"2015.0","1.0","1.0","1.0","275.0","0.82","0.0","0.0","0.89","0.82","0.73","0.0","0.0","0.0","0.0","14.83","28.5","376.43","188.21","361.6","347.93","0.0","","","","","","","","",""
"2015.0","1.0","2.0","2.0","275.0","0.79","0.0","0.0","0.88","0.79","0.69","0.0","0.0","0.0","0.0","15.52","28.5","376.43","188.21","360.91","347.93","0.0","","","","","","","","",""
"2015.0","1.0","3.0","3.0","275.0","0.76","0.0","0.0","0.87","0.76","0.66","0.0","0.0","0.0","0.0","16.19","28.5","376.43","188.21","360.24","347.93","0.0","","","","","","","","",""
"2015.0","1.0","4.0","4.0","275.0","0.74","0.0","0.0","0.97","0.74","0.72","0.0","0.0","0.0","0.0","16.9","28.5","376.43","188.21","359.53","347.93","0.0","","","","","","","","",""
"2015.0","1.0","5.0","5.0","275.0","0.72","0.0","0.0","0.89","0.72","0.64","0.0","0.0","0.0","0.0","17.54","28.5","376.43","188.21","358.89","347.93","0.0","","","","","","","","",""
"2015.0","1.0","6.0","6.0","275.0","0.69","0.0","0.0","1.19","0.69","0.82","0.0","0.0","0.0","0.0","18.36","28.5","376.43","188.21","358.07","347.93","0.0","","","","","","","","",""
"2015.0","1.0","7.0","7.0","275.0","0.67","0.0","0.0","1.19","0.67","0.79","0.0","0.0","0.0","0.0","19.16","28.5","376.43","188.21","357.27","347.93","0.0","","","","","","","","",""
"2015.0","1.0","8.0","8.0","275.0","0.65","0.0","0.0","1.04","0.65","0.67","0.0","0.0","0.0","0.0","19.83","28.5","376.43","188.21","356.6","347.93","0.0","","","","","","","","",""
"2015.0","1.0","9.0","9.0","275.0","0.63","0.0","0.0","0.88","0.63","0.56","0.0","0.0","0.0","0.0","20.39","28.5","376.43","188.21","356.04","347.93","0.0","","","","","","","","",""
"2015.0","1.0","10.0","10.0","275.0","0.62","0.0","0.0","0.99","0.62","0.61","0.0","0.0","0.0","0.0","21.0","28.5","376.43","188.21","355.42","347.93","0.0","","","","","","","","",""
"2015.0","1.0","11.0","11.0","275.0","0.61","0.0","0.0","0.88","0.61","0.53","0.0","0.0","0.0","0.0","21.54","28.5","376.43","188.21","354.89","347.93","0.0","","","","","","","","",""
"2015.0","1.0","12.0","12.0","275.0","0.59","0.0","0.0","1.02","0.59","0.6","0.0","0.0","0.0","0.0","22.14","28.5","376.43","188.21","354.29","347.93","0.0","","","","","","","","",""
"2015.0","1.0","13.0","13.0","275.0","0.58","0.0","0.0","1.08","0.58","0.63","0.0","0.0","0.0","0.0","22.77","28.5","376.43","188.21","353.66","347.93","0.0","","","","","","","","",""
"2015.0","1.0","14.0","14.0","275.0","0.57","0.0","0.0","0.68","0.57","0.39","0.0","0.0","0.0","0.0","23.16","28.5","376.43","188.21","353.27","347.93","0.0","","","","","","","","",""
"2015.0","1.0","15.0","15.0","275.0","0.56","0.0","0.0","0.69","0.56","0.39","0.0","0.0","0.0","0.0","23.54","28.5","376.43","188.21","352.88","347.93","0.0","","","","","","","","",""
"2015.0","1.0","16.0","16.0","275.0","0.56","0.0","0.0","0.6","0.56","0.33","0.0","0.0","0.0","0.0","23.88","28.5","376.43","188.21","352.55","347.93","0.0","","","","","","","","",""
"2015.0","1.0","17.0","17.0","275.0","0.55","0.0","0.0","0.53","0.55","0.29","0.0","0.0","0.0","0.0","24.17","28.5","376.43","188.21","352.26","347.93","0.0","","","","","","","","",""
"2015.0","1.0","18.0","18.0","275.0","0.55","0.0","0.0","0.59","0.55","0.32","0.0","0.0","0.0","0.0","24.49","28.5","376.43","188.21","351.93","347.93","0.0","","","","","","","","",""
"2015.0","1.0","19.0","19.0","275.0","0.54","0.0","0.0","0.62","0.54","0.33","0.01","0.01","0.0","0.0","24.82","28.5","376.43","188.21","351.61","347.93","0.0","","","","","","","","",""
"2015.0","1.0","20.0","20.0","275.0","0.53","0.0","0.0","0.75","0.53","0.4","0.0","0.0","0.0","0.0","25.22","28.5","376.43","188.21","351.21","347.93","0.0","","","","","","","","",""
"2015.0","1.0","21.0","21.0","275.0","0.52","0.0","0.0","0.97","0.52","0.51","0.0","0.0","0.0","0.0","25.73","28.5","376.43","188.21","350.7","347.93","0.0","","","","","","","","",""
"2015.0","1.0","22.0","22.0","275.0","0.52","0.0","0.0","0.72","0.52","0.37","0.0","0.0","0.0","0.0","26.1","28.5","376.43","188.21","350.33","347.93","0.0","","","","","","","","",""
"2015.0","1.0","23.0","23.0","275.0","0.51","0.0","0.0","0.94","0.51","0.48","0.0","0.0","0.0","0.0","26.58","28.5","376.43","188.21","349.85","347.93","0.0","","","","","","","","",""
"2015.0","1.0","24.0","24.0","275.0","0.5","0.0","0.0","0.87","0.5","0.44","0.0","0.0","0.0","0.0","27.01","28.5","376.43","188.21","349.41","347.93","0.0","","","","","","","","",""
"2015.0","1.0","25.0","25.0","275.0","0.49","0.0","0.0","1.02","0.49","0.5","0.0","0.0","0.0","0.0","27.52","28.5","376.43","188.21","348.91","347.93","0.0","","","","","","","","",""
"2015.0","1.0","26.0","26.0","275.0","0.49","0.0","0.0","1.27","0.49","0.62","0.0","0.0","0.0","0.0","28.13","28.5","376.43","188.21","348.29","347.93","0.0","","","","","","","","",""
"2015.0","1.0","27.0","27.0","275.0","0.48","0.0","0.0","1.12","0.48","0.53","0.0","0.0","0.0","0.0","28.67","28.5","376.43","188.21","347.76","347.93","0.0","","","","","","","","",""
"2015.0","1.0","28.0","28.0","275.0","0.47","0.0","0.0","1.5","0.47","0.7","0.0","0.0","0.0","0.0","28.5","28.5","376.43","188.21","347.93","347.93","0.0","","","","","","","","",""
"2015.0","1.0","29.0","29.0","275.0","0.46","0.0","0.0","1.41","0.46","0.65","0.0","0.0","0.0","0.0","29.15","28.5","376.43","188.21","347.28","347.93","0.0","","","","","","","","",""
"2015.0","1.0","30.0","30.0","275.0","0.45","0.0","0.0","1.89","0.45","0.85","0.0","0.0","0.0","0.0","28.5","28.5","376.43","188.21","347.93","347.93","0.0","","","","","","","","",""
"2015.0","1.0","31.0","31.0","275.0","0.43","0.0","0.0","3.35","0.43","1.44","0.0","0.0","0.0","0.0","29.94","28.5","376.43","188.21","346.49","347.93","0.0","","","","","","","","",""
"2015.0","2.0","1.0","32.0","275.0","0.42","0.0","0.0","1.46","0.42","0.62","0.0","0.0","0.0","0.0","28.5","28.5","376.43","188.21","347.93","347.93","0.0","","","","","","","","",""
"2015.0","2.0","2.0","33.0","275.0","0.41","0.0","0.0","1.5","0.41","0.62","0.0","0.0","0.0","0.0","29.12","28.5","376.43","188.21","347.31","347.93","0.0","","","","","","","","",""
"2015.0","2.0","3.0","34.0","275.0","0.41","0.0","0.0","1.56","0.41","0.64","0.0","0.0","0.0","0.0","28.5","28.5","376.43","188.21","347.93","347.93","0.0","","","","","","","","",""
"2015.0","2.0","4.0","35.0","275.0","0.4","0.0","0.0","1.45","0.4","0.58","0.0","0.0","0.0","0.0","29.08","28.5","376.43","188.21","347.35","347.93","0.0","","","","","","","","",""
"2015.0","2.0","5.0","36.0","275.0","0.4","0.0","0.0","1.11","0.4","0.44","0.0","0.0","0.0","0.0","28.5","28.5","376.43","188.21","347.93","347.93","0.0","","","","","","","","",""
"2015.0","2.0","6.0","37.0","275.0","0.39","0.0","0.0","2.23","0.39","0.87","0.97","0.97","0.0","0.0","28.4","28.5","376.43","188.21","348.03","347.93","0.0","","","","","","","","",""
"2015.0","2.0","7.0","38.0","275.0","1.16","0.0","0.0","1.43","1.16","1.66","20.87","20.87","0.0","0.0","9.19","28.5","376.43","188.21","367.24","347.93","0.0","","","","","","","","",""
"2015.0","2.0","8.0","39.0","275.0","1.16","0.0","0.0","1.39","1.16","1.62","12.03","10.81","0.0","0.0","0.0","28.5","376.43","188.21","376.43","347.93","0.0","","","","","","","","",""
"2015.0","2.0","9.0","40.0","275.0","1.14","0.0","0.0","2.02","1.14","2.3","18.45","2.3","0.0","0.0","0.0","28.5","376.43","188.21","376.43","347.93","0.0","","","","","","","","",""
"2015.0","2.0","10.0","41.0","275.0","1.14","0.0","0.0","1.84","1.14","2.1","0.02","0.02","0.0","0.0","2.08","28.5","376.43","188.21","374.35","347.93","0.0","","","","","","","","",""
"2015.0","2.0","11.0","42.0","275.0","1.15","0.0","0.0","1.63","1.15","1.87","0.0","0.0","0.0","0.0","3.95","28.5","376.43","188.21","372.48","347.93","0.0","","","","","","","","",""
"2015.0","2.0","12.0","43.0","275.0","1.02","0.0","0.0","1.98","1.02","2.02","0.0","0.0","0.0","0.0","5.97","28.5","376.43","188.21","370.46","347.93","0.0","","","","","","","","",""
"2015.0","2.0","13.0","44.0","275.0","0.9","0.0","0.0","2.03","0.9","1.83","0.0","0.0","0.0","0.0","7.8","28.5","376.43","188.21","368.63","347.93","0.0","","","","","","","","",""
"2015.0","2.0","14.0","45.0","275.0","0.81","0.0","0.0","2.18","0.81","1.77","0.0","0.0","0.0","0.0","9.57","28.5","376.43","188.21","366.86","347.93","0.0","","","","","","","","",""
"2015.0","2.0","15.0","46.0","275.0","0.75","0.0","0.0","2.08","0.75","1.56","0.0","0.0","0.0","0.0","11.13","28.5","376.43","188.21","365.3","347.93","0.0","","","","","","","","",""
"2015.0","2.0","16.0","47.0","275.0","0.7","0.0","0.0","2.18","0.7","1.52","0.0","0.0","0.0","0.0","12.65","28.5","376.43","188.21","363.78","347.93","0.0","","","","","","","","",""
"2015.0","2.0","17.0","48.0","275.0","0.66","0.0","0.0","1.84","0.66","1.21","0.0","0.0","0.0","0.0","13.86","28.5","376.43","188.21","362.57","347.93","0.0","","","","","","","","",""
"2015.0","2.0","18.0","49.0","275.0","0.63","0.0","0.0","1.59","0.63","1.0","0.0","0.0","0.0","0.0","14.86","28.5","376.43","188.21","361.57","347.93","0.0","","","","","","","","",""
"2015.0","2.0","19.0","50.0","275.0","0.62","0.0","0.0","1.06","0.62","0.65","0.0","0.0","0.0","0.0","15.51","28.5","376.43","188.21","360.91","347.93","0.0","","","","","","","","",""
"2015.0","2.0","20.0","51.0","275.0","0.59","0.0","0.0","1.88","0.59","1.11","0.0","0.0","0.0","0.0","16.62","28.5","376.43","188.21","359.81","347.93","0.0","","","","","","","","",""
"2015.0","2.0","21.0","52.0","275.0","0.57","0.0","0.0","1.63","0.57","0.93","0.0","0.0","0.0","0.0","17.55","28.5","376.43","188.21","358.88","347.93","0.0","","","","","","","","",""
"2015.0","2.0","22.0","53.0","275.0","0.53","0.0","0.0","3.48","0.53","1.85","0.0","0.0","0.0","0.0","19.4","28.5","376.43","188.21","357.03","347.93","0.0","","","","","","","","",""
"2015.0","2.0","23.0","54.0","275.0","0.49","0.0","0.0","4.09","0.49","2.02","0.0","0.0","0.0","0.0","21.41","28.5","376.43","188.21","355.01","347.93","0.0","","","","","","","","",""
"2015.0","2.0","24.0","55.0","275.0","0.47","0.0","0.0","2.78","0.47","1.31","0.0","0.0","0.0","0.0","22.73","28.5","376.43","188.21","353.7","347.93","0.0","","","","","","","","",""
"2015.0","2.0","25.0","56.0","275.0","0.46","0.0","0.0","2.16","0.46","0.99","0.0","0.0","0.0","0.0","23.72","28.5","376.43","188.21","352.71","347.93","0.0","","","","","","","","",""
"2015.0","2.0","26.0","57.0","275.0","0.44","0.0","0.0","3.01","0.44","1.33","0.0","0.0","0.0","0.0","25.05","28.5","376.43","188.21","351.38","347.93","0.0","","","","","","","","",""
"2015.0","2.0","27.0","58.0","275.0","0.43","0.0","0.0","2.86","0.43","1.22","0.0","0.0","0.0","0.0","26.26","28.5","376.43","188.21","350.17","347.93","0.0","","","","","","","","",""
"2015.0","2.0","28.0","59.0","275.0","0.42","0.0","0.0","2.01","0.42","0.83","0.0","0.0","0.0","0.0","27.1","28.5","376.43","188.21","349.33","347.93","0.0","","","","","","","","",""
"2015.0","3.0","1.0","60.0","275.0","0.4","0.0","0.0","2.6","0.4","1.05","0.0","0.0","0.0","0.0","28.14","28.5","376.43","188.21","348.28","347.93","0.0","","","","","","","","",""
"2015.0","3.0","2.0","61.0","275.0","0.39","0.0","0.0","2.27","0.39","0.89","0.0","0.0","0.0","0.0","29.04","28.5","376.43","188.21","347.39","347.93","0.0","","","","","","","","",""
"2015.0","3.0","3.0","62.0","275.0","0.38","0.0","0.0","2.57","0.38","0.99","0.86","0.86","0.0","0.0","28.18","28.5","376.43","188.21","348.25","347.93","0.0","","","","","","","","",""
"2015.0","3.0","4.0","63.0","275.0","0.37","0.0","0.0","2.6","0.37","0.97","0.0","0.0","0.0","0.0","29.15","28.5","376.43","188.21","347.27","347.93","0.0","","","","","","","","",""
"2015.0","3.0","5.0","64.0","275.0","0.37","0.0","0.0","2.79","0.37","1.02","0.0","0.0","0.0","0.0","28.5","28.5","376.43","188.21","347.93","347.93","0.0","","","","","","","","",""
"2015.0","3.0","6.0","65.0","275.0","0.36","0.0","0.0","2.99","0.36","1.06","0.0","0.0","0.0","0.0","29.56","28.5","376.43","188.21","346.86","347.93","0.0","","","","","","","","",""
"2015.0","3.0","7.0","66.0","275.0","0.35","0.0","0.0","2.82","0.35","0.98","0.0","0.0","0.0","0.0","28.5","28.5","376.43","188.21","347.93","347.93","0.0","","","","","","","","",""
"2015.0","3.0","8.0","67.0","275.0","0.34","0.0","0.0","2.96","0.34","1.01","0.0","0.0","0.0","0.0","29.51","28.5","376.43","188.21","346.92","347.93","0.0","","","","","","","","",""
"2015.0","3.0","9.0","68.0","275.0","0.33","0.0","0.0","2.98","0.33","0.99","0.0","0.0","0.0","0.0","28.5","28.5","376.43","188.21","347.93","347.93","0.0","","","","","","","","",""
"2015.0","3.0","10.0","69.0","275.0","0.33","0.0","0.0","2.43","0.33","0.79","0.0","0.0","0.0","0.0","29.29","28.5","376.43","188.21","347.13","347.93","0.0","","","","","","","","",""
"2015.0","3.0","11.0","70.0","275.0","0.32","0.0","0.0","2.13","0.32","0.69","0.72","0.72","0.0","0.0","28.5","28.5","376.43","188.21","347.93","347.93","0.0","","","","","","","","",""
"2015.0","3.0","12.0","71.0","275.0","1.08","0.0","0.0","3.4","1.08","3.69","3.96","3.96","0.0","0.0","28.23","28.5","376.43","188.21","348.2","347.93","0.0","","","","","","","","",""
"2015.0","3.0","13.0","72.0","275.0","1.07","0.0","0.0","3.07","1.07","3.28","0.0","0.0","0.0","0.0","31.5","28.5","376.43","188.21","344.93","347.93","0.0","","","","","","","","",""
"2015.0","3.0","14.0","73.0","275.0","0.87","0.0","0.0","3.32","0.87","2.88","0.0","0.0","0.0","0.0","28.5","28.5","376.43","188.21","347.93","347.93","0.0","","","","","","","","",""
"2015.0","3.0","15.0","74.0","275.0","0.73","0.0","0.0","3.87","0.73","2.83","0.0","0.0","0.0","0.0","31.33","28.5","376.43","188.21","345.09","347.93","0.0","","","","","","","","",""
"2015.0","3.0","16.0","75.0","275.0","0.67","0.0","0.0","2.59","0.67","1.74","0.0","0.0","0.0","0.0","28.5","28.5","376.43","188.21","347.93","347.93","0.0","","","","","","","","",""
"2015.0","3.0","17.0","76.0","275.0","0.61","0.0","0.0","3.57","0.61","2.17","0.0","0.0","0.0","0.0","30.67","28.5","376.43","188.21","345.75","347.93","0.0","","","","","","","","",""
"2015.0","3.0","18.0","77.0","275.0","0.56","0.0","0.0","3.85","0.56","2.14","0.21","0.21","0.0","0.0","28.5","28.5","376.43","188.21","347.93","347.93","0.0","","","","","","","","",""
"2015.0","3.0","19.0","78.0","275.0","0.52","0.0","0.0","3.88","0.52","2.0","0.0","0.0","0.0","0.0","30.5","28.5","376.43","188.21","345.93","347.93","0.0","","","","","","","","",""
"2015.0","3.0","20.0","79.0","275.0","0.49","0.0","0.0","3.12","0.49","1.52","0.0","0.0","0.0","0.0","28.5","28.5","376.43","188.21","347.93","347.93","0.0","","","","","","","","",""
"2015.0","3.0","21.0","80.0","275.0","0.46","0.0","0.0","3.61","0.46","1.67","0.0","0.0","0.0","0.0","30.17","28.5","376.43","188.21","346.26","347.93","0.0","","","","","","","","",""
"2015.0","3.0","22.0","81.0","275.0","0.44","0.0","0.0","3.15","0.44","1.39","0.0","0.0","0.0","0.0","28.5","28.5","376.43","188.21","347.93","347.93","0.0","","","","","","","","",""
"2015.0","3.0","23.0","82.0","275.0","0.42","0.0","0.0","3.24","0.42","1.38","0.46","0.46","0.0","0.0","29.42","28.5","376.43","188.21","347.01","347.93","0.0","","","","","","","","",""
"2015.0","3.0","24.0","83.0","275.0","0.41","0.0","0.0","3.22","0.41","1.32","0.0","0.0","0.0","0.0","28.5","28.5","376.43","188.21","347.93","347.93","0.0","","","","","","","","",""
"2015.0","3.0","25.0","84.0","275.0","0.39","0.0","0.0","4.16","0.39","1.62","0.0","0.0","0.0","0.0","30.12","28.5","376.43","188.21","346.3","347.93","0.0","","","","","","","","",""
"2015.0","3.0","26.0","85.0","275.0","0.38","0.0","0.0","3.91","0.38","1.47","0.0","0.0","0.0","0.0","28.5","28.5","376.43","188.21","347.93","347.93","0.0","","","","","","","","",""
"2015.0","3.0","27.0","86.0","275.0","0.36","0.0","0.0","4.48","0.36","1.61","0.0","0.0","0.0","0.0","30.11","28.5","376.43","188.21","346.32","347.93","0.0","","","","","","","","",""
"2015.0","3.0","28.0","87.0","275.0","0.34","0.0","0.0","4.95","0.34","1.7","0.0","0.0","0.0","0.0","28.5","28.5","376.43","188.21","347.93","347.93","0.0","","","","","","","","",""
"2015.0","3.0","29.0","88.0","275.0","0.33","0.0","0.0","4.75","0.33","1.57","0.0","0.0","0.0","0.0","30.07","28.5","376.43","188.21","346.35","347.93","0.0","","","","","","","","",""
"2015.0","3.0","30.0","89.0","275.0","0.32","0.0","0.0","4.54","0.32","1.45","0.0","0.0","0.0","0.0","28.5","28.5","376.43","188.21","347.93","347.93","0.0","","","","","","","","",""
"2015.0","3.0","31.0","90.0","275.0","0.31","0.0","0.0","4.67","0.31","1.45","0.0","0.0","0.0","0.0","29.95","28.5","376.43","188.21","346.48","347.93","0.0","","","","","","","","",""
"2015.0","4.0","1.0","91.0","275.0","0.3","0.0","0.0","4.21","0.3","1.27","0.0","0.0","0.0","0.0","28.5","28.5","376.43","188.21","347.93","347.93","0.0","","","","","","","","",""
"2015.0","4.0","2.0","92.0","275.0","0.29","0.0","0.0","5.53","0.29","1.61","0.0","0.0","0.0","0.0","30.11","28.5","376.43","188.21","346.32","347.93","0.0","","","","","","","","",""
"2015.0","4.0","3.0","93.0","275.0","0.28","0.0","0.0","4.65","0.28","1.32","0.0","0.0","0.0","0.0","28.5","28.5","376.43","188.21","347.93","347.93","0.0","","","","","","","","",""
"2015.0","4.0","4.0","94.0","275.0","0.28","0.0","0.0","4.54","0.28","1.25","0.0","0.0","0.0","0.0","29.75","28.5","376.43","188.21","346.67","347.93","0.0","","","","","","","","",""
"2015.0","4.0","5.0","95.0","275.0","0.27","0.0","0.0","2.51","0.27","0.68","0.08","0.08","0.0","0.0","28.5","28.5","376.43","188.21","347.93","347.93","0.0","","","","","","","","",""
"2015.0","4.0","6.0","96.0","275.0","0.27","0.0","0.0","2.97","0.27","0.8","2.53","2.53","0.0","0.0","26.77","28.5","376.43","188.21","349.66","347.93","0.0","","","","","","","","",""
"2015.0","4.0","7.0","97.0","275.0","0.27","0.0","0.0","2.49","0.27","0.66","3.03","3.03","0.0","0.0","24.4","28.5","376.43","188.21","352.03","347.93","0.0","","","","","","","","",""
"2015.0","4.0","8.0","98.0","275.0","1.1","0.0","0.0","2.99","1.1","3.29","14.46","14.46","0.0","0.0","13.23","28.5","376.43","188.21","363.2","347.93","0.0","","","","","","","","",""
"2015.0","4.0","9.0","99.0","275.0","1.07","0.0","0.0","3.5","1.07","3.73","0.0","0.0","0.0","0.0","16.96","28.5","376.43","188.21","359.47","347.93","0.0","","","","","","","","",""
"2015.0","4.0","10.0","100.0","275.0","0.83","0.0","0.0","4.14","0.83","3.43","0.0","0.0","0.0","0.0","20.39","28.5","376.43","188.21","356.04","347.93","0.0","","","","","","","","",""
"2015.0","4.0","11.0","101.0","275.0","0.7","0.0","0.0","4.3","0.7","2.99","0.0","0.0","0.0","0.0","23.38","28.5","376.43","188.21","353.05","347.93","0.0","","","","","","","","",""
"2015.0","4.0","12.0","102.0","275.0","0.6","0.0","0.0","4.93","0.6","2.96","0.0","0.0","0.0","0.0","26.35","28.5","376.43","188.21","350.08","347.93","0.0","","","","","","","","",""
"2015.0","4.0","13.0","103.0","275.0","0.54","0.0","0.0","5.02","0.54","2.69","0.0","0.0","0.0","0.0","29.03","28.5","376.43","188.21","347.4","347.93","0.0","","","","","","","","",""
"2015.0","4.0","14.0","104.0","275.0","0.49","0.0","0.0","4.9","0.49","2.39","0.0","0.0","0.0","0.0","28.5","28.5","376.43","188.21","347.93","347.93","0.0","","","","","","","","",""
"2015.0","4.0","15.0","105.0","275.0","0.44","0.0","0.0","6.53","0.44","2.87","0.0","0.0","0.0","0.0","31.37","28.5","376.43","188.21","345.06","347.93","0.0","","","","","","","","",""
"2015.0","4.0","16.0","106.0","275.0","0.41","0.0","0.0","5.97","0.41","2.43","0.0","0.0","0.0","0.0","28.5","28.5","376.43","188.21","347.93","347.93","0.0","","","","","","","","",""
"2015.0","4.0","17.0","107.0","275.0","0.38","0.0","0.0","5.35","0.38","2.05","0.0","0.0","0.0","0.0","30.55","28.5","376.43","188.21","345.88","347.93","0.0","","","","","","","","",""
"2015.0","4.0","18.0","108.0","275.0","0.36","0.0","0.0","4.99","0.36","1.81","0.0","0.0","0.0","0.0","28.5","28.5","376.43","188.21","347.93","347.93","0.0","","","","","","","","",""
"2015.0","4.0","19.0","109.0","275.0","0.35","0.0","0.0","5.25","0.35","1.82","0.0","0.0","0.0","0.0","30.32","28.5","376.43","188.21","346.11","347.93","0.0","","","","","","","","",""
"2015.0","4.0","20.0","110.0","275.0","0.33","0.0","0.0","4.8","0.33","1.6","0.0","0.0","0.0","0.0","28.5","28.5","376.43","188.21","347.93","347.93","0.0","","","","","","","","",""
"2015.0","4.0","21.0","111.0","275.0","0.32","0.0","0.0","3.83","0.32","1.24","0.0","0.0","0.0","0.0","29.74","28.5","376.43","188.21","346.69","347.93","0.0","","","","","","","","",""
"2015.0","4.0","22.0","112.0","275.0","0.31","0.0","0.0","4.16","0.31","1.31","0.0","0.0","0.0","0.0","28.5","28.5","376.43","188.21","347.93","347.93","0.0","","","","","","","","",""
"2015.0","4.0","23.0","113.0","275.0","0.3","0.0","0.0","4.79","0.3","1.46","0.0","0.0","0.0","0.0","29.96","28.5","376.43","188.21","346.47","347.93","0.0","","","","","","","","",""
"2015.0","4.0","24.0","114.0","275.0","0.29","0.0","0.0","5.05","0.29","1.49","0.0","0.0","0.0","0.0","28.5","28.5","376.43","188.21","347.93","347.93","0.0","","","","","","","","",""
"2015.0","4.0","25.0","115.0","275.0","1.06","0.0","0.0","4.07","1.06","4.3","12.34","12.34","0.0","0.0","20.46","28.5","376.43","188.21","355.97","347.93","0.0","","","","","","","","",""
"2015.0","4.0","26.0","116.0","275.0","0.87","0.0","0.0","5.14","0.87","4.48","0.0","0.0","0.0","0.0","24.94","28.5","376.43","188.21","351.48","347.93","0.0","","","","","","","","",""
"2015.0","4.0","27.0","117.0","275.0","0.67","0.0","0.0","6.01","0.67","4.04","0.0","0.0","0.0","0.0","28.98","28.5","376.43","188.21","347.44","347.93","0.0","","","","","","","","",""
"2015.0","4.0","28.0","118.0","275.0","0.57","0.0","0.0","5.62","0.57","3.22","0.0","0.0","0.0","0.0","28.5","28.5","376.43","188.21","347.93","347.93","0.0","","","","","","","","",""
"2015.0","4.0","29.0","119.0","275.0","0.51","0.0","0.0","5.35","0.51","2.73","0.0","0.0","0.0","0.0","31.23","28.5","376.43","188.21","345.2","347.93","0.0","","","","","","","","",""
"2015.0","4.0","30.0","120.0","275.0","0.46","0.0","0.0","6.46","0.46","2.94","0.0","0.0","0.0","0.0","28.5","28.5","376.43","188.21","347.93","347.93","0.0","","","","","","","","",""
"2015.0","5.0","1.0","121.0","275.0","0.41","0.0","0.0","6.52","0.41","2.7","0.0","0.0","0.0","0.0","31.2","28.5","376.43","188.21","345.22","347.93","0.0","","","","","","","","",""
"2015.0","5.0","2.0","122.0","275.0","0.39","0.0","0.0","6.03","0.39","2.32","0.0","0.0","0.0","0.0","28.5","28.5","376.43","188.21","347.93","347.93","0.0","","","","","","","","",""
"2015.0","5.0","3.0","123.0","275.0","0.37","0.0","0.0","5.29","0.37","1.93","0.0","0.0","0.0","0.0","30.43","28.5","376.43","188.21","346.0","347.93","0.0","","","","","","","","",""
"2015.0","5.0","4.0","124.0","275.0","0.35","0.0","0.0","4.85","0.35","1.69","0.0","0.0","0.0","0.0","28.5","28.5","376.43","188.21","347.93","347.93","0.0","","","","","","","","",""
"2015.0","5.0","5.0","125.0","275.0","0.34","0.0","0.0","4.86","0.34","1.63","0.0","0.0","0.0","0.0","30.13","28.5","376.43","188.21","346.3","347.93","0.0","","","","","","","","",""
"2015.0","5.0","6.0","126.0","275.0","0.32","0.0","0.0","5.17","0.32","1.66","0.0","0.0","0.0","0.0","28.5","28.5","376.43","188.21","347.93","347.93","0.0","","","","","","","","",""
"2015.0","5.0","7.0","127.0","275.0","0.31","0.0","0.0","3.74","0.31","1.17","0.12","0.12","0.0","0.0","29.55","28.5","376.43","188.21","346.87","347.93","0.0","","","","","","","","",""
"2015.0","5.0","8.0","128.0","275.0","0.3","0.0","0.0","4.45","0.3","1.36","0.04","0.04","0.0","0.0","28.5","28.5","376.43","188.21","347.93","347.93","0.0","","","","","","","","",""
"2015.0","5.0","9.0","129.0","275.0","0.29","0.0","0.0","5.02","0.29","1.48","0.0","0.0","0.0","0.0","29.98","28.5","376.43","188.21","346.45","347.93","0.0","","","","","","","","",""
"2015.0","5.0","10.0","130.0","275.0","0.29","0.0","0.0","5.24","0.29","1.5","0.0","0.0","0.0","0.0","28.5","28.5","376.43","188.21","347.93","347.93","0.0","","","","","","","","",""
"2015.0","5.0","11.0","131.0","275.0","0.28","0.0","0.0","5.2","0.28","1.44","0.0","0.0","0.0","0.0","29.94","28.5","376.43","188.21","346.49","347.93","0.0","","","","","","","","",""
"2015.0","5.0","12.0","132.0","275.0","0.27","0.0","0.0","5.04","0.27","1.36","0.0","0.0","0.0","0.0","28.5","28.5","376.43","188.21","347.93","347.93","0.0","","","","","","","","",""
"2015.0","5.0","13.0","133.0","275.0","0.26","0.0","0.0","4.75","0.26","1.25","0.0","0.0","0.0","0.0","29.75","28.5","376.43","188.21","346.68","347.93","0.0","","","","","","","","",""
"2015.0","5.0","14.0","134.0","275.0","0.26","0.0","0.0","3.53","0.26","0.91","0.0","0.0","0.0","0.0","28.5","28.5","376.43","188.21","347.93","347.93","0.0","","","","","","","","",""
"2015.0","5.0","15.0","135.0","275.0","0.25","0.0","0.0","4.69","0.25","1.19","0.41","0.41","0.0","0.0","29.28","28.5","376.43","188.21","347.15","347.93","0.0","","","","","","","","",""
"2015.0","5.0","16.0","136.0","275.0","0.25","0.0","0.0","4.83","0.25","1.2","0.0","0.0","0.0","0.0","28.5","28.5","376.43","188.21","347.93","347.93","0.0","","","","","","","","",""
"2015.0","5.0","17.0","137.0","275.0","0.24","0.0","0.0","4.03","0.24","0.98","0.0","0.0","0.0","0.0","29.48","28.5","376.43","188.21","346.95","347.93","0.0","","","","","","","","",""
"2015.0","5.0","18.0","138.0","275.0","0.24","0.0","0.0","4.74","0.24","1.13","0.0","0.0","0.0","0.0","28.5","28.5","376.43","188.21","347.93","347.93","0.0","","","","","","","","",""
"2015.0","5.0","19.0","139.0","275.0","0.23","0.0","0.0","5.03","0.23","1.18","0.0","0.0","0.0","0.0","29.68","28.5","376.43","188.21","346.75","347.93","0.0","","","","","","","","",""
"2015.0","5.0","20.0","140.0","275.0","0.23","0.0","0.0","4.98","0.23","1.14","0.0","0.0","0.0","0.0","28.5","28.5","376.43","188.21","347.93","347.93","0.0","","","","","","","","",""
"2015.0","5.0","21.0","141.0","275.0","0.23","0.0","0.0","4.26","0.23","0.96","0.0","0.0","0.0","0.0","29.46","28.5","376.43","188.21","346.96","347.93","0.0","","","","","","","","",""
"2015.0","5.0","22.0","142.0","275.0","0.22","0.0","0.0","4.91","0.22","1.09","0.0","0.0","0.0","0.0","28.5","28.5","376.43","188.21","347.93","347.93","0.0","","","","","","","","",""
"2015.0","5.0","23.0","143.0","275.0","0.22","0.0","0.0","4.7","0.22","1.03","0.0","0.0","0.0","0.0","29.53","28.5","376.43","188.21","346.9","347.93","0.0","","","","","","","","",""
"2015.0","5.0","24.0","144.0","275.0","0.21","0.0","0.0","5.63","0.21","1.21","0.0","0.0","0.0","0.0","28.5","28.5","376.43","188.21","347.93","347.93","0.0","","","","","","","","",""
"2015.0","5.0","25.0","145.0","275.0","0.21","0.0","0.0","5.5","0.21","1.16","0.0","0.0","0.0","0.0","29.66","28.5","376.43","188.21","346.77","347.93","0.0","","","","","","","","",""
"2015.0","5.0","26.0","146.0","275.0","0.21","0.0","0.0","5.52","0.21","1.14","0.0","0.0","0.0","0.0","28.5","28.5","376.43","188.21","347.93","347.93","0.0","","","","","","","","",""
"2015.0","5.0","27.0","147.0","275.0","0.2","0.0","0.0","5.56","0.2","1.13","0.0","0.0","0.0","0.0","29.63","28.5","376.43","188.21","346.8","347.93","0.0","","","","","","","","",""
"2015.0","5.0","28.0","148.0","275.0","0.2","0.0","0.0","5.44","0.2","1.09","0.0","0.0","0.0","0.0","28.5","28.5","376.43","188.21","347.93","347.93","0.0","","","","","","","","",""
"2015.0","5.0","29.0","149.0","275.0","0.2","0.0","0.0","6.1","0.2","1.2","0.0","0.0","0.0","0.0","29.7","28.5","376.43","188.21","346.73","347.93","0.0","","","","","","","","",""
"2015.0","5.0","30.0","150.0","275.0","0.19","0.0","0.0","6.43","0.19","1.24","0.0","0.0","0.0","0.0","28.5","28.5","376.43","188.21","347.93","347.93","0.0","","","","","","","","",""
"2015.0","5.0","31.0","151.0","275.0","0.19","0.0","0.0","5.4","0.19","1.03","0.0","0.0","0.0","0.0","29.53","28.5","376.43","188.21","346.9","347.93","0.0","","","","","","","","",""
"2015.0","6.0","1.0","152.0","275.0","0.19","0.69","0.0","5.46","0.69","3.75","0.0","0.0","0.0","0.0","33.28","78.29","376.43","188.21","343.15","298.14","0.0","","","","","","","","",""
"2015.0","6.0","2.0","153.0","275.0","0.18","0.69","0.0","5.75","0.69","3.95","0.0","0.0","0.0","0.0","37.23","78.29","376.43","188.21","339.2","298.14","0.0","","","","","","","","",""
"2015.0","6.0","3.0","154.0","275.0","0.18","0.69","0.0","5.49","0.69","3.77","0.0","0.0","0.0","0.0","41.0","78.29","376.43","188.21","335.43","298.14","0.0","","","","","","","","",""
"2015.0","6.0","4.0","155.0","275.0","0.18","0.69","0.0","5.89","0.69","4.05","0.0","0.0","0.0","0.0","45.05","78.29","376.43","188.21","331.38","298.14","0.0","","","","","","","","",""
"2015.0","6.0","5.0","156.0","275.0","0.18","0.69","0.0","6.77","0.69","4.65","0.0","0.0","0.0","0.0","49.7","78.29","376.43","188.21","326.73","298.14","0.0","","","","","","","","",""
"2015.0","6.0","6.0","157.0","275.0","0.17","0.69","0.0","6.34","0.69","4.36","0.0","0.0","0.0","0.0","54.05","78.29","376.43","188.21","322.38","298.14","0.0","","","","","","","","",""
"2015.0","6.0","7.0","158.0","275.0","0.17","0.69","0.0","6.9","0.69","4.74","0.0","0.0","0.0","0.0","58.79","78.29","376.43","188.21","317.64","298.14","0.0","","","","","","","","",""
"2015.0","6.0","8.0","159.0","275.0","0.17","0.69","0.0","7.39","0.69","5.08","0.0","0.0","0.0","0.0","63.87","78.29","376.43","188.21","312.56","298.14","0.0","","","","","","","","",""
"2015.0","6.0","9.0","160.0","275.0","0.17","0.69","0.0","7.03","0.69","4.83","0.0","0.0","0.0","0.0","68.7","78.29","376.43","188.21","307.73","298.14","0.0","","","","","","","","",""
"2015.0","6.0","10.0","161.0","275.0","0.17","0.69","0.0","2.7","0.69","1.85","0.02","0.02","0.0","0.0","70.53","78.29","376.43","188.21","305.89","298.14","0.0","","","","","","","","",""
"2015.0","6.0","11.0","162.0","275.0","0.16","0.69","0.0","7.01","0.69","4.82","2.18","2.18","0.0","0.0","73.17","78.29","376.43","188.21","303.26","298.14","0.0","","","","","","","","",""
"2015.0","6.0","12.0","163.0","275.0","0.16","0.69","0.0","7.89","0.69","5.42","0.0","0.0","0.0","0.0","0.0","78.29","376.43","188.21","376.43","298.14","78.59","","","","","","","","",""
"2015.0","6.0","13.0","164.0","275.0","0.16","0.69","0.0","7.55","0.69","5.19","0.0","0.0","0.0","0.0","5.19","78.29","376.43","188.21","371.24","298.14","0.0","","","","","","","","",""
"2015.0","6.0","14.0","165.0","275.0","0.16","0.69","0.0","6.8","0.69","4.67","0.0","0.0","0.0","0.0","9.86","78.29","376.43","188.21","366.57","298.14","0.0","","","","","","","","",""
"2015.0","6.0","15.0","166.0","275.0","0.15","0.69","0.0","6.62","0.69","4.55","0.0","0.0","0.0","0.0","14.41","78.29","376.43","188.21","362.02","298.14","0.0","","","","","","","","",""
"2015.0","6.0","16.0","167.0","275.0","0.15","0.69","0.0","6.96","0.69","4.78","0.51","0.51","0.0","0.0","18.68","78.29","376.43","188.21","357.75","298.14","0.0","","","","","","","","",""
"2015.0","6.0","17.0","168.0","275.0","0.15","0.69","0.0","6.97","0.69","4.79","0.0","0.0","0.0","0.0","23.47","78.29","376.43","188.21","352.96","298.14","0.0","","","","","","","","",""
"2015.0","6.0","18.0","169.0","275.0","0.15","0.69","0.0","7.62","0.69","5.23","0.0","0.0","0.0","0.0","28.7","78.29","376.43","188.21","347.73","298.14","0.0","","","","","","","","",""
"2015.0","6.0","19.0","170.0","275.0","0.15","0.69","0.0","7.42","0.69","5.1","0.0","0.0","0.0","0.0","33.8","78.29","376.43","188.21","342.63","298.14","0.0","","","","","","","","",""
"2015.0","6.0","20.0","171.0","275.0","0.14","0.69","0.0","7.06","0.69","4.85","0.0","0.0","0.0","0.0","38.65","78.29","376.43","188.21","337.78","298.14","0.0","","","","","","","","",""
"2015.0","6.0","21.0","172.0","275.0","0.14","0.69","0.0","7.62","0.69","5.23","0.0","0.0","0.0","0.0","43.88","78.29","376.43","188.21","332.54","298.14","0.0","","","","","","","","",""
"2015.0","6.0","22.0","173.0","275.0","0.14","0.69","0.0","6.99","0.69","4.8","0.0","0.0","0.0","0.0","48.69","78.29","376.43","188.21","327.74","298.14","0.0","","","","","","","","",""
"2015.0","6.0","23.0","174.0","275.0","0.14","0.69","0.0","7.4","0.69","5.08","0.0","0.0","0.0","0.0","53.77","78.29","376.43","188.21","322.66","298.14","0.0","","","","","","","","",""
"2015.0","6.0","24.0","175.0","275.0","0.14","0.69","0.0","7.41","0.69","5.09","0.0","0.0","0.0","0.0","58.86","78.29","376.43","188.21","317.57","298.14","0.0","","","","","","","","",""
"2015.0","6.0","25.0","176.0","275.0","0.14","0.69","0.0","8.0","0.69","5.5","0.0","0.0","0.0","0.0","64.36","78.29","376.43","188.21","312.07","298.14","0.0","","","","","","","","",""
"2015.0","6.0","26.0","177.0","275.0","0.13","0.69","0.0","8.37","0.69","5.81","0.0","0.0","0.0","0.0","70.17","78.29","376.43","188.21","306.26","298.14","0.0","","","","","","","","",""
"2015.0","6.0","27.0","178.0","275.0","0.13","0.7","0.0","6.94","0.7","4.88","0.0","0.0","0.0","0.0","75.05","78.29","376.43","188.21","301.38","298.14","0.0","","","","","","","","",""
"2015.0","6.0","28.0","179.0","275.0","0.13","0.71","0.0","7.3","0.71","5.18","0.0","0.0","0.0","0.0","0.0","78.29","376.43","188.21","376.43","298.14","80.23","","","","","","","","",""
"2015.0","6.0","29.0","180.0","275.0","0.13","0.72","0.0","7.58","0.72","5.44","0.0","0.0","0.0","0.0","5.44","78.29","376.43","188.21","370.99","298.14","0.0","","","","","","","","",""
"2015.0","6.0","30.0","181.0","275.0","0.13","0.73","0.0","7.69","0.73","5.58","0.0","0.0","0.0","0.0","11.02","78.29","376.43","188.21","365.41","298.14","0.0","","","","","","","","",""
"2015.0","7.0","1.0","182.0","275.0","0.13","0.73","0.0","7.56","0.73","5.54","0.0","0.0","0.0","0.0","16.57","78.29","376.43","188.21","359.86","298.14","0.0","","","","","","","","",""
"2015.0","7.0","2.0","183.0","275.0","0.13","0.74","0.0","7.24","0.74","5.37","0.0","0.0","0.0","0.0","21.93","78.29","376.43","188.21","354.5","298.14","0.0","","","","","","","","",""
"2015.0","7.0","3.0","184.0","275.0","0.13","0.75","0.0","7.52","0.75","5.63","0.0","0.0","0.0","0.0","27.56","78.29","376.43","188.21","348.86","298.14","0.0","","","","","","","","",""
"2015.0","7.0","4.0","185.0","275.0","0.12","0.76","0.0","8.01","0.76","6.06","0.0","0.0","0.0","0.0","33.63","78.29","376.43","188.21","342.8","298.14","0.0","","","","","","","","",""
"2015.0","7.0","5.0","186.0","275.0","0.12","0.76","0.0","7.28","0.76","5.56","0.0","0.0","0.0","0.0","39.19","78.29","376.43","188.21","337.24","298.14","0.0","","","","","","","","",""
"2015.0","7.0","6.0","187.0","275.0","0.12","0.77","0.0","7.4","0.77","5.71","0.0","0.0","0.0","0.0","44.9","78.29","376.43","188.21","331.53","298.14","0.0","","","","","","","","",""
"2015.0","7.0","7.0","188.0","275.0","0.12","0.78","0.0","6.93","0.78","5.4","0.0","0.0","0.0","0.0","50.31","78.29","376.43","188.21","326.12","298.14","0.0","","","","","","","","",""
"2015.0","7.0","8.0","189.0","275.0","0.12","0.79","0.0","6.35","0.79","5.0","0.0","0.0","0.0","0.0","55.31","78.29","376.43","188.21","321.12","298.14","0.0","","","","","","","","",""
"2015.0","7.0","9.0","190.0","275.0","0.12","0.8","0.0","4.42","0.8","3.52","0.0","0.0","0.0","0.0","58.82","78.29","376.43","188.21","317.6","298.14","0.0","","","","","","","","",""
"2015.0","7.0","10.0","191.0","275.0","0.12","0.8","0.0","5.2","0.8","4.18","0.0","0.0","0.0","0.0","63.0","78.29","376.43","188.21","313.43","298.14","0.0","","","","","","","","",""
"2015.0","7.0","11.0","192.0","275.0","0.12","0.81","0.0","6.4","0.81","5.19","0.0","0.0","0.0","0.0","68.19","78.29","376.43","188.21","308.24","298.14","0.0","","","","","","","","",""
"2015.0","7.0","12.0","193.0","275.0","0.12","0.82","0.0","6.48","0.82","5.3","0.0","0.0","0.0","0.0","73.49","78.29","376.43","188.21","302.94","298.14","0.0","","","","","","","","",""
"2015.0","7.0","13.0","194.0","275.0","0.12","0.83","0.0","6.7","0.83","5.54","0.0","0.0","0.0","0.0","0.0","78.29","376.43","188.21","376.43","298.14","79.03","","","","","","","","",""
"2015.0","7.0","14.0","195.0","275.0","0.12","0.83","0.0","6.5","0.83","5.42","0.0","0.0","0.0","0.0","5.42","78.29","376.43","188.21","371.01","298.14","0.0","","","","","","","","",""
"2015.0","7.0","15.0","196.0","275.0","0.12","0.84","0.0","6.67","0.84","5.61","0.0","0.0","0.0","0.0","11.03","78.29","376.43","188.21","365.39","298.14","0.0","","","","","","","","",""
"2015.0","7.0","16.0","197.0","275.0","0.11","0.85","0.0","7.18","0.85","6.1","0.0","0.0","0.0","0.0","17.13","78.29","376.43","188.21","359.29","298.14","0.0","","","","","","","","",""
"2015.0","7.0","17.0","198.0","275.0","0.11","0.86","0.0","7.37","0.86","6.32","0.0","0.0","0.0","0.0","23.45","78.29","376.43","188.21","352.98","298.14","0.0","","","","","","","","",""
"2015.0","7.0","18.0","199.0","275.0","0.11","0.86","0.0","7.3","0.86","6.31","0.0","0.0","0.0","0.0","29.77","78.29","376.43","188.21","346.66","298.14","0.0","","","","","","","","",""
"2015.0","7.0","19.0","200.0","275.0","0.11","0.87","0.0","6.82","0.87","5.95","0.0","0.0","0.0","0.0","35.72","78.29","376.43","188.21","340.71","298.14","0.0","","","","","","","","",""
"2015.0","7.0","20.0","201.0","275.0","0.11","0.88","0.0","7.38","0.88","6.5","0.0","0.0","0.0","0.0","42.21","78.29","376.43","188.21","334.21","298.14","0.0","","","","","","","","",""
"2015.0","7.0","21.0","202.0","275.0","0.11","0.89","0.0","7.36","0.89","6.54","0.0","0.0","0.0","0.0","48.75","78.29","376.43","188.21","327.68","298.14","0.0","","","","","","","","",""
"2015.0","7.0","22.0","203.0","275.0","0.11","0.9","0.0","6.92","0.9","6.2","0.0","0.0","0.0","0.0","54.95","78.29","376.43","188.21","321.48","298.14","0.0","","","","","","","","",""
"2015.0","7.0","23.0","204.0","275.0","0.11","0.9","0.0","6.25","0.9","5.65","0.0","0.0","0.0","0.0","60.6","78.29","376.43","188.21","315.83","298.14","0.0","","","","","","","","",""
"2015.0","7.0","24.0","205.0","275.0","0.11","0.91","0.0","6.45","0.91","5.88","0.0","0.0","0.0","0.0","66.48","78.29","376.43","188.21","309.95","298.14","0.0","","","","","","","","",""
"2015.0","7.0","25.0","206.0","275.0","0.11","0.92","0.0","6.55","0.92","6.02","0.0","0.0","0.0","0.0","72.5","78.29","376.43","188.21","303.93","298.14","0.0","","","","","","","","",""
"2015.0","7.0","26.0","207.0","275.0","0.11","0.93","0.0","6.49","0.93","6.01","0.0","0.0","0.0","0.0","0.0","78.29","376.43","188.21","376.43","298.14","78.51","","","","","","","","",""
"2015.0","7.0","27.0","208.0","275.0","0.11","0.93","0.0","7.47","0.93","6.98","0.0","0.0","0.0","0.0","6.98","78.29","376.43","188.21","369.45","298.14","0.0","","","","","","","","",""
"2015.0","7.0","28.0","209.0","275.0","0.11","0.94","0.0","7.77","0.94","7.32","0.0","0.0","0.0","0.0","14.3","78.29","376.43","188.21","362.13","298.14","0.0","","","","","","","","",""
"2015.0","7.0","29.0","210.0","275.0","0.1","0.95","0.0","7.5","0.95","7.13","0.0","0.0","0.0","0.0","21.43","78.29","376.43","188.21","355.0","298.14","0.0","","","","","","","","",""
"2015.0","7.0","30.0","211.0","275.0","0.1","0.95","0.0","7.84","0.95","7.45","0.0","0.0","0.0","0.0","28.88","78.29","376.43","188.21","347.55","298.14","0.0","","","","","","","","",""
"2015.0","7.0","31.0","212.0","275.0","0.1","0.95","0.0","6.75","0.95","6.41","0.0","0.0","0.0","0.0","35.29","78.29","376.43","188.21","341.14","298.14","0.0","","","","","","","","",""
"2015.0","8.0","1.0","213.0","275.0","0.1","0.95","0.0","7.04","0.95","6.69","0.0","0.0","0.0","0.0","41.98","78.29","376.43","188.21","334.45","298.14","0.0","","","","","","","","",""
"2015.0","8.0","2.0","214.0","275.0","0.1","0.95","0.0","6.93","0.95","6.58","0.0","0.0","0.0","0.0","48.56","78.29","376.43","188.21","327.87","298.14","0.0","","","","","","","","",""
"2015.0","8.0","3.0","215.0","275.0","0.1","0.95","0.0","6.91","0.95","6.56","0.0","0.0","0.0","0.0","55.12","78.29","376.43","188.21","321.3","298.14","0.0","","","","","","","","",""
"2015.0","8.0","4.0","216.0","275.0","0.1","0.95","0.0","5.01","0.95","4.76","0.0","0.0","0.0","0.0","59.88","78.29","376.43","188.21","316.54","298.14","0.0","","","","","","","","",""
"2015.0","8.0","5.0","217.0","275.0","0.1","0.95","0.0","5.82","0.95","5.53","0.0","0.0","0.0","0.0","65.41","78.29","376.43","188.21","311.02","298.14","0.0","","","","","","","","",""
"2015.0","8.0","6.0","218.0","275.0","0.1","0.95","0.0","4.19","0.95","3.98","0.0","0.0","0.0","0.0","69.39","78.29","376.43","188.21","307.04","298.14","0.0","","","","","","","","",""
"2015.0","8.0","7.0","219.0","275.0","0.1","0.95","0.0","6.78","0.95","6.44","0.0","0.0","0.0","0.0","75.83","78.29","376.43","188.21","300.59","298.14","0.0","","","","","","","","",""
"2015.0","8.0","8.0","220.0","275.0","0.1","0.95","0.0","6.09","0.95","5.79","0.0","0.0","0.0","0.0","0.0","78.29","376.43","188.21","376.43","298.14","81.62","","","","","","","","",""
"2015.0","8.0","9.0","221.0","275.0","0.1","0.95","0.0","6.64","0.95","6.31","0.0","0.0","0.0","0.0","6.31","78.29","376.43","188.21","370.12","298.14","0.0","","","","","","","","",""
"2015.0","8.0","10.0","222.0","275.0","0.1","0.95","0.0","6.66","0.95","6.33","0.0","0.0","0.0","0.0","12.64","78.29","376.43","188.21","363.79","298.14","0.0","","","","","","","","",""
"2015.0","8.0","11.0","223.0","275.0","0.1","0.95","0.0","6.52","0.95","6.19","0.0","0.0","0.0","0.0","18.83","78.29","376.43","188.21","357.6","298.14","0.0","","","","","","","","",""
"2015.0","8.0","12.0","224.0","275.0","0.1","0.95","0.0","6.43","0.95","6.11","0.0","0.0","0.0","0.0","24.94","78.29","376.43","188.21","351.49","298.14","0.0","","","","","","","","",""
"2015.0","8.0","13.0","225.0","275.0","0.1","0.95","0.0","6.58","0.95","6.25","0.0","0.0","0.0","0.0","31.19","78.29","376.43","188.21","345.24","298.14","0.0","","","","","","","","",""
"2015.0","8.0","14.0","226.0","275.0","0.1","0.95","0.0","6.27","0.95","5.96","0.0","0.0","0.0","0.0","37.15","78.29","376.43","188.21","339.28","298.14","0.0","","","","","","","","",""
"2015.0","8.0","15.0","227.0","275.0","0.1","0.95","0.0","6.53","0.95","6.2","0.0","0.0","0.0","0.0","43.35","78.29","376.43","188.21","333.08","298.14","0.0","","","","","","","","",""
"2015.0","8.0","16.0","228.0","275.0","0.1","0.95","0.0","6.74","0.95","6.4","0.0","0.0","0.0","0.0","49.75","78.29","376.43","188.21","326.68","298.14","0.0","","","","","","","","",""
"2015.0","8.0","17.0","229.0","275.0","0.1","0.95","0.0","7.21","0.95","6.85","0.0","0.0","0.0","0.0","56.6","78.29","376.43","188.21","319.83","298.14","0.0","","","","","","","","",""
"2015.0","8.0","18.0","230.0","275.0","0.09","0.95","0.0","6.94","0.95","6.59","0.0","0.0","0.0","0.0","63.19","78.29","376.43","188.21","313.23","298.14","0.0","","","","","","","","",""
"2015.0","8.0","19.0","231.0","275.0","0.09","0.95","0.0","6.33","0.95","6.01","0.0","0.0","0.0","0.0","69.21","78.29","376.43","188.21","307.22","298.14","0.0","","","","","","","","",""
"2015.0","8.0","20.0","232.0","275.0","0.09","0.95","0.0","5.68","0.95","5.4","0.0","0.0","0.0","0.0","74.6","78.29","376.43","188.21","301.82","298.14","0.0","","","","","","","","",""
"2015.0","8.0","21.0","233.0","275.0","0.09","0.95","0.0","5.73","0.95","5.44","0.0","0.0","0.0","0.0","0.0","78.29","376.43","188.21","376.43","298.14","80.05","","","","","","","","",""
"2015.0","8.0","22.0","234.0","275.0","0.09","0.95","0.0","5.78","0.95","5.49","0.0","0.0","0.0","0.0","5.49","78.29","376.43","188.21","370.94","298.14","0.0","","","","","","","","",""
"2015.0","8.0","23.0","235.0","275.0","0.09","0.95","0.0","5.88","0.95","5.59","0.0","0.0","0.0","0.0","11.08","78.29","376.43","188.21","365.35","298.14","0.0","","","","","","","","",""
"2015.0","8.0","24.0","236.0","275.0","0.09","0.95","0.0","6.35","0.95","6.03","0.0","0.0","0.0","0.0","17.11","78.29","376.43","188.21","359.32","298.14","0.0","","","","","","","","",""
"2015.0","8.0","25.0","237.0","275.0","0.09","0.95","0.0","6.65","0.95","6.32","0.0","0.0","0.0","0.0","23.43","78.29","376.43","188.21","353.0","298.14","0.0","","","","","","","","",""
"2015.0","8.0","26.0","238.0","275.0","0.09","0.95","0.0","6.78","0.95","6.44","0.0","0.0","0.0","0.0","29.87","78.29","376.43","188.21","346.56","298.14","0.0","","","","","","","","",""
"2015.0","8.0","27.0","239.0","275.0","0.09","0.95","0.0","6.93","0.95","6.58","0.0","0.0","0.0","0.0","36.45","78.29","376.43","188.21","339.98","298.14","0.0","","","","","","","","",""
"2015.0","8.0","28.0","240.0","275.0","0.09","0.95","0.0","6.87","0.95","6.53","0.0","0.0","0.0","0.0","42.98","78.29","376.43","188.21","333.45","298.14","0.0","","","","","","","","",""
"2015.0","8.0","29.0","241.0","275.0","0.09","0.95","0.0","5.34","0.95","5.07","0.0","0.0","0.0","0.0","48.05","78.29","376.43","188.21","328.38","298.14","0.0","","","","","","","","",""
"2015.0","8.0","30.0","242.0","275.0","0.09","0.95","0.0","5.64","0.95","5.36","0.0","0.0","0.0","0.0","53.41","78.29","376.43","188.21","323.02","298.14","0.0","","","","","","","","",""
"2015.0","8.0","31.0","243.0","275.0","0.09","0.95","0.0","5.74","0.95","5.45","0.0","0.0","0.0","0.0","58.86","78.29","376.43","188.21","317.57","298.14","0.0","","","","","","","","",""
"2015.0","9.0","1.0","244.0","275.0","0.09","0.95","0.0","5.75","0.95","5.46","0.0","0.0","0.0","0.0","64.32","78.29","376.43","188.21","312.1","298.14","0.0","","","","","","","","",""
"2015.0","9.0","2.0","245.0","275.0","0.09","0.95","0.0","5.63","0.95","5.35","0.0","0.0","0.0","0.0","69.67","78.29","376.43","188.21","306.76","298.14","0.0","","","","","","","","",""
"2015.0","9.0","3.0","246.0","275.0","0.09","0.95","0.0","5.25","0.95","4.99","0.0","0.0","0.0","0.0","74.66","78.29","376.43","188.21","301.77","298.14","0.0","","","","","","","","",""
"2015.0","9.0","4.0","247.0","275.0","0.09","0.95","0.0","5.32","0.95","5.05","0.0","0.0","0.0","0.0","0.0","78.29","376.43","188.21","376.43","298.14","79.71","","","","","","","","",""
"2015.0","9.0","5.0","248.0","275.0","0.09","0.95","0.0","5.71","0.95","5.42","0.0","0.0","0.0","0.0","5.42","78.29","376.43","188.21","371.0","298.14","0.0","","","","","","","","",""
"2015.0","9.0","6.0","249.0","275.0","0.09","0.95","0.0","5.22","0.95","4.96","0.0","0.0","0.0","0.0","10.38","78.29","376.43","188.21","366.04","298.14","0.0","","","","","","","","",""
"2015.0","9.0","7.0","250.0","275.0","0.09","0.95","0.0","5.51","0.95","5.23","0.0","0.0","0.0","0.0","15.62","78.29","376.43","188.21","360.81","298.14","0.0","","","","","","","","",""
"2015.0","9.0","8.0","251.0","275.0","0.09","0.95","0.0","5.49","0.95","5.22","0.0","0.0","0.0","0.0","20.83","78.29","376.43","188.21","355.59","298.14","0.0","","","","","","","","",""
"2015.0","9.0","9.0","252.0","275.0","0.09","0.94","0.0","6.25","0.94","5.89","0.0","0.0","0.0","0.0","26.72","94.11","376.43","188.21","349.71","282.32","0.0","","","","","","","","",""
"2015.0","9.0","10.0","253.0","275.0","0.09","0.93","0.0","6.63","0.93","6.2","0.0","0.0","0.0","0.0","32.92","94.11","376.43","188.21","343.51","282.32","0.0","","","","","","","","",""
"2015.0","9.0","11.0","254.0","275.0","0.09","0.93","0.0","6.3","0.93","5.84","0.0","0.0","0.0","0.0","38.76","94.11","376.43","188.21","337.67","282.32","0.0","","","","","","","","",""
"2015.0","9.0","12.0","255.0","275.0","0.09","0.92","0.0","4.61","0.92","4.24","0.0","0.0","0.0","0.0","42.99","94.11","376.43","188.21","333.43","282.32","0.0","","","","","","","","",""
"2015.0","9.0","13.0","256.0","275.0","0.09","0.91","0.0","5.3","0.91","4.83","0.0","0.0","0.0","0.0","47.82","94.11","376.43","188.21","328.6","282.32","0.0","","","","","","","","",""
"2015.0","9.0","14.0","257.0","275.0","0.09","0.9","0.0","4.07","0.9","3.68","0.0","0.0","0.0","0.0","51.5","94.11","376.43","188.21","324.93","282.32","0.0","","","","","","","","",""
"2015.0","9.0","15.0","258.0","275.0","0.09","0.9","0.0","4.66","0.9","4.17","0.0","0.0","0.0","0.0","55.68","94.11","376.43","188.21","320.75","282.32","0.0","","","","","","","","",""
"2015.0","9.0","16.0","259.0","275.0","0.09","0.89","0.0","3.58","0.89","3.18","0.0","0.0","0.0","0.0","58.86","94.11","376.43","188.21","317.57","282.32","0.0","","","","","","","","",""
"2015.0","9.0","17.0","260.0","275.0","0.09","0.88","0.0","3.96","0.88","3.49","0.0","0.0","0.0","0.0","62.34","94.11","376.43","188.21","314.08","282.32","0.0","","","","","","","","",""
"2015.0","9.0","18.0","261.0","275.0","0.09","0.87","0.0","4.57","0.87","3.99","0.0","0.0","0.0","0.0","66.33","94.11","376.43","188.21","310.1","282.32","0.0","","","","","","","","",""
"2015.0","9.0","19.0","262.0","275.0","0.09","0.87","0.0","4.73","0.87","4.09","0.0","0.0","0.0","0.0","70.42","94.11","376.43","188.21","306.0","282.32","0.0","","","","","","","","",""
"2015.0","9.0","20.0","263.0","275.0","0.09","0.86","0.0","4.79","0.86","4.11","0.0","0.0","0.0","0.0","74.53","94.11","376.43","188.21","301.9","282.32","0.0","","","","","","","","",""
"2015.0","9.0","21.0","264.0","275.0","0.08","0.85","0.0","5.59","0.85","4.75","0.0","0.0","0.0","0.0","79.28","94.11","376.43","188.21","297.15","282.32","0.0","","","","","","","","",""
"2015.0","9.0","22.0","265.0","275.0","0.08","0.84","0.0","5.63","0.84","4.74","0.0","0.0","0.0","0.0","84.02","94.11","376.43","188.21","292.41","282.32","0.0","","","","","","","","",""
"2015.0","9.0","23.0","266.0","275.0","0.08","0.83","0.0","4.66","0.83","3.89","0.0","0.0","0.0","0.0","87.91","94.11","376.43","188.21","288.52","282.32","0.0","","","","","","","","",""
"2015.0","9.0","24.0","267.0","275.0","0.08","0.83","0.0","4.62","0.83","3.82","0.0","0.0","0.0","0.0","91.72","94.11","376.43","188.21","284.7","282.32","0.0","","","","","","","","",""
"2015.0","9.0","25.0","268.0","275.0","0.08","0.82","0.0","5.64","0.82","4.62","0.0","0.0","0.0","0.0","0.0","94.11","376.43","188.21","376.43","282.32","96.34","","","","","","","","",""
"2015.0","9.0","26.0","269.0","275.0","0.08","0.81","0.0","5.48","0.81","4.44","0.0","0.0","0.0","0.0","4.44","94.11","376.43","188.21","371.98","282.32","0.0","","","","","","","","",""
"2015.0","9.0","27.0","270.0","275.0","0.08","0.8","0.0","3.94","0.8","3.16","0.0","0.0","0.0","0.0","7.61","94.11","376.43","188.21","368.82","282.32","0.0","","","","","","","","",""
"2015.0","9.0","28.0","271.0","275.0","0.08","0.8","0.0","4.53","0.8","3.6","0.0","0.0","0.0","0.0","11.21","94.11","376.43","188.21","365.22","282.32","0.0","","","","","","","","",""
"2015.0","9.0","29.0","272.0","275.0","0.08","0.79","0.0","4.04","0.79","3.18","0.0","0.0","0.0","0.0","14.39","94.11","376.43","188.21","362.03","282.32","0.0","","","","","","","","",""
"2015.0","9.0","30.0","273.0","275.0","0.08","0.78","0.0","2.06","0.78","1.61","0.0","0.0","0.0","0.0","16.0","94.11","376.43","188.21","360.43","282.32","0.0","","","","","","","","",""
