" Daily soil water balance output for Olives in 185_San Joaquin DAU_Co within 06_San Joaquin River for WY 2015","","","","","","","","","","","","","","","","","","","","","","","Annual and in-season monthly output  for Olives in 185_San Joaquin DAU_Co within 06_San Joaquin River for WY 2015","","","","",""
"Year","Mon","Day","DOY"," Area","OKc","IKc","CCKc","ETo","Kc","ETc","Pcp","Er","Spg","Espg","SWD","SWDx","FC","PWP","SWC"," YT ","NA","","Year","Mon"," Area","ETo","ETc","ETc"
" #  "," # "," # ","  #","Acres","   ","   ","    "," mm","mm"," mm"," mm","mm"," mm"," mm "," mm"," mm ","mm"," mm"," mm"," mm"," mm","","#  "," # "," Acres"," mm"," mm","acre-ft"
"2014.0","10.0","1.0","274.0","1367.0","0.08","0.7","0.0","5.64","0.7","3.95","0.0","0.0","0.0","0.0","110.88","163.89","655.55","327.77","544.66","491.66","0.0","","2014.0","10.0","1367.0","104.06","72.84","326.680708661"
"2014.0","10.0","2.0","275.0","1367.0","0.08","0.7","0.0","4.13","0.7","2.89","0.0","0.0","0.0","0.0","113.78","163.89","655.55","327.77","541.77","491.66","0.0","","2014.0","11.0","1367.0","44.11","44.05","197.560203412"
"2014.0","10.0","3.0","276.0","1367.0","0.08","0.7","0.0","4.17","0.7","2.92","0.0","0.0","0.0","0.0","116.69","163.89","655.55","327.77","538.85","491.66","0.0","","2014.0","12.0","1367.0","32.86","35.82","160.649409449"
"2014.0","10.0","4.0","277.0","1367.0","0.08","0.7","0.0","4.22","0.7","2.95","0.0","0.0","0.0","0.0","119.65","163.89","655.55","327.77","535.9","491.66","0.0","","2015.0","1.0","1367.0","31.82","22.3","100.013451444"
"2014.0","10.0","5.0","278.0","1367.0","0.08","0.7","0.0","4.07","0.7","2.85","0.0","0.0","0.0","0.0","122.5","163.89","655.55","327.77","533.05","491.66","0.0","","2015.0","2.0","1367.0","55.9","44.36","198.950524934"
"2014.0","10.0","6.0","279.0","1367.0","0.08","0.7","0.0","4.12","0.7","2.88","0.0","0.0","0.0","0.0","125.38","163.89","655.55","327.77","530.17","491.66","0.0","","2015.0","3.0","1367.0","105.04","76.65","343.768208661"
"2014.0","10.0","7.0","280.0","1367.0","0.08","0.7","0.0","4.3","0.7","3.01","0.0","0.0","0.0","0.0","128.39","163.89","655.55","327.77","527.16","491.66","0.0","","2015.0","4.0","1367.0","139.8","104.35","468.000164042"
"2014.0","10.0","8.0","281.0","1367.0","0.08","0.7","0.0","5.11","0.7","3.58","0.0","0.0","0.0","0.0","131.97","163.89","655.55","327.77","523.58","491.66","0.0","","2015.0","5.0","1367.0","156.12","109.31","490.245308399"
"2014.0","10.0","9.0","282.0","1367.0","0.08","0.7","0.0","4.37","0.7","3.06","0.0","0.0","0.0","0.0","135.03","163.89","655.55","327.77","520.52","491.66","0.0","","2015.0","6.0","1367.0","205.59","143.95","645.602526247"
"2014.0","10.0","10.0","283.0","1367.0","0.08","0.7","0.0","3.76","0.7","2.63","0.0","0.0","0.0","0.0","137.66","163.89","655.55","327.77","517.89","491.66","0.0","","2015.0","7.0","1367.0","212.75","148.94","667.982217848"
"2014.0","10.0","11.0","284.0","1367.0","0.08","0.7","0.0","3.57","0.7","2.5","0.0","0.0","0.0","0.0","140.16","163.89","655.55","327.77","515.39","491.66","0.0","","2015.0","8.0","1367.0","195.07","136.58","612.548753281"
"2014.0","10.0","12.0","285.0","1367.0","0.08","0.7","0.0","6.1","0.7","4.27","0.0","0.0","0.0","0.0","144.43","163.89","655.55","327.77","511.12","491.66","0.0","","2015.0","9.0","1367.0","149.12","104.41","468.26925853"
"2014.0","10.0","13.0","286.0","1367.0","0.08","0.7","0.0","4.07","0.7","2.85","0.0","0.0","0.0","0.0","147.28","163.89","655.55","327.77","508.27","491.66","0.0","","","","","","",""
"2014.0","10.0","14.0","287.0","1367.0","0.08","0.7","0.0","3.32","0.7","2.32","0.0","0.0","0.0","0.0","149.6","163.89","655.55","327.77","505.95","491.66","0.0","","","","","","",""
"2014.0","10.0","15.0","288.0","1367.0","0.08","0.7","0.0","2.48","0.7","1.74","0.0","0.0","0.0","0.0","151.34","163.89","655.55","327.77","504.21","491.66","0.0","","","","","","",""
"2014.0","10.0","16.0","289.0","1367.0","0.08","0.7","0.0","2.77","0.7","1.94","0.0","0.0","0.0","0.0","153.28","163.89","655.55","327.77","502.27","491.66","0.0","","","","","","",""
"2014.0","10.0","17.0","290.0","1367.0","0.08","0.7","0.0","2.57","0.7","1.8","0.0","0.0","0.0","0.0","155.08","163.89","655.55","327.77","500.47","491.66","0.0","","","","","","",""
"2014.0","10.0","18.0","291.0","1367.0","0.08","0.7","0.0","2.93","0.7","2.05","0.0","0.0","0.0","0.0","157.13","163.89","655.55","327.77","498.42","491.66","0.0","","","","","","",""
"2014.0","10.0","19.0","292.0","1367.0","0.08","0.7","0.0","2.95","0.7","2.07","0.0","0.0","0.0","0.0","159.19","163.89","655.55","327.77","496.36","491.66","0.0","","","","","","",""
"2014.0","10.0","20.0","293.0","1367.0","0.08","0.7","0.0","2.41","0.7","1.69","0.0","0.0","0.0","0.0","160.88","163.89","655.55","327.77","494.67","491.66","0.0","","","","","","",""
"2014.0","10.0","21.0","294.0","1367.0","0.08","0.7","0.0","2.78","0.7","1.95","0.0","0.0","0.0","0.0","162.82","163.89","655.55","327.77","492.72","491.66","0.0","","","","","","",""
"2014.0","10.0","22.0","295.0","1367.0","0.08","0.7","0.0","2.61","0.7","1.83","0.0","0.0","0.0","0.0","0.0","163.89","655.55","327.77","655.55","491.66","164.65","","","","","","",""
"2014.0","10.0","23.0","296.0","1367.0","0.08","0.7","0.0","2.6","0.7","1.82","0.0","0.0","0.0","0.0","1.82","163.89","655.55","327.77","653.73","491.66","0.0","","","","","","",""
"2014.0","10.0","24.0","297.0","1367.0","0.08","0.7","0.0","2.62","0.7","1.83","0.0","0.0","0.0","0.0","3.65","163.89","655.55","327.77","651.89","491.66","0.0","","","","","","",""
"2014.0","10.0","25.0","298.0","1367.0","0.08","0.7","0.0","2.22","0.7","1.55","0.03","0.03","0.0","0.0","5.18","163.89","655.55","327.77","650.37","491.66","0.0","","","","","","",""
"2014.0","10.0","26.0","299.0","1367.0","0.08","0.7","0.0","2.76","0.7","1.93","0.77","0.77","0.0","0.0","6.34","163.89","655.55","327.77","649.21","491.66","0.0","","","","","","",""
"2014.0","10.0","27.0","300.0","1367.0","0.08","0.7","0.0","2.56","0.7","1.79","0.0","0.0","0.0","0.0","8.13","163.89","655.55","327.77","647.42","491.66","0.0","","","","","","",""
"2014.0","10.0","28.0","301.0","1367.0","0.08","0.7","0.0","2.42","0.7","1.69","0.0","0.0","0.0","0.0","9.83","163.89","655.55","327.77","645.72","491.66","0.0","","","","","","",""
"2014.0","10.0","29.0","302.0","1367.0","0.08","0.7","0.0","2.46","0.7","1.72","0.0","0.0","0.0","0.0","11.55","163.89","655.55","327.77","644.0","491.66","0.0","","","","","","",""
"2014.0","10.0","30.0","303.0","1367.0","0.08","0.7","0.0","2.53","0.7","1.77","0.0","0.0","0.0","0.0","13.32","163.89","655.55","327.77","642.23","491.66","0.0","","","","","","",""
"2014.0","10.0","31.0","304.0","1367.0","0.08","0.7","0.0","1.44","0.7","1.01","0.38","0.38","0.0","0.0","13.95","163.89","655.55","327.77","641.6","491.66","0.0","","","","","","",""
"2014.0","11.0","1.0","305.0","1367.0","1.15","0.7","0.0","1.78","1.15","2.04","8.7","8.7","0.0","0.0","7.29","163.89","655.55","327.77","648.26","491.66","0.0","","","","","","",""
"2014.0","11.0","2.0","306.0","1367.0","1.14","0.7","0.0","2.19","1.14","2.5","0.0","0.0","0.0","0.0","9.79","163.89","655.55","327.77","645.76","491.66","0.0","","","","","","",""
"2014.0","11.0","3.0","307.0","1367.0","1.14","0.7","0.0","1.79","1.14","2.05","0.0","0.0","0.0","0.0","11.84","163.89","655.55","327.77","643.71","491.66","0.0","","","","","","",""
"2014.0","11.0","4.0","308.0","1367.0","1.02","0.7","0.0","1.75","1.02","1.78","0.0","0.0","0.0","0.0","13.61","163.89","655.55","327.77","641.93","491.66","0.0","","","","","","",""
"2014.0","11.0","5.0","309.0","1367.0","0.91","0.7","0.0","1.91","0.91","1.73","0.0","0.0","0.0","0.0","15.34","163.89","655.55","327.77","640.2","491.66","0.0","","","","","","",""
"2014.0","11.0","6.0","310.0","1367.0","0.83","0.7","0.0","1.94","0.83","1.6","0.0","0.0","0.0","0.0","16.94","163.89","655.55","327.77","638.6","491.66","0.0","","","","","","",""
"2014.0","11.0","7.0","311.0","1367.0","0.76","0.7","0.0","2.02","0.76","1.54","0.0","0.0","0.0","0.0","18.48","163.89","655.55","327.77","637.07","491.66","0.0","","","","","","",""
"2014.0","11.0","8.0","312.0","1367.0","0.71","0.7","0.0","1.86","0.71","1.32","0.0","0.0","0.0","0.0","19.8","163.89","655.55","327.77","635.74","491.66","0.0","","","","","","",""
"2014.0","11.0","9.0","313.0","1367.0","0.67","0.7","0.0","1.86","0.7","1.3","0.0","0.0","0.0","0.0","21.11","163.89","655.55","327.77","634.44","491.66","0.0","","","","","","",""
"2014.0","11.0","10.0","314.0","1367.0","0.64","0.7","0.0","1.86","0.7","1.3","0.0","0.0","0.0","0.0","22.41","163.89","655.55","327.77","633.14","491.66","0.0","","","","","","",""
"2014.0","11.0","11.0","315.0","1367.0","0.62","0.7","0.0","1.5","0.7","1.05","0.0","0.0","0.0","0.0","23.46","163.89","655.55","327.77","632.09","491.66","0.0","","","","","","",""
"2014.0","11.0","12.0","316.0","1367.0","0.59","0.7","0.0","1.55","0.7","1.09","0.0","0.0","0.0","0.0","24.54","163.89","655.55","327.77","631.0","491.66","0.0","","","","","","",""
"2014.0","11.0","13.0","317.0","1367.0","1.18","0.7","0.0","1.1","1.18","1.29","5.8","5.8","0.0","0.0","20.04","163.89","655.55","327.77","635.51","491.66","0.0","","","","","","",""
"2014.0","11.0","14.0","318.0","1367.0","1.16","0.7","0.0","1.42","1.16","1.65","1.33","1.33","0.0","0.0","20.36","163.89","655.55","327.77","635.19","491.66","0.0","","","","","","",""
"2014.0","11.0","15.0","319.0","1367.0","1.16","0.7","0.0","1.34","1.16","1.56","0.0","0.0","0.0","0.0","21.92","163.89","655.55","327.77","633.63","491.66","0.0","","","","","","",""
"2014.0","11.0","16.0","320.0","1367.0","1.16","0.7","0.0","1.88","1.16","2.18","0.0","0.0","0.0","0.0","24.1","163.89","655.55","327.77","631.45","491.66","0.0","","","","","","",""
"2014.0","11.0","17.0","321.0","1367.0","1.11","0.7","0.0","1.72","1.11","1.91","0.0","0.0","0.0","0.0","26.0","163.89","655.55","327.77","629.54","491.66","0.0","","","","","","",""
"2014.0","11.0","18.0","322.0","1367.0","1.01","0.7","0.0","1.32","1.01","1.33","0.0","0.0","0.0","0.0","27.34","163.89","655.55","327.77","628.21","491.66","0.0","","","","","","",""
"2014.0","11.0","19.0","323.0","1367.0","0.94","0.7","0.0","1.22","0.94","1.15","0.04","0.04","0.0","0.0","28.44","163.89","655.55","327.77","627.1","491.66","0.0","","","","","","",""
"2014.0","11.0","20.0","324.0","1367.0","1.19","0.7","0.0","0.65","1.19","0.78","2.17","2.17","0.0","0.0","27.05","163.89","655.55","327.77","628.5","491.66","0.0","","","","","","",""
"2014.0","11.0","21.0","325.0","1367.0","1.18","0.7","0.0","0.91","1.18","1.08","3.54","3.54","0.0","0.0","24.59","163.89","655.55","327.77","630.96","491.66","0.0","","","","","","",""
"2014.0","11.0","22.0","326.0","1367.0","1.18","0.7","0.0","1.19","1.18","1.4","0.14","0.14","0.0","0.0","25.85","163.89","655.55","327.77","629.7","491.66","0.0","","","","","","",""
"2014.0","11.0","23.0","327.0","1367.0","1.16","0.7","0.0","1.55","1.16","1.79","2.92","2.92","0.0","0.0","24.72","163.89","655.55","327.77","630.82","491.66","0.0","","","","","","",""
"2014.0","11.0","24.0","328.0","1367.0","1.16","0.7","0.0","1.38","1.16","1.6","0.0","0.0","0.0","0.0","26.33","163.89","655.55","327.77","629.22","491.66","0.0","","","","","","",""
"2014.0","11.0","25.0","329.0","1367.0","1.16","0.7","0.0","1.24","1.16","1.44","0.0","0.0","0.0","0.0","27.77","163.89","655.55","327.77","627.78","491.66","0.0","","","","","","",""
"2014.0","11.0","26.0","330.0","1367.0","1.17","0.7","0.0","1.26","1.17","1.47","0.0","0.0","0.0","0.0","29.24","163.89","655.55","327.77","626.31","491.66","0.0","","","","","","",""
"2014.0","11.0","27.0","331.0","1367.0","1.09","0.7","0.0","1.24","1.09","1.35","0.0","0.0","0.0","0.0","30.59","163.89","655.55","327.77","624.96","491.66","0.0","","","","","","",""
"2014.0","11.0","28.0","332.0","1367.0","1.0","0.7","0.0","1.2","1.0","1.2","0.0","0.0","0.0","0.0","31.79","163.89","655.55","327.77","623.76","491.66","0.0","","","","","","",""
"2014.0","11.0","29.0","333.0","1367.0","0.95","0.7","0.0","0.81","0.95","0.77","0.93","0.93","0.0","0.0","31.63","163.89","655.55","327.77","623.92","491.66","0.0","","","","","","",""
"2014.0","11.0","30.0","334.0","1367.0","1.19","0.7","0.0","0.67","1.19","0.8","1.78","1.78","0.0","0.0","30.65","163.89","655.55","327.77","624.9","491.66","0.0","","","","","","",""
"2014.0","12.0","1.0","335.0","1367.0","1.18","0.7","0.0","1.01","1.18","1.19","11.06","11.06","0.0","0.0","20.78","163.89","655.55","327.77","634.76","491.66","0.0","","","","","","",""
"2014.0","12.0","2.0","336.0","1367.0","1.2","0.7","0.0","0.62","1.2","0.74","7.1","7.1","0.0","0.0","14.42","163.89","655.55","327.77","641.12","491.66","0.0","","","","","","",""
"2014.0","12.0","3.0","337.0","1367.0","1.17","0.7","0.0","1.27","1.17","1.48","28.07","15.91","0.0","0.0","0.0","163.89","655.55","327.77","655.55","491.66","0.0","","","","","","",""
"2014.0","12.0","4.0","338.0","1367.0","1.17","0.7","0.0","1.14","1.17","1.34","8.49","1.34","0.0","0.0","0.0","163.89","655.55","327.77","655.55","491.66","0.0","","","","","","",""
"2014.0","12.0","5.0","339.0","1367.0","1.18","0.7","0.0","0.92","1.18","1.08","0.14","0.14","0.0","0.0","0.94","163.89","655.55","327.77","654.6","491.66","0.0","","","","","","",""
"2014.0","12.0","6.0","340.0","1367.0","1.18","0.7","0.0","1.12","1.18","1.32","2.24","2.24","0.0","0.0","0.02","163.89","655.55","327.77","655.53","491.66","0.0","","","","","","",""
"2014.0","12.0","7.0","341.0","1367.0","1.18","0.7","0.0","0.75","1.18","0.89","0.28","0.28","0.0","0.0","0.63","163.89","655.55","327.77","654.92","491.66","0.0","","","","","","",""
"2014.0","12.0","8.0","342.0","1367.0","1.18","0.7","0.0","0.87","1.18","1.03","0.21","0.21","0.0","0.0","1.45","163.89","655.55","327.77","654.1","491.66","0.0","","","","","","",""
"2014.0","12.0","9.0","343.0","1367.0","1.19","0.7","0.0","0.69","1.19","0.82","0.0","0.0","0.0","0.0","2.27","163.89","655.55","327.77","653.28","491.66","0.0","","","","","","",""
"2014.0","12.0","10.0","344.0","1367.0","1.18","0.7","0.0","0.96","1.18","1.14","0.0","0.0","0.0","0.0","3.4","163.89","655.55","327.77","652.14","491.66","0.0","","","","","","",""
"2014.0","12.0","11.0","345.0","1367.0","1.17","0.7","0.0","1.43","1.17","1.67","0.0","0.0","0.0","0.0","5.08","163.89","655.55","327.77","650.47","491.66","0.0","","","","","","",""
"2014.0","12.0","12.0","346.0","1367.0","1.2","0.7","0.0","0.62","1.2","0.74","63.4","5.82","0.0","0.0","0.0","163.89","655.55","327.77","655.55","491.66","0.0","","","","","","",""
"2014.0","12.0","13.0","347.0","1367.0","1.19","0.7","0.0","0.7","1.19","0.83","1.49","0.83","0.0","0.0","0.0","163.89","655.55","327.77","655.55","491.66","0.0","","","","","","",""
"2014.0","12.0","14.0","348.0","1367.0","1.19","0.7","0.0","0.78","1.19","0.93","0.0","0.0","0.0","0.0","0.93","163.89","655.55","327.77","654.62","491.66","0.0","","","","","","",""
"2014.0","12.0","15.0","349.0","1367.0","1.18","0.7","0.0","1.03","1.18","1.21","7.42","2.14","0.0","0.0","0.0","163.89","655.55","327.77","655.55","491.66","0.0","","","","","","",""
"2014.0","12.0","16.0","350.0","1367.0","1.17","0.7","0.0","1.27","1.17","1.48","8.63","1.48","0.0","0.0","0.0","163.89","655.55","327.77","655.55","491.66","0.0","","","","","","",""
"2014.0","12.0","17.0","351.0","1367.0","1.18","0.7","0.0","0.95","1.18","1.12","10.65","1.12","0.0","0.0","0.0","163.89","655.55","327.77","655.55","491.66","0.0","","","","","","",""
"2014.0","12.0","18.0","352.0","1367.0","1.18","0.7","0.0","1.01","1.18","1.19","3.76","1.19","0.0","0.0","0.0","163.89","655.55","327.77","655.55","491.66","0.0","","","","","","",""
"2014.0","12.0","19.0","353.0","1367.0","1.18","0.7","0.0","0.86","1.18","1.02","0.0","0.0","0.0","0.0","1.02","163.89","655.55","327.77","654.53","491.66","0.0","","","","","","",""
"2014.0","12.0","20.0","354.0","1367.0","1.19","0.7","0.0","0.69","1.19","0.82","8.9","1.84","0.0","0.0","0.0","163.89","655.55","327.77","655.55","491.66","0.0","","","","","","",""
"2014.0","12.0","21.0","355.0","1367.0","1.19","0.7","0.0","0.99","1.19","1.17","0.18","0.18","0.0","0.0","0.99","163.89","655.55","327.77","654.55","491.66","0.0","","","","","","",""
"2014.0","12.0","22.0","356.0","1367.0","1.19","0.7","0.0","0.76","1.19","0.9","0.0","0.0","0.0","0.0","1.9","163.89","655.55","327.77","653.65","491.66","0.0","","","","","","",""
"2014.0","12.0","23.0","357.0","1367.0","1.19","0.7","0.0","0.75","1.19","0.89","0.0","0.0","0.0","0.0","2.79","163.89","655.55","327.77","652.76","491.66","0.0","","","","","","",""
"2014.0","12.0","24.0","358.0","1367.0","1.19","0.7","0.0","0.93","1.19","1.1","0.0","0.0","0.0","0.0","3.89","163.89","655.55","327.77","651.66","491.66","0.0","","","","","","",""
"2014.0","12.0","25.0","359.0","1367.0","1.14","0.7","0.0","2.0","1.14","2.28","0.99","0.99","0.0","0.0","5.18","163.89","655.55","327.77","650.36","491.66","0.0","","","","","","",""
"2014.0","12.0","26.0","360.0","1367.0","1.01","0.7","0.0","1.63","1.01","1.65","0.0","0.0","0.0","0.0","6.84","163.89","655.55","327.77","648.71","491.66","0.0","","","","","","",""
"2014.0","12.0","27.0","361.0","1367.0","0.97","0.7","0.0","0.77","0.97","0.74","0.0","0.0","0.0","0.0","7.58","163.89","655.55","327.77","647.97","491.66","0.0","","","","","","",""
"2014.0","12.0","28.0","362.0","1367.0","0.93","0.7","0.0","0.77","0.93","0.71","0.0","0.0","0.0","0.0","8.29","163.89","655.55","327.77","647.25","491.66","0.0","","","","","","",""
"2014.0","12.0","29.0","363.0","1367.0","0.9","0.7","0.0","0.56","0.9","0.5","0.0","0.0","0.0","0.0","8.8","163.89","655.55","327.77","646.75","491.66","0.0","","","","","","",""
"2014.0","12.0","30.0","364.0","1367.0","0.8","0.7","0.0","2.46","0.8","1.98","0.0","0.0","0.0","0.0","10.77","163.89","655.55","327.77","644.77","491.66","0.0","","","","","","",""
"2014.0","12.0","31.0","365.0","1367.0","0.73","0.7","0.0","2.55","0.73","1.86","0.0","0.0","0.0","0.0","12.63","163.89","655.55","327.77","642.91","491.66","0.0","","","","","","",""
"2015.0","1.0","1.0","1.0","1367.0","0.71","0.7","0.0","0.94","0.71","0.67","0.0","0.0","0.0","0.0","13.3","148.07","655.55","327.77","642.25","507.48","0.0","","","","","","",""
"2015.0","1.0","2.0","2.0","1367.0","0.69","0.7","0.0","0.91","0.7","0.64","0.0","0.0","0.0","0.0","13.94","148.07","655.55","327.77","641.61","507.48","0.0","","","","","","",""
"2015.0","1.0","3.0","3.0","1367.0","0.67","0.7","0.0","0.91","0.7","0.64","0.0","0.0","0.0","0.0","14.57","148.07","655.55","327.77","640.97","507.48","0.0","","","","","","",""
"2015.0","1.0","4.0","4.0","1367.0","0.65","0.7","0.0","1.0","0.7","0.7","0.0","0.0","0.0","0.0","15.27","148.07","655.55","327.77","640.27","507.48","0.0","","","","","","",""
"2015.0","1.0","5.0","5.0","1367.0","0.64","0.7","0.0","0.96","0.7","0.67","0.0","0.0","0.0","0.0","15.95","148.07","655.55","327.77","639.6","507.48","0.0","","","","","","",""
"2015.0","1.0","6.0","6.0","1367.0","0.62","0.7","0.0","1.22","0.7","0.85","0.0","0.0","0.0","0.0","16.8","148.07","655.55","327.77","638.75","507.48","0.0","","","","","","",""
"2015.0","1.0","7.0","7.0","1367.0","0.6","0.7","0.0","1.2","0.7","0.84","0.0","0.0","0.0","0.0","17.64","148.07","655.55","327.77","637.91","507.48","0.0","","","","","","",""
"2015.0","1.0","8.0","8.0","1367.0","0.59","0.7","0.0","1.05","0.7","0.74","0.0","0.0","0.0","0.0","18.37","148.07","655.55","327.77","637.17","507.48","0.0","","","","","","",""
"2015.0","1.0","9.0","9.0","1367.0","0.58","0.7","0.0","0.9","0.7","0.63","0.0","0.0","0.0","0.0","19.0","148.07","655.55","327.77","636.54","507.48","0.0","","","","","","",""
"2015.0","1.0","10.0","10.0","1367.0","0.56","0.7","0.0","1.04","0.7","0.73","0.0","0.0","0.0","0.0","19.73","148.07","655.55","327.77","635.81","507.48","0.0","","","","","","",""
"2015.0","1.0","11.0","11.0","1367.0","0.55","0.7","0.0","0.89","0.7","0.62","0.0","0.0","0.0","0.0","20.36","148.07","655.55","327.77","635.19","507.48","0.0","","","","","","",""
"2015.0","1.0","12.0","12.0","1367.0","0.54","0.7","0.0","0.99","0.7","0.69","0.0","0.0","0.0","0.0","21.05","148.07","655.55","327.77","634.5","507.48","0.0","","","","","","",""
"2015.0","1.0","13.0","13.0","1367.0","0.53","0.7","0.0","1.0","0.7","0.7","0.0","0.0","0.0","0.0","21.75","148.07","655.55","327.77","633.8","507.48","0.0","","","","","","",""
"2015.0","1.0","14.0","14.0","1367.0","0.53","0.7","0.0","0.64","0.7","0.45","0.0","0.0","0.0","0.0","22.2","148.07","655.55","327.77","633.35","507.48","0.0","","","","","","",""
"2015.0","1.0","15.0","15.0","1367.0","0.52","0.7","0.0","0.67","0.7","0.47","0.0","0.0","0.0","0.0","22.67","148.07","655.55","327.77","632.88","507.48","0.0","","","","","","",""
"2015.0","1.0","16.0","16.0","1367.0","0.52","0.7","0.0","0.64","0.7","0.45","0.0","0.0","0.0","0.0","23.11","148.07","655.55","327.77","632.43","507.48","0.0","","","","","","",""
"2015.0","1.0","17.0","17.0","1367.0","0.51","0.7","0.0","0.53","0.7","0.37","0.0","0.0","0.0","0.0","23.48","148.07","655.55","327.77","632.06","507.48","0.0","","","","","","",""
"2015.0","1.0","18.0","18.0","1367.0","0.51","0.7","0.0","0.61","0.7","0.43","0.0","0.0","0.0","0.0","23.91","148.07","655.55","327.77","631.64","507.48","0.0","","","","","","",""
"2015.0","1.0","19.0","19.0","1367.0","0.5","0.7","0.0","0.55","0.7","0.39","0.03","0.03","0.0","0.0","24.27","148.07","655.55","327.77","631.28","507.48","0.0","","","","","","",""
"2015.0","1.0","20.0","20.0","1367.0","0.5","0.7","0.0","0.74","0.7","0.52","0.0","0.0","0.0","0.0","24.78","148.07","655.55","327.77","630.76","507.48","0.0","","","","","","",""
"2015.0","1.0","21.0","21.0","1367.0","0.49","0.7","0.0","1.03","0.7","0.72","0.0","0.0","0.0","0.0","25.51","148.07","655.55","327.77","630.04","507.48","0.0","","","","","","",""
"2015.0","1.0","22.0","22.0","1367.0","0.48","0.7","0.0","0.7","0.7","0.49","0.0","0.0","0.0","0.0","26.0","148.07","655.55","327.77","629.55","507.48","0.0","","","","","","",""
"2015.0","1.0","23.0","23.0","1367.0","0.48","0.7","0.0","0.94","0.7","0.66","0.0","0.0","0.0","0.0","26.65","148.07","655.55","327.77","628.89","507.48","0.0","","","","","","",""
"2015.0","1.0","24.0","24.0","1367.0","0.47","0.7","0.0","0.86","0.7","0.6","0.0","0.0","0.0","0.0","27.26","148.07","655.55","327.77","628.29","507.48","0.0","","","","","","",""
"2015.0","1.0","25.0","25.0","1367.0","0.47","0.7","0.0","1.0","0.7","0.7","0.0","0.0","0.0","0.0","27.96","148.07","655.55","327.77","627.59","507.48","0.0","","","","","","",""
"2015.0","1.0","26.0","26.0","1367.0","0.46","0.7","0.0","1.2","0.7","0.84","0.0","0.0","0.0","0.0","28.8","148.07","655.55","327.77","626.75","507.48","0.0","","","","","","",""
"2015.0","1.0","27.0","27.0","1367.0","0.45","0.7","0.0","1.17","0.7","0.82","0.0","0.0","0.0","0.0","29.61","148.07","655.55","327.77","625.93","507.48","0.0","","","","","","",""
"2015.0","1.0","28.0","28.0","1367.0","0.44","0.7","0.0","1.46","0.7","1.02","0.0","0.0","0.0","0.0","30.64","148.07","655.55","327.77","624.91","507.48","0.0","","","","","","",""
"2015.0","1.0","29.0","29.0","1367.0","0.44","0.7","0.0","1.36","0.7","0.95","0.0","0.0","0.0","0.0","31.59","148.07","655.55","327.77","623.96","507.48","0.0","","","","","","",""
"2015.0","1.0","30.0","30.0","1367.0","0.43","0.7","0.0","1.73","0.7","1.21","0.0","0.0","0.0","0.0","32.8","148.07","655.55","327.77","622.75","507.48","0.0","","","","","","",""
"2015.0","1.0","31.0","31.0","1367.0","0.41","0.7","0.0","2.98","0.7","2.09","0.0","0.0","0.0","0.0","34.89","148.07","655.55","327.77","620.66","507.48","0.0","","","","","","",""
"2015.0","2.0","1.0","32.0","1367.0","0.41","0.7","0.0","1.53","0.7","1.07","0.0","0.0","0.0","0.0","35.96","148.07","655.55","327.77","619.59","507.48","0.0","","","","","","",""
"2015.0","2.0","2.0","33.0","1367.0","0.4","0.7","0.0","1.54","0.7","1.08","0.0","0.0","0.0","0.0","37.03","148.07","655.55","327.77","618.51","507.48","0.0","","","","","","",""
"2015.0","2.0","3.0","34.0","1367.0","0.39","0.7","0.0","1.62","0.7","1.13","0.0","0.0","0.0","0.0","38.17","148.07","655.55","327.77","617.38","507.48","0.0","","","","","","",""
"2015.0","2.0","4.0","35.0","1367.0","0.39","0.7","0.0","1.46","0.7","1.02","0.01","0.01","0.0","0.0","39.18","148.07","655.55","327.77","616.37","507.48","0.0","","","","","","",""
"2015.0","2.0","5.0","36.0","1367.0","0.38","0.7","0.0","1.06","0.7","0.74","0.0","0.0","0.0","0.0","39.92","148.07","655.55","327.77","615.62","507.48","0.0","","","","","","",""
"2015.0","2.0","6.0","37.0","1367.0","0.38","0.7","0.0","2.4","0.7","1.68","0.23","0.23","0.0","0.0","41.37","148.07","655.55","327.77","614.17","507.48","0.0","","","","","","",""
"2015.0","2.0","7.0","38.0","1367.0","1.16","0.7","0.0","1.48","1.16","1.72","13.13","13.13","0.0","0.0","29.96","148.07","655.55","327.77","625.59","507.48","0.0","","","","","","",""
"2015.0","2.0","8.0","39.0","1367.0","1.16","0.7","0.0","1.56","1.16","1.81","12.26","12.26","0.0","0.0","19.51","148.07","655.55","327.77","636.04","507.48","0.0","","","","","","",""
"2015.0","2.0","9.0","40.0","1367.0","1.14","0.7","0.0","2.12","1.14","2.41","13.42","13.42","0.0","0.0","8.49","148.07","655.55","327.77","647.05","507.48","0.0","","","","","","",""
"2015.0","2.0","10.0","41.0","1367.0","1.14","0.7","0.0","1.87","1.14","2.13","0.0","0.0","0.0","0.0","10.62","148.07","655.55","327.77","644.92","507.48","0.0","","","","","","",""
"2015.0","2.0","11.0","42.0","1367.0","1.14","0.7","0.0","1.71","1.14","1.96","0.0","0.0","0.0","0.0","12.58","148.07","655.55","327.77","642.97","507.48","0.0","","","","","","",""
"2015.0","2.0","12.0","43.0","1367.0","1.0","0.7","0.0","2.0","1.0","2.0","0.0","0.0","0.0","0.0","14.58","148.07","655.55","327.77","640.96","507.48","0.0","","","","","","",""
"2015.0","2.0","13.0","44.0","1367.0","0.89","0.7","0.0","2.09","0.89","1.86","0.0","0.0","0.0","0.0","16.44","148.07","655.55","327.77","639.11","507.48","0.0","","","","","","",""
"2015.0","2.0","14.0","45.0","1367.0","0.8","0.7","0.0","2.2","0.8","1.76","0.0","0.0","0.0","0.0","18.2","148.07","655.55","327.77","637.34","507.48","0.0","","","","","","",""
"2015.0","2.0","15.0","46.0","1367.0","0.74","0.7","0.0","2.08","0.74","1.54","0.0","0.0","0.0","0.0","19.74","148.07","655.55","327.77","635.8","507.48","0.0","","","","","","",""
"2015.0","2.0","16.0","47.0","1367.0","0.69","0.7","0.0","2.09","0.7","1.46","0.0","0.0","0.0","0.0","21.21","148.07","655.55","327.77","634.34","507.48","0.0","","","","","","",""
"2015.0","2.0","17.0","48.0","1367.0","0.65","0.7","0.0","1.81","0.7","1.27","0.0","0.0","0.0","0.0","22.47","148.07","655.55","327.77","633.07","507.48","0.0","","","","","","",""
"2015.0","2.0","18.0","49.0","1367.0","0.63","0.7","0.0","1.72","0.7","1.2","0.0","0.0","0.0","0.0","23.68","148.07","655.55","327.77","631.87","507.48","0.0","","","","","","",""
"2015.0","2.0","19.0","50.0","1367.0","0.61","0.7","0.0","1.04","0.7","0.73","0.0","0.0","0.0","0.0","24.41","148.07","655.55","327.77","631.14","507.48","0.0","","","","","","",""
"2015.0","2.0","20.0","51.0","1367.0","0.59","0.7","0.0","1.75","0.7","1.23","0.0","0.0","0.0","0.0","25.63","148.07","655.55","327.77","629.92","507.48","0.0","","","","","","",""
"2015.0","2.0","21.0","52.0","1367.0","0.57","0.7","0.0","1.58","0.7","1.11","0.0","0.0","0.0","0.0","26.74","148.07","655.55","327.77","628.81","507.48","0.0","","","","","","",""
"2015.0","2.0","22.0","53.0","1367.0","0.53","0.7","0.0","2.95","0.7","2.07","0.0","0.0","0.0","0.0","28.8","148.07","655.55","327.77","626.75","507.48","0.0","","","","","","",""
"2015.0","2.0","23.0","54.0","1367.0","0.5","0.7","0.0","3.55","0.7","2.49","0.0","0.0","0.0","0.0","31.29","148.07","655.55","327.77","624.26","507.48","0.0","","","","","","",""
"2015.0","2.0","24.0","55.0","1367.0","0.48","0.7","0.0","2.71","0.7","1.9","0.0","0.0","0.0","0.0","33.18","148.07","655.55","327.77","622.36","507.48","0.0","","","","","","",""
"2015.0","2.0","25.0","56.0","1367.0","0.47","0.7","0.0","2.2","0.7","1.54","0.0","0.0","0.0","0.0","34.72","148.07","655.55","327.77","620.82","507.48","0.0","","","","","","",""
"2015.0","2.0","26.0","57.0","1367.0","0.45","0.7","0.0","2.91","0.7","2.04","0.0","0.0","0.0","0.0","36.76","148.07","655.55","327.77","618.79","507.48","0.0","","","","","","",""
"2015.0","2.0","27.0","58.0","1367.0","0.43","0.7","0.0","2.86","0.7","2.0","0.0","0.0","0.0","0.0","38.76","148.07","655.55","327.77","616.79","507.48","0.0","","","","","","",""
"2015.0","2.0","28.0","59.0","1367.0","0.42","0.7","0.0","2.01","0.7","1.41","0.0","0.0","0.0","0.0","40.17","148.07","655.55","327.77","615.38","507.48","0.0","","","","","","",""
"2015.0","3.0","1.0","60.0","1367.0","0.41","0.7","0.0","2.51","0.7","1.76","0.25","0.25","0.0","0.0","41.68","148.07","655.55","327.77","613.87","507.48","0.0","","","","","","",""
"2015.0","3.0","2.0","61.0","1367.0","0.4","0.7","0.0","2.21","0.7","1.55","0.0","0.0","0.0","0.0","43.22","148.07","655.55","327.77","612.32","507.48","0.0","","","","","","",""
"2015.0","3.0","3.0","62.0","1367.0","0.39","0.7","0.0","2.53","0.7","1.77","1.19","1.19","0.0","0.0","43.8","148.07","655.55","327.77","611.74","507.48","0.0","","","","","","",""
"2015.0","3.0","4.0","63.0","1367.0","0.38","0.7","0.0","2.61","0.7","1.83","0.0","0.0","0.0","0.0","45.63","148.07","655.55","327.77","609.92","507.48","0.0","","","","","","",""
"2015.0","3.0","5.0","64.0","1367.0","0.37","0.7","0.0","2.81","0.7","1.97","0.0","0.0","0.0","0.0","47.6","148.07","655.55","327.77","607.95","507.48","0.0","","","","","","",""
"2015.0","3.0","6.0","65.0","1367.0","0.36","0.7","0.0","2.99","0.7","2.09","0.0","0.0","0.0","0.0","49.69","148.07","655.55","327.77","605.86","507.48","0.0","","","","","","",""
"2015.0","3.0","7.0","66.0","1367.0","0.35","0.7","0.0","2.88","0.7","2.02","0.0","0.0","0.0","0.0","51.71","148.07","655.55","327.77","603.84","507.48","0.0","","","","","","",""
"2015.0","3.0","8.0","67.0","1367.0","0.34","0.7","0.0","2.97","0.7","2.08","0.0","0.0","0.0","0.0","53.79","148.07","655.55","327.77","601.76","507.48","0.0","","","","","","",""
"2015.0","3.0","9.0","68.0","1367.0","0.34","0.7","0.0","2.92","0.7","2.04","0.0","0.0","0.0","0.0","55.83","148.07","655.55","327.77","599.72","507.48","0.0","","","","","","",""
"2015.0","3.0","10.0","69.0","1367.0","0.33","0.7","0.0","2.53","0.7","1.77","0.0","0.0","0.0","0.0","57.6","148.07","655.55","327.77","597.95","507.48","0.0","","","","","","",""
"2015.0","3.0","11.0","70.0","1367.0","0.32","0.7","0.0","2.06","0.7","1.44","1.21","1.21","0.0","0.0","57.83","148.07","655.55","327.77","597.71","507.48","0.0","","","","","","",""
"2015.0","3.0","12.0","71.0","1367.0","1.09","0.7","0.0","3.36","1.09","3.65","3.33","3.33","0.0","0.0","58.15","148.07","655.55","327.77","597.4","507.48","0.0","","","","","","",""
"2015.0","3.0","13.0","72.0","1367.0","1.07","0.7","0.0","3.07","1.07","3.29","0.0","0.0","0.0","0.0","61.44","148.07","655.55","327.77","594.11","507.48","0.0","","","","","","",""
"2015.0","3.0","14.0","73.0","1367.0","0.86","0.7","0.0","3.44","0.86","2.97","0.0","0.0","0.0","0.0","64.41","148.07","655.55","327.77","591.14","507.48","0.0","","","","","","",""
"2015.0","3.0","15.0","74.0","1367.0","0.73","0.7","0.0","3.99","0.73","2.9","0.0","0.0","0.0","0.0","67.31","148.07","655.55","327.77","588.24","507.48","0.0","","","","","","",""
"2015.0","3.0","16.0","75.0","1367.0","0.66","0.7","0.0","2.83","0.7","1.98","0.0","0.0","0.0","0.0","69.29","148.07","655.55","327.77","586.26","507.48","0.0","","","","","","",""
"2015.0","3.0","17.0","76.0","1367.0","0.6","0.7","0.0","3.65","0.7","2.56","0.0","0.0","0.0","0.0","71.84","148.07","655.55","327.77","583.7","507.48","0.0","","","","","","",""
"2015.0","3.0","18.0","77.0","1367.0","0.55","0.7","0.0","3.82","0.7","2.67","0.0","0.0","0.0","0.0","74.52","148.07","655.55","327.77","581.03","507.48","0.0","","","","","","",""
"2015.0","3.0","19.0","78.0","1367.0","0.51","0.7","0.0","3.83","0.7","2.68","0.0","0.0","0.0","0.0","77.2","148.07","655.55","327.77","578.35","507.48","0.0","","","","","","",""
"2015.0","3.0","20.0","79.0","1367.0","0.48","0.7","0.0","3.23","0.7","2.26","0.0","0.0","0.0","0.0","79.46","148.07","655.55","327.77","576.09","507.48","0.0","","","","","","",""
"2015.0","3.0","21.0","80.0","1367.0","0.46","0.7","0.0","3.56","0.7","2.49","0.0","0.0","0.0","0.0","81.95","148.07","655.55","327.77","573.6","507.48","0.0","","","","","","",""
"2015.0","3.0","22.0","81.0","1367.0","0.44","0.7","0.0","3.17","0.7","2.22","0.0","0.0","0.0","0.0","84.17","148.07","655.55","327.77","571.38","507.48","0.0","","","","","","",""
"2015.0","3.0","23.0","82.0","1367.0","0.42","0.7","0.0","3.21","0.7","2.25","0.72","0.72","0.0","0.0","85.7","148.07","655.55","327.77","569.85","507.48","0.0","","","","","","",""
"2015.0","3.0","24.0","83.0","1367.0","0.41","0.7","0.0","3.34","0.7","2.34","0.0","0.0","0.0","0.0","88.03","148.07","655.55","327.77","567.51","507.48","0.0","","","","","","",""
"2015.0","3.0","25.0","84.0","1367.0","0.39","0.7","0.0","4.1","0.7","2.87","0.0","0.0","0.0","0.0","90.9","148.07","655.55","327.77","564.64","507.48","0.0","","","","","","",""
"2015.0","3.0","26.0","85.0","1367.0","0.37","0.7","0.0","3.96","0.7","2.77","0.0","0.0","0.0","0.0","93.68","148.07","655.55","327.77","561.87","507.48","0.0","","","","","","",""
"2015.0","3.0","27.0","86.0","1367.0","0.36","0.7","0.0","4.5","0.7","3.15","0.0","0.0","0.0","0.0","96.83","148.07","655.55","327.77","558.72","507.48","0.0","","","","","","",""
"2015.0","3.0","28.0","87.0","1367.0","0.34","0.7","0.0","4.95","0.7","3.47","0.0","0.0","0.0","0.0","100.29","148.07","655.55","327.77","555.26","507.48","0.0","","","","","","",""
"2015.0","3.0","29.0","88.0","1367.0","0.33","0.7","0.0","4.75","0.7","3.33","0.0","0.0","0.0","0.0","103.62","148.07","655.55","327.77","551.93","507.48","0.0","","","","","","",""
"2015.0","3.0","30.0","89.0","1367.0","0.32","0.7","0.0","4.57","0.7","3.2","0.0","0.0","0.0","0.0","106.82","148.07","655.55","327.77","548.73","507.48","0.0","","","","","","",""
"2015.0","3.0","31.0","90.0","1367.0","0.31","0.7","0.0","4.69","0.7","3.28","0.0","0.0","0.0","0.0","110.1","148.07","655.55","327.77","545.45","507.48","0.0","","","","","","",""
"2015.0","4.0","1.0","91.0","1367.0","0.3","0.7","0.0","4.21","0.7","2.95","0.0","0.0","0.0","0.0","113.05","148.07","655.55","327.77","542.5","507.48","0.0","","","","","","",""
"2015.0","4.0","2.0","92.0","1367.0","0.29","0.7","0.0","5.44","0.7","3.81","0.0","0.0","0.0","0.0","116.85","148.07","655.55","327.77","538.69","507.48","0.0","","","","","","",""
"2015.0","4.0","3.0","93.0","1367.0","0.28","0.7","0.0","4.68","0.7","3.28","0.0","0.0","0.0","0.0","120.13","148.07","655.55","327.77","535.42","507.48","0.0","","","","","","",""
"2015.0","4.0","4.0","94.0","1367.0","0.28","0.7","0.0","4.56","0.7","3.19","0.0","0.0","0.0","0.0","123.32","148.07","655.55","327.77","532.23","507.48","0.0","","","","","","",""
"2015.0","4.0","5.0","95.0","1367.0","0.27","0.7","0.0","2.58","0.7","1.81","0.04","0.04","0.0","0.0","125.09","148.07","655.55","327.77","530.46","507.48","0.0","","","","","","",""
"2015.0","4.0","6.0","96.0","1367.0","0.27","0.7","0.0","3.08","0.7","2.16","2.02","2.02","0.0","0.0","125.22","148.07","655.55","327.77","530.32","507.48","0.0","","","","","","",""
"2015.0","4.0","7.0","97.0","1367.0","1.11","0.7","0.0","2.76","1.11","3.06","4.27","4.27","0.0","0.0","124.02","148.07","655.55","327.77","531.53","507.48","0.0","","","","","","",""
"2015.0","4.0","8.0","98.0","1367.0","1.1","0.7","0.0","3.05","1.1","3.35","11.21","11.21","0.0","0.0","116.16","148.07","655.55","327.77","539.39","507.48","0.0","","","","","","",""
"2015.0","4.0","9.0","99.0","1367.0","1.06","0.7","0.0","3.51","1.06","3.72","0.0","0.0","0.0","0.0","119.87","148.07","655.55","327.77","535.67","507.48","0.0","","","","","","",""
"2015.0","4.0","10.0","100.0","1367.0","0.82","0.7","0.0","4.17","0.82","3.43","0.0","0.0","0.0","0.0","123.31","148.07","655.55","327.77","532.24","507.48","0.0","","","","","","",""
"2015.0","4.0","11.0","101.0","1367.0","0.69","0.7","0.0","4.35","0.7","3.05","0.0","0.0","0.0","0.0","126.35","148.07","655.55","327.77","529.19","507.48","0.0","","","","","","",""
"2015.0","4.0","12.0","102.0","1367.0","0.6","0.7","0.0","4.89","0.7","3.42","0.0","0.0","0.0","0.0","129.78","148.07","655.55","327.77","525.77","507.48","0.0","","","","","","",""
"2015.0","4.0","13.0","103.0","1367.0","0.53","0.7","0.0","5.01","0.7","3.51","0.0","0.0","0.0","0.0","133.28","148.07","655.55","327.77","522.26","507.48","0.0","","","","","","",""
"2015.0","4.0","14.0","104.0","1367.0","0.49","0.7","0.0","4.99","0.7","3.49","0.0","0.0","0.0","0.0","136.78","148.07","655.55","327.77","518.77","507.48","0.0","","","","","","",""
"2015.0","4.0","15.0","105.0","1367.0","0.44","0.7","0.0","6.25","0.7","4.38","0.0","0.0","0.0","0.0","141.15","148.07","655.55","327.77","514.4","507.48","0.0","","","","","","",""
"2015.0","4.0","16.0","106.0","1367.0","0.41","0.7","0.0","5.67","0.7","3.97","0.0","0.0","0.0","0.0","145.12","148.07","655.55","327.77","510.43","507.48","0.0","","","","","","",""
"2015.0","4.0","17.0","107.0","1367.0","0.38","0.7","0.0","5.38","0.7","3.77","0.0","0.0","0.0","0.0","0.0","148.07","655.55","327.77","655.55","507.48","148.89","","","","","","",""
"2015.0","4.0","18.0","108.0","1367.0","0.37","0.7","0.0","4.98","0.7","3.49","0.0","0.0","0.0","0.0","3.49","148.07","655.55","327.77","652.06","507.48","0.0","","","","","","",""
"2015.0","4.0","19.0","109.0","1367.0","0.35","0.7","0.0","5.17","0.7","3.62","0.0","0.0","0.0","0.0","7.11","148.07","655.55","327.77","648.44","507.48","0.0","","","","","","",""
"2015.0","4.0","20.0","110.0","1367.0","0.33","0.7","0.0","4.8","0.7","3.36","0.0","0.0","0.0","0.0","10.47","148.07","655.55","327.77","645.08","507.48","0.0","","","","","","",""
"2015.0","4.0","21.0","111.0","1367.0","0.32","0.7","0.0","3.84","0.7","2.69","0.0","0.0","0.0","0.0","13.15","148.07","655.55","327.77","642.39","507.48","0.0","","","","","","",""
"2015.0","4.0","22.0","112.0","1367.0","0.32","0.7","0.0","4.05","0.7","2.84","0.0","0.0","0.0","0.0","15.99","148.07","655.55","327.77","639.56","507.48","0.0","","","","","","",""
"2015.0","4.0","23.0","113.0","1367.0","0.31","0.7","0.0","4.79","0.7","3.35","0.0","0.0","0.0","0.0","19.34","148.07","655.55","327.77","636.21","507.48","0.0","","","","","","",""
"2015.0","4.0","24.0","114.0","1367.0","0.3","0.7","0.0","5.07","0.7","3.55","0.0","0.0","0.0","0.0","22.89","148.07","655.55","327.77","632.66","507.48","0.0","","","","","","",""
"2015.0","4.0","25.0","115.0","1367.0","1.06","0.7","0.0","4.03","1.06","4.27","10.88","10.88","0.0","0.0","16.28","148.07","655.55","327.77","639.27","507.48","0.0","","","","","","",""
"2015.0","4.0","26.0","116.0","1367.0","0.87","0.7","0.0","5.17","0.87","4.51","0.0","0.0","0.0","0.0","20.79","148.07","655.55","327.77","634.76","507.48","0.0","","","","","","",""
"2015.0","4.0","27.0","117.0","1367.0","0.68","0.7","0.0","5.81","0.7","4.07","0.0","0.0","0.0","0.0","24.85","148.07","655.55","327.77","630.69","507.48","0.0","","","","","","",""
"2015.0","4.0","28.0","118.0","1367.0","0.58","0.7","0.0","5.63","0.7","3.94","0.0","0.0","0.0","0.0","28.8","148.07","655.55","327.77","626.75","507.48","0.0","","","","","","",""
"2015.0","4.0","29.0","119.0","1367.0","0.51","0.7","0.0","5.42","0.7","3.79","0.0","0.0","0.0","0.0","32.59","148.07","655.55","327.77","622.96","507.48","0.0","","","","","","",""
"2015.0","4.0","30.0","120.0","1367.0","0.46","0.7","0.0","6.46","0.7","4.52","0.0","0.0","0.0","0.0","37.11","148.07","655.55","327.77","618.44","507.48","0.0","","","","","","",""
"2015.0","5.0","1.0","121.0","1367.0","0.42","0.7","0.0","6.5","0.7","4.55","0.0","0.0","0.0","0.0","41.66","148.07","655.55","327.77","613.89","507.48","0.0","","","","","","",""
"2015.0","5.0","2.0","122.0","1367.0","0.39","0.7","0.0","5.93","0.7","4.15","0.0","0.0","0.0","0.0","45.81","148.07","655.55","327.77","609.73","507.48","0.0","","","","","","",""
"2015.0","5.0","3.0","123.0","1367.0","0.37","0.7","0.0","5.27","0.7","3.69","0.0","0.0","0.0","0.0","49.5","148.07","655.55","327.77","606.05","507.48","0.0","","","","","","",""
"2015.0","5.0","4.0","124.0","1367.0","0.35","0.7","0.0","4.89","0.7","3.42","0.0","0.0","0.0","0.0","52.92","148.07","655.55","327.77","602.62","507.48","0.0","","","","","","",""
"2015.0","5.0","5.0","125.0","1367.0","0.34","0.7","0.0","4.9","0.7","3.43","0.0","0.0","0.0","0.0","56.35","148.07","655.55","327.77","599.19","507.48","0.0","","","","","","",""
"2015.0","5.0","6.0","126.0","1367.0","0.32","0.7","0.0","5.04","0.7","3.53","0.0","0.0","0.0","0.0","59.88","148.07","655.55","327.77","595.66","507.48","0.0","","","","","","",""
"2015.0","5.0","7.0","127.0","1367.0","0.32","0.7","0.0","3.23","0.7","2.26","0.0","0.0","0.0","0.0","62.14","148.07","655.55","327.77","593.4","507.48","0.0","","","","","","",""
"2015.0","5.0","8.0","128.0","1367.0","0.31","0.7","0.0","4.37","0.7","3.06","1.13","1.13","0.0","0.0","64.07","148.07","655.55","327.77","591.47","507.48","0.0","","","","","","",""
"2015.0","5.0","9.0","129.0","1367.0","0.3","0.7","0.0","4.89","0.7","3.42","0.0","0.0","0.0","0.0","67.5","148.07","655.55","327.77","588.05","507.48","0.0","","","","","","",""
"2015.0","5.0","10.0","130.0","1367.0","0.29","0.7","0.0","5.25","0.7","3.68","0.0","0.0","0.0","0.0","71.17","148.07","655.55","327.77","584.38","507.48","0.0","","","","","","",""
"2015.0","5.0","11.0","131.0","1367.0","0.28","0.7","0.0","5.24","0.7","3.67","0.0","0.0","0.0","0.0","74.84","148.07","655.55","327.77","580.71","507.48","0.0","","","","","","",""
"2015.0","5.0","12.0","132.0","1367.0","0.27","0.7","0.0","5.05","0.7","3.54","0.0","0.0","0.0","0.0","78.37","148.07","655.55","327.77","577.17","507.48","0.0","","","","","","",""
"2015.0","5.0","13.0","133.0","1367.0","0.26","0.7","0.0","4.75","0.7","3.33","0.0","0.0","0.0","0.0","81.7","148.07","655.55","327.77","573.85","507.48","0.0","","","","","","",""
"2015.0","5.0","14.0","134.0","1367.0","0.26","0.7","0.0","3.29","0.7","2.3","0.0","0.0","0.0","0.0","84.0","148.07","655.55","327.77","571.55","507.48","0.0","","","","","","",""
"2015.0","5.0","15.0","135.0","1367.0","0.26","0.7","0.0","4.65","0.7","3.26","1.77","1.77","0.0","0.0","85.49","148.07","655.55","327.77","570.06","507.48","0.0","","","","","","",""
"2015.0","5.0","16.0","136.0","1367.0","0.25","0.7","0.0","4.81","0.7","3.37","0.0","0.0","0.0","0.0","88.85","148.07","655.55","327.77","566.69","507.48","0.0","","","","","","",""
"2015.0","5.0","17.0","137.0","1367.0","0.25","0.7","0.0","3.92","0.7","2.74","0.0","0.0","0.0","0.0","91.6","148.07","655.55","327.77","563.95","507.48","0.0","","","","","","",""
"2015.0","5.0","18.0","138.0","1367.0","0.24","0.7","0.0","4.84","0.7","3.39","0.0","0.0","0.0","0.0","94.99","148.07","655.55","327.77","560.56","507.48","0.0","","","","","","",""
"2015.0","5.0","19.0","139.0","1367.0","0.24","0.7","0.0","5.04","0.7","3.53","0.0","0.0","0.0","0.0","98.51","148.07","655.55","327.77","557.03","507.48","0.0","","","","","","",""
"2015.0","5.0","20.0","140.0","1367.0","0.23","0.7","0.0","4.95","0.7","3.47","0.0","0.0","0.0","0.0","101.98","148.07","655.55","327.77","553.57","507.48","0.0","","","","","","",""
"2015.0","5.0","21.0","141.0","1367.0","0.23","0.7","0.0","4.01","0.7","2.81","0.0","0.0","0.0","0.0","104.79","148.07","655.55","327.77","550.76","507.48","0.0","","","","","","",""
"2015.0","5.0","22.0","142.0","1367.0","0.22","0.7","0.0","4.85","0.7","3.4","0.0","0.0","0.0","0.0","108.18","148.07","655.55","327.77","547.37","507.48","0.0","","","","","","",""
"2015.0","5.0","23.0","143.0","1367.0","0.22","0.7","0.0","4.86","0.7","3.4","0.0","0.0","0.0","0.0","111.58","148.07","655.55","327.77","543.96","507.48","0.0","","","","","","",""
"2015.0","5.0","24.0","144.0","1367.0","0.22","0.7","0.0","5.54","0.7","3.88","0.0","0.0","0.0","0.0","115.46","148.07","655.55","327.77","540.09","507.48","0.0","","","","","","",""
"2015.0","5.0","25.0","145.0","1367.0","0.21","0.7","0.0","5.5","0.7","3.85","0.0","0.0","0.0","0.0","119.31","148.07","655.55","327.77","536.24","507.48","0.0","","","","","","",""
"2015.0","5.0","26.0","146.0","1367.0","0.21","0.7","0.0","5.52","0.7","3.86","0.0","0.0","0.0","0.0","123.17","148.07","655.55","327.77","532.37","507.48","0.0","","","","","","",""
"2015.0","5.0","27.0","147.0","1367.0","0.2","0.7","0.0","5.56","0.7","3.89","0.0","0.0","0.0","0.0","127.07","148.07","655.55","327.77","528.48","507.48","0.0","","","","","","",""
"2015.0","5.0","28.0","148.0","1367.0","0.2","0.7","0.0","5.42","0.7","3.79","0.0","0.0","0.0","0.0","130.86","148.07","655.55","327.77","524.69","507.48","0.0","","","","","","",""
"2015.0","5.0","29.0","149.0","1367.0","0.2","0.7","0.0","6.13","0.7","4.29","0.0","0.0","0.0","0.0","135.15","148.07","655.55","327.77","520.4","507.48","0.0","","","","","","",""
"2015.0","5.0","30.0","150.0","1367.0","0.19","0.7","0.0","6.48","0.7","4.54","0.0","0.0","0.0","0.0","139.69","148.07","655.55","327.77","515.86","507.48","0.0","","","","","","",""
"2015.0","5.0","31.0","151.0","1367.0","0.19","0.7","0.0","5.44","0.7","3.81","0.0","0.0","0.0","0.0","143.5","148.07","655.55","327.77","512.05","507.48","0.0","","","","","","",""
"2015.0","6.0","1.0","152.0","1367.0","0.19","0.7","0.0","5.54","0.7","3.88","0.0","0.0","0.0","0.0","147.37","148.07","655.55","327.77","508.17","507.48","0.0","","","","","","",""
"2015.0","6.0","2.0","153.0","1367.0","0.19","0.7","0.0","5.77","0.7","4.04","0.0","0.0","0.0","0.0","0.0","148.07","655.55","327.77","655.55","507.48","151.41","","","","","","",""
"2015.0","6.0","3.0","154.0","1367.0","0.18","0.7","0.0","5.57","0.7","3.9","0.0","0.0","0.0","0.0","3.9","148.07","655.55","327.77","651.65","507.48","0.0","","","","","","",""
"2015.0","6.0","4.0","155.0","1367.0","0.18","0.7","0.0","5.83","0.7","4.08","0.0","0.0","0.0","0.0","7.98","148.07","655.55","327.77","647.57","507.48","0.0","","","","","","",""
"2015.0","6.0","5.0","156.0","1367.0","0.18","0.7","0.0","6.52","0.7","4.56","0.0","0.0","0.0","0.0","12.54","148.07","655.55","327.77","643.0","507.48","0.0","","","","","","",""
"2015.0","6.0","6.0","157.0","1367.0","0.17","0.7","0.0","6.39","0.7","4.47","0.0","0.0","0.0","0.0","17.02","148.07","655.55","327.77","638.53","507.48","0.0","","","","","","",""
"2015.0","6.0","7.0","158.0","1367.0","0.17","0.7","0.0","6.75","0.7","4.73","0.0","0.0","0.0","0.0","21.74","148.07","655.55","327.77","633.81","507.48","0.0","","","","","","",""
"2015.0","6.0","8.0","159.0","1367.0","0.17","0.7","0.0","7.39","0.7","5.17","0.0","0.0","0.0","0.0","26.92","148.07","655.55","327.77","628.63","507.48","0.0","","","","","","",""
"2015.0","6.0","9.0","160.0","1367.0","0.17","0.7","0.0","6.66","0.7","4.66","0.0","0.0","0.0","0.0","31.58","148.07","655.55","327.77","623.97","507.48","0.0","","","","","","",""
"2015.0","6.0","10.0","161.0","1367.0","0.17","0.7","0.0","3.04","0.7","2.13","0.1","0.1","0.0","0.0","33.61","148.07","655.55","327.77","621.94","507.48","0.0","","","","","","",""
"2015.0","6.0","11.0","162.0","1367.0","0.16","0.7","0.0","6.89","0.7","4.82","3.61","3.61","0.0","0.0","34.82","148.07","655.55","327.77","620.73","507.48","0.0","","","","","","",""
"2015.0","6.0","12.0","163.0","1367.0","0.16","0.7","0.0","7.67","0.7","5.37","0.0","0.0","0.0","0.0","40.19","148.07","655.55","327.77","615.36","507.48","0.0","","","","","","",""
"2015.0","6.0","13.0","164.0","1367.0","0.16","0.7","0.0","7.55","0.7","5.29","0.0","0.0","0.0","0.0","45.47","148.07","655.55","327.77","610.08","507.48","0.0","","","","","","",""
"2015.0","6.0","14.0","165.0","1367.0","0.16","0.7","0.0","6.8","0.7","4.76","0.0","0.0","0.0","0.0","50.23","148.07","655.55","327.77","605.32","507.48","0.0","","","","","","",""
"2015.0","6.0","15.0","166.0","1367.0","0.15","0.7","0.0","6.63","0.7","4.64","0.0","0.0","0.0","0.0","54.87","148.07","655.55","327.77","600.67","507.48","0.0","","","","","","",""
"2015.0","6.0","16.0","167.0","1367.0","0.15","0.7","0.0","6.95","0.7","4.87","0.0","0.0","0.0","0.0","59.74","148.07","655.55","327.77","595.81","507.48","0.0","","","","","","",""
"2015.0","6.0","17.0","168.0","1367.0","0.15","0.7","0.0","6.98","0.7","4.89","0.0","0.0","0.0","0.0","64.62","148.07","655.55","327.77","590.92","507.48","0.0","","","","","","",""
"2015.0","6.0","18.0","169.0","1367.0","0.15","0.7","0.0","7.54","0.7","5.28","0.0","0.0","0.0","0.0","69.9","148.07","655.55","327.77","585.65","507.48","0.0","","","","","","",""
"2015.0","6.0","19.0","170.0","1367.0","0.15","0.7","0.0","7.41","0.7","5.19","0.0","0.0","0.0","0.0","75.09","148.07","655.55","327.77","580.46","507.48","0.0","","","","","","",""
"2015.0","6.0","20.0","171.0","1367.0","0.15","0.7","0.0","6.95","0.7","4.87","0.0","0.0","0.0","0.0","79.95","148.07","655.55","327.77","575.59","507.48","0.0","","","","","","",""
"2015.0","6.0","21.0","172.0","1367.0","0.14","0.7","0.0","7.57","0.7","5.3","0.0","0.0","0.0","0.0","85.25","148.07","655.55","327.77","570.29","507.48","0.0","","","","","","",""
"2015.0","6.0","22.0","173.0","1367.0","0.14","0.7","0.0","7.07","0.7","4.95","0.0","0.0","0.0","0.0","90.2","148.07","655.55","327.77","565.35","507.48","0.0","","","","","","",""
"2015.0","6.0","23.0","174.0","1367.0","0.14","0.7","0.0","7.35","0.7","5.15","0.0","0.0","0.0","0.0","95.35","148.07","655.55","327.77","560.2","507.48","0.0","","","","","","",""
"2015.0","6.0","24.0","175.0","1367.0","0.14","0.7","0.0","7.29","0.7","5.1","0.0","0.0","0.0","0.0","100.45","148.07","655.55","327.77","555.1","507.48","0.0","","","","","","",""
"2015.0","6.0","25.0","176.0","1367.0","0.14","0.7","0.0","7.98","0.7","5.59","0.0","0.0","0.0","0.0","106.04","148.07","655.55","327.77","549.51","507.48","0.0","","","","","","",""
"2015.0","6.0","26.0","177.0","1367.0","0.14","0.7","0.0","8.25","0.7","5.78","0.0","0.0","0.0","0.0","111.81","148.07","655.55","327.77","543.74","507.48","0.0","","","","","","",""
"2015.0","6.0","27.0","178.0","1367.0","0.13","0.7","0.0","6.76","0.7","4.73","0.0","0.0","0.0","0.0","116.54","148.07","655.55","327.77","539.0","507.48","0.0","","","","","","",""
"2015.0","6.0","28.0","179.0","1367.0","0.13","0.7","0.0","7.21","0.7","5.05","0.0","0.0","0.0","0.0","121.59","148.07","655.55","327.77","533.96","507.48","0.0","","","","","","",""
"2015.0","6.0","29.0","180.0","1367.0","0.13","0.7","0.0","7.58","0.7","5.31","0.0","0.0","0.0","0.0","126.9","148.07","655.55","327.77","528.65","507.48","0.0","","","","","","",""
"2015.0","6.0","30.0","181.0","1367.0","0.13","0.7","0.0","7.7","0.7","5.39","0.0","0.0","0.0","0.0","132.29","148.07","655.55","327.77","523.26","507.48","0.0","","","","","","",""
"2015.0","7.0","1.0","182.0","1367.0","0.13","0.7","0.0","7.4","0.7","5.18","0.0","0.0","0.0","0.0","137.47","148.07","655.55","327.77","518.08","507.48","0.0","","","","","","",""
"2015.0","7.0","2.0","183.0","1367.0","0.13","0.7","0.0","7.05","0.7","4.94","0.0","0.0","0.0","0.0","142.4","148.07","655.55","327.77","513.15","507.48","0.0","","","","","","",""
"2015.0","7.0","3.0","184.0","1367.0","0.13","0.7","0.0","7.61","0.7","5.33","0.0","0.0","0.0","0.0","147.73","148.07","655.55","327.77","507.82","507.48","0.0","","","","","","",""
"2015.0","7.0","4.0","185.0","1367.0","0.13","0.7","0.0","7.92","0.7","5.54","0.0","0.0","0.0","0.0","0.0","148.07","655.55","327.77","655.55","507.48","153.27","","","","","","",""
"2015.0","7.0","5.0","186.0","1367.0","0.12","0.7","0.0","7.19","0.7","5.03","0.0","0.0","0.0","0.0","5.03","148.07","655.55","327.77","650.51","507.48","0.0","","","","","","",""
"2015.0","7.0","6.0","187.0","1367.0","0.12","0.7","0.0","7.41","0.7","5.19","0.0","0.0","0.0","0.0","10.22","148.07","655.55","327.77","645.33","507.48","0.0","","","","","","",""
"2015.0","7.0","7.0","188.0","1367.0","0.12","0.7","0.0","6.84","0.7","4.79","0.0","0.0","0.0","0.0","15.01","148.07","655.55","327.77","640.54","507.48","0.0","","","","","","",""
"2015.0","7.0","8.0","189.0","1367.0","0.12","0.7","0.0","6.4","0.7","4.48","0.0","0.0","0.0","0.0","19.49","148.07","655.55","327.77","636.06","507.48","0.0","","","","","","",""
"2015.0","7.0","9.0","190.0","1367.0","0.12","0.7","0.0","5.04","0.7","3.53","0.0","0.0","0.0","0.0","23.02","148.07","655.55","327.77","632.53","507.48","0.0","","","","","","",""
"2015.0","7.0","10.0","191.0","1367.0","0.12","0.7","0.0","5.3","0.7","3.71","0.0","0.0","0.0","0.0","26.73","148.07","655.55","327.77","628.82","507.48","0.0","","","","","","",""
"2015.0","7.0","11.0","192.0","1367.0","0.12","0.7","0.0","6.37","0.7","4.46","0.0","0.0","0.0","0.0","31.19","148.07","655.55","327.77","624.36","507.48","0.0","","","","","","",""
"2015.0","7.0","12.0","193.0","1367.0","0.12","0.7","0.0","6.44","0.7","4.51","0.0","0.0","0.0","0.0","35.69","148.07","655.55","327.77","619.85","507.48","0.0","","","","","","",""
"2015.0","7.0","13.0","194.0","1367.0","0.12","0.7","0.0","6.8","0.7","4.76","0.0","0.0","0.0","0.0","40.45","148.07","655.55","327.77","615.09","507.48","0.0","","","","","","",""
"2015.0","7.0","14.0","195.0","1367.0","0.12","0.7","0.0","6.39","0.7","4.47","0.0","0.0","0.0","0.0","44.93","148.07","655.55","327.77","610.62","507.48","0.0","","","","","","",""
"2015.0","7.0","15.0","196.0","1367.0","0.12","0.7","0.0","6.57","0.7","4.6","0.0","0.0","0.0","0.0","49.53","148.07","655.55","327.77","606.02","507.48","0.0","","","","","","",""
"2015.0","7.0","16.0","197.0","1367.0","0.11","0.7","0.0","7.1","0.7","4.97","0.0","0.0","0.0","0.0","54.5","148.07","655.55","327.77","601.05","507.48","0.0","","","","","","",""
"2015.0","7.0","17.0","198.0","1367.0","0.11","0.7","0.0","7.27","0.7","5.09","0.0","0.0","0.0","0.0","59.58","148.07","655.55","327.77","595.96","507.48","0.0","","","","","","",""
"2015.0","7.0","18.0","199.0","1367.0","0.11","0.7","0.0","7.05","0.7","4.94","0.0","0.0","0.0","0.0","64.52","148.07","655.55","327.77","591.03","507.48","0.0","","","","","","",""
"2015.0","7.0","19.0","200.0","1367.0","0.11","0.7","0.0","6.59","0.7","4.61","0.0","0.0","0.0","0.0","69.13","148.07","655.55","327.77","586.42","507.48","0.0","","","","","","",""
"2015.0","7.0","20.0","201.0","1367.0","0.11","0.7","0.0","7.34","0.7","5.14","0.0","0.0","0.0","0.0","74.27","148.07","655.55","327.77","581.28","507.48","0.0","","","","","","",""
"2015.0","7.0","21.0","202.0","1367.0","0.11","0.7","0.0","7.25","0.7","5.08","0.0","0.0","0.0","0.0","79.35","148.07","655.55","327.77","576.2","507.48","0.0","","","","","","",""
"2015.0","7.0","22.0","203.0","1367.0","0.11","0.7","0.0","6.76","0.7","4.73","0.0","0.0","0.0","0.0","84.08","148.07","655.55","327.77","571.47","507.48","0.0","","","","","","",""
"2015.0","7.0","23.0","204.0","1367.0","0.11","0.7","0.0","6.27","0.7","4.39","0.0","0.0","0.0","0.0","88.47","148.07","655.55","327.77","567.08","507.48","0.0","","","","","","",""
"2015.0","7.0","24.0","205.0","1367.0","0.11","0.7","0.0","6.52","0.7","4.56","0.0","0.0","0.0","0.0","93.03","148.07","655.55","327.77","562.52","507.48","0.0","","","","","","",""
"2015.0","7.0","25.0","206.0","1367.0","0.11","0.7","0.0","6.61","0.7","4.63","0.0","0.0","0.0","0.0","97.66","148.07","655.55","327.77","557.89","507.48","0.0","","","","","","",""
"2015.0","7.0","26.0","207.0","1367.0","0.11","0.7","0.0","6.44","0.7","4.51","0.0","0.0","0.0","0.0","102.17","148.07","655.55","327.77","553.38","507.48","0.0","","","","","","",""
"2015.0","7.0","27.0","208.0","1367.0","0.11","0.7","0.0","7.4","0.7","5.18","0.0","0.0","0.0","0.0","107.35","148.07","655.55","327.77","548.2","507.48","0.0","","","","","","",""
"2015.0","7.0","28.0","209.0","1367.0","0.11","0.7","0.0","7.6","0.7","5.32","0.0","0.0","0.0","0.0","112.67","148.07","655.55","327.77","542.88","507.48","0.0","","","","","","",""
"2015.0","7.0","29.0","210.0","1367.0","0.11","0.7","0.0","7.4","0.7","5.18","0.0","0.0","0.0","0.0","117.85","148.07","655.55","327.77","537.7","507.48","0.0","","","","","","",""
"2015.0","7.0","30.0","211.0","1367.0","0.1","0.7","0.0","7.62","0.7","5.33","0.0","0.0","0.0","0.0","123.18","148.07","655.55","327.77","532.37","507.48","0.0","","","","","","",""
"2015.0","7.0","31.0","212.0","1367.0","0.1","0.7","0.0","6.8","0.7","4.76","0.0","0.0","0.0","0.0","127.94","148.07","655.55","327.77","527.61","507.48","0.0","","","","","","",""
"2015.0","8.0","1.0","213.0","1367.0","0.1","0.7","0.0","7.01","0.7","4.91","0.0","0.0","0.0","0.0","132.85","148.07","655.55","327.77","522.7","507.48","0.0","","","","","","",""
"2015.0","8.0","2.0","214.0","1367.0","0.1","0.7","0.0","6.94","0.7","4.86","0.0","0.0","0.0","0.0","137.7","148.07","655.55","327.77","517.84","507.48","0.0","","","","","","",""
"2015.0","8.0","3.0","215.0","1367.0","0.1","0.7","0.0","6.82","0.7","4.77","0.0","0.0","0.0","0.0","142.48","148.07","655.55","327.77","513.07","507.48","0.0","","","","","","",""
"2015.0","8.0","4.0","216.0","1367.0","0.1","0.7","0.0","5.18","0.7","3.63","0.0","0.0","0.0","0.0","146.1","148.07","655.55","327.77","509.44","507.48","0.0","","","","","","",""
"2015.0","8.0","5.0","217.0","1367.0","0.1","0.7","0.0","5.74","0.7","4.02","0.0","0.0","0.0","0.0","0.0","148.07","655.55","327.77","655.55","507.48","150.12","","","","","","",""
"2015.0","8.0","6.0","218.0","1367.0","0.1","0.7","0.0","3.84","0.7","2.69","0.0","0.0","0.0","0.0","2.69","148.07","655.55","327.77","652.86","507.48","0.0","","","","","","",""
"2015.0","8.0","7.0","219.0","1367.0","0.1","0.7","0.0","6.68","0.7","4.68","0.28","0.28","0.0","0.0","7.08","148.07","655.55","327.77","648.46","507.48","0.0","","","","","","",""
"2015.0","8.0","8.0","220.0","1367.0","0.1","0.7","0.0","6.05","0.7","4.24","0.0","0.0","0.0","0.0","11.32","148.07","655.55","327.77","644.23","507.48","0.0","","","","","","",""
"2015.0","8.0","9.0","221.0","1367.0","0.1","0.7","0.0","6.56","0.7","4.59","0.0","0.0","0.0","0.0","15.91","148.07","655.55","327.77","639.64","507.48","0.0","","","","","","",""
"2015.0","8.0","10.0","222.0","1367.0","0.1","0.7","0.0","6.58","0.7","4.61","0.0","0.0","0.0","0.0","20.52","148.07","655.55","327.77","635.03","507.48","0.0","","","","","","",""
"2015.0","8.0","11.0","223.0","1367.0","0.1","0.7","0.0","6.51","0.7","4.56","0.0","0.0","0.0","0.0","25.07","148.07","655.55","327.77","630.47","507.48","0.0","","","","","","",""
"2015.0","8.0","12.0","224.0","1367.0","0.1","0.7","0.0","6.4","0.7","4.48","0.0","0.0","0.0","0.0","29.55","148.07","655.55","327.77","625.99","507.48","0.0","","","","","","",""
"2015.0","8.0","13.0","225.0","1367.0","0.1","0.7","0.0","6.59","0.7","4.61","0.0","0.0","0.0","0.0","34.17","148.07","655.55","327.77","621.38","507.48","0.0","","","","","","",""
"2015.0","8.0","14.0","226.0","1367.0","0.1","0.7","0.0","6.41","0.7","4.49","0.0","0.0","0.0","0.0","38.65","148.07","655.55","327.77","616.89","507.48","0.0","","","","","","",""
"2015.0","8.0","15.0","227.0","1367.0","0.1","0.7","0.0","6.64","0.7","4.65","0.0","0.0","0.0","0.0","43.3","148.07","655.55","327.77","612.25","507.48","0.0","","","","","","",""
"2015.0","8.0","16.0","228.0","1367.0","0.1","0.7","0.0","6.79","0.7","4.75","0.0","0.0","0.0","0.0","48.06","148.07","655.55","327.77","607.49","507.48","0.0","","","","","","",""
"2015.0","8.0","17.0","229.0","1367.0","0.1","0.7","0.0","7.17","0.7","5.02","0.0","0.0","0.0","0.0","53.07","148.07","655.55","327.77","602.47","507.48","0.0","","","","","","",""
"2015.0","8.0","18.0","230.0","1367.0","0.1","0.7","0.0","6.9","0.7","4.83","0.0","0.0","0.0","0.0","57.9","148.07","655.55","327.77","597.64","507.48","0.0","","","","","","",""
"2015.0","8.0","19.0","231.0","1367.0","0.09","0.7","0.0","6.3","0.7","4.41","0.0","0.0","0.0","0.0","62.31","148.07","655.55","327.77","593.23","507.48","0.0","","","","","","",""
"2015.0","8.0","20.0","232.0","1367.0","0.09","0.7","0.0","5.73","0.7","4.01","0.0","0.0","0.0","0.0","66.33","148.07","655.55","327.77","589.22","507.48","0.0","","","","","","",""
"2015.0","8.0","21.0","233.0","1367.0","0.09","0.7","0.0","5.74","0.7","4.02","0.0","0.0","0.0","0.0","70.34","148.07","655.55","327.77","585.2","507.48","0.0","","","","","","",""
"2015.0","8.0","22.0","234.0","1367.0","0.09","0.7","0.0","5.73","0.7","4.01","0.0","0.0","0.0","0.0","74.35","148.07","655.55","327.77","581.19","507.48","0.0","","","","","","",""
"2015.0","8.0","23.0","235.0","1367.0","0.09","0.7","0.0","5.93","0.7","4.15","0.0","0.0","0.0","0.0","78.51","148.07","655.55","327.77","577.04","507.48","0.0","","","","","","",""
"2015.0","8.0","24.0","236.0","1367.0","0.09","0.7","0.0","6.34","0.7","4.44","0.0","0.0","0.0","0.0","82.94","148.07","655.55","327.77","572.6","507.48","0.0","","","","","","",""
"2015.0","8.0","25.0","237.0","1367.0","0.09","0.7","0.0","6.64","0.7","4.65","0.0","0.0","0.0","0.0","87.59","148.07","655.55","327.77","567.96","507.48","0.0","","","","","","",""
"2015.0","8.0","26.0","238.0","1367.0","0.09","0.7","0.0","6.81","0.7","4.77","0.0","0.0","0.0","0.0","92.36","148.07","655.55","327.77","563.19","507.48","0.0","","","","","","",""
"2015.0","8.0","27.0","239.0","1367.0","0.09","0.7","0.0","7.07","0.7","4.95","0.02","0.02","0.0","0.0","97.29","148.07","655.55","327.77","558.26","507.48","0.0","","","","","","",""
"2015.0","8.0","28.0","240.0","1367.0","0.09","0.7","0.0","6.97","0.7","4.88","0.0","0.0","0.0","0.0","102.17","148.07","655.55","327.77","553.38","507.48","0.0","","","","","","",""
"2015.0","8.0","29.0","241.0","1367.0","0.09","0.7","0.0","5.56","0.7","3.89","0.0","0.0","0.0","0.0","106.06","148.07","655.55","327.77","549.49","507.48","0.0","","","","","","",""
"2015.0","8.0","30.0","242.0","1367.0","0.09","0.7","0.0","5.74","0.7","4.02","0.0","0.0","0.0","0.0","110.08","148.07","655.55","327.77","545.47","507.48","0.0","","","","","","",""
"2015.0","8.0","31.0","243.0","1367.0","0.09","0.7","0.0","5.7","0.7","3.99","0.0","0.0","0.0","0.0","114.07","148.07","655.55","327.77","541.48","507.48","0.0","","","","","","",""
"2015.0","9.0","1.0","244.0","1367.0","0.09","0.7","0.0","5.68","0.7","3.98","0.0","0.0","0.0","0.0","118.04","148.07","655.55","327.77","537.51","507.48","0.0","","","","","","",""
"2015.0","9.0","2.0","245.0","1367.0","0.09","0.7","0.0","5.54","0.7","3.88","0.0","0.0","0.0","0.0","121.92","148.07","655.55","327.77","533.63","507.48","0.0","","","","","","",""
"2015.0","9.0","3.0","246.0","1367.0","0.09","0.7","0.0","5.27","0.7","3.69","0.0","0.0","0.0","0.0","125.61","148.07","655.55","327.77","529.94","507.48","0.0","","","","","","",""
"2015.0","9.0","4.0","247.0","1367.0","0.09","0.7","0.0","5.29","0.7","3.7","0.0","0.0","0.0","0.0","129.31","148.07","655.55","327.77","526.24","507.48","0.0","","","","","","",""
"2015.0","9.0","5.0","248.0","1367.0","0.09","0.7","0.0","5.58","0.7","3.91","0.0","0.0","0.0","0.0","133.22","148.07","655.55","327.77","522.33","507.48","0.0","","","","","","",""
"2015.0","9.0","6.0","249.0","1367.0","0.09","0.7","0.0","5.17","0.7","3.62","0.0","0.0","0.0","0.0","136.84","148.07","655.55","327.77","518.71","507.48","0.0","","","","","","",""
"2015.0","9.0","7.0","250.0","1367.0","0.09","0.7","0.0","5.45","0.7","3.82","0.0","0.0","0.0","0.0","140.65","148.07","655.55","327.77","514.9","507.48","0.0","","","","","","",""
"2015.0","9.0","8.0","251.0","1367.0","0.09","0.7","0.0","5.6","0.7","3.92","0.0","0.0","0.0","0.0","144.57","148.07","655.55","327.77","510.98","507.48","0.0","","","","","","",""
"2015.0","9.0","9.0","252.0","1367.0","0.09","0.7","0.0","6.36","0.7","4.45","0.0","0.0","0.0","0.0","0.0","148.07","655.55","327.77","655.55","507.48","149.02","","","","","","",""
"2015.0","9.0","10.0","253.0","1367.0","0.09","0.7","0.0","6.71","0.7","4.7","0.0","0.0","0.0","0.0","4.7","148.07","655.55","327.77","650.85","507.48","0.0","","","","","","",""
"2015.0","9.0","11.0","254.0","1367.0","0.09","0.7","0.0","6.2","0.7","4.34","0.0","0.0","0.0","0.0","9.04","148.07","655.55","327.77","646.51","507.48","0.0","","","","","","",""
"2015.0","9.0","12.0","255.0","1367.0","0.09","0.7","0.0","4.33","0.7","3.03","0.0","0.0","0.0","0.0","12.07","148.07","655.55","327.77","643.48","507.48","0.0","","","","","","",""
"2015.0","9.0","13.0","256.0","1367.0","0.09","0.7","0.0","5.05","0.7","3.54","0.0","0.0","0.0","0.0","15.6","148.07","655.55","327.77","639.94","507.48","0.0","","","","","","",""
"2015.0","9.0","14.0","257.0","1367.0","0.09","0.7","0.0","3.92","0.7","2.74","0.0","0.0","0.0","0.0","18.35","148.07","655.55","327.77","637.2","507.48","0.0","","","","","","",""
"2015.0","9.0","15.0","258.0","1367.0","0.09","0.7","0.0","4.74","0.7","3.32","0.0","0.0","0.0","0.0","21.67","148.07","655.55","327.77","633.88","507.48","0.0","","","","","","",""
"2015.0","9.0","16.0","259.0","1367.0","0.09","0.7","0.0","3.96","0.7","2.77","0.0","0.0","0.0","0.0","24.44","148.07","655.55","327.77","631.11","507.48","0.0","","","","","","",""
"2015.0","9.0","17.0","260.0","1367.0","0.09","0.7","0.0","4.02","0.7","2.81","0.0","0.0","0.0","0.0","27.25","148.07","655.55","327.77","628.3","507.48","0.0","","","","","","",""
"2015.0","9.0","18.0","261.0","1367.0","0.09","0.7","0.0","4.69","0.7","3.28","0.0","0.0","0.0","0.0","30.53","148.07","655.55","327.77","625.01","507.48","0.0","","","","","","",""
"2015.0","9.0","19.0","262.0","1367.0","0.09","0.7","0.0","4.72","0.7","3.3","0.0","0.0","0.0","0.0","33.84","148.07","655.55","327.77","621.71","507.48","0.0","","","","","","",""
"2015.0","9.0","20.0","263.0","1367.0","0.09","0.7","0.0","4.88","0.7","3.42","0.0","0.0","0.0","0.0","37.25","148.07","655.55","327.77","618.29","507.48","0.0","","","","","","",""
"2015.0","9.0","21.0","264.0","1367.0","0.09","0.7","0.0","5.65","0.7","3.96","0.0","0.0","0.0","0.0","41.21","148.07","655.55","327.77","614.34","507.48","0.0","","","","","","",""
"2015.0","9.0","22.0","265.0","1367.0","0.08","0.7","0.0","5.56","0.7","3.89","0.0","0.0","0.0","0.0","45.1","148.07","655.55","327.77","610.45","507.48","0.0","","","","","","",""
"2015.0","9.0","23.0","266.0","1367.0","0.08","0.7","0.0","4.77","0.7","3.34","0.0","0.0","0.0","0.0","48.44","148.07","655.55","327.77","607.11","507.48","0.0","","","","","","",""
"2015.0","9.0","24.0","267.0","1367.0","0.08","0.7","0.0","4.64","0.7","3.25","0.0","0.0","0.0","0.0","51.69","148.07","655.55","327.77","603.86","507.48","0.0","","","","","","",""
"2015.0","9.0","25.0","268.0","1367.0","0.08","0.7","0.0","5.61","0.7","3.93","0.0","0.0","0.0","0.0","55.62","148.07","655.55","327.77","599.93","507.48","0.0","","","","","","",""
"2015.0","9.0","26.0","269.0","1367.0","0.08","0.7","0.0","5.61","0.7","3.93","0.0","0.0","0.0","0.0","59.54","148.07","655.55","327.77","596.01","507.48","0.0","","","","","","",""
"2015.0","9.0","27.0","270.0","1367.0","0.08","0.7","0.0","3.95","0.7","2.77","0.0","0.0","0.0","0.0","62.31","148.07","655.55","327.77","593.24","507.48","0.0","","","","","","",""
"2015.0","9.0","28.0","271.0","1367.0","0.08","0.7","0.0","4.29","0.7","3.0","0.0","0.0","0.0","0.0","65.31","148.07","655.55","327.77","590.24","507.48","0.0","","","","","","",""
"2015.0","9.0","29.0","272.0","1367.0","0.08","0.7","0.0","3.68","0.7","2.58","0.0","0.0","0.0","0.0","67.89","148.07","655.55","327.77","587.66","507.48","0.0","","","","","","",""
"2015.0","9.0","30.0","273.0","1367.0","0.08","0.7","0.0","2.2","0.7","1.54","0.0","0.0","0.0","0.0","69.43","163.89","655.55","327.77","586.12","491.66","0.0","","","","","","",""
