" Daily soil water balance output for Pasture in 186_Solano DAU_Co within 05_Sacramento River for WY 2015","","","","","","","","","","","","","","","","","","","","","","","Annual and in-season monthly outputfor Pasture in 186_Solano DAU_Co within 05_Sacramento River for WY 2015","","","","",""
"Year","Mon","Day","DOY"," Area","OKc","IKc","CCKc","ETo","Kc","ETc","Pcp","Er","Spg","Espg","SWD","SWDx","FC","PWP","SWC"," YT ","NA","","Year","Mon"," Area","ETo","ETc","ETc"
" #  "," # "," # ","  #","Acres","   ","   ","    "," mm","mm"," mm"," mm","mm"," mm"," mm "," mm"," mm ","mm"," mm"," mm"," mm"," mm","","#  "," # "," Acres"," mm"," mm","acre-ft"
"2014.0","10.0","1.0","274.0","14552.0","0.57","0.95","0.0","6.01","0.95","5.71","0.0","0.0","0.0","0.0","24.66","50.74","214.58","107.29","189.92","163.84","0.0","","2014.0","10.0","14552.0","101.46","96.4","4602.40419948"
"2014.0","10.0","2.0","275.0","14552.0","0.52","0.95","0.0","4.13","0.95","3.92","0.0","0.0","0.0","0.0","28.59","50.74","214.58","107.29","185.99","163.84","0.0","","2014.0","11.0","14552.0","43.45","46.43","2216.69737533"
"2014.0","10.0","3.0","276.0","14552.0","0.49","0.95","0.0","4.1","0.95","3.9","0.0","0.0","0.0","0.0","32.48","50.74","214.58","107.29","182.1","163.84","0.0","","2014.0","12.0","14552.0","31.93","35.73","1705.8496063"
"2014.0","10.0","4.0","277.0","14552.0","0.46","0.95","0.0","4.11","0.95","3.9","0.0","0.0","0.0","0.0","36.38","50.74","214.58","107.29","178.19","163.84","0.0","","2015.0","1.0","14552.0","32.71","31.09","1484.32309711"
"2014.0","10.0","5.0","278.0","14552.0","0.43","0.95","0.0","3.99","0.95","3.79","0.0","0.0","0.0","0.0","40.18","50.74","214.58","107.29","174.4","163.84","0.0","","2015.0","2.0","14552.0","56.48","55.46","2647.81469816"
"2014.0","10.0","6.0","279.0","14552.0","0.41","0.95","0.0","4.02","0.95","3.82","0.0","0.0","0.0","0.0","43.99","50.74","214.58","107.29","170.58","163.84","0.0","","2015.0","3.0","14552.0","103.75","100.32","4789.55590551"
"2014.0","10.0","7.0","280.0","14552.0","0.39","0.95","0.0","4.14","0.95","3.93","0.0","0.0","0.0","0.0","47.93","50.74","214.58","107.29","166.65","163.84","0.0","","2015.0","4.0","14552.0","139.25","134.01","6398.01023622"
"2014.0","10.0","8.0","281.0","14552.0","0.37","0.95","0.0","4.75","0.95","4.51","0.0","0.0","0.0","0.0","0.0","50.74","214.58","107.29","214.58","163.84","52.44","","2015.0","5.0","14552.0","156.1","148.3","7080.25459318"
"2014.0","10.0","9.0","282.0","14552.0","0.36","0.95","0.0","4.2","0.95","3.99","0.0","0.0","0.0","0.0","3.99","50.74","214.58","107.29","210.59","163.84","0.0","","2015.0","6.0","14552.0","203.55","193.38","9232.4992126"
"2014.0","10.0","10.0","283.0","14552.0","0.35","0.95","0.0","3.66","0.95","3.48","0.0","0.0","0.0","0.0","7.47","50.74","214.58","107.29","207.11","163.84","0.0","","2015.0","7.0","14552.0","210.84","200.31","9563.35669291"
"2014.0","10.0","11.0","284.0","14552.0","0.34","0.95","0.0","3.47","0.95","3.3","0.0","0.0","0.0","0.0","10.76","50.74","214.58","107.29","203.82","163.84","0.0","","2015.0","8.0","14552.0","191.5","181.92","8685.36692913"
"2014.0","10.0","12.0","285.0","14552.0","0.32","0.95","0.0","6.52","0.95","6.19","0.0","0.0","0.0","0.0","16.96","50.74","214.58","107.29","197.62","163.84","0.0","","2015.0","9.0","14552.0","147.5","140.11","6689.24120735"
"2014.0","10.0","13.0","286.0","14552.0","0.31","0.95","0.0","4.07","0.95","3.87","0.0","0.0","0.0","0.0","20.82","50.74","214.58","107.29","193.76","163.84","0.0","","","","","","",""
"2014.0","10.0","14.0","287.0","14552.0","0.31","0.95","0.0","3.0","0.95","2.85","0.0","0.0","0.0","0.0","23.67","50.74","214.58","107.29","190.91","163.84","0.0","","","","","","",""
"2014.0","10.0","15.0","288.0","14552.0","0.3","0.95","0.0","2.3","0.95","2.19","0.46","0.46","0.0","0.0","25.4","50.74","214.58","107.29","189.18","163.84","0.0","","","","","","",""
"2014.0","10.0","16.0","289.0","14552.0","0.3","0.95","0.0","2.65","0.95","2.52","0.27","0.27","0.0","0.0","27.65","50.74","214.58","107.29","186.93","163.84","0.0","","","","","","",""
"2014.0","10.0","17.0","290.0","14552.0","0.29","0.95","0.0","2.47","0.95","2.35","0.0","0.0","0.0","0.0","29.99","50.74","214.58","107.29","184.59","163.84","0.0","","","","","","",""
"2014.0","10.0","18.0","291.0","14552.0","0.29","0.95","0.0","2.85","0.95","2.71","0.0","0.0","0.0","0.0","32.7","50.74","214.58","107.29","181.88","163.84","0.0","","","","","","",""
"2014.0","10.0","19.0","292.0","14552.0","0.28","0.95","0.0","2.92","0.95","2.77","0.0","0.0","0.0","0.0","35.47","50.74","214.58","107.29","179.1","163.84","0.0","","","","","","",""
"2014.0","10.0","20.0","293.0","14552.0","0.28","0.95","0.0","2.24","0.95","2.13","0.0","0.0","0.0","0.0","37.6","50.74","214.58","107.29","176.98","163.84","0.0","","","","","","",""
"2014.0","10.0","21.0","294.0","14552.0","0.28","0.95","0.0","2.61","0.95","2.48","0.0","0.0","0.0","0.0","40.08","50.74","214.58","107.29","174.5","163.84","0.0","","","","","","",""
"2014.0","10.0","22.0","295.0","14552.0","0.27","0.95","0.0","2.54","0.95","2.41","0.0","0.0","0.0","0.0","42.5","50.74","214.58","107.29","172.08","163.84","0.0","","","","","","",""
"2014.0","10.0","23.0","296.0","14552.0","0.27","0.95","0.0","2.44","0.95","2.32","0.0","0.0","0.0","0.0","44.81","50.74","214.58","107.29","169.77","163.84","0.0","","","","","","",""
"2014.0","10.0","24.0","297.0","14552.0","0.27","0.95","0.0","2.57","0.95","2.44","0.0","0.0","0.0","0.0","47.25","50.74","214.58","107.29","167.32","163.84","0.0","","","","","","",""
"2014.0","10.0","25.0","298.0","14552.0","0.26","0.95","0.0","2.26","0.95","2.15","0.0","0.0","0.0","0.0","49.4","50.74","214.58","107.29","165.18","163.84","0.0","","","","","","",""
"2014.0","10.0","26.0","299.0","14552.0","0.26","0.95","0.0","2.62","0.95","2.49","1.47","1.47","0.0","0.0","50.42","50.74","214.58","107.29","164.16","163.84","0.0","","","","","","",""
"2014.0","10.0","27.0","300.0","14552.0","0.26","0.95","0.0","2.46","0.95","2.34","0.0","0.0","0.0","0.0","0.0","50.74","214.58","107.29","214.58","163.84","52.76","","","","","","",""
"2014.0","10.0","28.0","301.0","14552.0","0.26","0.95","0.0","2.33","0.95","2.21","0.0","0.0","0.0","0.0","2.21","50.74","214.58","107.29","212.37","163.84","0.0","","","","","","",""
"2014.0","10.0","29.0","302.0","14552.0","0.25","0.95","0.0","2.38","0.95","2.26","0.0","0.0","0.0","0.0","4.47","50.74","214.58","107.29","210.1","163.84","0.0","","","","","","",""
"2014.0","10.0","30.0","303.0","14552.0","0.25","0.95","0.0","2.46","0.95","2.34","0.0","0.0","0.0","0.0","6.81","50.74","214.58","107.29","207.77","163.84","0.0","","","","","","",""
"2014.0","10.0","31.0","304.0","14552.0","0.25","0.95","0.0","1.19","0.95","1.13","0.0","0.0","0.0","0.0","7.94","50.74","214.58","107.29","206.64","163.84","0.0","","","","","","",""
"2014.0","11.0","1.0","305.0","14552.0","1.15","0.95","0.0","1.87","1.15","2.14","5.89","5.89","0.0","0.0","4.19","50.74","214.58","107.29","210.39","163.84","0.0","","","","","","",""
"2014.0","11.0","2.0","306.0","14552.0","1.14","0.95","0.0","2.21","1.14","2.52","0.0","0.0","0.0","0.0","6.71","50.74","214.58","107.29","207.87","163.84","0.0","","","","","","",""
"2014.0","11.0","3.0","307.0","14552.0","1.14","0.95","0.0","1.8","1.14","2.05","0.0","0.0","0.0","0.0","8.76","50.74","214.58","107.29","205.81","163.84","0.0","","","","","","",""
"2014.0","11.0","4.0","308.0","14552.0","1.01","0.95","0.0","1.74","1.01","1.75","0.0","0.0","0.0","0.0","10.52","50.74","214.58","107.29","204.06","163.84","0.0","","","","","","",""
"2014.0","11.0","5.0","309.0","14552.0","0.91","0.95","0.0","1.79","0.95","1.7","0.0","0.0","0.0","0.0","12.22","50.74","214.58","107.29","202.36","163.84","0.0","","","","","","",""
"2014.0","11.0","6.0","310.0","14552.0","0.83","0.95","0.0","1.92","0.95","1.82","0.0","0.0","0.0","0.0","14.04","50.74","214.58","107.29","200.54","163.84","0.0","","","","","","",""
"2014.0","11.0","7.0","311.0","14552.0","0.76","0.95","0.0","1.96","0.95","1.86","0.0","0.0","0.0","0.0","15.9","50.74","214.58","107.29","198.68","163.84","0.0","","","","","","",""
"2014.0","11.0","8.0","312.0","14552.0","0.71","0.95","0.0","1.88","0.95","1.79","0.0","0.0","0.0","0.0","17.69","50.74","214.58","107.29","196.89","163.84","0.0","","","","","","",""
"2014.0","11.0","9.0","313.0","14552.0","0.67","0.95","0.0","1.84","0.95","1.75","0.0","0.0","0.0","0.0","19.44","50.74","214.58","107.29","195.14","163.84","0.0","","","","","","",""
"2014.0","11.0","10.0","314.0","14552.0","0.64","0.95","0.0","1.97","0.95","1.87","0.0","0.0","0.0","0.0","21.31","50.74","214.58","107.29","193.27","163.84","0.0","","","","","","",""
"2014.0","11.0","11.0","315.0","14552.0","0.61","0.95","0.0","1.56","0.95","1.48","0.0","0.0","0.0","0.0","22.79","50.74","214.58","107.29","191.79","163.84","0.0","","","","","","",""
"2014.0","11.0","12.0","316.0","14552.0","0.59","0.95","0.0","1.44","0.95","1.37","0.0","0.0","0.0","0.0","24.16","50.74","214.58","107.29","190.42","163.84","0.0","","","","","","",""
"2014.0","11.0","13.0","317.0","14552.0","1.18","0.95","0.0","0.99","1.18","1.17","2.97","2.97","0.0","0.0","22.36","50.74","214.58","107.29","192.22","163.84","0.0","","","","","","",""
"2014.0","11.0","14.0","318.0","14552.0","1.17","0.95","0.0","1.32","1.17","1.54","1.54","1.54","0.0","0.0","22.36","50.74","214.58","107.29","192.22","163.84","0.0","","","","","","",""
"2014.0","11.0","15.0","319.0","14552.0","1.17","0.95","0.0","1.29","1.17","1.51","0.0","0.0","0.0","0.0","23.86","50.74","214.58","107.29","190.71","163.84","0.0","","","","","","",""
"2014.0","11.0","16.0","320.0","14552.0","1.16","0.95","0.0","2.03","1.16","2.35","0.0","0.0","0.0","0.0","26.22","50.74","214.58","107.29","188.36","163.84","0.0","","","","","","",""
"2014.0","11.0","17.0","321.0","14552.0","1.1","0.95","0.0","1.86","1.1","2.04","0.0","0.0","0.0","0.0","28.25","50.74","214.58","107.29","186.32","163.84","0.0","","","","","","",""
"2014.0","11.0","18.0","322.0","14552.0","1.0","0.95","0.0","1.39","1.0","1.38","0.0","0.0","0.0","0.0","29.64","50.74","214.58","107.29","184.94","163.84","0.0","","","","","","",""
"2014.0","11.0","19.0","323.0","14552.0","0.94","0.95","0.0","0.96","0.95","0.91","0.11","0.11","0.0","0.0","30.44","50.74","214.58","107.29","184.14","163.84","0.0","","","","","","",""
"2014.0","11.0","20.0","324.0","14552.0","1.2","0.95","0.0","0.62","1.2","0.74","3.18","3.18","0.0","0.0","28.0","50.74","214.58","107.29","186.58","163.84","0.0","","","","","","",""
"2014.0","11.0","21.0","325.0","14552.0","1.19","0.95","0.0","0.8","1.19","0.95","4.75","4.75","0.0","0.0","24.2","50.74","214.58","107.29","190.38","163.84","0.0","","","","","","",""
"2014.0","11.0","22.0","326.0","14552.0","1.18","0.95","0.0","1.2","1.18","1.42","0.13","0.13","0.0","0.0","25.49","50.74","214.58","107.29","189.09","163.84","0.0","","","","","","",""
"2014.0","11.0","23.0","327.0","14552.0","1.16","0.95","0.0","1.49","1.16","1.73","2.18","2.18","0.0","0.0","25.04","50.74","214.58","107.29","189.54","163.84","0.0","","","","","","",""
"2014.0","11.0","24.0","328.0","14552.0","1.16","0.95","0.0","1.37","1.16","1.59","0.0","0.0","0.0","0.0","26.63","50.74","214.58","107.29","187.95","163.84","0.0","","","","","","",""
"2014.0","11.0","25.0","329.0","14552.0","1.17","0.95","0.0","1.21","1.17","1.41","0.0","0.0","0.0","0.0","28.04","50.74","214.58","107.29","186.54","163.84","0.0","","","","","","",""
"2014.0","11.0","26.0","330.0","14552.0","1.17","0.95","0.0","1.17","1.17","1.37","0.0","0.0","0.0","0.0","29.41","50.74","214.58","107.29","185.17","163.84","0.0","","","","","","",""
"2014.0","11.0","27.0","331.0","14552.0","1.11","0.95","0.0","1.16","1.11","1.29","0.0","0.0","0.0","0.0","30.7","50.74","214.58","107.29","183.88","163.84","0.0","","","","","","",""
"2014.0","11.0","28.0","332.0","14552.0","1.03","0.95","0.0","1.1","1.03","1.13","0.0","0.0","0.0","0.0","31.82","50.74","214.58","107.29","182.75","163.84","0.0","","","","","","",""
"2014.0","11.0","29.0","333.0","14552.0","1.19","0.95","0.0","0.85","1.19","1.01","2.34","2.34","0.0","0.0","30.49","50.74","214.58","107.29","184.09","163.84","0.0","","","","","","",""
"2014.0","11.0","30.0","334.0","14552.0","1.19","0.95","0.0","0.66","1.19","0.79","4.36","4.36","0.0","0.0","26.92","50.74","214.58","107.29","187.66","163.84","0.0","","","","","","",""
"2014.0","12.0","1.0","335.0","14552.0","1.18","0.95","0.0","1.0","1.18","1.18","4.73","4.73","0.0","0.0","23.37","50.74","214.58","107.29","191.21","163.84","0.0","","","","","","",""
"2014.0","12.0","2.0","336.0","14552.0","1.19","0.95","0.0","0.66","1.19","0.79","1.16","1.16","0.0","0.0","23.0","50.74","214.58","107.29","191.58","163.84","0.0","","","","","","",""
"2014.0","12.0","3.0","337.0","14552.0","1.18","0.95","0.0","1.08","1.18","1.27","42.69","24.27","0.0","0.0","0.0","50.74","214.58","107.29","214.58","163.84","0.0","","","","","","",""
"2014.0","12.0","4.0","338.0","14552.0","1.18","0.95","0.0","1.07","1.18","1.26","18.3","1.26","0.0","0.0","0.0","50.74","214.58","107.29","214.58","163.84","0.0","","","","","","",""
"2014.0","12.0","5.0","339.0","14552.0","1.18","0.95","0.0","0.91","1.18","1.07","0.5","0.5","0.0","0.0","0.57","50.74","214.58","107.29","214.01","163.84","0.0","","","","","","",""
"2014.0","12.0","6.0","340.0","14552.0","1.18","0.95","0.0","1.07","1.18","1.26","2.74","1.83","0.0","0.0","0.0","50.74","214.58","107.29","214.58","163.84","0.0","","","","","","",""
"2014.0","12.0","7.0","341.0","14552.0","1.18","0.95","0.0","0.76","1.18","0.9","0.57","0.57","0.0","0.0","0.33","50.74","214.58","107.29","214.25","163.84","0.0","","","","","","",""
"2014.0","12.0","8.0","342.0","14552.0","1.18","0.95","0.0","0.8","1.18","0.95","0.0","0.0","0.0","0.0","1.28","50.74","214.58","107.29","213.3","163.84","0.0","","","","","","",""
"2014.0","12.0","9.0","343.0","14552.0","1.19","0.95","0.0","0.66","1.19","0.78","0.0","0.0","0.0","0.0","2.06","50.74","214.58","107.29","212.52","163.84","0.0","","","","","","",""
"2014.0","12.0","10.0","344.0","14552.0","1.19","0.95","0.0","0.91","1.19","1.08","0.0","0.0","0.0","0.0","3.14","50.74","214.58","107.29","211.44","163.84","0.0","","","","","","",""
"2014.0","12.0","11.0","345.0","14552.0","1.18","0.95","0.0","1.15","1.18","1.36","0.21","0.21","0.0","0.0","4.29","50.74","214.58","107.29","210.29","163.84","0.0","","","","","","",""
"2014.0","12.0","12.0","346.0","14552.0","1.2","0.95","0.0","0.6","1.2","0.72","72.49","5.01","0.0","0.0","0.0","50.74","214.58","107.29","214.58","163.84","0.0","","","","","","",""
"2014.0","12.0","13.0","347.0","14552.0","1.19","0.95","0.0","0.69","1.19","0.82","1.59","0.82","0.0","0.0","0.0","50.74","214.58","107.29","214.58","163.84","0.0","","","","","","",""
"2014.0","12.0","14.0","348.0","14552.0","1.19","0.95","0.0","0.71","1.19","0.85","0.0","0.0","0.0","0.0","0.85","50.74","214.58","107.29","213.73","163.84","0.0","","","","","","",""
"2014.0","12.0","15.0","349.0","14552.0","1.18","0.95","0.0","0.89","1.18","1.05","6.89","1.9","0.0","0.0","0.0","50.74","214.58","107.29","214.58","163.84","0.0","","","","","","",""
"2014.0","12.0","16.0","350.0","14552.0","1.17","0.95","0.0","1.18","1.17","1.38","9.15","1.38","0.0","0.0","0.0","50.74","214.58","107.29","214.58","163.84","0.0","","","","","","",""
"2014.0","12.0","17.0","351.0","14552.0","1.18","0.95","0.0","0.96","1.18","1.13","11.33","1.13","0.0","0.0","0.0","50.74","214.58","107.29","214.58","163.84","0.0","","","","","","",""
"2014.0","12.0","18.0","352.0","14552.0","1.18","0.95","0.0","0.91","1.18","1.08","3.87","1.08","0.0","0.0","0.0","50.74","214.58","107.29","214.58","163.84","0.0","","","","","","",""
"2014.0","12.0","19.0","353.0","14552.0","1.19","0.95","0.0","0.81","1.19","0.96","0.01","0.01","0.0","0.0","0.95","50.74","214.58","107.29","213.63","163.84","0.0","","","","","","",""
"2014.0","12.0","20.0","354.0","14552.0","1.19","0.95","0.0","0.64","1.19","0.76","14.79","1.71","0.0","0.0","0.0","50.74","214.58","107.29","214.58","163.84","0.0","","","","","","",""
"2014.0","12.0","21.0","355.0","14552.0","1.19","0.95","0.0","0.97","1.19","1.15","0.0","0.0","0.0","0.0","1.15","50.74","214.58","107.29","213.43","163.84","0.0","","","","","","",""
"2014.0","12.0","22.0","356.0","14552.0","1.19","0.95","0.0","0.79","1.19","0.94","0.0","0.0","0.0","0.0","2.09","50.74","214.58","107.29","212.49","163.84","0.0","","","","","","",""
"2014.0","12.0","23.0","357.0","14552.0","1.19","0.95","0.0","0.72","1.19","0.86","0.0","0.0","0.0","0.0","2.95","50.74","214.58","107.29","211.63","163.84","0.0","","","","","","",""
"2014.0","12.0","24.0","358.0","14552.0","1.19","0.95","0.0","0.99","1.19","1.18","0.0","0.0","0.0","0.0","4.12","50.74","214.58","107.29","210.46","163.84","0.0","","","","","","",""
"2014.0","12.0","25.0","359.0","14552.0","1.15","0.95","0.0","1.88","1.15","2.17","0.78","0.78","0.0","0.0","5.51","50.74","214.58","107.29","209.07","163.84","0.0","","","","","","",""
"2014.0","12.0","26.0","360.0","14552.0","1.0","0.95","0.0","1.89","1.0","1.9","0.0","0.0","0.0","0.0","7.41","50.74","214.58","107.29","207.17","163.84","0.0","","","","","","",""
"2014.0","12.0","27.0","361.0","14552.0","0.96","0.95","0.0","0.76","0.96","0.73","0.0","0.0","0.0","0.0","8.14","50.74","214.58","107.29","206.44","163.84","0.0","","","","","","",""
"2014.0","12.0","28.0","362.0","14552.0","0.92","0.95","0.0","0.74","0.95","0.7","0.0","0.0","0.0","0.0","8.84","50.74","214.58","107.29","205.74","163.84","0.0","","","","","","",""
"2014.0","12.0","29.0","363.0","14552.0","0.9","0.95","0.0","0.56","0.95","0.53","0.0","0.0","0.0","0.0","9.37","50.74","214.58","107.29","205.21","163.84","0.0","","","","","","",""
"2014.0","12.0","30.0","364.0","14552.0","0.8","0.95","0.0","2.49","0.95","2.37","0.0","0.0","0.0","0.0","11.74","50.74","214.58","107.29","202.84","163.84","0.0","","","","","","",""
"2014.0","12.0","31.0","365.0","14552.0","0.72","0.95","0.0","2.68","0.95","2.55","0.0","0.0","0.0","0.0","14.28","50.74","214.58","107.29","200.29","163.84","0.0","","","","","","",""
"2015.0","1.0","1.0","1.0","14552.0","0.7","0.95","0.0","0.88","0.95","0.84","0.0","0.0","0.0","0.0","15.12","52.16","214.58","107.29","199.46","162.42","0.0","","","","","","",""
"2015.0","1.0","2.0","2.0","14552.0","0.69","0.95","0.0","0.86","0.95","0.82","0.0","0.0","0.0","0.0","15.94","52.16","214.58","107.29","198.64","162.42","0.0","","","","","","",""
"2015.0","1.0","3.0","3.0","14552.0","0.67","0.95","0.0","0.85","0.95","0.81","0.0","0.0","0.0","0.0","16.75","52.16","214.58","107.29","197.83","162.42","0.0","","","","","","",""
"2015.0","1.0","4.0","4.0","14552.0","0.65","0.95","0.0","0.96","0.95","0.91","0.0","0.0","0.0","0.0","17.66","52.16","214.58","107.29","196.92","162.42","0.0","","","","","","",""
"2015.0","1.0","5.0","5.0","14552.0","0.64","0.95","0.0","0.87","0.95","0.83","0.0","0.0","0.0","0.0","18.48","52.16","214.58","107.29","196.1","162.42","0.0","","","","","","",""
"2015.0","1.0","6.0","6.0","14552.0","0.62","0.95","0.0","1.17","0.95","1.11","0.0","0.0","0.0","0.0","19.6","52.16","214.58","107.29","194.98","162.42","0.0","","","","","","",""
"2015.0","1.0","7.0","7.0","14552.0","0.6","0.95","0.0","1.17","0.95","1.11","0.0","0.0","0.0","0.0","20.71","52.16","214.58","107.29","193.87","162.42","0.0","","","","","","",""
"2015.0","1.0","8.0","8.0","14552.0","0.59","0.95","0.0","1.0","0.95","0.95","0.0","0.0","0.0","0.0","21.66","52.16","214.58","107.29","192.92","162.42","0.0","","","","","","",""
"2015.0","1.0","9.0","9.0","14552.0","0.58","0.95","0.0","0.87","0.95","0.83","0.0","0.0","0.0","0.0","22.48","52.16","214.58","107.29","192.1","162.42","0.0","","","","","","",""
"2015.0","1.0","10.0","10.0","14552.0","0.57","0.95","0.0","0.96","0.95","0.91","0.0","0.0","0.0","0.0","23.4","52.16","214.58","107.29","191.18","162.42","0.0","","","","","","",""
"2015.0","1.0","11.0","11.0","14552.0","0.56","0.95","0.0","0.88","0.95","0.84","0.0","0.0","0.0","0.0","24.23","52.16","214.58","107.29","190.35","162.42","0.0","","","","","","",""
"2015.0","1.0","12.0","12.0","14552.0","0.55","0.95","0.0","1.05","0.95","1.0","0.0","0.0","0.0","0.0","25.23","52.16","214.58","107.29","189.35","162.42","0.0","","","","","","",""
"2015.0","1.0","13.0","13.0","14552.0","0.53","0.95","0.0","1.18","0.95","1.12","0.0","0.0","0.0","0.0","26.35","52.16","214.58","107.29","188.23","162.42","0.0","","","","","","",""
"2015.0","1.0","14.0","14.0","14552.0","0.53","0.95","0.0","0.69","0.95","0.66","0.0","0.0","0.0","0.0","27.01","52.16","214.58","107.29","187.57","162.42","0.0","","","","","","",""
"2015.0","1.0","15.0","15.0","14552.0","0.52","0.95","0.0","0.69","0.95","0.66","0.0","0.0","0.0","0.0","27.66","52.16","214.58","107.29","186.92","162.42","0.0","","","","","","",""
"2015.0","1.0","16.0","16.0","14552.0","0.52","0.95","0.0","0.57","0.95","0.54","0.0","0.0","0.0","0.0","28.2","52.16","214.58","107.29","186.38","162.42","0.0","","","","","","",""
"2015.0","1.0","17.0","17.0","14552.0","0.51","0.95","0.0","0.56","0.95","0.53","0.01","0.01","0.0","0.0","28.72","52.16","214.58","107.29","185.85","162.42","0.0","","","","","","",""
"2015.0","1.0","18.0","18.0","14552.0","0.51","0.95","0.0","0.61","0.95","0.58","0.0","0.0","0.0","0.0","29.3","52.16","214.58","107.29","185.28","162.42","0.0","","","","","","",""
"2015.0","1.0","19.0","19.0","14552.0","0.5","0.95","0.0","0.7","0.95","0.67","0.0","0.0","0.0","0.0","29.97","52.16","214.58","107.29","184.61","162.42","0.0","","","","","","",""
"2015.0","1.0","20.0","20.0","14552.0","0.5","0.95","0.0","0.79","0.95","0.75","0.0","0.0","0.0","0.0","30.72","52.16","214.58","107.29","183.86","162.42","0.0","","","","","","",""
"2015.0","1.0","21.0","21.0","14552.0","0.49","0.95","0.0","0.98","0.95","0.93","0.0","0.0","0.0","0.0","31.65","52.16","214.58","107.29","182.93","162.42","0.0","","","","","","",""
"2015.0","1.0","22.0","22.0","14552.0","0.48","0.95","0.0","0.73","0.95","0.69","0.0","0.0","0.0","0.0","32.34","52.16","214.58","107.29","182.24","162.42","0.0","","","","","","",""
"2015.0","1.0","23.0","23.0","14552.0","0.48","0.95","0.0","0.98","0.95","0.93","0.0","0.0","0.0","0.0","33.27","52.16","214.58","107.29","181.3","162.42","0.0","","","","","","",""
"2015.0","1.0","24.0","24.0","14552.0","0.47","0.95","0.0","0.94","0.95","0.89","0.0","0.0","0.0","0.0","34.17","52.16","214.58","107.29","180.41","162.42","0.0","","","","","","",""
"2015.0","1.0","25.0","25.0","14552.0","0.46","0.95","0.0","1.02","0.95","0.97","0.0","0.0","0.0","0.0","35.14","52.16","214.58","107.29","179.44","162.42","0.0","","","","","","",""
"2015.0","1.0","26.0","26.0","14552.0","0.46","0.95","0.0","1.28","0.95","1.22","0.0","0.0","0.0","0.0","36.35","52.16","214.58","107.29","178.23","162.42","0.0","","","","","","",""
"2015.0","1.0","27.0","27.0","14552.0","0.45","0.95","0.0","1.12","0.95","1.06","0.0","0.0","0.0","0.0","37.42","52.16","214.58","107.29","177.16","162.42","0.0","","","","","","",""
"2015.0","1.0","28.0","28.0","14552.0","0.44","0.95","0.0","1.53","0.95","1.45","0.0","0.0","0.0","0.0","38.87","52.16","214.58","107.29","175.71","162.42","0.0","","","","","","",""
"2015.0","1.0","29.0","29.0","14552.0","0.43","0.95","0.0","1.43","0.95","1.36","0.0","0.0","0.0","0.0","40.23","52.16","214.58","107.29","174.35","162.42","0.0","","","","","","",""
"2015.0","1.0","30.0","30.0","14552.0","0.42","0.95","0.0","1.93","0.95","1.83","0.0","0.0","0.0","0.0","42.06","52.16","214.58","107.29","172.52","162.42","0.0","","","","","","",""
"2015.0","1.0","31.0","31.0","14552.0","0.41","0.95","0.0","3.46","0.95","3.29","0.0","0.0","0.0","0.0","45.35","52.16","214.58","107.29","169.23","162.42","0.0","","","","","","",""
"2015.0","2.0","1.0","32.0","14552.0","0.4","0.95","0.0","1.44","0.95","1.37","0.0","0.0","0.0","0.0","46.72","52.16","214.58","107.29","167.86","162.42","0.0","","","","","","",""
"2015.0","2.0","2.0","33.0","14552.0","0.4","0.95","0.0","1.46","0.95","1.39","0.0","0.0","0.0","0.0","48.1","52.16","214.58","107.29","166.47","162.42","0.0","","","","","","",""
"2015.0","2.0","3.0","34.0","14552.0","0.39","0.95","0.0","1.52","0.95","1.44","0.0","0.0","0.0","0.0","49.55","52.16","214.58","107.29","165.03","162.42","0.0","","","","","","",""
"2015.0","2.0","4.0","35.0","14552.0","0.38","0.95","0.0","1.4","0.95","1.33","0.0","0.0","0.0","0.0","50.88","52.16","214.58","107.29","163.7","162.42","0.0","","","","","","",""
"2015.0","2.0","5.0","36.0","14552.0","0.38","0.95","0.0","1.08","0.95","1.03","0.0","0.0","0.0","0.0","51.9","52.16","214.58","107.29","162.67","162.42","0.0","","","","","","",""
"2015.0","2.0","6.0","37.0","14552.0","0.37","0.95","0.0","2.04","0.95","1.94","0.04","0.04","0.0","0.0","0.0","52.16","214.58","107.29","214.58","162.42","53.8","","","","","","",""
"2015.0","2.0","7.0","38.0","14552.0","1.16","0.95","0.0","1.42","1.16","1.65","27.21","1.65","0.0","0.0","0.0","52.16","214.58","107.29","214.58","162.42","0.0","","","","","","",""
"2015.0","2.0","8.0","39.0","14552.0","1.17","0.95","0.0","1.3","1.17","1.52","4.76","1.52","0.0","0.0","0.0","52.16","214.58","107.29","214.58","162.42","0.0","","","","","","",""
"2015.0","2.0","9.0","40.0","14552.0","1.14","0.95","0.0","2.0","1.14","2.28","20.3","2.28","0.0","0.0","0.0","52.16","214.58","107.29","214.58","162.42","0.0","","","","","","",""
"2015.0","2.0","10.0","41.0","14552.0","1.14","0.95","0.0","1.82","1.14","2.08","0.0","0.0","0.0","0.0","2.08","52.16","214.58","107.29","212.5","162.42","0.0","","","","","","",""
"2015.0","2.0","11.0","42.0","14552.0","1.15","0.95","0.0","1.61","1.15","1.85","0.0","0.0","0.0","0.0","3.93","52.16","214.58","107.29","210.65","162.42","0.0","","","","","","",""
"2015.0","2.0","12.0","43.0","14552.0","1.02","0.95","0.0","1.97","1.02","2.02","0.0","0.0","0.0","0.0","5.94","52.16","214.58","107.29","208.63","162.42","0.0","","","","","","",""
"2015.0","2.0","13.0","44.0","14552.0","0.91","0.95","0.0","2.0","0.95","1.9","0.0","0.0","0.0","0.0","7.84","52.16","214.58","107.29","206.73","162.42","0.0","","","","","","",""
"2015.0","2.0","14.0","45.0","14552.0","0.82","0.95","0.0","2.16","0.95","2.05","0.0","0.0","0.0","0.0","9.9","52.16","214.58","107.29","204.68","162.42","0.0","","","","","","",""
"2015.0","2.0","15.0","46.0","14552.0","0.75","0.95","0.0","2.09","0.95","1.99","0.0","0.0","0.0","0.0","11.88","52.16","214.58","107.29","202.7","162.42","0.0","","","","","","",""
"2015.0","2.0","16.0","47.0","14552.0","0.7","0.95","0.0","2.19","0.95","2.08","0.0","0.0","0.0","0.0","13.96","52.16","214.58","107.29","200.62","162.42","0.0","","","","","","",""
"2015.0","2.0","17.0","48.0","14552.0","0.66","0.95","0.0","1.85","0.95","1.76","0.0","0.0","0.0","0.0","15.72","52.16","214.58","107.29","198.86","162.42","0.0","","","","","","",""
"2015.0","2.0","18.0","49.0","14552.0","0.63","0.95","0.0","1.58","0.95","1.5","0.0","0.0","0.0","0.0","17.22","52.16","214.58","107.29","197.36","162.42","0.0","","","","","","",""
"2015.0","2.0","19.0","50.0","14552.0","0.62","0.95","0.0","1.04","0.95","0.99","0.0","0.0","0.0","0.0","18.21","52.16","214.58","107.29","196.37","162.42","0.0","","","","","","",""
"2015.0","2.0","20.0","51.0","14552.0","0.59","0.95","0.0","2.0","0.95","1.9","0.0","0.0","0.0","0.0","20.11","52.16","214.58","107.29","194.47","162.42","0.0","","","","","","",""
"2015.0","2.0","21.0","52.0","14552.0","0.57","0.95","0.0","1.73","0.95","1.64","0.0","0.0","0.0","0.0","21.75","52.16","214.58","107.29","192.83","162.42","0.0","","","","","","",""
"2015.0","2.0","22.0","53.0","14552.0","0.53","0.95","0.0","3.63","0.95","3.45","0.0","0.0","0.0","0.0","25.2","52.16","214.58","107.29","189.38","162.42","0.0","","","","","","",""
"2015.0","2.0","23.0","54.0","14552.0","0.49","0.95","0.0","4.25","0.95","4.04","0.0","0.0","0.0","0.0","29.24","52.16","214.58","107.29","185.34","162.42","0.0","","","","","","",""
"2015.0","2.0","24.0","55.0","14552.0","0.47","0.95","0.0","2.81","0.95","2.67","0.0","0.0","0.0","0.0","31.91","52.16","214.58","107.29","182.67","162.42","0.0","","","","","","",""
"2015.0","2.0","25.0","56.0","14552.0","0.46","0.95","0.0","2.18","0.95","2.07","0.0","0.0","0.0","0.0","33.98","52.16","214.58","107.29","180.6","162.42","0.0","","","","","","",""
"2015.0","2.0","26.0","57.0","14552.0","0.44","0.95","0.0","3.03","0.95","2.88","0.0","0.0","0.0","0.0","36.86","52.16","214.58","107.29","177.72","162.42","0.0","","","","","","",""
"2015.0","2.0","27.0","58.0","14552.0","0.42","0.95","0.0","2.87","0.95","2.73","0.0","0.0","0.0","0.0","39.58","52.16","214.58","107.29","175.0","162.42","0.0","","","","","","",""
"2015.0","2.0","28.0","59.0","14552.0","0.41","0.95","0.0","2.01","0.95","1.91","0.0","0.0","0.0","0.0","41.49","52.16","214.58","107.29","173.09","162.42","0.0","","","","","","",""
"2015.0","3.0","1.0","60.0","14552.0","0.4","0.95","0.0","2.65","0.95","2.52","0.0","0.0","0.0","0.0","44.01","52.16","214.58","107.29","170.57","162.42","0.0","","","","","","",""
"2015.0","3.0","2.0","61.0","14552.0","0.39","0.95","0.0","2.24","0.95","2.13","0.0","0.0","0.0","0.0","46.14","52.16","214.58","107.29","168.44","162.42","0.0","","","","","","",""
"2015.0","3.0","3.0","62.0","14552.0","1.12","0.95","0.0","2.55","1.12","2.85","3.36","3.36","0.0","0.0","45.63","52.16","214.58","107.29","168.95","162.42","0.0","","","","","","",""
"2015.0","3.0","4.0","63.0","14552.0","1.12","0.95","0.0","2.6","1.12","2.9","0.0","0.0","0.0","0.0","48.53","52.16","214.58","107.29","166.04","162.42","0.0","","","","","","",""
"2015.0","3.0","5.0","64.0","14552.0","0.97","0.95","0.0","2.79","0.97","2.72","0.0","0.0","0.0","0.0","51.25","52.16","214.58","107.29","163.33","162.42","0.0","","","","","","",""
"2015.0","3.0","6.0","65.0","14552.0","0.83","0.95","0.0","2.99","0.95","2.84","0.0","0.0","0.0","0.0","0.0","52.16","214.58","107.29","214.58","162.42","54.09","","","","","","",""
"2015.0","3.0","7.0","66.0","14552.0","0.74","0.95","0.0","2.81","0.95","2.67","0.0","0.0","0.0","0.0","2.67","52.16","214.58","107.29","211.91","162.42","0.0","","","","","","",""
"2015.0","3.0","8.0","67.0","14552.0","0.67","0.95","0.0","2.94","0.95","2.79","0.0","0.0","0.0","0.0","5.46","52.16","214.58","107.29","209.12","162.42","0.0","","","","","","",""
"2015.0","3.0","9.0","68.0","14552.0","0.62","0.95","0.0","2.98","0.95","2.83","0.0","0.0","0.0","0.0","8.29","52.16","214.58","107.29","206.29","162.42","0.0","","","","","","",""
"2015.0","3.0","10.0","69.0","14552.0","0.58","0.95","0.0","2.3","0.95","2.19","0.0","0.0","0.0","0.0","10.48","52.16","214.58","107.29","204.1","162.42","0.0","","","","","","",""
"2015.0","3.0","11.0","70.0","14552.0","0.56","0.95","0.0","2.11","0.95","2.0","0.83","0.83","0.0","0.0","11.65","52.16","214.58","107.29","202.93","162.42","0.0","","","","","","",""
"2015.0","3.0","12.0","71.0","14552.0","1.08","0.95","0.0","3.41","1.08","3.7","4.58","4.58","0.0","0.0","10.77","52.16","214.58","107.29","203.81","162.42","0.0","","","","","","",""
"2015.0","3.0","13.0","72.0","14552.0","1.07","0.95","0.0","3.03","1.07","3.24","0.0","0.0","0.0","0.0","14.01","52.16","214.58","107.29","200.57","162.42","0.0","","","","","","",""
"2015.0","3.0","14.0","73.0","14552.0","0.87","0.95","0.0","3.23","0.95","3.07","0.0","0.0","0.0","0.0","17.08","52.16","214.58","107.29","197.5","162.42","0.0","","","","","","",""
"2015.0","3.0","15.0","74.0","14552.0","0.74","0.95","0.0","3.74","0.95","3.55","0.0","0.0","0.0","0.0","20.63","52.16","214.58","107.29","193.95","162.42","0.0","","","","","","",""
"2015.0","3.0","16.0","75.0","14552.0","0.68","0.95","0.0","2.43","0.95","2.31","0.0","0.0","0.0","0.0","22.94","52.16","214.58","107.29","191.64","162.42","0.0","","","","","","",""
"2015.0","3.0","17.0","76.0","14552.0","0.62","0.95","0.0","3.53","0.95","3.35","0.0","0.0","0.0","0.0","26.29","52.16","214.58","107.29","188.28","162.42","0.0","","","","","","",""
"2015.0","3.0","18.0","77.0","14552.0","0.56","0.95","0.0","3.85","0.95","3.66","0.01","0.01","0.0","0.0","29.94","52.16","214.58","107.29","184.64","162.42","0.0","","","","","","",""
"2015.0","3.0","19.0","78.0","14552.0","0.52","0.95","0.0","3.88","0.95","3.69","0.0","0.0","0.0","0.0","33.63","52.16","214.58","107.29","180.95","162.42","0.0","","","","","","",""
"2015.0","3.0","20.0","79.0","14552.0","0.49","0.95","0.0","3.07","0.95","2.92","0.0","0.0","0.0","0.0","36.54","52.16","214.58","107.29","178.03","162.42","0.0","","","","","","",""
"2015.0","3.0","21.0","80.0","14552.0","0.47","0.95","0.0","3.6","0.95","3.42","0.0","0.0","0.0","0.0","39.96","52.16","214.58","107.29","174.61","162.42","0.0","","","","","","",""
"2015.0","3.0","22.0","81.0","14552.0","0.44","0.95","0.0","3.31","0.95","3.14","0.0","0.0","0.0","0.0","43.11","52.16","214.58","107.29","171.47","162.42","0.0","","","","","","",""
"2015.0","3.0","23.0","82.0","14552.0","0.43","0.95","0.0","3.28","0.95","3.12","0.11","0.11","0.0","0.0","46.11","52.16","214.58","107.29","168.46","162.42","0.0","","","","","","",""
"2015.0","3.0","24.0","83.0","14552.0","0.41","0.95","0.0","3.19","0.95","3.03","0.0","0.0","0.0","0.0","49.15","52.16","214.58","107.29","165.43","162.42","0.0","","","","","","",""
"2015.0","3.0","25.0","84.0","14552.0","0.39","0.95","0.0","4.18","0.95","3.97","0.0","0.0","0.0","0.0","0.0","52.16","214.58","107.29","214.58","162.42","53.12","","","","","","",""
"2015.0","3.0","26.0","85.0","14552.0","0.38","0.95","0.0","3.88","0.95","3.69","0.0","0.0","0.0","0.0","3.69","52.16","214.58","107.29","210.89","162.42","0.0","","","","","","",""
"2015.0","3.0","27.0","86.0","14552.0","0.36","0.95","0.0","4.4","0.95","4.18","0.0","0.0","0.0","0.0","7.87","52.16","214.58","107.29","206.71","162.42","0.0","","","","","","",""
"2015.0","3.0","28.0","87.0","14552.0","0.35","0.95","0.0","4.93","0.95","4.68","0.0","0.0","0.0","0.0","12.55","52.16","214.58","107.29","202.03","162.42","0.0","","","","","","",""
"2015.0","3.0","29.0","88.0","14552.0","0.33","0.95","0.0","4.71","0.95","4.47","0.0","0.0","0.0","0.0","17.02","52.16","214.58","107.29","197.56","162.42","0.0","","","","","","",""
"2015.0","3.0","30.0","89.0","14552.0","0.32","0.95","0.0","4.49","0.95","4.27","0.0","0.0","0.0","0.0","21.29","52.16","214.58","107.29","193.29","162.42","0.0","","","","","","",""
"2015.0","3.0","31.0","90.0","14552.0","0.31","0.95","0.0","4.65","0.95","4.42","0.0","0.0","0.0","0.0","25.71","52.16","214.58","107.29","188.87","162.42","0.0","","","","","","",""
"2015.0","4.0","1.0","91.0","14552.0","0.3","0.95","0.0","4.22","0.95","4.01","0.0","0.0","0.0","0.0","29.72","52.16","214.58","107.29","184.86","162.42","0.0","","","","","","",""
"2015.0","4.0","2.0","92.0","14552.0","0.29","0.95","0.0","5.54","0.95","5.26","0.0","0.0","0.0","0.0","34.98","52.16","214.58","107.29","179.6","162.42","0.0","","","","","","",""
"2015.0","4.0","3.0","93.0","14552.0","0.28","0.95","0.0","4.6","0.95","4.37","0.0","0.0","0.0","0.0","39.35","52.16","214.58","107.29","175.23","162.42","0.0","","","","","","",""
"2015.0","4.0","4.0","94.0","14552.0","0.28","0.95","0.0","4.48","0.95","4.26","0.0","0.0","0.0","0.0","43.61","52.16","214.58","107.29","170.97","162.42","0.0","","","","","","",""
"2015.0","4.0","5.0","95.0","14552.0","0.27","0.95","0.0","2.56","0.95","2.43","0.0","0.0","0.0","0.0","46.04","52.16","214.58","107.29","168.54","162.42","0.0","","","","","","",""
"2015.0","4.0","6.0","96.0","14552.0","0.27","0.95","0.0","2.92","0.95","2.77","0.96","0.96","0.0","0.0","47.85","52.16","214.58","107.29","166.73","162.42","0.0","","","","","","",""
"2015.0","4.0","7.0","97.0","14552.0","1.12","0.95","0.0","2.53","1.12","2.83","4.05","4.05","0.0","0.0","46.63","52.16","214.58","107.29","167.95","162.42","0.0","","","","","","",""
"2015.0","4.0","8.0","98.0","14552.0","1.1","0.95","0.0","2.94","1.1","3.24","14.39","14.39","0.0","0.0","35.48","52.16","214.58","107.29","179.1","162.42","0.0","","","","","","",""
"2015.0","4.0","9.0","99.0","14552.0","1.07","0.95","0.0","3.48","1.07","3.73","0.0","0.0","0.0","0.0","39.21","52.16","214.58","107.29","175.37","162.42","0.0","","","","","","",""
"2015.0","4.0","10.0","100.0","14552.0","0.83","0.95","0.0","4.1","0.95","3.9","0.0","0.0","0.0","0.0","43.11","52.16","214.58","107.29","171.47","162.42","0.0","","","","","","",""
"2015.0","4.0","11.0","101.0","14552.0","0.7","0.95","0.0","4.26","0.95","4.05","0.0","0.0","0.0","0.0","47.16","52.16","214.58","107.29","167.42","162.42","0.0","","","","","","",""
"2015.0","4.0","12.0","102.0","14552.0","0.6","0.95","0.0","4.91","0.95","4.66","0.0","0.0","0.0","0.0","51.82","52.16","214.58","107.29","162.76","162.42","0.0","","","","","","",""
"2015.0","4.0","13.0","103.0","14552.0","0.54","0.95","0.0","4.91","0.95","4.66","0.0","0.0","0.0","0.0","0.0","52.16","214.58","107.29","214.58","162.42","56.48","","","","","","",""
"2015.0","4.0","14.0","104.0","14552.0","0.49","0.95","0.0","4.87","0.95","4.63","0.0","0.0","0.0","0.0","4.63","52.16","214.58","107.29","209.95","162.42","0.0","","","","","","",""
"2015.0","4.0","15.0","105.0","14552.0","0.44","0.95","0.0","6.58","0.95","6.25","0.0","0.0","0.0","0.0","10.88","52.16","214.58","107.29","203.7","162.42","0.0","","","","","","",""
"2015.0","4.0","16.0","106.0","14552.0","0.41","0.95","0.0","6.06","0.95","5.76","0.0","0.0","0.0","0.0","16.63","52.16","214.58","107.29","197.94","162.42","0.0","","","","","","",""
"2015.0","4.0","17.0","107.0","14552.0","0.38","0.95","0.0","5.29","0.95","5.03","0.0","0.0","0.0","0.0","21.66","52.16","214.58","107.29","192.92","162.42","0.0","","","","","","",""
"2015.0","4.0","18.0","108.0","14552.0","0.36","0.95","0.0","4.95","0.95","4.7","0.0","0.0","0.0","0.0","26.36","52.16","214.58","107.29","188.22","162.42","0.0","","","","","","",""
"2015.0","4.0","19.0","109.0","14552.0","0.35","0.95","0.0","5.18","0.95","4.92","0.0","0.0","0.0","0.0","31.28","52.16","214.58","107.29","183.3","162.42","0.0","","","","","","",""
"2015.0","4.0","20.0","110.0","14552.0","0.33","0.95","0.0","4.74","0.95","4.5","0.0","0.0","0.0","0.0","35.79","52.16","214.58","107.29","178.79","162.42","0.0","","","","","","",""
"2015.0","4.0","21.0","111.0","14552.0","0.32","0.95","0.0","3.79","0.95","3.6","0.0","0.0","0.0","0.0","39.39","52.16","214.58","107.29","175.19","162.42","0.0","","","","","","",""
"2015.0","4.0","22.0","112.0","14552.0","0.32","0.95","0.0","4.2","0.95","3.99","0.0","0.0","0.0","0.0","43.38","52.16","214.58","107.29","171.2","162.42","0.0","","","","","","",""
"2015.0","4.0","23.0","113.0","14552.0","0.31","0.95","0.0","4.75","0.95","4.51","0.0","0.0","0.0","0.0","47.89","52.16","214.58","107.29","166.69","162.42","0.0","","","","","","",""
"2015.0","4.0","24.0","114.0","14552.0","0.3","0.95","0.0","4.96","0.95","4.71","0.0","0.0","0.0","0.0","0.0","52.16","214.58","107.29","214.58","162.42","52.6","","","","","","",""
"2015.0","4.0","25.0","115.0","14552.0","1.06","0.95","0.0","3.96","1.06","4.2","11.93","4.2","0.0","0.0","0.0","52.16","214.58","107.29","214.58","162.42","0.0","","","","","","",""
"2015.0","4.0","26.0","116.0","14552.0","0.88","0.95","0.0","5.11","0.95","4.85","0.0","0.0","0.0","0.0","4.85","52.16","214.58","107.29","209.72","162.42","0.0","","","","","","",""
"2015.0","4.0","27.0","117.0","14552.0","0.67","0.95","0.0","6.12","0.95","5.81","0.0","0.0","0.0","0.0","10.67","52.16","214.58","107.29","203.91","162.42","0.0","","","","","","",""
"2015.0","4.0","28.0","118.0","14552.0","0.58","0.95","0.0","5.51","0.95","5.23","0.0","0.0","0.0","0.0","15.9","52.16","214.58","107.29","198.68","162.42","0.0","","","","","","",""
"2015.0","4.0","29.0","119.0","14552.0","0.51","0.95","0.0","5.26","0.95","5.0","0.0","0.0","0.0","0.0","20.9","52.16","214.58","107.29","193.68","162.42","0.0","","","","","","",""
"2015.0","4.0","30.0","120.0","14552.0","0.46","0.95","0.0","6.47","0.95","6.15","0.0","0.0","0.0","0.0","27.05","52.16","214.58","107.29","187.53","162.42","0.0","","","","","","",""
"2015.0","5.0","1.0","121.0","14552.0","0.42","0.95","0.0","6.45","0.95","6.13","0.0","0.0","0.0","0.0","33.17","52.16","214.58","107.29","181.41","162.42","0.0","","","","","","",""
"2015.0","5.0","2.0","122.0","14552.0","0.39","0.95","0.0","5.94","0.95","5.64","0.0","0.0","0.0","0.0","38.82","52.16","214.58","107.29","175.76","162.42","0.0","","","","","","",""
"2015.0","5.0","3.0","123.0","14552.0","0.37","0.95","0.0","5.17","0.95","4.91","0.0","0.0","0.0","0.0","43.73","52.16","214.58","107.29","170.85","162.42","0.0","","","","","","",""
"2015.0","5.0","4.0","124.0","14552.0","0.35","0.95","0.0","4.74","0.95","4.5","0.0","0.0","0.0","0.0","48.23","52.16","214.58","107.29","166.35","162.42","0.0","","","","","","",""
"2015.0","5.0","5.0","125.0","14552.0","0.34","0.95","0.0","4.79","0.95","4.55","0.0","0.0","0.0","0.0","0.0","52.16","214.58","107.29","214.58","162.42","52.78","","","","","","",""
"2015.0","5.0","6.0","126.0","14552.0","0.32","0.95","0.0","5.2","0.95","4.94","0.0","0.0","0.0","0.0","4.94","52.16","214.58","107.29","209.64","162.42","0.0","","","","","","",""
"2015.0","5.0","7.0","127.0","14552.0","0.32","0.95","0.0","3.82","0.95","3.63","0.5","0.5","0.0","0.0","8.07","52.16","214.58","107.29","206.51","162.42","0.0","","","","","","",""
"2015.0","5.0","8.0","128.0","14552.0","0.31","0.95","0.0","4.45","0.95","4.23","0.01","0.01","0.0","0.0","12.29","52.16","214.58","107.29","202.29","162.42","0.0","","","","","","",""
"2015.0","5.0","9.0","129.0","14552.0","0.3","0.95","0.0","4.99","0.95","4.74","0.0","0.0","0.0","0.0","17.03","52.16","214.58","107.29","197.55","162.42","0.0","","","","","","",""
"2015.0","5.0","10.0","130.0","14552.0","0.29","0.95","0.0","5.12","0.95","4.86","0.0","0.0","0.0","0.0","21.89","52.16","214.58","107.29","192.69","162.42","0.0","","","","","","",""
"2015.0","5.0","11.0","131.0","14552.0","0.28","0.95","0.0","5.11","0.95","4.85","0.0","0.0","0.0","0.0","26.75","52.16","214.58","107.29","187.83","162.42","0.0","","","","","","",""
"2015.0","5.0","12.0","132.0","14552.0","0.27","0.95","0.0","5.01","0.95","4.76","0.0","0.0","0.0","0.0","31.51","52.16","214.58","107.29","183.07","162.42","0.0","","","","","","",""
"2015.0","5.0","13.0","133.0","14552.0","0.26","0.95","0.0","4.72","0.95","4.48","0.0","0.0","0.0","0.0","35.99","52.16","214.58","107.29","178.59","162.42","0.0","","","","","","",""
"2015.0","5.0","14.0","134.0","14552.0","0.26","0.95","0.0","3.63","0.95","3.45","0.0","0.0","0.0","0.0","39.44","52.16","214.58","107.29","175.14","162.42","0.0","","","","","","",""
"2015.0","5.0","15.0","135.0","14552.0","0.25","0.95","0.0","4.7","0.95","4.47","0.06","0.06","0.0","0.0","43.84","52.16","214.58","107.29","170.74","162.42","0.0","","","","","","",""
"2015.0","5.0","16.0","136.0","14552.0","0.25","0.95","0.0","4.79","0.95","4.55","0.0","0.0","0.0","0.0","48.39","52.16","214.58","107.29","166.19","162.42","0.0","","","","","","",""
"2015.0","5.0","17.0","137.0","14552.0","0.24","0.95","0.0","3.87","0.95","3.68","0.0","0.0","0.0","0.0","52.07","52.16","214.58","107.29","162.51","162.42","0.0","","","","","","",""
"2015.0","5.0","18.0","138.0","14552.0","0.24","0.95","0.0","4.77","0.95","4.53","0.0","0.0","0.0","0.0","0.0","52.16","214.58","107.29","214.58","162.42","56.6","","","","","","",""
"2015.0","5.0","19.0","139.0","14552.0","0.24","0.95","0.0","4.98","0.95","4.73","0.0","0.0","0.0","0.0","4.73","52.16","214.58","107.29","209.85","162.42","0.0","","","","","","",""
"2015.0","5.0","20.0","140.0","14552.0","0.23","0.95","0.0","4.89","0.95","4.65","0.0","0.0","0.0","0.0","9.38","52.16","214.58","107.29","205.2","162.42","0.0","","","","","","",""
"2015.0","5.0","21.0","141.0","14552.0","0.23","0.95","0.0","4.59","0.95","4.36","0.0","0.0","0.0","0.0","13.74","52.16","214.58","107.29","200.84","162.42","0.0","","","","","","",""
"2015.0","5.0","22.0","142.0","14552.0","0.22","0.95","0.0","4.9","0.95","4.66","0.0","0.0","0.0","0.0","18.39","52.16","214.58","107.29","196.19","162.42","0.0","","","","","","",""
"2015.0","5.0","23.0","143.0","14552.0","0.22","0.95","0.0","4.73","0.95","4.49","0.0","0.0","0.0","0.0","22.89","52.16","214.58","107.29","191.69","162.42","0.0","","","","","","",""
"2015.0","5.0","24.0","144.0","14552.0","0.21","0.95","0.0","5.57","0.95","5.29","0.0","0.0","0.0","0.0","28.18","52.16","214.58","107.29","186.4","162.42","0.0","","","","","","",""
"2015.0","5.0","25.0","145.0","14552.0","0.21","0.95","0.0","5.38","0.95","5.11","0.0","0.0","0.0","0.0","33.29","52.16","214.58","107.29","181.29","162.42","0.0","","","","","","",""
"2015.0","5.0","26.0","146.0","14552.0","0.21","0.95","0.0","5.42","0.95","5.15","0.0","0.0","0.0","0.0","38.44","52.16","214.58","107.29","176.14","162.42","0.0","","","","","","",""
"2015.0","5.0","27.0","147.0","14552.0","0.2","0.95","0.0","5.47","0.95","5.2","0.0","0.0","0.0","0.0","43.63","52.16","214.58","107.29","170.95","162.42","0.0","","","","","","",""
"2015.0","5.0","28.0","148.0","14552.0","0.2","0.95","0.0","5.36","0.95","5.09","0.0","0.0","0.0","0.0","48.73","52.16","214.58","107.29","165.85","162.42","0.0","","","","","","",""
"2015.0","5.0","29.0","149.0","14552.0","0.2","0.95","0.0","5.96","0.95","5.66","0.0","0.0","0.0","0.0","0.0","52.16","214.58","107.29","214.58","162.42","54.39","","","","","","",""
"2015.0","5.0","30.0","150.0","14552.0","0.19","0.95","0.0","6.29","0.95","5.98","0.0","0.0","0.0","0.0","5.98","52.16","214.58","107.29","208.6","162.42","0.0","","","","","","",""
"2015.0","5.0","31.0","151.0","14552.0","0.19","0.95","0.0","5.29","0.95","5.03","0.0","0.0","0.0","0.0","11.0","52.16","214.58","107.29","203.58","162.42","0.0","","","","","","",""
"2015.0","6.0","1.0","152.0","14552.0","0.19","0.95","0.0","5.34","0.95","5.07","0.0","0.0","0.0","0.0","16.07","52.16","214.58","107.29","198.51","162.42","0.0","","","","","","",""
"2015.0","6.0","2.0","153.0","14552.0","0.19","0.95","0.0","5.63","0.95","5.35","0.0","0.0","0.0","0.0","21.42","52.16","214.58","107.29","193.16","162.42","0.0","","","","","","",""
"2015.0","6.0","3.0","154.0","14552.0","0.18","0.95","0.0","5.42","0.95","5.15","0.0","0.0","0.0","0.0","26.57","52.16","214.58","107.29","188.01","162.42","0.0","","","","","","",""
"2015.0","6.0","4.0","155.0","14552.0","0.18","0.95","0.0","5.87","0.95","5.58","0.0","0.0","0.0","0.0","32.15","52.16","214.58","107.29","182.43","162.42","0.0","","","","","","",""
"2015.0","6.0","5.0","156.0","14552.0","0.18","0.95","0.0","6.78","0.95","6.44","0.0","0.0","0.0","0.0","38.59","52.16","214.58","107.29","175.99","162.42","0.0","","","","","","",""
"2015.0","6.0","6.0","157.0","14552.0","0.17","0.95","0.0","6.33","0.95","6.01","0.0","0.0","0.0","0.0","44.6","52.16","214.58","107.29","169.98","162.42","0.0","","","","","","",""
"2015.0","6.0","7.0","158.0","14552.0","0.17","0.95","0.0","6.88","0.95","6.54","0.0","0.0","0.0","0.0","51.14","52.16","214.58","107.29","163.44","162.42","0.0","","","","","","",""
"2015.0","6.0","8.0","159.0","14552.0","0.17","0.95","0.0","7.31","0.95","6.94","0.0","0.0","0.0","0.0","0.0","52.16","214.58","107.29","214.58","162.42","58.08","","","","","","",""
"2015.0","6.0","9.0","160.0","14552.0","0.17","0.95","0.0","6.91","0.95","6.56","0.0","0.0","0.0","0.0","6.56","52.16","214.58","107.29","208.01","162.42","0.0","","","","","","",""
"2015.0","6.0","10.0","161.0","14552.0","0.17","0.95","0.0","2.53","0.95","2.4","0.32","0.32","0.0","0.0","8.65","52.16","214.58","107.29","205.93","162.42","0.0","","","","","","",""
"2015.0","6.0","11.0","162.0","14552.0","0.16","0.95","0.0","7.0","0.95","6.65","1.59","1.59","0.0","0.0","13.71","52.16","214.58","107.29","200.87","162.42","0.0","","","","","","",""
"2015.0","6.0","12.0","163.0","14552.0","0.16","0.95","0.0","7.84","0.95","7.45","0.0","0.0","0.0","0.0","21.16","52.16","214.58","107.29","193.42","162.42","0.0","","","","","","",""
"2015.0","6.0","13.0","164.0","14552.0","0.16","0.95","0.0","7.39","0.95","7.02","0.0","0.0","0.0","0.0","28.18","52.16","214.58","107.29","186.4","162.42","0.0","","","","","","",""
"2015.0","6.0","14.0","165.0","14552.0","0.16","0.95","0.0","6.62","0.95","6.29","0.0","0.0","0.0","0.0","34.47","52.16","214.58","107.29","180.11","162.42","0.0","","","","","","",""
"2015.0","6.0","15.0","166.0","14552.0","0.15","0.95","0.0","6.43","0.95","6.11","0.0","0.0","0.0","0.0","40.57","52.16","214.58","107.29","174.01","162.42","0.0","","","","","","",""
"2015.0","6.0","16.0","167.0","14552.0","0.15","0.95","0.0","6.82","0.95","6.48","0.02","0.02","0.0","0.0","47.03","52.16","214.58","107.29","167.55","162.42","0.0","","","","","","",""
"2015.0","6.0","17.0","168.0","14552.0","0.15","0.95","0.0","6.84","0.95","6.5","0.0","0.0","0.0","0.0","0.0","52.16","214.58","107.29","214.58","162.42","53.53","","","","","","",""
"2015.0","6.0","18.0","169.0","14552.0","0.15","0.95","0.0","7.46","0.95","7.09","0.0","0.0","0.0","0.0","7.09","52.16","214.58","107.29","207.49","162.42","0.0","","","","","","",""
"2015.0","6.0","19.0","170.0","14552.0","0.15","0.95","0.0","7.3","0.95","6.94","0.0","0.0","0.0","0.0","14.02","52.16","214.58","107.29","200.56","162.42","0.0","","","","","","",""
"2015.0","6.0","20.0","171.0","14552.0","0.15","0.95","0.0","6.95","0.95","6.6","0.0","0.0","0.0","0.0","20.62","52.16","214.58","107.29","193.95","162.42","0.0","","","","","","",""
"2015.0","6.0","21.0","172.0","14552.0","0.14","0.95","0.0","7.44","0.95","7.07","0.0","0.0","0.0","0.0","27.69","52.16","214.58","107.29","186.89","162.42","0.0","","","","","","",""
"2015.0","6.0","22.0","173.0","14552.0","0.14","0.95","0.0","6.8","0.95","6.46","0.0","0.0","0.0","0.0","34.15","52.16","214.58","107.29","180.43","162.42","0.0","","","","","","",""
"2015.0","6.0","23.0","174.0","14552.0","0.14","0.95","0.0","7.3","0.95","6.94","0.0","0.0","0.0","0.0","41.09","52.16","214.58","107.29","173.49","162.42","0.0","","","","","","",""
"2015.0","6.0","24.0","175.0","14552.0","0.14","0.95","0.0","7.32","0.95","6.95","0.0","0.0","0.0","0.0","48.04","52.16","214.58","107.29","166.54","162.42","0.0","","","","","","",""
"2015.0","6.0","25.0","176.0","14552.0","0.14","0.95","0.0","7.89","0.95","7.5","0.0","0.0","0.0","0.0","0.0","52.16","214.58","107.29","214.58","162.42","55.54","","","","","","",""
"2015.0","6.0","26.0","177.0","14552.0","0.14","0.95","0.0","8.25","0.95","7.84","0.0","0.0","0.0","0.0","7.84","52.16","214.58","107.29","206.74","162.42","0.0","","","","","","",""
"2015.0","6.0","27.0","178.0","14552.0","0.13","0.95","0.0","6.73","0.95","6.39","0.0","0.0","0.0","0.0","14.23","52.16","214.58","107.29","200.35","162.42","0.0","","","","","","",""
"2015.0","6.0","28.0","179.0","14552.0","0.13","0.95","0.0","7.15","0.95","6.79","0.0","0.0","0.0","0.0","21.02","52.16","214.58","107.29","193.56","162.42","0.0","","","","","","",""
"2015.0","6.0","29.0","180.0","14552.0","0.13","0.95","0.0","7.45","0.95","7.08","0.0","0.0","0.0","0.0","28.1","52.16","214.58","107.29","186.48","162.42","0.0","","","","","","",""
"2015.0","6.0","30.0","181.0","14552.0","0.13","0.95","0.0","7.57","0.95","7.19","0.0","0.0","0.0","0.0","35.29","52.16","214.58","107.29","179.29","162.42","0.0","","","","","","",""
"2015.0","7.0","1.0","182.0","14552.0","0.13","0.95","0.0","7.43","0.95","7.06","0.0","0.0","0.0","0.0","42.35","52.16","214.58","107.29","172.23","162.42","0.0","","","","","","",""
"2015.0","7.0","2.0","183.0","14552.0","0.13","0.95","0.0","6.96","0.95","6.61","0.0","0.0","0.0","0.0","48.96","52.16","214.58","107.29","165.62","162.42","0.0","","","","","","",""
"2015.0","7.0","3.0","184.0","14552.0","0.13","0.95","0.0","7.37","0.95","7.0","0.0","0.0","0.0","0.0","0.0","52.16","214.58","107.29","214.58","162.42","55.96","","","","","","",""
"2015.0","7.0","4.0","185.0","14552.0","0.13","0.95","0.0","7.87","0.95","7.48","0.0","0.0","0.0","0.0","7.48","52.16","214.58","107.29","207.1","162.42","0.0","","","","","","",""
"2015.0","7.0","5.0","186.0","14552.0","0.12","0.95","0.0","7.15","0.95","6.79","0.0","0.0","0.0","0.0","14.27","52.16","214.58","107.29","200.31","162.42","0.0","","","","","","",""
"2015.0","7.0","6.0","187.0","14552.0","0.12","0.95","0.0","7.23","0.95","6.87","0.0","0.0","0.0","0.0","21.14","52.16","214.58","107.29","193.44","162.42","0.0","","","","","","",""
"2015.0","7.0","7.0","188.0","14552.0","0.12","0.95","0.0","6.75","0.95","6.41","0.0","0.0","0.0","0.0","27.55","52.16","214.58","107.29","187.03","162.42","0.0","","","","","","",""
"2015.0","7.0","8.0","189.0","14552.0","0.12","0.95","0.0","6.26","0.95","5.95","0.0","0.0","0.0","0.0","33.5","52.16","214.58","107.29","181.08","162.42","0.0","","","","","","",""
"2015.0","7.0","9.0","190.0","14552.0","0.12","0.95","0.0","4.34","0.95","4.12","0.0","0.0","0.0","0.0","37.62","52.16","214.58","107.29","176.96","162.42","0.0","","","","","","",""
"2015.0","7.0","10.0","191.0","14552.0","0.12","0.95","0.0","5.16","0.95","4.9","0.0","0.0","0.0","0.0","42.52","52.16","214.58","107.29","172.06","162.42","0.0","","","","","","",""
"2015.0","7.0","11.0","192.0","14552.0","0.12","0.95","0.0","6.34","0.95","6.02","0.0","0.0","0.0","0.0","48.55","52.16","214.58","107.29","166.03","162.42","0.0","","","","","","",""
"2015.0","7.0","12.0","193.0","14552.0","0.12","0.95","0.0","6.49","0.95","6.17","0.0","0.0","0.0","0.0","0.0","52.16","214.58","107.29","214.58","162.42","54.71","","","","","","",""
"2015.0","7.0","13.0","194.0","14552.0","0.12","0.95","0.0","6.6","0.95","6.27","0.0","0.0","0.0","0.0","6.27","52.16","214.58","107.29","208.31","162.42","0.0","","","","","","",""
"2015.0","7.0","14.0","195.0","14552.0","0.12","0.95","0.0","6.42","0.95","6.1","0.0","0.0","0.0","0.0","12.37","52.16","214.58","107.29","202.21","162.42","0.0","","","","","","",""
"2015.0","7.0","15.0","196.0","14552.0","0.12","0.95","0.0","6.62","0.95","6.29","0.0","0.0","0.0","0.0","18.66","52.16","214.58","107.29","195.92","162.42","0.0","","","","","","",""
"2015.0","7.0","16.0","197.0","14552.0","0.12","0.95","0.0","7.07","0.95","6.72","0.0","0.0","0.0","0.0","25.37","52.16","214.58","107.29","189.2","162.42","0.0","","","","","","",""
"2015.0","7.0","17.0","198.0","14552.0","0.11","0.95","0.0","7.25","0.95","6.89","0.0","0.0","0.0","0.0","32.26","52.16","214.58","107.29","182.32","162.42","0.0","","","","","","",""
"2015.0","7.0","18.0","199.0","14552.0","0.11","0.95","0.0","7.24","0.95","6.88","0.0","0.0","0.0","0.0","39.14","52.16","214.58","107.29","175.44","162.42","0.0","","","","","","",""
"2015.0","7.0","19.0","200.0","14552.0","0.11","0.95","0.0","6.8","0.95","6.46","0.0","0.0","0.0","0.0","45.6","52.16","214.58","107.29","168.98","162.42","0.0","","","","","","",""
"2015.0","7.0","20.0","201.0","14552.0","0.11","0.95","0.0","7.29","0.95","6.93","0.0","0.0","0.0","0.0","0.0","52.16","214.58","107.29","214.58","162.42","52.53","","","","","","",""
"2015.0","7.0","21.0","202.0","14552.0","0.11","0.95","0.0","7.21","0.95","6.85","0.0","0.0","0.0","0.0","6.85","52.16","214.58","107.29","207.73","162.42","0.0","","","","","","",""
"2015.0","7.0","22.0","203.0","14552.0","0.11","0.95","0.0","6.8","0.95","6.46","0.0","0.0","0.0","0.0","13.31","52.16","214.58","107.29","201.27","162.42","0.0","","","","","","",""
"2015.0","7.0","23.0","204.0","14552.0","0.11","0.95","0.0","6.1","0.95","5.8","0.0","0.0","0.0","0.0","19.1","52.16","214.58","107.29","195.47","162.42","0.0","","","","","","",""
"2015.0","7.0","24.0","205.0","14552.0","0.11","0.95","0.0","6.35","0.95","6.03","0.0","0.0","0.0","0.0","25.14","52.16","214.58","107.29","189.44","162.42","0.0","","","","","","",""
"2015.0","7.0","25.0","206.0","14552.0","0.11","0.95","0.0","6.41","0.95","6.09","0.0","0.0","0.0","0.0","31.23","52.16","214.58","107.29","183.35","162.42","0.0","","","","","","",""
"2015.0","7.0","26.0","207.0","14552.0","0.11","0.95","0.0","6.42","0.95","6.1","0.0","0.0","0.0","0.0","37.33","52.16","214.58","107.29","177.25","162.42","0.0","","","","","","",""
"2015.0","7.0","27.0","208.0","14552.0","0.11","0.95","0.0","7.39","0.95","7.02","0.0","0.0","0.0","0.0","44.35","52.16","214.58","107.29","170.23","162.42","0.0","","","","","","",""
"2015.0","7.0","28.0","209.0","14552.0","0.11","0.95","0.0","7.74","0.95","7.35","0.0","0.0","0.0","0.0","51.7","52.16","214.58","107.29","162.88","162.42","0.0","","","","","","",""
"2015.0","7.0","29.0","210.0","14552.0","0.11","0.95","0.0","7.42","0.95","7.05","0.0","0.0","0.0","0.0","0.0","52.16","214.58","107.29","214.58","162.42","58.75","","","","","","",""
"2015.0","7.0","30.0","211.0","14552.0","0.11","0.95","0.0","7.73","0.95","7.34","0.0","0.0","0.0","0.0","7.34","52.16","214.58","107.29","207.24","162.42","0.0","","","","","","",""
"2015.0","7.0","31.0","212.0","14552.0","0.1","0.95","0.0","6.63","0.95","6.3","0.0","0.0","0.0","0.0","13.64","52.16","214.58","107.29","200.94","162.42","0.0","","","","","","",""
"2015.0","8.0","1.0","213.0","14552.0","0.1","0.95","0.0","6.93","0.95","6.58","0.0","0.0","0.0","0.0","20.23","52.16","214.58","107.29","194.35","162.42","0.0","","","","","","",""
"2015.0","8.0","2.0","214.0","14552.0","0.1","0.95","0.0","6.78","0.95","6.44","0.0","0.0","0.0","0.0","26.67","52.16","214.58","107.29","187.91","162.42","0.0","","","","","","",""
"2015.0","8.0","3.0","215.0","14552.0","0.1","0.95","0.0","6.81","0.95","6.47","0.0","0.0","0.0","0.0","33.14","52.16","214.58","107.29","181.44","162.42","0.0","","","","","","",""
"2015.0","8.0","4.0","216.0","14552.0","0.1","0.95","0.0","4.69","0.95","4.46","0.0","0.0","0.0","0.0","37.59","52.16","214.58","107.29","176.99","162.42","0.0","","","","","","",""
"2015.0","8.0","5.0","217.0","14552.0","0.1","0.95","0.0","5.76","0.95","5.47","0.0","0.0","0.0","0.0","43.06","52.16","214.58","107.29","171.52","162.42","0.0","","","","","","",""
"2015.0","8.0","6.0","218.0","14552.0","0.1","0.95","0.0","4.25","0.95","4.04","0.0","0.0","0.0","0.0","47.1","52.16","214.58","107.29","167.48","162.42","0.0","","","","","","",""
"2015.0","8.0","7.0","219.0","14552.0","0.1","0.95","0.0","6.71","0.95","6.37","0.0","0.0","0.0","0.0","0.0","52.16","214.58","107.29","214.58","162.42","53.48","","","","","","",""
"2015.0","8.0","8.0","220.0","14552.0","0.1","0.95","0.0","5.96","0.95","5.66","0.0","0.0","0.0","0.0","5.66","52.16","214.58","107.29","208.92","162.42","0.0","","","","","","",""
"2015.0","8.0","9.0","221.0","14552.0","0.1","0.95","0.0","6.56","0.95","6.23","0.0","0.0","0.0","0.0","11.89","52.16","214.58","107.29","202.69","162.42","0.0","","","","","","",""
"2015.0","8.0","10.0","222.0","14552.0","0.1","0.95","0.0","6.58","0.95","6.25","0.0","0.0","0.0","0.0","18.15","52.16","214.58","107.29","196.43","162.42","0.0","","","","","","",""
"2015.0","8.0","11.0","223.0","14552.0","0.1","0.95","0.0","6.4","0.95","6.08","0.0","0.0","0.0","0.0","24.23","52.16","214.58","107.29","190.35","162.42","0.0","","","","","","",""
"2015.0","8.0","12.0","224.0","14552.0","0.1","0.95","0.0","6.33","0.95","6.01","0.0","0.0","0.0","0.0","30.24","52.16","214.58","107.29","184.34","162.42","0.0","","","","","","",""
"2015.0","8.0","13.0","225.0","14552.0","0.1","0.95","0.0","6.45","0.95","6.13","0.0","0.0","0.0","0.0","36.37","52.16","214.58","107.29","178.21","162.42","0.0","","","","","","",""
"2015.0","8.0","14.0","226.0","14552.0","0.1","0.95","0.0","6.13","0.95","5.82","0.0","0.0","0.0","0.0","42.19","52.16","214.58","107.29","172.39","162.42","0.0","","","","","","",""
"2015.0","8.0","15.0","227.0","14552.0","0.1","0.95","0.0","6.42","0.95","6.1","0.0","0.0","0.0","0.0","48.29","52.16","214.58","107.29","166.29","162.42","0.0","","","","","","",""
"2015.0","8.0","16.0","228.0","14552.0","0.1","0.95","0.0","6.66","0.95","6.33","0.0","0.0","0.0","0.0","0.0","52.16","214.58","107.29","214.58","162.42","54.62","","","","","","",""
"2015.0","8.0","17.0","229.0","14552.0","0.1","0.95","0.0","7.09","0.95","6.74","0.0","0.0","0.0","0.0","6.74","52.16","214.58","107.29","207.84","162.42","0.0","","","","","","",""
"2015.0","8.0","18.0","230.0","14552.0","0.1","0.95","0.0","6.79","0.95","6.45","0.0","0.0","0.0","0.0","13.19","52.16","214.58","107.29","201.39","162.42","0.0","","","","","","",""
"2015.0","8.0","19.0","231.0","14552.0","0.1","0.95","0.0","6.18","0.95","5.87","0.0","0.0","0.0","0.0","19.06","52.16","214.58","107.29","195.52","162.42","0.0","","","","","","",""
"2015.0","8.0","20.0","232.0","14552.0","0.1","0.95","0.0","5.52","0.95","5.24","0.0","0.0","0.0","0.0","24.3","52.16","214.58","107.29","190.28","162.42","0.0","","","","","","",""
"2015.0","8.0","21.0","233.0","14552.0","0.09","0.95","0.0","5.62","0.95","5.34","0.0","0.0","0.0","0.0","29.64","52.16","214.58","107.29","184.94","162.42","0.0","","","","","","",""
"2015.0","8.0","22.0","234.0","14552.0","0.09","0.95","0.0","5.69","0.95","5.41","0.0","0.0","0.0","0.0","35.05","52.16","214.58","107.29","179.53","162.42","0.0","","","","","","",""
"2015.0","8.0","23.0","235.0","14552.0","0.09","0.95","0.0","5.75","0.95","5.46","0.0","0.0","0.0","0.0","40.51","52.16","214.58","107.29","174.07","162.42","0.0","","","","","","",""
"2015.0","8.0","24.0","236.0","14552.0","0.09","0.95","0.0","6.23","0.95","5.92","0.0","0.0","0.0","0.0","46.43","52.16","214.58","107.29","168.15","162.42","0.0","","","","","","",""
"2015.0","8.0","25.0","237.0","14552.0","0.09","0.95","0.0","6.51","0.95","6.18","0.0","0.0","0.0","0.0","0.0","52.16","214.58","107.29","214.58","162.42","52.61","","","","","","",""
"2015.0","8.0","26.0","238.0","14552.0","0.09","0.95","0.0","6.64","0.95","6.31","0.0","0.0","0.0","0.0","6.31","52.16","214.58","107.29","208.27","162.42","0.0","","","","","","",""
"2015.0","8.0","27.0","239.0","14552.0","0.09","0.95","0.0","6.82","0.95","6.48","0.0","0.0","0.0","0.0","12.79","52.16","214.58","107.29","201.79","162.42","0.0","","","","","","",""
"2015.0","8.0","28.0","240.0","14552.0","0.09","0.95","0.0","6.79","0.95","6.45","0.0","0.0","0.0","0.0","19.24","52.16","214.58","107.29","195.34","162.42","0.0","","","","","","",""
"2015.0","8.0","29.0","241.0","14552.0","0.09","0.95","0.0","5.21","0.95","4.95","0.0","0.0","0.0","0.0","24.19","52.16","214.58","107.29","190.39","162.42","0.0","","","","","","",""
"2015.0","8.0","30.0","242.0","14552.0","0.09","0.95","0.0","5.54","0.95","5.26","0.0","0.0","0.0","0.0","29.45","52.16","214.58","107.29","185.13","162.42","0.0","","","","","","",""
"2015.0","8.0","31.0","243.0","14552.0","0.09","0.95","0.0","5.7","0.95","5.42","0.0","0.0","0.0","0.0","34.87","52.16","214.58","107.29","179.71","162.42","0.0","","","","","","",""
"2015.0","9.0","1.0","244.0","14552.0","0.09","0.95","0.0","5.68","0.95","5.4","0.0","0.0","0.0","0.0","40.26","52.16","214.58","107.29","174.32","162.42","0.0","","","","","","",""
"2015.0","9.0","2.0","245.0","14552.0","0.09","0.95","0.0","5.54","0.95","5.26","0.0","0.0","0.0","0.0","45.52","52.16","214.58","107.29","169.06","162.42","0.0","","","","","","",""
"2015.0","9.0","3.0","246.0","14552.0","0.09","0.95","0.0","5.19","0.95","4.93","0.0","0.0","0.0","0.0","50.45","52.16","214.58","107.29","164.12","162.42","0.0","","","","","","",""
"2015.0","9.0","4.0","247.0","14552.0","0.09","0.95","0.0","5.28","0.95","5.02","0.0","0.0","0.0","0.0","0.0","52.16","214.58","107.29","214.58","162.42","55.47","","","","","","",""
"2015.0","9.0","5.0","248.0","14552.0","0.09","0.95","0.0","5.7","0.95","5.42","0.0","0.0","0.0","0.0","5.42","52.16","214.58","107.29","209.16","162.42","0.0","","","","","","",""
"2015.0","9.0","6.0","249.0","14552.0","0.09","0.95","0.0","5.21","0.95","4.95","0.0","0.0","0.0","0.0","10.36","52.16","214.58","107.29","204.21","162.42","0.0","","","","","","",""
"2015.0","9.0","7.0","250.0","14552.0","0.09","0.95","0.0","5.47","0.95","5.2","0.0","0.0","0.0","0.0","15.56","52.16","214.58","107.29","199.02","162.42","0.0","","","","","","",""
"2015.0","9.0","8.0","251.0","14552.0","0.09","0.95","0.0","5.43","0.95","5.16","0.0","0.0","0.0","0.0","20.72","52.16","214.58","107.29","193.86","162.42","0.0","","","","","","",""
"2015.0","9.0","9.0","252.0","14552.0","0.09","0.95","0.0","6.14","0.95","5.83","0.0","0.0","0.0","0.0","26.55","52.16","214.58","107.29","188.03","162.42","0.0","","","","","","",""
"2015.0","9.0","10.0","253.0","14552.0","0.09","0.95","0.0","6.51","0.95","6.18","0.0","0.0","0.0","0.0","32.74","52.16","214.58","107.29","181.84","162.42","0.0","","","","","","",""
"2015.0","9.0","11.0","254.0","14552.0","0.09","0.95","0.0","6.2","0.95","5.89","0.0","0.0","0.0","0.0","38.63","52.16","214.58","107.29","175.95","162.42","0.0","","","","","","",""
"2015.0","9.0","12.0","255.0","14552.0","0.09","0.95","0.0","4.62","0.95","4.39","0.0","0.0","0.0","0.0","43.02","52.16","214.58","107.29","171.56","162.42","0.0","","","","","","",""
"2015.0","9.0","13.0","256.0","14552.0","0.09","0.95","0.0","5.3","0.95","5.04","0.0","0.0","0.0","0.0","48.05","52.16","214.58","107.29","166.53","162.42","0.0","","","","","","",""
"2015.0","9.0","14.0","257.0","14552.0","0.09","0.95","0.0","3.97","0.95","3.77","0.0","0.0","0.0","0.0","51.82","52.16","214.58","107.29","162.76","162.42","0.0","","","","","","",""
"2015.0","9.0","15.0","258.0","14552.0","0.09","0.95","0.0","4.59","0.95","4.36","0.0","0.0","0.0","0.0","0.0","52.16","214.58","107.29","214.58","162.42","56.18","","","","","","",""
"2015.0","9.0","16.0","259.0","14552.0","0.09","0.95","0.0","3.31","0.95","3.14","0.0","0.0","0.0","0.0","3.14","52.16","214.58","107.29","211.43","162.42","0.0","","","","","","",""
"2015.0","9.0","17.0","260.0","14552.0","0.09","0.95","0.0","3.92","0.95","3.72","0.05","0.05","0.0","0.0","6.82","52.16","214.58","107.29","207.76","162.42","0.0","","","","","","",""
"2015.0","9.0","18.0","261.0","14552.0","0.09","0.95","0.0","4.51","0.95","4.28","0.0","0.0","0.0","0.0","11.1","52.16","214.58","107.29","203.48","162.42","0.0","","","","","","",""
"2015.0","9.0","19.0","262.0","14552.0","0.09","0.95","0.0","4.71","0.95","4.47","0.0","0.0","0.0","0.0","15.58","52.16","214.58","107.29","199.0","162.42","0.0","","","","","","",""
"2015.0","9.0","20.0","263.0","14552.0","0.09","0.95","0.0","4.75","0.95","4.51","0.0","0.0","0.0","0.0","20.09","52.16","214.58","107.29","194.49","162.42","0.0","","","","","","",""
"2015.0","9.0","21.0","264.0","14552.0","0.09","0.95","0.0","5.54","0.95","5.26","0.0","0.0","0.0","0.0","25.35","52.16","214.58","107.29","189.23","162.42","0.0","","","","","","",""
"2015.0","9.0","22.0","265.0","14552.0","0.09","0.95","0.0","5.48","0.95","5.21","0.0","0.0","0.0","0.0","30.56","52.16","214.58","107.29","184.02","162.42","0.0","","","","","","",""
"2015.0","9.0","23.0","266.0","14552.0","0.09","0.95","0.0","4.54","0.95","4.31","0.0","0.0","0.0","0.0","34.87","52.16","214.58","107.29","179.71","162.42","0.0","","","","","","",""
"2015.0","9.0","24.0","267.0","14552.0","0.09","0.95","0.0","4.54","0.95","4.31","0.0","0.0","0.0","0.0","39.19","52.16","214.58","107.29","175.39","162.42","0.0","","","","","","",""
"2015.0","9.0","25.0","268.0","14552.0","0.08","0.95","0.0","5.54","0.95","5.26","0.0","0.0","0.0","0.0","44.45","52.16","214.58","107.29","170.13","162.42","0.0","","","","","","",""
"2015.0","9.0","26.0","269.0","14552.0","0.08","0.95","0.0","5.3","0.95","5.04","0.0","0.0","0.0","0.0","49.48","52.16","214.58","107.29","165.1","162.42","0.0","","","","","","",""
"2015.0","9.0","27.0","270.0","14552.0","0.08","0.95","0.0","3.95","0.95","3.75","0.0","0.0","0.0","0.0","0.0","52.16","214.58","107.29","214.58","162.42","53.24","","","","","","",""
"2015.0","9.0","28.0","271.0","14552.0","0.08","0.95","0.0","4.53","0.95","4.3","0.0","0.0","0.0","0.0","4.3","52.16","214.58","107.29","210.28","162.42","0.0","","","","","","",""
"2015.0","9.0","29.0","272.0","14552.0","0.08","0.95","0.0","4.09","0.95","3.89","0.0","0.0","0.0","0.0","8.19","52.16","214.58","107.29","206.39","162.42","0.0","","","","","","",""
"2015.0","9.0","30.0","273.0","14552.0","0.08","0.95","0.0","1.96","0.95","1.86","0.0","0.0","0.0","0.0","10.05","52.16","214.58","107.29","204.53","162.42","0.0","","","","","","",""
