" Daily soil water balance output for Pears in 186_Yolo DAU_Co within 05_Sacramento River for WY 2015","","","","","","","","","","","","","","","","","","","","","","","Annual and in-season monthly output  for Pears in 186_Yolo DAU_Co within 05_Sacramento River for WY 2015","","","","","","",""
"Year","Mon","Day","DOY"," Area","OKc","IKc","CCKc","ETo","Kc","ETc","Pcp","Er","Spg","Espg","SWD","SWDx","FC","PWP","SWC"," YT ","NA","","Year","Mon"," Area","ETo","ETc","ETc","ETc","ETc"
" #  "," # "," # ","  #","Acres","   ","   ","    "," mm","mm"," mm"," mm","mm"," mm"," mm "," mm"," mm ","mm"," mm"," mm"," mm"," mm","","#  "," # "," Acres"," mm"," mm","acre-ft"," mm","acre-ft"
"2014.0","10.0","1.0","274.0","401.0","0.56","0.92","0.0","6.18","0.92","5.69","0.0","0.0","0.0","0.0","85.36","102.87","411.48","205.74","326.12","308.61","0.0","","2014.0","10.0","401.0","103.42","90.03","118.444980315","88.68","116.668897638"
"2014.0","10.0","2.0","275.0","401.0","0.52","0.92","0.0","4.2","0.92","3.85","0.0","0.0","0.0","0.0","89.21","102.87","411.48","205.74","322.27","308.61","0.0","","2014.0","11.0","401.0","43.39","42.98","56.5452099738","0.0","0.0"
"2014.0","10.0","3.0","276.0","401.0","0.48","0.91","0.0","4.14","0.91","3.78","0.0","0.0","0.0","0.0","92.99","102.87","411.48","205.74","318.49","308.61","0.0","","2014.0","12.0","401.0","32.08","34.9","45.9150262467","0.0","0.0"
"2014.0","10.0","4.0","277.0","401.0","0.45","0.91","0.0","4.18","0.91","3.8","0.0","0.0","0.0","0.0","96.79","102.87","411.48","205.74","314.69","308.61","0.0","","2015.0","1.0","401.0","33.25","17.16","22.575984252","0.0","0.0"
"2014.0","10.0","5.0","278.0","401.0","0.43","0.9","0.0","4.06","0.9","3.67","0.0","0.0","0.0","0.0","100.46","102.87","411.48","205.74","311.02","308.61","0.0","","2015.0","2.0","401.0","56.91","36.39","47.8752952756","0.0","0.0"
"2014.0","10.0","6.0","279.0","401.0","0.41","0.9","0.0","4.12","0.9","3.71","0.0","0.0","0.0","0.0","0.0","102.87","411.48","205.74","411.48","308.61","104.17","","2015.0","3.0","401.0","104.95","49.39","64.9783136483","73.32","96.461023622"
"2014.0","10.0","7.0","280.0","401.0","0.39","0.9","0.0","4.25","0.9","3.81","0.0","0.0","0.0","0.0","3.81","102.87","411.48","205.74","407.67","308.61","0.0","","2015.0","4.0","401.0","140.99","85.69","112.735203412","123.98","163.110170604"
"2014.0","10.0","8.0","281.0","401.0","0.37","0.89","0.0","4.81","0.89","4.29","0.0","0.0","0.0","0.0","8.11","102.87","411.48","205.74","403.37","308.61","0.0","","2015.0","5.0","401.0","160.57","128.73","169.359350394","164.41","216.300557743"
"2014.0","10.0","9.0","282.0","401.0","0.35","0.89","0.0","4.33","0.89","3.85","0.0","0.0","0.0","0.0","11.95","102.87","411.48","205.74","399.53","308.61","0.0","","2015.0","6.0","401.0","209.56","213.97","281.502526247","220.04","289.48832021"
"2014.0","10.0","10.0","283.0","401.0","0.34","0.88","0.0","3.77","0.88","3.34","0.0","0.0","0.0","0.0","15.29","102.87","411.48","205.74","396.19","308.61","0.0","","2015.0","7.0","401.0","216.77","227.61","299.44753937","227.61","299.44753937"
"2014.0","10.0","11.0","284.0","401.0","0.33","0.88","0.0","3.53","0.88","3.11","0.0","0.0","0.0","0.0","18.4","102.87","411.48","205.74","393.08","308.61","0.0","","2015.0","8.0","401.0","196.26","206.04","271.069685039","203.64","267.912204724"
"2014.0","10.0","12.0","285.0","401.0","0.32","0.88","0.0","6.72","0.88","5.89","0.0","0.0","0.0","0.0","24.29","102.87","411.48","205.74","387.19","308.61","0.0","","2015.0","9.0","401.0","150.85","148.86","195.842716535","143.69","189.04097769"
"2014.0","10.0","13.0","286.0","401.0","0.31","0.87","0.0","4.16","0.87","3.63","0.0","0.0","0.0","0.0","27.92","102.87","411.48","205.74","383.56","308.61","0.0","","","","","","","","",""
"2014.0","10.0","14.0","287.0","401.0","0.3","0.87","0.0","3.14","0.87","2.73","0.0","0.0","0.0","0.0","30.65","102.87","411.48","205.74","380.83","308.61","0.0","","","","","","","","",""
"2014.0","10.0","15.0","288.0","401.0","0.3","0.86","0.0","2.28","0.86","1.97","1.75","1.75","0.0","0.0","30.87","102.87","411.48","205.74","380.61","308.61","0.0","","","","","","","","",""
"2014.0","10.0","16.0","289.0","401.0","0.29","0.86","0.0","2.67","0.86","2.3","0.08","0.08","0.0","0.0","33.08","102.87","411.48","205.74","378.4","308.61","0.0","","","","","","","","",""
"2014.0","10.0","17.0","290.0","401.0","0.29","0.86","0.0","2.51","0.86","2.15","0.0","0.0","0.0","0.0","35.23","102.87","411.48","205.74","376.25","308.61","0.0","","","","","","","","",""
"2014.0","10.0","18.0","291.0","401.0","0.29","0.85","0.0","2.9","0.85","2.47","0.0","0.0","0.0","0.0","37.71","102.87","411.48","205.74","373.77","308.61","0.0","","","","","","","","",""
"2014.0","10.0","19.0","292.0","401.0","0.28","0.85","0.0","3.02","0.85","2.56","0.0","0.0","0.0","0.0","40.27","102.87","411.48","205.74","371.21","308.61","0.0","","","","","","","","",""
"2014.0","10.0","20.0","293.0","401.0","0.28","0.84","0.0","2.28","0.84","1.93","0.0","0.0","0.0","0.0","42.19","102.87","411.48","205.74","369.29","308.61","0.0","","","","","","","","",""
"2014.0","10.0","21.0","294.0","401.0","0.27","0.84","0.0","2.62","0.84","2.2","0.0","0.0","0.0","0.0","44.39","102.87","411.48","205.74","367.09","308.61","0.0","","","","","","","","",""
"2014.0","10.0","22.0","295.0","401.0","0.27","0.84","0.0","2.57","0.84","2.15","0.0","0.0","0.0","0.0","46.54","102.87","411.48","205.74","364.94","308.61","0.0","","","","","","","","",""
"2014.0","10.0","23.0","296.0","401.0","0.27","0.83","0.0","2.45","0.83","2.04","0.0","0.0","0.0","0.0","48.58","102.87","411.48","205.74","362.9","308.61","0.0","","","","","","","","",""
"2014.0","10.0","24.0","297.0","401.0","0.26","0.83","0.0","2.62","0.83","2.17","0.0","0.0","0.0","0.0","50.75","102.87","411.48","205.74","360.73","308.61","0.0","","","","","","","","",""
"2014.0","10.0","25.0","298.0","401.0","0.26","0.82","0.0","2.31","0.82","1.9","0.0","0.0","0.0","0.0","52.66","102.87","411.48","205.74","358.82","308.61","0.0","","","","","","","","",""
"2014.0","10.0","26.0","299.0","401.0","0.26","0.82","0.0","2.62","0.82","2.15","2.42","2.42","0.0","0.0","52.39","102.87","411.48","205.74","359.09","308.61","0.0","","","","","","","","",""
"2014.0","10.0","27.0","300.0","401.0","0.26","0.82","0.0","2.46","0.82","2.01","0.0","0.0","0.0","0.0","54.39","102.87","411.48","205.74","357.09","308.61","0.0","","","","","","","","",""
"2014.0","10.0","28.0","301.0","401.0","0.25","0.81","0.0","2.35","0.81","1.91","0.0","0.0","0.0","0.0","56.3","102.87","411.48","205.74","355.18","308.61","0.0","","","","","","","","",""
"2014.0","10.0","29.0","302.0","401.0","0.25","0.81","0.0","2.4","0.81","1.94","0.0","0.0","0.0","0.0","58.24","102.87","411.48","205.74","353.24","308.61","0.0","","","","","","","","",""
"2014.0","10.0","30.0","303.0","401.0","0.25","0.8","0.0","2.55","0.8","2.05","0.0","0.0","0.0","0.0","60.29","102.87","411.48","205.74","351.19","308.61","0.0","","","","","","","","",""
"2014.0","10.0","31.0","304.0","401.0","0.25","0.8","0.0","1.22","0.8","0.98","0.0","0.0","0.0","0.0","61.27","102.87","411.48","205.74","350.21","308.61","0.0","","","","","","","","",""
"2014.0","11.0","1.0","305.0","401.0","1.15","0.0","0.0","1.85","1.15","2.12","9.51","9.51","0.0","0.0","20.25","20.25","411.48","205.74","391.23","391.23","0.0","","","","","","","","",""
"2014.0","11.0","2.0","306.0","401.0","1.14","0.0","0.0","2.22","1.14","2.53","0.0","0.0","0.0","0.0","22.78","20.25","411.48","205.74","388.7","391.23","0.0","","","","","","","","",""
"2014.0","11.0","3.0","307.0","401.0","1.14","0.0","0.0","1.82","1.14","2.08","0.0","0.0","0.0","0.0","20.25","20.25","411.48","205.74","391.23","391.23","0.0","","","","","","","","",""
"2014.0","11.0","4.0","308.0","401.0","1.01","0.0","0.0","1.76","1.01","1.77","0.0","0.0","0.0","0.0","22.02","20.25","411.48","205.74","389.46","391.23","0.0","","","","","","","","",""
"2014.0","11.0","5.0","309.0","401.0","0.91","0.0","0.0","1.77","0.91","1.6","0.0","0.0","0.0","0.0","20.25","20.25","411.48","205.74","391.23","391.23","0.0","","","","","","","","",""
"2014.0","11.0","6.0","310.0","401.0","0.82","0.0","0.0","1.95","0.82","1.61","0.0","0.0","0.0","0.0","21.86","20.25","411.48","205.74","389.62","391.23","0.0","","","","","","","","",""
"2014.0","11.0","7.0","311.0","401.0","0.76","0.0","0.0","2.02","0.76","1.53","0.0","0.0","0.0","0.0","20.25","20.25","411.48","205.74","391.23","391.23","0.0","","","","","","","","",""
"2014.0","11.0","8.0","312.0","401.0","0.71","0.0","0.0","1.91","0.71","1.36","0.0","0.0","0.0","0.0","21.61","20.25","411.48","205.74","389.87","391.23","0.0","","","","","","","","",""
"2014.0","11.0","9.0","313.0","401.0","0.67","0.0","0.0","1.87","0.67","1.25","0.0","0.0","0.0","0.0","20.25","20.25","411.48","205.74","391.23","391.23","0.0","","","","","","","","",""
"2014.0","11.0","10.0","314.0","401.0","0.63","0.0","0.0","2.04","0.63","1.29","0.0","0.0","0.0","0.0","21.54","20.25","411.48","205.74","389.94","391.23","0.0","","","","","","","","",""
"2014.0","11.0","11.0","315.0","401.0","0.61","0.0","0.0","1.51","0.61","0.92","0.0","0.0","0.0","0.0","20.25","20.25","411.48","205.74","391.23","391.23","0.0","","","","","","","","",""
"2014.0","11.0","12.0","316.0","401.0","0.59","0.0","0.0","1.4","0.59","0.83","0.0","0.0","0.0","0.0","21.08","20.25","411.48","205.74","390.4","391.23","0.0","","","","","","","","",""
"2014.0","11.0","13.0","317.0","401.0","1.18","0.0","0.0","0.94","1.18","1.11","3.18","3.18","0.0","0.0","17.9","20.25","411.48","205.74","393.58","391.23","0.0","","","","","","","","",""
"2014.0","11.0","14.0","318.0","401.0","1.17","0.0","0.0","1.24","1.17","1.45","2.3","2.3","0.0","0.0","17.05","20.25","411.48","205.74","394.43","391.23","0.0","","","","","","","","",""
"2014.0","11.0","15.0","319.0","401.0","1.17","0.0","0.0","1.23","1.17","1.44","0.0","0.0","0.0","0.0","18.49","20.25","411.48","205.74","392.99","391.23","0.0","","","","","","","","",""
"2014.0","11.0","16.0","320.0","401.0","1.16","0.0","0.0","2.03","1.16","2.35","0.0","0.0","0.0","0.0","20.84","20.25","411.48","205.74","390.64","391.23","0.0","","","","","","","","",""
"2014.0","11.0","17.0","321.0","401.0","1.11","0.0","0.0","1.87","1.11","2.07","0.0","0.0","0.0","0.0","20.25","20.25","411.48","205.74","391.23","391.23","0.0","","","","","","","","",""
"2014.0","11.0","18.0","322.0","401.0","1.0","0.0","0.0","1.42","1.0","1.42","0.0","0.0","0.0","0.0","21.67","20.25","411.48","205.74","389.81","391.23","0.0","","","","","","","","",""
"2014.0","11.0","19.0","323.0","401.0","0.95","0.0","0.0","1.0","0.95","0.95","0.0","0.0","0.0","0.0","20.25","20.25","411.48","205.74","391.23","391.23","0.0","","","","","","","","",""
"2014.0","11.0","20.0","324.0","401.0","1.19","0.0","0.0","0.63","1.19","0.75","3.48","3.48","0.0","0.0","17.52","20.25","411.48","205.74","393.96","391.23","0.0","","","","","","","","",""
"2014.0","11.0","21.0","325.0","401.0","1.19","0.0","0.0","0.77","1.19","0.92","4.74","4.74","0.0","0.0","13.7","20.25","411.48","205.74","397.78","391.23","0.0","","","","","","","","",""
"2014.0","11.0","22.0","326.0","401.0","1.18","0.0","0.0","1.08","1.18","1.28","0.6","0.6","0.0","0.0","14.38","20.25","411.48","205.74","397.1","391.23","0.0","","","","","","","","",""
"2014.0","11.0","23.0","327.0","401.0","1.16","0.0","0.0","1.44","1.16","1.67","1.87","1.87","0.0","0.0","14.18","20.25","411.48","205.74","397.3","391.23","0.0","","","","","","","","",""
"2014.0","11.0","24.0","328.0","401.0","1.16","0.0","0.0","1.37","1.16","1.59","0.0","0.0","0.0","0.0","15.77","20.25","411.48","205.74","395.71","391.23","0.0","","","","","","","","",""
"2014.0","11.0","25.0","329.0","401.0","1.17","0.0","0.0","1.22","1.17","1.42","0.0","0.0","0.0","0.0","17.2","20.25","411.48","205.74","394.28","391.23","0.0","","","","","","","","",""
"2014.0","11.0","26.0","330.0","401.0","1.17","0.0","0.0","1.16","1.17","1.35","0.0","0.0","0.0","0.0","18.55","20.25","411.48","205.74","392.93","391.23","0.0","","","","","","","","",""
"2014.0","11.0","27.0","331.0","401.0","1.11","0.0","0.0","1.2","1.11","1.33","0.0","0.0","0.0","0.0","19.89","20.25","411.48","205.74","391.59","391.23","0.0","","","","","","","","",""
"2014.0","11.0","28.0","332.0","401.0","1.02","0.0","0.0","1.15","1.02","1.18","0.0","0.0","0.0","0.0","21.06","20.25","411.48","205.74","390.42","391.23","0.0","","","","","","","","",""
"2014.0","11.0","29.0","333.0","401.0","1.19","0.0","0.0","0.86","1.19","1.02","4.67","4.67","0.0","0.0","16.39","20.25","411.48","205.74","395.09","391.23","0.0","","","","","","","","",""
"2014.0","11.0","30.0","334.0","401.0","1.19","0.0","0.0","0.66","1.19","0.79","6.84","6.84","0.0","0.0","10.34","20.25","411.48","205.74","401.14","391.23","0.0","","","","","","","","",""
"2014.0","12.0","1.0","335.0","401.0","1.18","0.0","0.0","1.03","1.18","1.21","3.4","3.4","0.0","0.0","8.16","20.25","411.48","205.74","403.32","391.23","0.0","","","","","","","","",""
"2014.0","12.0","2.0","336.0","401.0","1.19","0.0","0.0","0.67","1.19","0.8","1.57","1.57","0.0","0.0","7.39","20.25","411.48","205.74","404.09","391.23","0.0","","","","","","","","",""
"2014.0","12.0","3.0","337.0","401.0","1.18","0.0","0.0","1.07","1.18","1.26","42.83","8.65","0.0","0.0","0.0","20.25","411.48","205.74","411.48","391.23","0.0","","","","","","","","",""
"2014.0","12.0","4.0","338.0","401.0","1.18","0.0","0.0","1.07","1.18","1.26","23.53","1.26","0.0","0.0","0.0","20.25","411.48","205.74","411.48","391.23","0.0","","","","","","","","",""
"2014.0","12.0","5.0","339.0","401.0","1.18","0.0","0.0","0.94","1.18","1.11","0.2","0.2","0.0","0.0","0.91","20.25","411.48","205.74","410.57","391.23","0.0","","","","","","","","",""
"2014.0","12.0","6.0","340.0","401.0","1.18","0.0","0.0","1.08","1.18","1.27","3.02","2.18","0.0","0.0","0.0","20.25","411.48","205.74","411.48","391.23","0.0","","","","","","","","",""
"2014.0","12.0","7.0","341.0","401.0","1.18","0.0","0.0","0.8","1.18","0.95","0.51","0.51","0.0","0.0","0.44","20.25","411.48","205.74","411.04","391.23","0.0","","","","","","","","",""
"2014.0","12.0","8.0","342.0","401.0","1.18","0.0","0.0","0.83","1.18","0.98","0.0","0.0","0.0","0.0","1.42","20.25","411.48","205.74","410.06","391.23","0.0","","","","","","","","",""
"2014.0","12.0","9.0","343.0","401.0","1.19","0.0","0.0","0.69","1.19","0.82","0.0","0.0","0.0","0.0","2.24","20.25","411.48","205.74","409.24","391.23","0.0","","","","","","","","",""
"2014.0","12.0","10.0","344.0","401.0","1.19","0.0","0.0","0.97","1.19","1.15","0.0","0.0","0.0","0.0","3.39","20.25","411.48","205.74","408.09","391.23","0.0","","","","","","","","",""
"2014.0","12.0","11.0","345.0","401.0","1.18","0.0","0.0","1.19","1.18","1.41","0.75","0.75","0.0","0.0","4.04","20.25","411.48","205.74","407.44","391.23","0.0","","","","","","","","",""
"2014.0","12.0","12.0","346.0","401.0","1.2","0.0","0.0","0.6","1.2","0.72","73.65","4.76","0.0","0.0","0.0","20.25","411.48","205.74","411.48","391.23","0.0","","","","","","","","",""
"2014.0","12.0","13.0","347.0","401.0","1.19","0.0","0.0","0.67","1.19","0.8","1.55","0.8","0.0","0.0","0.0","20.25","411.48","205.74","411.48","391.23","0.0","","","","","","","","",""
"2014.0","12.0","14.0","348.0","401.0","1.19","0.0","0.0","0.69","1.19","0.82","0.0","0.0","0.0","0.0","0.82","20.25","411.48","205.74","410.66","391.23","0.0","","","","","","","","",""
"2014.0","12.0","15.0","349.0","401.0","1.19","0.0","0.0","0.87","1.19","1.03","5.34","1.85","0.0","0.0","0.0","20.25","411.48","205.74","411.48","391.23","0.0","","","","","","","","",""
"2014.0","12.0","16.0","350.0","401.0","1.17","0.0","0.0","1.18","1.17","1.38","10.1","1.38","0.0","0.0","0.0","20.25","411.48","205.74","411.48","391.23","0.0","","","","","","","","",""
"2014.0","12.0","17.0","351.0","401.0","1.18","0.0","0.0","0.96","1.18","1.13","14.67","1.13","0.0","0.0","0.0","20.25","411.48","205.74","411.48","391.23","0.0","","","","","","","","",""
"2014.0","12.0","18.0","352.0","401.0","1.18","0.0","0.0","0.91","1.18","1.08","2.9","1.08","0.0","0.0","0.0","20.25","411.48","205.74","411.48","391.23","0.0","","","","","","","","",""
"2014.0","12.0","19.0","353.0","401.0","1.19","0.0","0.0","0.81","1.19","0.96","0.09","0.09","0.0","0.0","0.87","20.25","411.48","205.74","410.61","391.23","0.0","","","","","","","","",""
"2014.0","12.0","20.0","354.0","401.0","1.19","0.0","0.0","0.63","1.19","0.75","18.41","1.62","0.0","0.0","0.0","20.25","411.48","205.74","411.48","391.23","0.0","","","","","","","","",""
"2014.0","12.0","21.0","355.0","401.0","1.19","0.0","0.0","0.96","1.19","1.14","0.07","0.07","0.0","0.0","1.07","20.25","411.48","205.74","410.41","391.23","0.0","","","","","","","","",""
"2014.0","12.0","22.0","356.0","401.0","1.19","0.0","0.0","0.78","1.19","0.93","0.0","0.0","0.0","0.0","2.0","20.25","411.48","205.74","409.48","391.23","0.0","","","","","","","","",""
"2014.0","12.0","23.0","357.0","401.0","1.19","0.0","0.0","0.72","1.19","0.86","0.0","0.0","0.0","0.0","2.85","20.25","411.48","205.74","408.63","391.23","0.0","","","","","","","","",""
"2014.0","12.0","24.0","358.0","401.0","1.19","0.0","0.0","0.97","1.19","1.15","0.0","0.0","0.0","0.0","4.01","20.25","411.48","205.74","407.47","391.23","0.0","","","","","","","","",""
"2014.0","12.0","25.0","359.0","401.0","1.16","0.0","0.0","1.86","1.16","2.16","0.69","0.69","0.0","0.0","5.48","20.25","411.48","205.74","406.0","391.23","0.0","","","","","","","","",""
"2014.0","12.0","26.0","360.0","401.0","1.01","0.0","0.0","1.91","1.01","1.92","0.0","0.0","0.0","0.0","7.4","20.25","411.48","205.74","404.08","391.23","0.0","","","","","","","","",""
"2014.0","12.0","27.0","361.0","401.0","0.96","0.0","0.0","0.77","0.96","0.74","0.0","0.0","0.0","0.0","8.14","20.25","411.48","205.74","403.34","391.23","0.0","","","","","","","","",""
"2014.0","12.0","28.0","362.0","401.0","0.92","0.0","0.0","0.76","0.92","0.7","0.0","0.0","0.0","0.0","8.84","20.25","411.48","205.74","402.64","391.23","0.0","","","","","","","","",""
"2014.0","12.0","29.0","363.0","401.0","0.9","0.0","0.0","0.55","0.9","0.49","0.0","0.0","0.0","0.0","9.33","20.25","411.48","205.74","402.15","391.23","0.0","","","","","","","","",""
"2014.0","12.0","30.0","364.0","401.0","0.8","0.0","0.0","2.47","0.8","1.98","0.0","0.0","0.0","0.0","11.31","20.25","411.48","205.74","400.17","391.23","0.0","","","","","","","","",""
"2014.0","12.0","31.0","365.0","401.0","0.72","0.0","0.0","2.67","0.72","1.94","0.0","0.0","0.0","0.0","13.25","20.25","411.48","205.74","398.23","391.23","0.0","","","","","","","","",""
"2015.0","1.0","1.0","1.0","401.0","0.71","0.0","0.0","0.85","0.71","0.6","0.0","0.0","0.0","0.0","13.85","20.25","411.48","205.74","397.63","391.23","0.0","","","","","","","","",""
"2015.0","1.0","2.0","2.0","401.0","0.69","0.0","0.0","0.87","0.69","0.6","0.0","0.0","0.0","0.0","14.45","20.25","411.48","205.74","397.03","391.23","0.0","","","","","","","","",""
"2015.0","1.0","3.0","3.0","401.0","0.67","0.0","0.0","0.86","0.67","0.58","0.0","0.0","0.0","0.0","15.02","20.25","411.48","205.74","396.46","391.23","0.0","","","","","","","","",""
"2015.0","1.0","4.0","4.0","401.0","0.65","0.0","0.0","0.96","0.65","0.63","0.0","0.0","0.0","0.0","15.65","20.25","411.48","205.74","395.83","391.23","0.0","","","","","","","","",""
"2015.0","1.0","5.0","5.0","401.0","0.64","0.0","0.0","0.86","0.64","0.55","0.0","0.0","0.0","0.0","16.2","20.25","411.48","205.74","395.28","391.23","0.0","","","","","","","","",""
"2015.0","1.0","6.0","6.0","401.0","0.62","0.0","0.0","1.17","0.62","0.73","0.0","0.0","0.0","0.0","16.93","20.25","411.48","205.74","394.55","391.23","0.0","","","","","","","","",""
"2015.0","1.0","7.0","7.0","401.0","0.6","0.0","0.0","1.19","0.6","0.72","0.0","0.0","0.0","0.0","17.64","20.25","411.48","205.74","393.84","391.23","0.0","","","","","","","","",""
"2015.0","1.0","8.0","8.0","401.0","0.59","0.0","0.0","1.04","0.59","0.61","0.0","0.0","0.0","0.0","18.26","20.25","411.48","205.74","393.22","391.23","0.0","","","","","","","","",""
"2015.0","1.0","9.0","9.0","401.0","0.58","0.0","0.0","0.87","0.58","0.5","0.0","0.0","0.0","0.0","18.76","20.25","411.48","205.74","392.72","391.23","0.0","","","","","","","","",""
"2015.0","1.0","10.0","10.0","401.0","0.57","0.0","0.0","0.96","0.57","0.54","0.0","0.0","0.0","0.0","19.3","20.25","411.48","205.74","392.18","391.23","0.0","","","","","","","","",""
"2015.0","1.0","11.0","11.0","401.0","0.56","0.0","0.0","0.9","0.56","0.5","0.0","0.0","0.0","0.0","19.81","20.25","411.48","205.74","391.67","391.23","0.0","","","","","","","","",""
"2015.0","1.0","12.0","12.0","401.0","0.55","0.0","0.0","1.06","0.55","0.58","0.0","0.0","0.0","0.0","20.38","20.25","411.48","205.74","391.1","391.23","0.0","","","","","","","","",""
"2015.0","1.0","13.0","13.0","401.0","0.53","0.0","0.0","1.19","0.53","0.64","0.0","0.0","0.0","0.0","20.25","20.25","411.48","205.74","391.23","391.23","0.0","","","","","","","","",""
"2015.0","1.0","14.0","14.0","401.0","0.53","0.0","0.0","0.73","0.53","0.39","0.0","0.0","0.0","0.0","20.64","20.25","411.48","205.74","390.84","391.23","0.0","","","","","","","","",""
"2015.0","1.0","15.0","15.0","401.0","0.52","0.0","0.0","0.73","0.52","0.38","0.0","0.0","0.0","0.0","20.25","20.25","411.48","205.74","391.23","391.23","0.0","","","","","","","","",""
"2015.0","1.0","16.0","16.0","401.0","0.52","0.0","0.0","0.62","0.52","0.32","0.0","0.0","0.0","0.0","20.57","20.25","411.48","205.74","390.91","391.23","0.0","","","","","","","","",""
"2015.0","1.0","17.0","17.0","401.0","0.51","0.0","0.0","0.57","0.51","0.29","0.16","0.16","0.0","0.0","20.25","20.25","411.48","205.74","391.23","391.23","0.0","","","","","","","","",""
"2015.0","1.0","18.0","18.0","401.0","0.51","0.0","0.0","0.61","0.51","0.31","0.0","0.0","0.0","0.0","20.56","20.25","411.48","205.74","390.92","391.23","0.0","","","","","","","","",""
"2015.0","1.0","19.0","19.0","401.0","0.5","0.0","0.0","0.7","0.5","0.35","0.0","0.0","0.0","0.0","20.25","20.25","411.48","205.74","391.23","391.23","0.0","","","","","","","","",""
"2015.0","1.0","20.0","20.0","401.0","0.49","0.0","0.0","0.76","0.49","0.38","0.0","0.0","0.0","0.0","20.63","20.25","411.48","205.74","390.85","391.23","0.0","","","","","","","","",""
"2015.0","1.0","21.0","21.0","401.0","0.49","0.0","0.0","0.95","0.49","0.46","0.0","0.0","0.0","0.0","20.25","20.25","411.48","205.74","391.23","391.23","0.0","","","","","","","","",""
"2015.0","1.0","22.0","22.0","401.0","0.48","0.0","0.0","0.76","0.48","0.37","0.0","0.0","0.0","0.0","20.62","20.25","411.48","205.74","390.86","391.23","0.0","","","","","","","","",""
"2015.0","1.0","23.0","23.0","401.0","0.48","0.0","0.0","0.98","0.48","0.47","0.0","0.0","0.0","0.0","20.25","20.25","411.48","205.74","391.23","391.23","0.0","","","","","","","","",""
"2015.0","1.0","24.0","24.0","401.0","0.47","0.0","0.0","0.95","0.47","0.45","0.0","0.0","0.0","0.0","20.7","20.25","411.48","205.74","390.78","391.23","0.0","","","","","","","","",""
"2015.0","1.0","25.0","25.0","401.0","0.46","0.0","0.0","1.05","0.46","0.49","0.0","0.0","0.0","0.0","20.25","20.25","411.48","205.74","391.23","391.23","0.0","","","","","","","","",""
"2015.0","1.0","26.0","26.0","401.0","0.45","0.0","0.0","1.32","0.45","0.6","0.0","0.0","0.0","0.0","20.85","20.25","411.48","205.74","390.63","391.23","0.0","","","","","","","","",""
"2015.0","1.0","27.0","27.0","401.0","0.45","0.0","0.0","1.1","0.45","0.49","0.0","0.0","0.0","0.0","20.25","20.25","411.48","205.74","391.23","391.23","0.0","","","","","","","","",""
"2015.0","1.0","28.0","28.0","401.0","0.44","0.0","0.0","1.57","0.44","0.69","0.0","0.0","0.0","0.0","20.94","20.25","411.48","205.74","390.54","391.23","0.0","","","","","","","","",""
"2015.0","1.0","29.0","29.0","401.0","0.43","0.0","0.0","1.46","0.43","0.63","0.0","0.0","0.0","0.0","20.25","20.25","411.48","205.74","391.23","391.23","0.0","","","","","","","","",""
"2015.0","1.0","30.0","30.0","401.0","0.42","0.0","0.0","2.03","0.42","0.86","0.0","0.0","0.0","0.0","21.11","20.25","411.48","205.74","390.37","391.23","0.0","","","","","","","","",""
"2015.0","1.0","31.0","31.0","401.0","0.41","0.0","0.0","3.58","0.41","1.45","0.0","0.0","0.0","0.0","20.25","20.25","411.48","205.74","391.23","391.23","0.0","","","","","","","","",""
"2015.0","2.0","1.0","32.0","401.0","0.4","0.0","0.0","1.45","0.4","0.58","0.0","0.0","0.0","0.0","20.83","20.25","411.48","205.74","390.65","391.23","0.0","","","","","","","","",""
"2015.0","2.0","2.0","33.0","401.0","0.39","0.0","0.0","1.48","0.39","0.58","0.0","0.0","0.0","0.0","20.25","20.25","411.48","205.74","391.23","391.23","0.0","","","","","","","","",""
"2015.0","2.0","3.0","34.0","401.0","0.39","0.0","0.0","1.52","0.39","0.59","0.0","0.0","0.0","0.0","20.84","20.25","411.48","205.74","390.64","391.23","0.0","","","","","","","","",""
"2015.0","2.0","4.0","35.0","401.0","0.38","0.0","0.0","1.47","0.38","0.56","0.0","0.0","0.0","0.0","20.25","20.25","411.48","205.74","391.23","391.23","0.0","","","","","","","","",""
"2015.0","2.0","5.0","36.0","401.0","0.38","0.0","0.0","1.17","0.38","0.44","0.0","0.0","0.0","0.0","20.69","20.25","411.48","205.74","390.79","391.23","0.0","","","","","","","","",""
"2015.0","2.0","6.0","37.0","401.0","0.37","0.0","0.0","2.17","0.37","0.81","0.0","0.0","0.0","0.0","20.25","20.25","411.48","205.74","391.23","391.23","0.0","","","","","","","","",""
"2015.0","2.0","7.0","38.0","401.0","1.16","0.0","0.0","1.44","1.16","1.67","33.87","21.92","0.0","0.0","0.0","20.25","411.48","205.74","411.48","391.23","0.0","","","","","","","","",""
"2015.0","2.0","8.0","39.0","401.0","1.17","0.0","0.0","1.29","1.17","1.51","4.7","1.51","0.0","0.0","0.0","20.25","411.48","205.74","411.48","391.23","0.0","","","","","","","","",""
"2015.0","2.0","9.0","40.0","401.0","1.14","0.0","0.0","1.97","1.14","2.25","23.02","2.25","0.0","0.0","0.0","20.25","411.48","205.74","411.48","391.23","0.0","","","","","","","","",""
"2015.0","2.0","10.0","41.0","401.0","1.14","0.0","0.0","1.83","1.14","2.09","0.18","0.18","0.0","0.0","1.91","20.25","411.48","205.74","409.57","391.23","0.0","","","","","","","","",""
"2015.0","2.0","11.0","42.0","401.0","1.15","0.0","0.0","1.59","1.15","1.83","0.0","0.0","0.0","0.0","3.74","20.25","411.48","205.74","407.74","391.23","0.0","","","","","","","","",""
"2015.0","2.0","12.0","43.0","401.0","1.03","0.0","0.0","1.98","1.03","2.03","0.0","0.0","0.0","0.0","5.77","20.25","411.48","205.74","405.71","391.23","0.0","","","","","","","","",""
"2015.0","2.0","13.0","44.0","401.0","0.91","0.0","0.0","2.03","0.91","1.84","0.0","0.0","0.0","0.0","7.61","20.25","411.48","205.74","403.87","391.23","0.0","","","","","","","","",""
"2015.0","2.0","14.0","45.0","401.0","0.82","0.0","0.0","2.18","0.82","1.78","0.0","0.0","0.0","0.0","9.39","20.25","411.48","205.74","402.09","391.23","0.0","","","","","","","","",""
"2015.0","2.0","15.0","46.0","401.0","0.75","0.0","0.0","2.09","0.75","1.57","0.0","0.0","0.0","0.0","10.96","20.25","411.48","205.74","400.52","391.23","0.0","","","","","","","","",""
"2015.0","2.0","16.0","47.0","401.0","0.7","0.0","0.0","2.24","0.7","1.56","0.0","0.0","0.0","0.0","12.52","20.25","411.48","205.74","398.96","391.23","0.0","","","","","","","","",""
"2015.0","2.0","17.0","48.0","401.0","0.66","0.0","0.0","1.94","0.66","1.28","0.0","0.0","0.0","0.0","13.8","20.25","411.48","205.74","397.68","391.23","0.0","","","","","","","","",""
"2015.0","2.0","18.0","49.0","401.0","0.63","0.0","0.0","1.5","0.63","0.95","0.0","0.0","0.0","0.0","14.74","20.25","411.48","205.74","396.74","391.23","0.0","","","","","","","","",""
"2015.0","2.0","19.0","50.0","401.0","0.62","0.0","0.0","1.08","0.62","0.66","0.0","0.0","0.0","0.0","15.41","20.25","411.48","205.74","396.07","391.23","0.0","","","","","","","","",""
"2015.0","2.0","20.0","51.0","401.0","0.59","0.0","0.0","1.97","0.59","1.16","0.0","0.0","0.0","0.0","16.57","20.25","411.48","205.74","394.91","391.23","0.0","","","","","","","","",""
"2015.0","2.0","21.0","52.0","401.0","0.57","0.0","0.0","1.62","0.57","0.92","0.0","0.0","0.0","0.0","17.49","20.25","411.48","205.74","393.99","391.23","0.0","","","","","","","","",""
"2015.0","2.0","22.0","53.0","401.0","0.53","0.0","0.0","3.74","0.53","1.97","0.0","0.0","0.0","0.0","19.46","20.25","411.48","205.74","392.02","391.23","0.0","","","","","","","","",""
"2015.0","2.0","23.0","54.0","401.0","0.49","0.0","0.0","4.35","0.49","2.13","0.0","0.0","0.0","0.0","21.58","20.25","411.48","205.74","389.9","391.23","0.0","","","","","","","","",""
"2015.0","2.0","24.0","55.0","401.0","0.47","0.0","0.0","2.85","0.47","1.33","0.0","0.0","0.0","0.0","20.25","20.25","411.48","205.74","391.23","391.23","0.0","","","","","","","","",""
"2015.0","2.0","25.0","56.0","401.0","0.45","0.0","0.0","2.19","0.45","0.99","0.0","0.0","0.0","0.0","21.24","20.25","411.48","205.74","390.24","391.23","0.0","","","","","","","","",""
"2015.0","2.0","26.0","57.0","401.0","0.44","0.0","0.0","3.07","0.44","1.34","0.0","0.0","0.0","0.0","20.25","20.25","411.48","205.74","391.23","391.23","0.0","","","","","","","","",""
"2015.0","2.0","27.0","58.0","401.0","0.42","0.0","0.0","2.77","0.42","1.17","0.0","0.0","0.0","0.0","21.42","20.25","411.48","205.74","390.06","391.23","0.0","","","","","","","","",""
"2015.0","2.0","28.0","59.0","401.0","0.41","0.0","0.0","1.93","0.41","0.8","0.0","0.0","0.0","0.0","20.25","20.25","411.48","205.74","391.23","391.23","0.0","","","","","","","","",""
"2015.0","3.0","1.0","60.0","401.0","0.4","0.0","0.0","2.68","0.4","1.07","0.0","0.0","0.0","0.0","21.32","20.25","411.48","205.74","390.16","391.23","0.0","","","","","","","","",""
"2015.0","3.0","2.0","61.0","401.0","0.39","0.0","0.0","2.33","0.39","0.91","0.0","0.0","0.0","0.0","20.25","20.25","411.48","205.74","391.23","391.23","0.0","","","","","","","","",""
"2015.0","3.0","3.0","62.0","401.0","0.38","0.0","0.0","2.59","0.38","0.99","1.02","1.02","0.0","0.0","20.22","20.25","411.48","205.74","391.26","391.23","0.0","","","","","","","","",""
"2015.0","3.0","4.0","63.0","401.0","0.37","0.0","0.0","2.6","0.37","0.97","0.0","0.0","0.0","0.0","21.18","20.25","411.48","205.74","390.3","391.23","0.0","","","","","","","","",""
"2015.0","3.0","5.0","64.0","401.0","0.36","0.0","0.0","2.79","0.36","1.01","0.0","0.0","0.0","0.0","20.25","20.25","411.48","205.74","391.23","391.23","0.0","","","","","","","","",""
"2015.0","3.0","6.0","65.0","401.0","0.35","0.0","0.0","3.0","0.35","1.06","0.0","0.0","0.0","0.0","21.31","20.25","411.48","205.74","390.17","391.23","0.0","","","","","","","","",""
"2015.0","3.0","7.0","66.0","401.0","0.35","0.0","0.0","2.8","0.35","0.97","0.0","0.0","0.0","0.0","20.25","20.25","411.48","205.74","391.23","391.23","0.0","","","","","","","","",""
"2015.0","3.0","8.0","67.0","401.0","0.34","0.0","0.0","2.98","0.34","1.01","0.0","0.0","0.0","0.0","21.26","20.25","411.48","205.74","390.22","391.23","0.0","","","","","","","","",""
"2015.0","3.0","9.0","68.0","401.0","0.33","0.0","0.0","3.06","0.33","1.01","0.0","0.0","0.0","0.0","20.25","20.25","411.48","205.74","391.23","391.23","0.0","","","","","","","","",""
"2015.0","3.0","10.0","69.0","401.0","0.32","0.0","0.0","2.4","0.32","0.78","0.0","0.0","0.0","0.0","21.03","20.25","411.48","205.74","390.45","391.23","0.0","","","","","","","","",""
"2015.0","3.0","11.0","70.0","401.0","0.32","0.0","0.0","2.11","0.32","0.67","1.32","1.32","0.0","0.0","19.71","20.25","411.48","205.74","391.77","391.23","0.0","","","","","","","","",""
"2015.0","3.0","12.0","71.0","401.0","1.08","0.0","0.0","3.47","1.08","3.75","3.55","3.55","0.0","0.0","19.91","20.25","411.48","205.74","391.57","391.23","0.0","","","","","","","","",""
"2015.0","3.0","13.0","72.0","401.0","1.06","0.0","0.0","3.11","1.06","3.29","0.0","0.0","0.0","0.0","23.2","20.25","411.48","205.74","388.28","391.23","0.0","","","","","","","","",""
"2015.0","3.0","14.0","73.0","401.0","0.86","0.0","0.0","3.29","0.86","2.84","0.0","0.0","0.0","0.0","20.25","20.25","411.48","205.74","391.23","391.23","0.0","","","","","","","","",""
"2015.0","3.0","15.0","74.0","401.0","0.73","0.0","0.0","3.85","0.73","2.81","0.0","0.0","0.0","0.0","23.06","20.25","411.48","205.74","388.42","391.23","0.0","","","","","","","","",""
"2015.0","3.0","16.0","75.0","401.0","0.68","0.0","0.0","2.46","0.68","1.66","0.0","0.0","0.0","0.0","20.25","20.25","411.48","205.74","391.23","391.23","0.0","","","","","","","","",""
"2015.0","3.0","17.0","76.0","401.0","0.61","0.0","0.0","3.49","0.61","2.13","0.0","0.0","0.0","0.0","22.38","20.25","411.48","205.74","389.1","391.23","0.0","","","","","","","","",""
"2015.0","3.0","18.0","77.0","401.0","0.56","0.0","0.0","3.89","0.56","2.17","0.0","0.0","0.0","0.0","20.25","20.25","411.48","205.74","391.23","391.23","0.0","","","","","","","","",""
"2015.0","3.0","19.0","78.0","401.0","0.52","0.0","0.0","3.94","0.52","2.03","0.0","0.0","0.0","0.0","22.28","20.25","411.48","205.74","389.2","391.23","0.0","","","","","","","","",""
"2015.0","3.0","20.0","79.0","401.0","0.49","0.0","0.0","3.11","0.49","1.52","0.0","0.0","0.0","0.0","20.25","20.25","411.48","205.74","391.23","391.23","0.0","","","","","","","","",""
"2015.0","3.0","21.0","80.0","401.0","0.46","0.0","0.0","3.63","0.46","1.68","0.0","0.0","0.0","0.0","21.93","20.25","411.48","205.74","389.55","391.23","0.0","","","","","","","","",""
"2015.0","3.0","22.0","81.0","401.0","0.44","0.0","0.0","3.27","0.44","1.45","0.0","0.0","0.0","0.0","20.25","20.25","411.48","205.74","391.23","391.23","0.0","","","","","","","","",""
"2015.0","3.0","23.0","82.0","401.0","0.42","0.0","0.0","3.28","0.42","1.39","0.25","0.25","0.0","0.0","21.39","20.25","411.48","205.74","390.09","391.23","0.0","","","","","","","","",""
"2015.0","3.0","24.0","83.0","401.0","0.41","0.0","0.0","3.19","0.41","1.3","0.0","0.0","0.0","0.0","20.25","20.25","411.48","205.74","391.23","391.23","0.0","","","","","","","","",""
"2015.0","3.0","25.0","84.0","401.0","0.39","0.0","0.0","4.23","0.39","1.65","0.0","0.0","0.0","0.0","21.9","20.25","411.48","205.74","389.58","391.23","0.0","","","","","","","","",""
"2015.0","3.0","26.0","85.0","401.0","0.37","0.0","0.0","3.92","0.37","1.47","0.0","0.0","0.0","0.0","20.25","20.25","411.48","205.74","391.23","391.23","0.0","","","","","","","","",""
"2015.0","3.0","27.0","86.0","401.0","0.36","0.0","0.0","4.55","0.36","1.63","0.0","0.0","0.0","0.0","21.88","20.25","411.48","205.74","389.6","391.23","0.0","","","","","","","","",""
"2015.0","3.0","28.0","87.0","401.0","0.34","0.0","0.0","4.99","0.34","1.71","0.0","0.0","0.0","0.0","20.25","20.25","411.48","205.74","391.23","391.23","0.0","","","","","","","","",""
"2015.0","3.0","29.0","88.0","401.0","0.33","0.0","0.0","4.76","0.33","1.57","0.0","0.0","0.0","0.0","21.82","20.25","411.48","205.74","389.66","391.23","0.0","","","","","","","","",""
"2015.0","3.0","30.0","89.0","401.0","0.32","0.0","0.0","4.57","0.32","1.46","0.0","0.0","0.0","0.0","20.25","20.25","411.48","205.74","391.23","391.23","0.0","","","","","","","","",""
"2015.0","3.0","31.0","90.0","401.0","0.31","0.0","0.0","4.61","0.31","1.43","0.0","0.0","0.0","0.0","21.68","20.25","411.48","205.74","389.8","391.23","0.0","","","","","","","","",""
"2015.0","4.0","1.0","91.0","401.0","0.3","0.0","0.0","4.22","0.3","1.27","0.0","0.0","0.0","0.0","20.25","20.25","411.48","205.74","391.23","391.23","0.0","","","","","","","","",""
"2015.0","4.0","2.0","92.0","401.0","0.29","0.0","0.0","5.59","0.29","1.62","0.0","0.0","0.0","0.0","21.87","20.25","411.48","205.74","389.61","391.23","0.0","","","","","","","","",""
"2015.0","4.0","3.0","93.0","401.0","0.28","0.0","0.0","4.63","0.28","1.31","0.0","0.0","0.0","0.0","20.25","20.25","411.48","205.74","391.23","391.23","0.0","","","","","","","","",""
"2015.0","4.0","4.0","94.0","401.0","0.28","0.0","0.0","4.53","0.28","1.25","0.0","0.0","0.0","0.0","21.5","20.25","411.48","205.74","389.98","391.23","0.0","","","","","","","","",""
"2015.0","4.0","5.0","95.0","401.0","0.27","0.0","0.0","2.58","0.27","0.7","0.0","0.0","0.0","0.0","20.25","20.25","411.48","205.74","391.23","391.23","0.0","","","","","","","","",""
"2015.0","4.0","6.0","96.0","401.0","0.27","0.0","0.0","2.98","0.27","0.8","1.42","1.42","0.0","0.0","19.63","20.25","411.48","205.74","391.85","391.23","0.0","","","","","","","","",""
"2015.0","4.0","7.0","97.0","401.0","1.12","0.0","0.0","2.41","1.12","2.71","6.49","6.49","0.0","0.0","15.85","20.25","411.48","205.74","395.63","391.23","0.0","","","","","","","","",""
"2015.0","4.0","8.0","98.0","401.0","1.1","0.0","0.0","2.91","1.1","3.21","13.25","13.25","0.0","0.0","5.81","20.25","411.48","205.74","405.67","391.23","0.0","","","","","","","","",""
"2015.0","4.0","9.0","99.0","401.0","1.07","0.0","0.0","3.48","1.07","3.74","0.0","0.0","0.0","0.0","9.55","20.25","411.48","205.74","401.93","391.23","0.0","","","","","","","","",""
"2015.0","4.0","10.0","100.0","401.0","0.83","0.0","0.0","4.13","0.83","3.44","0.0","0.0","0.0","0.0","12.99","20.25","411.48","205.74","398.49","391.23","0.0","","","","","","","","",""
"2015.0","4.0","11.0","101.0","401.0","0.7","0.0","0.0","4.29","0.7","3.0","0.0","0.0","0.0","0.0","15.99","20.25","411.48","205.74","395.49","391.23","0.0","","","","","","","","",""
"2015.0","4.0","12.0","102.0","401.0","0.6","0.0","0.0","4.97","0.6","2.99","0.0","0.0","0.0","0.0","18.98","20.25","411.48","205.74","392.5","391.23","0.0","","","","","","","","",""
"2015.0","4.0","13.0","103.0","401.0","0.53","0.0","0.0","5.12","0.53","2.74","0.0","0.0","0.0","0.0","21.72","20.25","411.48","205.74","389.76","391.23","0.0","","","","","","","","",""
"2015.0","4.0","14.0","104.0","401.0","0.49","0.0","0.0","4.85","0.49","2.37","0.0","0.0","0.0","0.0","20.25","20.25","411.48","205.74","391.23","391.23","0.0","","","","","","","","",""
"2015.0","4.0","15.0","105.0","401.0","0.44","0.55","0.0","6.7","0.55","3.69","0.0","0.0","0.0","0.0","23.94","97.02","411.48","205.74","387.55","314.46","0.0","","","","","","","","",""
"2015.0","4.0","16.0","106.0","401.0","0.4","0.56","0.0","6.12","0.56","3.42","0.0","0.0","0.0","0.0","27.35","97.02","411.48","205.74","384.13","314.46","0.0","","","","","","","","",""
"2015.0","4.0","17.0","107.0","401.0","0.38","0.57","0.0","5.33","0.57","3.02","0.0","0.0","0.0","0.0","30.37","97.02","411.48","205.74","381.11","314.46","0.0","","","","","","","","",""
"2015.0","4.0","18.0","108.0","401.0","0.36","0.57","0.0","5.03","0.57","2.89","0.0","0.0","0.0","0.0","33.26","97.02","411.48","205.74","378.22","314.46","0.0","","","","","","","","",""
"2015.0","4.0","19.0","109.0","401.0","0.34","0.58","0.0","5.36","0.58","3.12","0.0","0.0","0.0","0.0","36.38","97.02","411.48","205.74","375.1","314.46","0.0","","","","","","","","",""
"2015.0","4.0","20.0","110.0","401.0","0.33","0.59","0.0","4.9","0.59","2.89","0.0","0.0","0.0","0.0","39.27","97.02","411.48","205.74","372.21","314.46","0.0","","","","","","","","",""
"2015.0","4.0","21.0","111.0","401.0","0.32","0.6","0.0","3.95","0.6","2.36","0.0","0.0","0.0","0.0","41.63","97.02","411.48","205.74","369.85","314.46","0.0","","","","","","","","",""
"2015.0","4.0","22.0","112.0","401.0","0.31","0.61","0.0","4.22","0.61","2.56","0.0","0.0","0.0","0.0","44.19","97.02","411.48","205.74","367.29","314.46","0.0","","","","","","","","",""
"2015.0","4.0","23.0","113.0","401.0","0.3","0.61","0.0","4.83","0.61","2.97","0.0","0.0","0.0","0.0","47.16","97.02","411.48","205.74","364.32","314.46","0.0","","","","","","","","",""
"2015.0","4.0","24.0","114.0","401.0","0.29","0.62","0.0","4.92","0.62","3.06","0.0","0.0","0.0","0.0","50.22","97.02","411.48","205.74","361.26","314.46","0.0","","","","","","","","",""
"2015.0","4.0","25.0","115.0","401.0","1.06","0.63","0.0","4.12","1.06","4.35","14.13","14.13","0.0","0.0","40.44","97.02","411.48","205.74","371.04","314.46","0.0","","","","","","","","",""
"2015.0","4.0","26.0","116.0","401.0","0.87","0.64","0.0","5.12","0.87","4.46","0.0","0.0","0.0","0.0","44.9","97.02","411.48","205.74","366.58","314.46","0.0","","","","","","","","",""
"2015.0","4.0","27.0","117.0","401.0","0.67","0.65","0.0","6.14","0.67","4.1","0.0","0.0","0.0","0.0","49.0","97.02","411.48","205.74","362.48","314.46","0.0","","","","","","","","",""
"2015.0","4.0","28.0","118.0","401.0","0.57","0.65","0.0","5.67","0.65","3.71","0.0","0.0","0.0","0.0","52.71","97.02","411.48","205.74","358.77","314.46","0.0","","","","","","","","",""
"2015.0","4.0","29.0","119.0","401.0","0.51","0.66","0.0","5.35","0.66","3.55","0.0","0.0","0.0","0.0","56.26","97.02","411.48","205.74","355.22","314.46","0.0","","","","","","","","",""
"2015.0","4.0","30.0","120.0","401.0","0.45","0.67","0.0","6.54","0.67","4.39","0.0","0.0","0.0","0.0","60.65","97.02","411.48","205.74","350.83","314.46","0.0","","","","","","","","",""
"2015.0","5.0","1.0","121.0","401.0","0.41","0.68","0.0","6.55","0.68","4.45","0.0","0.0","0.0","0.0","65.09","97.02","411.48","205.74","346.39","314.46","0.0","","","","","","","","",""
"2015.0","5.0","2.0","122.0","401.0","0.38","0.69","0.0","6.19","0.69","4.25","0.0","0.0","0.0","0.0","69.35","97.02","411.48","205.74","342.13","314.46","0.0","","","","","","","","",""
"2015.0","5.0","3.0","123.0","401.0","0.36","0.7","0.0","5.44","0.7","3.78","0.0","0.0","0.0","0.0","73.13","97.02","411.48","205.74","338.35","314.46","0.0","","","","","","","","",""
"2015.0","5.0","4.0","124.0","401.0","0.35","0.7","0.0","4.95","0.7","3.48","0.0","0.0","0.0","0.0","76.61","97.02","411.48","205.74","334.87","314.46","0.0","","","","","","","","",""
"2015.0","5.0","5.0","125.0","401.0","0.33","0.71","0.0","4.89","0.71","3.48","0.0","0.0","0.0","0.0","80.09","97.02","411.48","205.74","331.39","314.46","0.0","","","","","","","","",""
"2015.0","5.0","6.0","126.0","401.0","0.32","0.72","0.0","5.24","0.72","3.77","0.0","0.0","0.0","0.0","83.86","97.02","411.48","205.74","327.62","314.46","0.0","","","","","","","","",""
"2015.0","5.0","7.0","127.0","401.0","0.31","0.73","0.0","4.2","0.73","3.06","0.45","0.45","0.0","0.0","86.46","97.02","411.48","205.74","325.02","314.46","0.0","","","","","","","","",""
"2015.0","5.0","8.0","128.0","401.0","0.3","0.74","0.0","4.53","0.74","3.33","0.55","0.55","0.0","0.0","89.24","97.02","411.48","205.74","322.24","314.46","0.0","","","","","","","","",""
"2015.0","5.0","9.0","129.0","401.0","0.29","0.74","0.0","5.14","0.74","3.82","0.0","0.0","0.0","0.0","93.07","97.02","411.48","205.74","318.41","314.46","0.0","","","","","","","","",""
"2015.0","5.0","10.0","130.0","401.0","0.28","0.75","0.0","5.31","0.75","3.99","0.0","0.0","0.0","0.0","0.0","97.02","411.48","205.74","411.48","314.46","97.06","","","","","","","","",""
"2015.0","5.0","11.0","131.0","401.0","0.27","0.76","0.0","5.28","0.76","4.01","0.0","0.0","0.0","0.0","4.01","97.02","411.48","205.74","407.47","314.46","0.0","","","","","","","","",""
"2015.0","5.0","12.0","132.0","401.0","0.27","0.77","0.0","5.03","0.77","3.86","0.0","0.0","0.0","0.0","7.87","97.02","411.48","205.74","403.61","314.46","0.0","","","","","","","","",""
"2015.0","5.0","13.0","133.0","401.0","0.26","0.78","0.0","4.79","0.78","3.72","0.0","0.0","0.0","0.0","11.59","97.02","411.48","205.74","399.89","314.46","0.0","","","","","","","","",""
"2015.0","5.0","14.0","134.0","401.0","0.26","0.78","0.0","3.95","0.78","3.1","0.0","0.0","0.0","0.0","14.69","97.02","411.48","205.74","396.79","314.46","0.0","","","","","","","","",""
"2015.0","5.0","15.0","135.0","401.0","0.25","0.79","0.0","4.75","0.79","3.76","0.02","0.02","0.0","0.0","18.43","97.02","411.48","205.74","393.05","314.46","0.0","","","","","","","","",""
"2015.0","5.0","16.0","136.0","401.0","0.24","0.8","0.0","4.87","0.8","3.9","0.0","0.0","0.0","0.0","22.32","97.02","411.48","205.74","389.16","314.46","0.0","","","","","","","","",""
"2015.0","5.0","17.0","137.0","401.0","0.24","0.81","0.0","4.0","0.81","3.23","0.0","0.0","0.0","0.0","25.56","97.02","411.48","205.74","385.92","314.46","0.0","","","","","","","","",""
"2015.0","5.0","18.0","138.0","401.0","0.24","0.82","0.0","4.7","0.82","3.84","0.0","0.0","0.0","0.0","29.39","97.02","411.48","205.74","382.09","314.46","0.0","","","","","","","","",""
"2015.0","5.0","19.0","139.0","401.0","0.23","0.82","0.0","5.07","0.82","4.18","0.0","0.0","0.0","0.0","33.57","97.02","411.48","205.74","377.91","314.46","0.0","","","","","","","","",""
"2015.0","5.0","20.0","140.0","401.0","0.23","0.83","0.0","5.05","0.83","4.2","0.0","0.0","0.0","0.0","37.77","97.02","411.48","205.74","373.71","314.46","0.0","","","","","","","","",""
"2015.0","5.0","21.0","141.0","401.0","0.22","0.84","0.0","4.58","0.84","3.85","0.0","0.0","0.0","0.0","41.62","97.02","411.48","205.74","369.86","314.46","0.0","","","","","","","","",""
"2015.0","5.0","22.0","142.0","401.0","0.22","0.85","0.0","4.94","0.85","4.19","0.0","0.0","0.0","0.0","45.81","97.02","411.48","205.74","365.67","314.46","0.0","","","","","","","","",""
"2015.0","5.0","23.0","143.0","401.0","0.22","0.86","0.0","4.77","0.86","4.09","0.0","0.0","0.0","0.0","49.9","97.02","411.48","205.74","361.58","314.46","0.0","","","","","","","","",""
"2015.0","5.0","24.0","144.0","401.0","0.21","0.86","0.0","5.77","0.86","4.99","0.0","0.0","0.0","0.0","54.89","97.02","411.48","205.74","356.59","314.46","0.0","","","","","","","","",""
"2015.0","5.0","25.0","145.0","401.0","0.21","0.87","0.0","5.58","0.87","4.87","0.0","0.0","0.0","0.0","59.75","97.02","411.48","205.74","351.73","314.46","0.0","","","","","","","","",""
"2015.0","5.0","26.0","146.0","401.0","0.2","0.88","0.0","5.63","0.88","4.96","0.0","0.0","0.0","0.0","64.71","97.02","411.48","205.74","346.77","314.46","0.0","","","","","","","","",""
"2015.0","5.0","27.0","147.0","401.0","0.2","0.89","0.0","5.67","0.89","5.04","0.0","0.0","0.0","0.0","69.75","97.02","411.48","205.74","341.73","314.46","0.0","","","","","","","","",""
"2015.0","5.0","28.0","148.0","401.0","0.2","0.9","0.0","5.48","0.9","4.91","0.0","0.0","0.0","0.0","74.67","97.02","411.48","205.74","336.81","314.46","0.0","","","","","","","","",""
"2015.0","5.0","29.0","149.0","401.0","0.19","0.9","0.0","6.16","0.9","5.57","0.0","0.0","0.0","0.0","80.24","97.02","411.48","205.74","331.24","314.46","0.0","","","","","","","","",""
"2015.0","5.0","30.0","150.0","401.0","0.19","0.91","0.0","6.49","0.91","5.92","0.0","0.0","0.0","0.0","86.16","97.02","411.48","205.74","325.32","314.46","0.0","","","","","","","","",""
"2015.0","5.0","31.0","151.0","401.0","0.19","0.92","0.0","5.57","0.92","5.13","0.0","0.0","0.0","0.0","91.29","97.02","411.48","205.74","320.19","314.46","0.0","","","","","","","","",""
"2015.0","6.0","1.0","152.0","401.0","0.19","0.93","0.0","5.56","0.93","5.17","0.0","0.0","0.0","0.0","96.46","97.02","411.48","205.74","315.02","314.46","0.0","","","","","","","","",""
"2015.0","6.0","2.0","153.0","401.0","0.18","0.94","0.0","5.75","0.94","5.39","0.0","0.0","0.0","0.0","0.0","97.02","411.48","205.74","411.48","314.46","101.85","","","","","","","","",""
"2015.0","6.0","3.0","154.0","401.0","0.18","0.95","0.0","5.65","0.95","5.34","0.0","0.0","0.0","0.0","5.34","97.02","411.48","205.74","406.14","314.46","0.0","","","","","","","","",""
"2015.0","6.0","4.0","155.0","401.0","0.18","0.95","0.0","5.94","0.95","5.66","0.0","0.0","0.0","0.0","11.0","97.02","411.48","205.74","400.48","314.46","0.0","","","","","","","","",""
"2015.0","6.0","5.0","156.0","401.0","0.17","0.96","0.0","6.93","0.96","6.66","0.0","0.0","0.0","0.0","17.66","97.02","411.48","205.74","393.82","314.46","0.0","","","","","","","","",""
"2015.0","6.0","6.0","157.0","401.0","0.17","0.97","0.0","6.53","0.97","6.33","0.01","0.01","0.0","0.0","23.98","97.02","411.48","205.74","387.5","314.46","0.0","","","","","","","","",""
"2015.0","6.0","7.0","158.0","401.0","0.17","0.98","0.0","7.06","0.98","6.9","0.0","0.0","0.0","0.0","30.88","97.02","411.48","205.74","380.6","314.46","0.0","","","","","","","","",""
"2015.0","6.0","8.0","159.0","401.0","0.17","0.99","0.0","7.42","0.99","7.31","0.0","0.0","0.0","0.0","38.2","97.02","411.48","205.74","373.28","314.46","0.0","","","","","","","","",""
"2015.0","6.0","9.0","160.0","401.0","0.16","0.99","0.0","7.22","0.99","7.17","0.0","0.0","0.0","0.0","45.37","97.02","411.48","205.74","366.11","314.46","0.0","","","","","","","","",""
"2015.0","6.0","10.0","161.0","401.0","0.16","1.0","0.0","2.57","1.0","2.57","0.07","0.07","0.0","0.0","47.87","97.02","411.48","205.74","363.61","314.46","0.0","","","","","","","","",""
"2015.0","6.0","11.0","162.0","401.0","0.16","1.01","0.0","7.16","1.01","7.23","1.22","1.22","0.0","0.0","53.88","97.02","411.48","205.74","357.6","314.46","0.0","","","","","","","","",""
"2015.0","6.0","12.0","163.0","401.0","0.16","1.02","0.0","8.08","1.02","8.22","0.0","0.0","0.0","0.0","62.11","97.02","411.48","205.74","349.37","314.46","0.0","","","","","","","","",""
"2015.0","6.0","13.0","164.0","401.0","0.16","1.03","0.0","7.66","1.03","7.86","0.0","0.0","0.0","0.0","69.96","97.02","411.48","205.74","341.52","314.46","0.0","","","","","","","","",""
"2015.0","6.0","14.0","165.0","401.0","0.15","1.03","0.0","6.92","1.03","7.15","0.0","0.0","0.0","0.0","77.12","97.02","411.48","205.74","334.36","314.46","0.0","","","","","","","","",""
"2015.0","6.0","15.0","166.0","401.0","0.15","1.04","0.0","6.72","1.04","7.0","0.0","0.0","0.0","0.0","84.12","97.02","411.48","205.74","327.36","314.46","0.0","","","","","","","","",""
"2015.0","6.0","16.0","167.0","401.0","0.15","1.05","0.0","7.03","1.05","7.38","0.0","0.0","0.0","0.0","91.5","97.02","411.48","205.74","319.98","314.46","0.0","","","","","","","","",""
"2015.0","6.0","17.0","168.0","401.0","0.15","1.05","0.0","6.97","1.05","7.32","0.0","0.0","0.0","0.0","0.0","97.02","411.48","205.74","411.48","314.46","98.82","","","","","","","","",""
"2015.0","6.0","18.0","169.0","401.0","0.15","1.05","0.0","7.75","1.05","8.14","0.0","0.0","0.0","0.0","8.14","97.02","411.48","205.74","403.34","314.46","0.0","","","","","","","","",""
"2015.0","6.0","19.0","170.0","401.0","0.14","1.05","0.0","7.43","1.05","7.8","0.0","0.0","0.0","0.0","15.94","97.02","411.48","205.74","395.54","314.46","0.0","","","","","","","","",""
"2015.0","6.0","20.0","171.0","401.0","0.14","1.05","0.0","7.17","1.05","7.53","0.0","0.0","0.0","0.0","23.47","97.02","411.48","205.74","388.01","314.46","0.0","","","","","","","","",""
"2015.0","6.0","21.0","172.0","401.0","0.14","1.05","0.0","7.78","1.05","8.17","0.0","0.0","0.0","0.0","31.64","97.02","411.48","205.74","379.84","314.46","0.0","","","","","","","","",""
"2015.0","6.0","22.0","173.0","401.0","0.14","1.05","0.0","6.99","1.05","7.34","0.0","0.0","0.0","0.0","38.98","97.02","411.48","205.74","372.5","314.46","0.0","","","","","","","","",""
"2015.0","6.0","23.0","174.0","401.0","0.14","1.05","0.0","7.45","1.05","7.82","0.0","0.0","0.0","0.0","46.8","97.02","411.48","205.74","364.68","314.46","0.0","","","","","","","","",""
"2015.0","6.0","24.0","175.0","401.0","0.14","1.05","0.0","7.51","1.05","7.89","0.0","0.0","0.0","0.0","54.68","97.02","411.48","205.74","356.8","314.46","0.0","","","","","","","","",""
"2015.0","6.0","25.0","176.0","401.0","0.14","1.05","0.0","7.98","1.05","8.38","0.0","0.0","0.0","0.0","63.06","97.02","411.48","205.74","348.42","314.46","0.0","","","","","","","","",""
"2015.0","6.0","26.0","177.0","401.0","0.13","1.05","0.0","8.46","1.05","8.88","0.0","0.0","0.0","0.0","71.95","97.02","411.48","205.74","339.53","314.46","0.0","","","","","","","","",""
"2015.0","6.0","27.0","178.0","401.0","0.13","1.05","0.0","7.16","1.05","7.52","0.0","0.0","0.0","0.0","79.46","97.02","411.48","205.74","332.02","314.46","0.0","","","","","","","","",""
"2015.0","6.0","28.0","179.0","401.0","0.13","1.05","0.0","7.43","1.05","7.8","0.0","0.0","0.0","0.0","87.27","97.02","411.48","205.74","324.21","314.46","0.0","","","","","","","","",""
"2015.0","6.0","29.0","180.0","401.0","0.13","1.05","0.0","7.6","1.05","7.98","0.0","0.0","0.0","0.0","95.25","97.02","411.48","205.74","316.23","314.46","0.0","","","","","","","","",""
"2015.0","6.0","30.0","181.0","401.0","0.13","1.05","0.0","7.68","1.05","8.06","0.0","0.0","0.0","0.0","0.0","97.02","411.48","205.74","411.48","314.46","103.31","","","","","","","","",""
"2015.0","7.0","1.0","182.0","401.0","0.13","1.05","0.0","7.42","1.05","7.79","0.0","0.0","0.0","0.0","7.79","97.02","411.48","205.74","403.69","314.46","0.0","","","","","","","","",""
"2015.0","7.0","2.0","183.0","401.0","0.13","1.05","0.0","7.56","1.05","7.94","0.0","0.0","0.0","0.0","15.73","97.02","411.48","205.74","395.75","314.46","0.0","","","","","","","","",""
"2015.0","7.0","3.0","184.0","401.0","0.12","1.05","0.0","7.43","1.05","7.8","0.0","0.0","0.0","0.0","23.53","97.02","411.48","205.74","387.95","314.46","0.0","","","","","","","","",""
"2015.0","7.0","4.0","185.0","401.0","0.12","1.05","0.0","8.14","1.05","8.55","0.0","0.0","0.0","0.0","32.08","97.02","411.48","205.74","379.4","314.46","0.0","","","","","","","","",""
"2015.0","7.0","5.0","186.0","401.0","0.12","1.05","0.0","7.47","1.05","7.84","0.0","0.0","0.0","0.0","39.92","97.02","411.48","205.74","371.56","314.46","0.0","","","","","","","","",""
"2015.0","7.0","6.0","187.0","401.0","0.12","1.05","0.0","7.45","1.05","7.82","0.0","0.0","0.0","0.0","47.74","97.02","411.48","205.74","363.74","314.46","0.0","","","","","","","","",""
"2015.0","7.0","7.0","188.0","401.0","0.12","1.05","0.0","7.05","1.05","7.4","0.0","0.0","0.0","0.0","55.15","97.02","411.48","205.74","356.33","314.46","0.0","","","","","","","","",""
"2015.0","7.0","8.0","189.0","401.0","0.12","1.05","0.0","6.42","1.05","6.74","0.0","0.0","0.0","0.0","61.89","97.02","411.48","205.74","349.59","314.46","0.0","","","","","","","","",""
"2015.0","7.0","9.0","190.0","401.0","0.12","1.05","0.0","4.51","1.05","4.74","0.0","0.0","0.0","0.0","66.62","97.02","411.48","205.74","344.86","314.46","0.0","","","","","","","","",""
"2015.0","7.0","10.0","191.0","401.0","0.12","1.05","0.0","5.24","1.05","5.5","0.0","0.0","0.0","0.0","72.12","97.02","411.48","205.74","339.36","314.46","0.0","","","","","","","","",""
"2015.0","7.0","11.0","192.0","401.0","0.12","1.05","0.0","6.46","1.05","6.78","0.0","0.0","0.0","0.0","78.91","97.02","411.48","205.74","332.57","314.46","0.0","","","","","","","","",""
"2015.0","7.0","12.0","193.0","401.0","0.12","1.05","0.0","6.6","1.05","6.93","0.0","0.0","0.0","0.0","85.84","97.02","411.48","205.74","325.64","314.46","0.0","","","","","","","","",""
"2015.0","7.0","13.0","194.0","401.0","0.12","1.05","0.0","6.72","1.05","7.06","0.0","0.0","0.0","0.0","92.89","97.02","411.48","205.74","318.59","314.46","0.0","","","","","","","","",""
"2015.0","7.0","14.0","195.0","401.0","0.11","1.05","0.0","6.66","1.05","6.99","0.0","0.0","0.0","0.0","0.0","97.02","411.48","205.74","411.48","314.46","99.89","","","","","","","","",""
"2015.0","7.0","15.0","196.0","401.0","0.11","1.05","0.0","6.77","1.05","7.11","0.0","0.0","0.0","0.0","7.11","97.02","411.48","205.74","404.37","314.46","0.0","","","","","","","","",""
"2015.0","7.0","16.0","197.0","401.0","0.11","1.05","0.0","7.29","1.05","7.65","0.0","0.0","0.0","0.0","14.76","97.02","411.48","205.74","396.72","314.46","0.0","","","","","","","","",""
"2015.0","7.0","17.0","198.0","401.0","0.11","1.05","0.0","7.45","1.05","7.82","0.0","0.0","0.0","0.0","22.59","97.02","411.48","205.74","388.89","314.46","0.0","","","","","","","","",""
"2015.0","7.0","18.0","199.0","401.0","0.11","1.05","0.0","7.52","1.05","7.9","0.0","0.0","0.0","0.0","30.48","97.02","411.48","205.74","381.0","314.46","0.0","","","","","","","","",""
"2015.0","7.0","19.0","200.0","401.0","0.11","1.05","0.0","6.89","1.05","7.23","0.0","0.0","0.0","0.0","37.72","97.02","411.48","205.74","373.76","314.46","0.0","","","","","","","","",""
"2015.0","7.0","20.0","201.0","401.0","0.11","1.05","0.0","7.43","1.05","7.8","0.0","0.0","0.0","0.0","45.52","97.02","411.48","205.74","365.96","314.46","0.0","","","","","","","","",""
"2015.0","7.0","21.0","202.0","401.0","0.11","1.05","0.0","7.44","1.05","7.81","0.0","0.0","0.0","0.0","53.33","97.02","411.48","205.74","358.15","314.46","0.0","","","","","","","","",""
"2015.0","7.0","22.0","203.0","401.0","0.11","1.05","0.0","7.1","1.05","7.46","0.0","0.0","0.0","0.0","60.78","97.02","411.48","205.74","350.7","314.46","0.0","","","","","","","","",""
"2015.0","7.0","23.0","204.0","401.0","0.11","1.05","0.0","6.23","1.05","6.54","0.0","0.0","0.0","0.0","67.33","97.02","411.48","205.74","344.15","314.46","0.0","","","","","","","","",""
"2015.0","7.0","24.0","205.0","401.0","0.11","1.05","0.0","6.45","1.05","6.77","0.0","0.0","0.0","0.0","74.1","97.02","411.48","205.74","337.38","314.46","0.0","","","","","","","","",""
"2015.0","7.0","25.0","206.0","401.0","0.11","1.05","0.0","6.6","1.05","6.93","0.0","0.0","0.0","0.0","81.03","97.02","411.48","205.74","330.45","314.46","0.0","","","","","","","","",""
"2015.0","7.0","26.0","207.0","401.0","0.11","1.05","0.0","6.59","1.05","6.92","0.0","0.0","0.0","0.0","87.95","97.02","411.48","205.74","323.53","314.46","0.0","","","","","","","","",""
"2015.0","7.0","27.0","208.0","401.0","0.11","1.05","0.0","7.51","1.05","7.89","0.0","0.0","0.0","0.0","95.83","97.02","411.48","205.74","315.65","314.46","0.0","","","","","","","","",""
"2015.0","7.0","28.0","209.0","401.0","0.1","1.05","0.0","7.9","1.05","8.3","0.0","0.0","0.0","0.0","0.0","97.02","411.48","205.74","411.48","314.46","104.13","","","","","","","","",""
"2015.0","7.0","29.0","210.0","401.0","0.1","1.05","0.0","7.55","1.05","7.93","0.0","0.0","0.0","0.0","7.93","97.02","411.48","205.74","403.55","314.46","0.0","","","","","","","","",""
"2015.0","7.0","30.0","211.0","401.0","0.1","1.05","0.0","8.0","1.05","8.4","0.0","0.0","0.0","0.0","16.33","97.02","411.48","205.74","395.15","314.46","0.0","","","","","","","","",""
"2015.0","7.0","31.0","212.0","401.0","0.1","1.05","0.0","6.92","1.05","7.27","0.0","0.0","0.0","0.0","23.59","97.02","411.48","205.74","387.89","314.46","0.0","","","","","","","","",""
"2015.0","8.0","1.0","213.0","401.0","0.1","1.05","0.0","7.08","1.05","7.43","0.0","0.0","0.0","0.0","31.03","97.02","411.48","205.74","380.45","314.46","0.0","","","","","","","","",""
"2015.0","8.0","2.0","214.0","401.0","0.1","1.05","0.0","6.92","1.05","7.27","0.0","0.0","0.0","0.0","38.29","97.02","411.48","205.74","373.19","314.46","0.0","","","","","","","","",""
"2015.0","8.0","3.0","215.0","401.0","0.1","1.05","0.0","7.0","1.05","7.35","0.0","0.0","0.0","0.0","45.64","97.02","411.48","205.74","365.84","314.46","0.0","","","","","","","","",""
"2015.0","8.0","4.0","216.0","401.0","0.1","1.05","0.0","4.85","1.05","5.09","0.0","0.0","0.0","0.0","50.74","97.02","411.48","205.74","360.74","314.46","0.0","","","","","","","","",""
"2015.0","8.0","5.0","217.0","401.0","0.1","1.05","0.0","5.83","1.05","6.12","0.0","0.0","0.0","0.0","56.86","97.02","411.48","205.74","354.62","314.46","0.0","","","","","","","","",""
"2015.0","8.0","6.0","218.0","401.0","0.1","1.05","0.0","4.52","1.05","4.75","0.0","0.0","0.0","0.0","61.6","97.02","411.48","205.74","349.88","314.46","0.0","","","","","","","","",""
"2015.0","8.0","7.0","219.0","401.0","0.1","1.05","0.0","6.88","1.05","7.22","0.0","0.0","0.0","0.0","68.83","97.02","411.48","205.74","342.65","314.46","0.0","","","","","","","","",""
"2015.0","8.0","8.0","220.0","401.0","0.1","1.05","0.0","6.22","1.05","6.53","0.0","0.0","0.0","0.0","75.36","97.02","411.48","205.74","336.12","314.46","0.0","","","","","","","","",""
"2015.0","8.0","9.0","221.0","401.0","0.1","1.05","0.0","6.69","1.05","7.02","0.0","0.0","0.0","0.0","82.38","97.02","411.48","205.74","329.1","314.46","0.0","","","","","","","","",""
"2015.0","8.0","10.0","222.0","401.0","0.1","1.05","0.0","6.74","1.05","7.08","0.0","0.0","0.0","0.0","89.46","97.02","411.48","205.74","322.02","314.46","0.0","","","","","","","","",""
"2015.0","8.0","11.0","223.0","401.0","0.1","1.05","0.0","6.58","1.05","6.91","0.0","0.0","0.0","0.0","96.37","97.02","411.48","205.74","315.11","314.46","0.0","","","","","","","","",""
"2015.0","8.0","12.0","224.0","401.0","0.1","1.05","0.0","6.46","1.05","6.78","0.0","0.0","0.0","0.0","0.0","97.02","411.48","205.74","411.48","314.46","103.15","","","","","","","","",""
"2015.0","8.0","13.0","225.0","401.0","0.1","1.05","0.0","6.63","1.05","6.96","0.0","0.0","0.0","0.0","6.96","97.02","411.48","205.74","404.52","314.46","0.0","","","","","","","","",""
"2015.0","8.0","14.0","226.0","401.0","0.1","1.05","0.0","6.2","1.05","6.51","0.0","0.0","0.0","0.0","13.47","97.02","411.48","205.74","398.01","314.46","0.0","","","","","","","","",""
"2015.0","8.0","15.0","227.0","401.0","0.1","1.05","0.0","6.51","1.05","6.84","0.0","0.0","0.0","0.0","20.31","97.02","411.48","205.74","391.17","314.46","0.0","","","","","","","","",""
"2015.0","8.0","16.0","228.0","401.0","0.1","1.05","0.0","6.78","1.05","7.12","0.0","0.0","0.0","0.0","27.43","97.02","411.48","205.74","384.05","314.46","0.0","","","","","","","","",""
"2015.0","8.0","17.0","229.0","401.0","0.09","1.05","0.0","7.25","1.05","7.61","0.0","0.0","0.0","0.0","35.04","97.02","411.48","205.74","376.44","314.46","0.0","","","","","","","","",""
"2015.0","8.0","18.0","230.0","401.0","0.09","1.05","0.0","7.05","1.05","7.4","0.0","0.0","0.0","0.0","42.44","97.02","411.48","205.74","369.04","314.46","0.0","","","","","","","","",""
"2015.0","8.0","19.0","231.0","401.0","0.09","1.05","0.0","6.44","1.05","6.76","0.0","0.0","0.0","0.0","49.2","97.02","411.48","205.74","362.28","314.46","0.0","","","","","","","","",""
"2015.0","8.0","20.0","232.0","401.0","0.09","1.05","0.0","5.71","1.05","6.0","0.0","0.0","0.0","0.0","55.2","97.02","411.48","205.74","356.28","314.46","0.0","","","","","","","","",""
"2015.0","8.0","21.0","233.0","401.0","0.09","1.05","0.0","5.79","1.05","6.08","0.0","0.0","0.0","0.0","61.28","97.02","411.48","205.74","350.2","314.46","0.0","","","","","","","","",""
"2015.0","8.0","22.0","234.0","401.0","0.09","1.05","0.0","5.86","1.05","6.15","0.0","0.0","0.0","0.0","67.43","97.02","411.48","205.74","344.05","314.46","0.0","","","","","","","","",""
"2015.0","8.0","23.0","235.0","401.0","0.09","1.05","0.0","5.93","1.05","6.23","0.0","0.0","0.0","0.0","73.66","97.02","411.48","205.74","337.82","314.46","0.0","","","","","","","","",""
"2015.0","8.0","24.0","236.0","401.0","0.09","1.05","0.0","6.4","1.05","6.72","0.0","0.0","0.0","0.0","80.38","97.02","411.48","205.74","331.1","314.46","0.0","","","","","","","","",""
"2015.0","8.0","25.0","237.0","401.0","0.09","1.05","0.0","6.7","1.05","7.04","0.0","0.0","0.0","0.0","87.41","97.02","411.48","205.74","324.07","314.46","0.0","","","","","","","","",""
"2015.0","8.0","26.0","238.0","401.0","0.09","1.05","0.0","6.8","1.05","7.14","0.0","0.0","0.0","0.0","94.55","97.02","411.48","205.74","316.93","314.46","0.0","","","","","","","","",""
"2015.0","8.0","27.0","239.0","401.0","0.09","1.05","0.0","6.81","1.05","7.15","0.0","0.0","0.0","0.0","0.0","97.02","411.48","205.74","411.48","314.46","101.7","","","","","","","","",""
"2015.0","8.0","28.0","240.0","401.0","0.09","1.05","0.0","6.87","1.05","7.21","0.0","0.0","0.0","0.0","7.21","97.02","411.48","205.74","404.27","314.46","0.0","","","","","","","","",""
"2015.0","8.0","29.0","241.0","401.0","0.09","1.05","0.0","5.44","1.05","5.71","0.0","0.0","0.0","0.0","12.93","97.02","411.48","205.74","398.55","314.46","0.0","","","","","","","","",""
"2015.0","8.0","30.0","242.0","401.0","0.09","1.05","0.0","5.56","1.05","5.84","0.0","0.0","0.0","0.0","18.76","97.02","411.48","205.74","392.72","314.46","0.0","","","","","","","","",""
"2015.0","8.0","31.0","243.0","401.0","0.09","1.05","0.0","5.76","1.05","6.02","0.0","0.0","0.0","0.0","24.79","97.02","411.48","205.74","386.69","314.46","0.0","","","","","","","","",""
"2015.0","9.0","1.0","244.0","401.0","0.09","1.04","0.0","5.9","1.04","6.15","0.0","0.0","0.0","0.0","30.94","97.02","411.48","205.74","380.54","314.46","0.0","","","","","","","","",""
"2015.0","9.0","2.0","245.0","401.0","0.09","1.04","0.0","5.77","1.04","5.99","0.0","0.0","0.0","0.0","36.92","97.02","411.48","205.74","374.56","314.46","0.0","","","","","","","","",""
"2015.0","9.0","3.0","246.0","401.0","0.09","1.03","0.0","5.25","1.03","5.43","0.0","0.0","0.0","0.0","42.35","97.02","411.48","205.74","369.13","314.46","0.0","","","","","","","","",""
"2015.0","9.0","4.0","247.0","401.0","0.09","1.03","0.0","5.36","1.03","5.52","0.0","0.0","0.0","0.0","47.87","97.02","411.48","205.74","363.61","314.46","0.0","","","","","","","","",""
"2015.0","9.0","5.0","248.0","401.0","0.09","1.03","0.0","5.84","1.03","5.99","0.0","0.0","0.0","0.0","53.86","97.02","411.48","205.74","357.62","314.46","0.0","","","","","","","","",""
"2015.0","9.0","6.0","249.0","401.0","0.09","1.02","0.0","5.27","1.02","5.38","0.0","0.0","0.0","0.0","59.25","97.02","411.48","205.74","352.23","314.46","0.0","","","","","","","","",""
"2015.0","9.0","7.0","250.0","401.0","0.09","1.02","0.0","5.59","1.02","5.69","0.0","0.0","0.0","0.0","64.94","97.02","411.48","205.74","346.54","314.46","0.0","","","","","","","","",""
"2015.0","9.0","8.0","251.0","401.0","0.09","1.01","0.0","5.46","1.01","5.53","0.0","0.0","0.0","0.0","70.47","97.02","411.48","205.74","341.01","314.46","0.0","","","","","","","","",""
"2015.0","9.0","9.0","252.0","401.0","0.09","1.01","0.0","6.23","1.01","6.29","0.0","0.0","0.0","0.0","76.76","97.02","411.48","205.74","334.72","314.46","0.0","","","","","","","","",""
"2015.0","9.0","10.0","253.0","401.0","0.09","1.01","0.0","6.64","1.01","6.68","0.0","0.0","0.0","0.0","83.44","97.02","411.48","205.74","328.04","314.46","0.0","","","","","","","","",""
"2015.0","9.0","11.0","254.0","401.0","0.09","1.0","0.0","6.34","1.0","6.35","0.0","0.0","0.0","0.0","89.79","97.02","411.48","205.74","321.69","314.46","0.0","","","","","","","","",""
"2015.0","9.0","12.0","255.0","401.0","0.09","1.0","0.0","4.82","1.0","4.81","0.0","0.0","0.0","0.0","94.6","97.02","411.48","205.74","316.88","314.46","0.0","","","","","","","","",""
"2015.0","9.0","13.0","256.0","401.0","0.09","0.99","0.0","5.41","0.99","5.38","0.0","0.0","0.0","0.0","0.0","97.02","411.48","205.74","411.48","314.46","99.97","","","","","","","","",""
"2015.0","9.0","14.0","257.0","401.0","0.09","0.99","0.0","4.19","0.99","4.15","0.0","0.0","0.0","0.0","4.15","97.02","411.48","205.74","407.33","314.46","0.0","","","","","","","","",""
"2015.0","9.0","15.0","258.0","401.0","0.09","0.99","0.0","4.58","0.99","4.51","0.0","0.0","0.0","0.0","8.66","97.02","411.48","205.74","402.82","314.46","0.0","","","","","","","","",""
"2015.0","9.0","16.0","259.0","401.0","0.09","0.98","0.0","3.32","0.98","3.26","0.0","0.0","0.0","0.0","11.92","97.02","411.48","205.74","399.56","314.46","0.0","","","","","","","","",""
"2015.0","9.0","17.0","260.0","401.0","0.09","0.98","0.0","3.93","0.98","3.84","0.23","0.23","0.0","0.0","15.53","97.02","411.48","205.74","395.95","314.46","0.0","","","","","","","","",""
"2015.0","9.0","18.0","261.0","401.0","0.08","0.97","0.0","4.53","0.97","4.41","0.0","0.0","0.0","0.0","19.94","97.02","411.48","205.74","391.54","314.46","0.0","","","","","","","","",""
"2015.0","9.0","19.0","262.0","401.0","0.08","0.97","0.0","4.78","0.97","4.63","0.0","0.0","0.0","0.0","24.57","97.02","411.48","205.74","386.91","314.46","0.0","","","","","","","","",""
"2015.0","9.0","20.0","263.0","401.0","0.08","0.97","0.0","4.79","0.97","4.62","0.0","0.0","0.0","0.0","29.2","97.02","411.48","205.74","382.28","314.46","0.0","","","","","","","","",""
"2015.0","9.0","21.0","264.0","401.0","0.08","0.96","0.0","5.6","0.96","5.38","0.0","0.0","0.0","0.0","34.58","97.02","411.48","205.74","376.9","314.46","0.0","","","","","","","","",""
"2015.0","9.0","22.0","265.0","401.0","0.08","0.96","0.0","5.83","0.96","5.58","0.0","0.0","0.0","0.0","40.16","97.02","411.48","205.74","371.32","314.46","0.0","","","","","","","","",""
"2015.0","9.0","23.0","266.0","401.0","0.08","0.95","0.0","4.62","0.95","4.4","0.0","0.0","0.0","0.0","44.56","97.02","411.48","205.74","366.92","314.46","0.0","","","","","","","","",""
"2015.0","9.0","24.0","267.0","401.0","0.08","0.95","0.0","4.63","0.95","4.39","0.0","0.0","0.0","0.0","48.96","97.02","411.48","205.74","362.52","314.46","0.0","","","","","","","","",""
"2015.0","9.0","25.0","268.0","401.0","0.08","0.95","0.0","5.62","0.95","5.31","0.0","0.0","0.0","0.0","54.27","97.02","411.48","205.74","357.21","314.46","0.0","","","","","","","","",""
"2015.0","9.0","26.0","269.0","401.0","0.08","0.94","0.0","5.39","0.94","5.07","0.0","0.0","0.0","0.0","59.34","97.02","411.48","205.74","352.14","314.46","0.0","","","","","","","","",""
"2015.0","9.0","27.0","270.0","401.0","0.08","0.94","0.0","4.08","0.94","3.82","0.0","0.0","0.0","0.0","63.17","97.02","411.48","205.74","348.31","314.46","0.0","","","","","","","","",""
"2015.0","9.0","28.0","271.0","401.0","0.08","0.93","0.0","4.73","0.93","4.41","0.0","0.0","0.0","0.0","67.58","97.02","411.48","205.74","343.9","314.46","0.0","","","","","","","","",""
"2015.0","9.0","29.0","272.0","401.0","0.08","0.93","0.0","4.31","0.93","4.0","0.0","0.0","0.0","0.0","71.58","102.87","411.48","205.74","339.9","308.61","0.0","","","","","","","","",""
"2015.0","9.0","30.0","273.0","401.0","0.08","0.92","0.0","2.04","0.92","1.89","0.0","0.0","0.0","0.0","73.47","102.87","411.48","205.74","338.01","308.61","0.0","","","","","","","","",""
