" Daily soil water balance output for Potatoes in 186_Sacramento DAU_Co within 05_Sacramento River for WY 2015","","","","","","","","","","","","","","","","","","","","","","","Annual and in-season monthly output for Potatoes in 186_Sacramento DAU_Co within 05_Sacramento River for WY 2015","","","","","","",""
"Year","Mon","Day","DOY"," Area","OKc","IKc","CCKc","ETo","Kc","ETc","Pcp","Er","Spg","Espg","SWD","SWDx","FC","PWP","SWC"," YT ","NA","","Year","Mon"," Area","ETo","ETc","ETc","ETc","ETc"
" #  "," # "," # ","  #","Acres","   ","   ","    "," mm","mm"," mm"," mm","mm"," mm"," mm "," mm"," mm ","mm"," mm"," mm"," mm"," mm","","#  "," # "," Acres"," mm"," mm","acre-ft"," mm","acre-ft"
"2014.0","10.0","1.0","274.0","1142.0","0.57","0.0","0.0","5.96","0.57","3.38","0.0","0.0","0.0","0.0","25.65","25.65","208.48","104.24","182.83","182.83","0.0","","2014.0","10.0","1142.0","103.02","35.97","134.769488189","0.0","0.0"
"2014.0","10.0","2.0","275.0","1142.0","0.52","0.0","0.0","4.15","0.52","2.16","0.0","0.0","0.0","0.0","27.81","25.65","208.48","104.24","180.68","182.83","0.0","","2014.0","11.0","1142.0","43.68","43.33","162.345341207","0.0","0.0"
"2014.0","10.0","3.0","276.0","1142.0","0.48","0.0","0.0","4.14","0.48","2.0","0.0","0.0","0.0","0.0","25.65","25.65","208.48","104.24","182.83","182.83","0.0","","2014.0","12.0","1142.0","32.29","36.63","137.242322835","0.0","0.0"
"2014.0","10.0","4.0","277.0","1142.0","0.45","0.0","0.0","4.17","0.45","1.89","0.0","0.0","0.0","0.0","27.54","25.65","208.48","104.24","180.94","182.83","0.0","","2015.0","1.0","1142.0","32.29","18.19","68.1528215223","0.0","0.0"
"2014.0","10.0","5.0","278.0","1142.0","0.43","0.0","0.0","4.03","0.43","1.73","0.0","0.0","0.0","0.0","25.65","25.65","208.48","104.24","182.83","182.83","0.0","","2015.0","2.0","1142.0","56.46","36.47","136.642847769","0.0","0.0"
"2014.0","10.0","6.0","279.0","1142.0","0.41","0.0","0.0","4.09","0.41","1.67","0.0","0.0","0.0","0.0","27.32","25.65","208.48","104.24","181.16","182.83","0.0","","2015.0","3.0","1142.0","104.49","49.32","184.788188976","0.0","0.0"
"2014.0","10.0","7.0","280.0","1142.0","0.39","0.0","0.0","4.24","0.39","1.65","0.0","0.0","0.0","0.0","25.65","25.65","208.48","104.24","182.83","182.83","0.0","","2015.0","4.0","1142.0","140.05","97.18","364.106167979","68.11","255.189041995"
"2014.0","10.0","8.0","281.0","1142.0","0.37","0.0","0.0","4.92","0.37","1.82","0.0","0.0","0.0","0.0","27.47","25.65","208.48","104.24","181.01","182.83","0.0","","2015.0","5.0","1142.0","157.44","134.07","502.322637795","134.08","502.360104987"
"2014.0","10.0","9.0","282.0","1142.0","0.36","0.0","0.0","4.33","0.36","1.54","0.0","0.0","0.0","0.0","25.65","25.65","208.48","104.24","182.83","182.83","0.0","","2015.0","6.0","1142.0","206.92","221.1","828.399606299","221.1","828.399606299"
"2014.0","10.0","10.0","283.0","1142.0","0.34","0.0","0.0","3.75","0.34","1.29","0.0","0.0","0.0","0.0","26.94","25.65","208.48","104.24","181.54","182.83","0.0","","2015.0","7.0","1142.0","214.06","235.45","882.165026247","235.47","882.23996063"
"2014.0","10.0","11.0","284.0","1142.0","0.33","0.0","0.0","3.53","0.33","1.18","0.0","0.0","0.0","0.0","25.65","25.65","208.48","104.24","182.83","182.83","0.0","","2015.0","8.0","1142.0","194.99","175.66","658.148687664","175.66","658.148687664"
"2014.0","10.0","12.0","285.0","1142.0","0.32","0.0","0.0","6.45","0.32","2.05","0.0","0.0","0.0","0.0","27.7","25.65","208.48","104.24","180.78","182.83","0.0","","2015.0","9.0","1142.0","149.52","12.92","48.4076115486","0.0","0.0"
"2014.0","10.0","13.0","286.0","1142.0","0.31","0.0","0.0","4.08","0.31","1.26","0.0","0.0","0.0","0.0","25.65","25.65","208.48","104.24","182.83","182.83","0.0","","","","","","","","",""
"2014.0","10.0","14.0","287.0","1142.0","0.3","0.0","0.0","3.18","0.3","0.96","0.0","0.0","0.0","0.0","26.61","25.65","208.48","104.24","181.87","182.83","0.0","","","","","","","","",""
"2014.0","10.0","15.0","288.0","1142.0","0.3","0.0","0.0","2.39","0.3","0.72","0.15","0.15","0.0","0.0","25.65","25.65","208.48","104.24","182.83","182.83","0.0","","","","","","","","",""
"2014.0","10.0","16.0","289.0","1142.0","0.29","0.0","0.0","2.7","0.29","0.8","0.0","0.0","0.0","0.0","26.45","25.65","208.48","104.24","182.04","182.83","0.0","","","","","","","","",""
"2014.0","10.0","17.0","290.0","1142.0","0.29","0.0","0.0","2.51","0.29","0.73","0.0","0.0","0.0","0.0","25.65","25.65","208.48","104.24","182.83","182.83","0.0","","","","","","","","",""
"2014.0","10.0","18.0","291.0","1142.0","0.29","0.0","0.0","2.88","0.29","0.82","0.0","0.0","0.0","0.0","26.47","25.65","208.48","104.24","182.01","182.83","0.0","","","","","","","","",""
"2014.0","10.0","19.0","292.0","1142.0","0.28","0.0","0.0","2.97","0.28","0.84","0.0","0.0","0.0","0.0","25.65","25.65","208.48","104.24","182.83","182.83","0.0","","","","","","","","",""
"2014.0","10.0","20.0","293.0","1142.0","0.28","0.0","0.0","2.25","0.28","0.63","0.0","0.0","0.0","0.0","26.28","25.65","208.48","104.24","182.21","182.83","0.0","","","","","","","","",""
"2014.0","10.0","21.0","294.0","1142.0","0.27","0.0","0.0","2.67","0.27","0.73","0.0","0.0","0.0","0.0","25.65","25.65","208.48","104.24","182.83","182.83","0.0","","","","","","","","",""
"2014.0","10.0","22.0","295.0","1142.0","0.27","0.0","0.0","2.57","0.27","0.7","0.0","0.0","0.0","0.0","26.35","25.65","208.48","104.24","182.14","182.83","0.0","","","","","","","","",""
"2014.0","10.0","23.0","296.0","1142.0","0.27","0.0","0.0","2.51","0.27","0.67","0.0","0.0","0.0","0.0","25.65","25.65","208.48","104.24","182.83","182.83","0.0","","","","","","","","",""
"2014.0","10.0","24.0","297.0","1142.0","0.27","0.0","0.0","2.57","0.27","0.68","0.0","0.0","0.0","0.0","26.33","25.65","208.48","104.24","182.15","182.83","0.0","","","","","","","","",""
"2014.0","10.0","25.0","298.0","1142.0","0.26","0.0","0.0","2.27","0.26","0.6","0.0","0.0","0.0","0.0","25.65","25.65","208.48","104.24","182.83","182.83","0.0","","","","","","","","",""
"2014.0","10.0","26.0","299.0","1142.0","0.26","0.0","0.0","2.66","0.26","0.69","1.25","1.25","0.0","0.0","25.09","25.65","208.48","104.24","183.39","182.83","0.0","","","","","","","","",""
"2014.0","10.0","27.0","300.0","1142.0","0.26","0.0","0.0","2.48","0.26","0.64","0.0","0.0","0.0","0.0","25.73","25.65","208.48","104.24","182.76","182.83","0.0","","","","","","","","",""
"2014.0","10.0","28.0","301.0","1142.0","0.25","0.0","0.0","2.37","0.25","0.6","0.0","0.0","0.0","0.0","25.65","25.65","208.48","104.24","182.83","182.83","0.0","","","","","","","","",""
"2014.0","10.0","29.0","302.0","1142.0","0.25","0.0","0.0","2.4","0.25","0.6","0.0","0.0","0.0","0.0","26.25","25.65","208.48","104.24","182.23","182.83","0.0","","","","","","","","",""
"2014.0","10.0","30.0","303.0","1142.0","0.25","0.0","0.0","2.51","0.25","0.62","0.0","0.0","0.0","0.0","25.65","25.65","208.48","104.24","182.83","182.83","0.0","","","","","","","","",""
"2014.0","10.0","31.0","304.0","1142.0","0.25","0.0","0.0","1.29","0.25","0.32","0.01","0.01","0.0","0.0","25.96","25.65","208.48","104.24","182.52","182.83","0.0","","","","","","","","",""
"2014.0","11.0","1.0","305.0","1142.0","1.15","0.0","0.0","1.84","1.15","2.11","7.1","7.1","0.0","0.0","18.86","25.65","208.48","104.24","189.62","182.83","0.0","","","","","","","","",""
"2014.0","11.0","2.0","306.0","1142.0","1.14","0.0","0.0","2.21","1.14","2.52","0.0","0.0","0.0","0.0","21.38","25.65","208.48","104.24","187.11","182.83","0.0","","","","","","","","",""
"2014.0","11.0","3.0","307.0","1142.0","1.14","0.0","0.0","1.8","1.14","2.06","0.0","0.0","0.0","0.0","23.43","25.65","208.48","104.24","185.05","182.83","0.0","","","","","","","","",""
"2014.0","11.0","4.0","308.0","1142.0","1.01","0.0","0.0","1.75","1.01","1.77","0.0","0.0","0.0","0.0","25.2","25.65","208.48","104.24","183.29","182.83","0.0","","","","","","","","",""
"2014.0","11.0","5.0","309.0","1142.0","0.91","0.0","0.0","1.82","0.91","1.65","0.0","0.0","0.0","0.0","26.85","25.65","208.48","104.24","181.64","182.83","0.0","","","","","","","","",""
"2014.0","11.0","6.0","310.0","1142.0","0.83","0.0","0.0","1.94","0.83","1.6","0.0","0.0","0.0","0.0","25.65","25.65","208.48","104.24","182.83","182.83","0.0","","","","","","","","",""
"2014.0","11.0","7.0","311.0","1142.0","0.76","0.0","0.0","2.01","0.76","1.53","0.0","0.0","0.0","0.0","27.18","25.65","208.48","104.24","181.3","182.83","0.0","","","","","","","","",""
"2014.0","11.0","8.0","312.0","1142.0","0.71","0.0","0.0","1.88","0.71","1.34","0.0","0.0","0.0","0.0","25.65","25.65","208.48","104.24","182.83","182.83","0.0","","","","","","","","",""
"2014.0","11.0","9.0","313.0","1142.0","0.67","0.0","0.0","1.86","0.67","1.25","0.0","0.0","0.0","0.0","26.9","25.65","208.48","104.24","181.58","182.83","0.0","","","","","","","","",""
"2014.0","11.0","10.0","314.0","1142.0","0.64","0.0","0.0","1.96","0.64","1.25","0.0","0.0","0.0","0.0","25.65","25.65","208.48","104.24","182.83","182.83","0.0","","","","","","","","",""
"2014.0","11.0","11.0","315.0","1142.0","0.61","0.0","0.0","1.52","0.61","0.93","0.0","0.0","0.0","0.0","26.58","25.65","208.48","104.24","181.9","182.83","0.0","","","","","","","","",""
"2014.0","11.0","12.0","316.0","1142.0","0.59","0.0","0.0","1.46","0.59","0.87","0.0","0.0","0.0","0.0","25.65","25.65","208.48","104.24","182.83","182.83","0.0","","","","","","","","",""
"2014.0","11.0","13.0","317.0","1142.0","1.18","0.0","0.0","1.02","1.18","1.2","4.19","4.19","0.0","0.0","22.66","25.65","208.48","104.24","185.82","182.83","0.0","","","","","","","","",""
"2014.0","11.0","14.0","318.0","1142.0","1.17","0.0","0.0","1.34","1.17","1.56","1.96","1.96","0.0","0.0","22.27","25.65","208.48","104.24","186.22","182.83","0.0","","","","","","","","",""
"2014.0","11.0","15.0","319.0","1142.0","1.17","0.0","0.0","1.28","1.17","1.49","0.0","0.0","0.0","0.0","23.76","25.65","208.48","104.24","184.72","182.83","0.0","","","","","","","","",""
"2014.0","11.0","16.0","320.0","1142.0","1.16","0.0","0.0","1.98","1.16","2.29","0.01","0.01","0.0","0.0","26.04","25.65","208.48","104.24","182.44","182.83","0.0","","","","","","","","",""
"2014.0","11.0","17.0","321.0","1142.0","1.1","0.0","0.0","1.82","1.1","2.01","0.0","0.0","0.0","0.0","25.65","25.65","208.48","104.24","182.83","182.83","0.0","","","","","","","","",""
"2014.0","11.0","18.0","322.0","1142.0","1.0","0.0","0.0","1.37","1.0","1.37","0.0","0.0","0.0","0.0","27.02","25.65","208.48","104.24","181.46","182.83","0.0","","","","","","","","",""
"2014.0","11.0","19.0","323.0","1142.0","0.94","0.0","0.0","1.06","0.94","1.0","0.13","0.13","0.0","0.0","25.65","25.65","208.48","104.24","182.83","182.83","0.0","","","","","","","","",""
"2014.0","11.0","20.0","324.0","1142.0","1.19","0.0","0.0","0.64","1.19","0.76","3.26","3.26","0.0","0.0","23.15","25.65","208.48","104.24","185.33","182.83","0.0","","","","","","","","",""
"2014.0","11.0","21.0","325.0","1142.0","1.19","0.0","0.0","0.82","1.19","0.97","4.7","4.7","0.0","0.0","19.43","25.65","208.48","104.24","189.06","182.83","0.0","","","","","","","","",""
"2014.0","11.0","22.0","326.0","1142.0","1.18","0.0","0.0","1.16","1.18","1.37","0.19","0.19","0.0","0.0","20.61","25.65","208.48","104.24","187.88","182.83","0.0","","","","","","","","",""
"2014.0","11.0","23.0","327.0","1142.0","1.16","0.0","0.0","1.49","1.16","1.73","3.38","3.38","0.0","0.0","18.96","25.65","208.48","104.24","189.53","182.83","0.0","","","","","","","","",""
"2014.0","11.0","24.0","328.0","1142.0","1.16","0.0","0.0","1.37","1.16","1.59","0.0","0.0","0.0","0.0","20.55","25.65","208.48","104.24","187.93","182.83","0.0","","","","","","","","",""
"2014.0","11.0","25.0","329.0","1142.0","1.17","0.0","0.0","1.22","1.17","1.42","0.0","0.0","0.0","0.0","21.97","25.65","208.48","104.24","186.51","182.83","0.0","","","","","","","","",""
"2014.0","11.0","26.0","330.0","1142.0","1.17","0.0","0.0","1.2","1.17","1.4","0.0","0.0","0.0","0.0","23.37","25.65","208.48","104.24","185.11","182.83","0.0","","","","","","","","",""
"2014.0","11.0","27.0","331.0","1142.0","1.1","0.0","0.0","1.19","1.1","1.31","0.0","0.0","0.0","0.0","24.69","25.65","208.48","104.24","183.8","182.83","0.0","","","","","","","","",""
"2014.0","11.0","28.0","332.0","1142.0","1.02","0.0","0.0","1.16","1.02","1.18","0.0","0.0","0.0","0.0","25.87","25.65","208.48","104.24","182.62","182.83","0.0","","","","","","","","",""
"2014.0","11.0","29.0","333.0","1142.0","1.19","0.0","0.0","0.85","1.19","1.01","2.69","2.69","0.0","0.0","23.18","25.65","208.48","104.24","185.31","182.83","0.0","","","","","","","","",""
"2014.0","11.0","30.0","334.0","1142.0","1.19","0.0","0.0","0.66","1.19","0.79","3.5","3.5","0.0","0.0","20.46","25.65","208.48","104.24","188.02","182.83","0.0","","","","","","","","",""
"2014.0","12.0","1.0","335.0","1142.0","1.18","0.0","0.0","1.02","1.18","1.2","7.13","7.13","0.0","0.0","14.54","25.65","208.48","104.24","193.95","182.83","0.0","","","","","","","","",""
"2014.0","12.0","2.0","336.0","1142.0","1.19","0.0","0.0","0.66","1.19","0.79","2.45","2.45","0.0","0.0","12.88","25.65","208.48","104.24","195.61","182.83","0.0","","","","","","","","",""
"2014.0","12.0","3.0","337.0","1142.0","1.17","0.0","0.0","1.13","1.17","1.33","39.11","14.2","0.0","0.0","0.0","25.65","208.48","104.24","208.48","182.83","0.0","","","","","","","","",""
"2014.0","12.0","4.0","338.0","1142.0","1.18","0.0","0.0","1.1","1.18","1.29","21.84","1.29","0.0","0.0","0.0","25.65","208.48","104.24","208.48","182.83","0.0","","","","","","","","",""
"2014.0","12.0","5.0","339.0","1142.0","1.18","0.0","0.0","0.92","1.18","1.09","0.22","0.22","0.0","0.0","0.87","25.65","208.48","104.24","207.62","182.83","0.0","","","","","","","","",""
"2014.0","12.0","6.0","340.0","1142.0","1.18","0.0","0.0","1.09","1.18","1.28","2.83","2.15","0.0","0.0","0.0","25.65","208.48","104.24","208.48","182.83","0.0","","","","","","","","",""
"2014.0","12.0","7.0","341.0","1142.0","1.18","0.0","0.0","0.77","1.18","0.91","0.78","0.78","0.0","0.0","0.13","25.65","208.48","104.24","208.35","182.83","0.0","","","","","","","","",""
"2014.0","12.0","8.0","342.0","1142.0","1.18","0.0","0.0","0.83","1.18","0.98","0.0","0.0","0.0","0.0","1.11","25.65","208.48","104.24","207.37","182.83","0.0","","","","","","","","",""
"2014.0","12.0","9.0","343.0","1142.0","1.19","0.0","0.0","0.68","1.19","0.81","0.0","0.0","0.0","0.0","1.92","25.65","208.48","104.24","206.56","182.83","0.0","","","","","","","","",""
"2014.0","12.0","10.0","344.0","1142.0","1.19","0.0","0.0","0.97","1.19","1.15","0.0","0.0","0.0","0.0","3.07","25.65","208.48","104.24","205.41","182.83","0.0","","","","","","","","",""
"2014.0","12.0","11.0","345.0","1142.0","1.18","0.0","0.0","1.27","1.18","1.5","0.01","0.01","0.0","0.0","4.56","25.65","208.48","104.24","203.92","182.83","0.0","","","","","","","","",""
"2014.0","12.0","12.0","346.0","1142.0","1.2","0.0","0.0","0.61","1.2","0.73","68.69","5.29","0.0","0.0","0.0","25.65","208.48","104.24","208.48","182.83","0.0","","","","","","","","",""
"2014.0","12.0","13.0","347.0","1142.0","1.19","0.0","0.0","0.68","1.19","0.81","1.6","0.81","0.0","0.0","0.0","25.65","208.48","104.24","208.48","182.83","0.0","","","","","","","","",""
"2014.0","12.0","14.0","348.0","1142.0","1.19","0.0","0.0","0.73","1.19","0.87","0.0","0.0","0.0","0.0","0.87","25.65","208.48","104.24","207.61","182.83","0.0","","","","","","","","",""
"2014.0","12.0","15.0","349.0","1142.0","1.18","0.0","0.0","0.95","1.18","1.12","6.13","1.99","0.0","0.0","0.0","25.65","208.48","104.24","208.48","182.83","0.0","","","","","","","","",""
"2014.0","12.0","16.0","350.0","1142.0","1.17","0.0","0.0","1.22","1.17","1.43","11.72","1.43","0.0","0.0","0.0","25.65","208.48","104.24","208.48","182.83","0.0","","","","","","","","",""
"2014.0","12.0","17.0","351.0","1142.0","1.18","0.0","0.0","0.96","1.18","1.13","12.55","1.13","0.0","0.0","0.0","25.65","208.48","104.24","208.48","182.83","0.0","","","","","","","","",""
"2014.0","12.0","18.0","352.0","1142.0","1.18","0.0","0.0","0.94","1.18","1.11","2.97","1.11","0.0","0.0","0.0","25.65","208.48","104.24","208.48","182.83","0.0","","","","","","","","",""
"2014.0","12.0","19.0","353.0","1142.0","1.18","0.0","0.0","0.83","1.18","0.98","0.0","0.0","0.0","0.0","0.98","25.65","208.48","104.24","207.5","182.83","0.0","","","","","","","","",""
"2014.0","12.0","20.0","354.0","1142.0","1.19","0.0","0.0","0.65","1.19","0.78","15.13","1.76","0.0","0.0","0.0","25.65","208.48","104.24","208.48","182.83","0.0","","","","","","","","",""
"2014.0","12.0","21.0","355.0","1142.0","1.19","0.0","0.0","0.98","1.19","1.16","0.01","0.01","0.0","0.0","1.15","25.65","208.48","104.24","207.33","182.83","0.0","","","","","","","","",""
"2014.0","12.0","22.0","356.0","1142.0","1.19","0.0","0.0","0.77","1.19","0.91","0.0","0.0","0.0","0.0","2.07","25.65","208.48","104.24","206.41","182.83","0.0","","","","","","","","",""
"2014.0","12.0","23.0","357.0","1142.0","1.19","0.0","0.0","0.72","1.19","0.86","0.0","0.0","0.0","0.0","2.92","25.65","208.48","104.24","205.56","182.83","0.0","","","","","","","","",""
"2014.0","12.0","24.0","358.0","1142.0","1.19","0.0","0.0","0.95","1.19","1.13","0.0","0.0","0.0","0.0","4.05","25.65","208.48","104.24","204.43","182.83","0.0","","","","","","","","",""
"2014.0","12.0","25.0","359.0","1142.0","1.14","0.0","0.0","1.9","1.14","2.17","1.24","1.24","0.0","0.0","4.99","25.65","208.48","104.24","203.5","182.83","0.0","","","","","","","","",""
"2014.0","12.0","26.0","360.0","1142.0","1.15","0.0","0.0","1.79","1.15","2.05","0.0","0.0","0.0","0.0","7.04","25.65","208.48","104.24","201.45","182.83","0.0","","","","","","","","",""
"2014.0","12.0","27.0","361.0","1142.0","1.16","0.0","0.0","0.76","1.16","0.88","0.0","0.0","0.0","0.0","7.92","25.65","208.48","104.24","200.56","182.83","0.0","","","","","","","","",""
"2014.0","12.0","28.0","362.0","1142.0","1.17","0.0","0.0","0.75","1.17","0.88","0.0","0.0","0.0","0.0","8.8","25.65","208.48","104.24","199.69","182.83","0.0","","","","","","","","",""
"2014.0","12.0","29.0","363.0","1142.0","1.17","0.0","0.0","0.54","1.17","0.63","0.0","0.0","0.0","0.0","9.43","25.65","208.48","104.24","199.05","182.83","0.0","","","","","","","","",""
"2014.0","12.0","30.0","364.0","1142.0","0.98","0.0","0.0","2.48","0.98","2.43","0.0","0.0","0.0","0.0","11.86","25.65","208.48","104.24","196.63","182.83","0.0","","","","","","","","",""
"2014.0","12.0","31.0","365.0","1142.0","0.85","0.0","0.0","2.64","0.85","2.24","0.0","0.0","0.0","0.0","14.1","25.65","208.48","104.24","194.38","182.83","0.0","","","","","","","","",""
"2015.0","1.0","1.0","1.0","1142.0","0.82","0.0","0.0","0.89","0.82","0.73","0.0","0.0","0.0","0.0","14.83","25.65","208.48","104.24","193.66","182.83","0.0","","","","","","","","",""
"2015.0","1.0","2.0","2.0","1142.0","0.79","0.0","0.0","0.88","0.79","0.69","0.0","0.0","0.0","0.0","15.52","25.65","208.48","104.24","192.96","182.83","0.0","","","","","","","","",""
"2015.0","1.0","3.0","3.0","1142.0","0.76","0.0","0.0","0.87","0.76","0.66","0.0","0.0","0.0","0.0","16.19","25.65","208.48","104.24","192.3","182.83","0.0","","","","","","","","",""
"2015.0","1.0","4.0","4.0","1142.0","0.74","0.0","0.0","0.97","0.74","0.72","0.0","0.0","0.0","0.0","16.9","25.65","208.48","104.24","191.58","182.83","0.0","","","","","","","","",""
"2015.0","1.0","5.0","5.0","1142.0","0.72","0.0","0.0","0.89","0.72","0.64","0.0","0.0","0.0","0.0","17.54","25.65","208.48","104.24","190.94","182.83","0.0","","","","","","","","",""
"2015.0","1.0","6.0","6.0","1142.0","0.69","0.0","0.0","1.19","0.69","0.82","0.0","0.0","0.0","0.0","18.36","25.65","208.48","104.24","190.12","182.83","0.0","","","","","","","","",""
"2015.0","1.0","7.0","7.0","1142.0","0.67","0.0","0.0","1.19","0.67","0.79","0.0","0.0","0.0","0.0","19.16","25.65","208.48","104.24","189.33","182.83","0.0","","","","","","","","",""
"2015.0","1.0","8.0","8.0","1142.0","0.65","0.0","0.0","1.04","0.65","0.67","0.0","0.0","0.0","0.0","19.83","25.65","208.48","104.24","188.65","182.83","0.0","","","","","","","","",""
"2015.0","1.0","9.0","9.0","1142.0","0.63","0.0","0.0","0.88","0.63","0.56","0.0","0.0","0.0","0.0","20.39","25.65","208.48","104.24","188.09","182.83","0.0","","","","","","","","",""
"2015.0","1.0","10.0","10.0","1142.0","0.62","0.0","0.0","0.99","0.62","0.61","0.0","0.0","0.0","0.0","21.0","25.65","208.48","104.24","187.48","182.83","0.0","","","","","","","","",""
"2015.0","1.0","11.0","11.0","1142.0","0.61","0.0","0.0","0.88","0.61","0.53","0.0","0.0","0.0","0.0","21.54","25.65","208.48","104.24","186.95","182.83","0.0","","","","","","","","",""
"2015.0","1.0","12.0","12.0","1142.0","0.59","0.0","0.0","1.02","0.59","0.6","0.0","0.0","0.0","0.0","22.14","25.65","208.48","104.24","186.34","182.83","0.0","","","","","","","","",""
"2015.0","1.0","13.0","13.0","1142.0","0.58","0.0","0.0","1.08","0.58","0.63","0.0","0.0","0.0","0.0","22.77","25.65","208.48","104.24","185.72","182.83","0.0","","","","","","","","",""
"2015.0","1.0","14.0","14.0","1142.0","0.57","0.0","0.0","0.68","0.57","0.39","0.0","0.0","0.0","0.0","23.16","25.65","208.48","104.24","185.33","182.83","0.0","","","","","","","","",""
"2015.0","1.0","15.0","15.0","1142.0","0.56","0.0","0.0","0.69","0.56","0.39","0.0","0.0","0.0","0.0","23.54","25.65","208.48","104.24","184.94","182.83","0.0","","","","","","","","",""
"2015.0","1.0","16.0","16.0","1142.0","0.56","0.0","0.0","0.6","0.56","0.33","0.0","0.0","0.0","0.0","23.88","25.65","208.48","104.24","184.6","182.83","0.0","","","","","","","","",""
"2015.0","1.0","17.0","17.0","1142.0","0.55","0.0","0.0","0.53","0.55","0.29","0.0","0.0","0.0","0.0","24.17","25.65","208.48","104.24","184.31","182.83","0.0","","","","","","","","",""
"2015.0","1.0","18.0","18.0","1142.0","0.55","0.0","0.0","0.59","0.55","0.32","0.0","0.0","0.0","0.0","24.49","25.65","208.48","104.24","183.99","182.83","0.0","","","","","","","","",""
"2015.0","1.0","19.0","19.0","1142.0","0.54","0.0","0.0","0.62","0.54","0.33","0.01","0.01","0.0","0.0","24.82","25.65","208.48","104.24","183.67","182.83","0.0","","","","","","","","",""
"2015.0","1.0","20.0","20.0","1142.0","0.53","0.0","0.0","0.75","0.53","0.4","0.0","0.0","0.0","0.0","25.22","25.65","208.48","104.24","183.27","182.83","0.0","","","","","","","","",""
"2015.0","1.0","21.0","21.0","1142.0","0.52","0.0","0.0","0.97","0.52","0.51","0.0","0.0","0.0","0.0","25.73","25.65","208.48","104.24","182.76","182.83","0.0","","","","","","","","",""
"2015.0","1.0","22.0","22.0","1142.0","0.52","0.0","0.0","0.72","0.52","0.37","0.0","0.0","0.0","0.0","25.65","25.65","208.48","104.24","182.83","182.83","0.0","","","","","","","","",""
"2015.0","1.0","23.0","23.0","1142.0","0.51","0.0","0.0","0.94","0.51","0.48","0.0","0.0","0.0","0.0","26.13","25.65","208.48","104.24","182.35","182.83","0.0","","","","","","","","",""
"2015.0","1.0","24.0","24.0","1142.0","0.5","0.0","0.0","0.87","0.5","0.44","0.0","0.0","0.0","0.0","25.65","25.65","208.48","104.24","182.83","182.83","0.0","","","","","","","","",""
"2015.0","1.0","25.0","25.0","1142.0","0.49","0.0","0.0","1.02","0.49","0.5","0.0","0.0","0.0","0.0","26.15","25.65","208.48","104.24","182.33","182.83","0.0","","","","","","","","",""
"2015.0","1.0","26.0","26.0","1142.0","0.49","0.0","0.0","1.27","0.49","0.62","0.0","0.0","0.0","0.0","25.65","25.65","208.48","104.24","182.83","182.83","0.0","","","","","","","","",""
"2015.0","1.0","27.0","27.0","1142.0","0.48","0.0","0.0","1.12","0.48","0.53","0.0","0.0","0.0","0.0","26.18","25.65","208.48","104.24","182.3","182.83","0.0","","","","","","","","",""
"2015.0","1.0","28.0","28.0","1142.0","0.47","0.0","0.0","1.5","0.47","0.7","0.0","0.0","0.0","0.0","25.65","25.65","208.48","104.24","182.83","182.83","0.0","","","","","","","","",""
"2015.0","1.0","29.0","29.0","1142.0","0.46","0.0","0.0","1.41","0.46","0.65","0.0","0.0","0.0","0.0","26.3","25.65","208.48","104.24","182.19","182.83","0.0","","","","","","","","",""
"2015.0","1.0","30.0","30.0","1142.0","0.45","0.0","0.0","1.89","0.45","0.85","0.0","0.0","0.0","0.0","25.65","25.65","208.48","104.24","182.83","182.83","0.0","","","","","","","","",""
"2015.0","1.0","31.0","31.0","1142.0","0.43","0.0","0.0","3.35","0.43","1.44","0.0","0.0","0.0","0.0","27.09","25.65","208.48","104.24","181.4","182.83","0.0","","","","","","","","",""
"2015.0","2.0","1.0","32.0","1142.0","0.42","0.0","0.0","1.46","0.42","0.62","0.0","0.0","0.0","0.0","25.65","25.65","208.48","104.24","182.83","182.83","0.0","","","","","","","","",""
"2015.0","2.0","2.0","33.0","1142.0","0.41","0.0","0.0","1.5","0.41","0.62","0.0","0.0","0.0","0.0","26.27","25.65","208.48","104.24","182.21","182.83","0.0","","","","","","","","",""
"2015.0","2.0","3.0","34.0","1142.0","0.41","0.0","0.0","1.56","0.41","0.64","0.0","0.0","0.0","0.0","25.65","25.65","208.48","104.24","182.83","182.83","0.0","","","","","","","","",""
"2015.0","2.0","4.0","35.0","1142.0","0.4","0.0","0.0","1.45","0.4","0.58","0.0","0.0","0.0","0.0","26.23","25.65","208.48","104.24","182.25","182.83","0.0","","","","","","","","",""
"2015.0","2.0","5.0","36.0","1142.0","0.4","0.0","0.0","1.11","0.4","0.44","0.0","0.0","0.0","0.0","25.65","25.65","208.48","104.24","182.83","182.83","0.0","","","","","","","","",""
"2015.0","2.0","6.0","37.0","1142.0","0.39","0.0","0.0","2.23","0.39","0.87","0.97","0.97","0.0","0.0","25.55","25.65","208.48","104.24","182.94","182.83","0.0","","","","","","","","",""
"2015.0","2.0","7.0","38.0","1142.0","1.16","0.0","0.0","1.43","1.16","1.66","20.87","20.87","0.0","0.0","6.34","25.65","208.48","104.24","202.14","182.83","0.0","","","","","","","","",""
"2015.0","2.0","8.0","39.0","1142.0","1.16","0.0","0.0","1.39","1.16","1.62","12.03","7.96","0.0","0.0","0.0","25.65","208.48","104.24","208.48","182.83","0.0","","","","","","","","",""
"2015.0","2.0","9.0","40.0","1142.0","1.14","0.0","0.0","2.02","1.14","2.3","18.45","2.3","0.0","0.0","0.0","25.65","208.48","104.24","208.48","182.83","0.0","","","","","","","","",""
"2015.0","2.0","10.0","41.0","1142.0","1.14","0.0","0.0","1.84","1.14","2.1","0.02","0.02","0.0","0.0","2.08","25.65","208.48","104.24","206.4","182.83","0.0","","","","","","","","",""
"2015.0","2.0","11.0","42.0","1142.0","1.15","0.0","0.0","1.63","1.15","1.87","0.0","0.0","0.0","0.0","3.95","25.65","208.48","104.24","204.53","182.83","0.0","","","","","","","","",""
"2015.0","2.0","12.0","43.0","1142.0","1.02","0.0","0.0","1.98","1.02","2.02","0.0","0.0","0.0","0.0","5.97","25.65","208.48","104.24","202.52","182.83","0.0","","","","","","","","",""
"2015.0","2.0","13.0","44.0","1142.0","0.9","0.0","0.0","2.03","0.9","1.83","0.0","0.0","0.0","0.0","7.8","25.65","208.48","104.24","200.68","182.83","0.0","","","","","","","","",""
"2015.0","2.0","14.0","45.0","1142.0","0.81","0.0","0.0","2.18","0.81","1.77","0.0","0.0","0.0","0.0","9.57","25.65","208.48","104.24","198.91","182.83","0.0","","","","","","","","",""
"2015.0","2.0","15.0","46.0","1142.0","0.75","0.0","0.0","2.08","0.75","1.56","0.0","0.0","0.0","0.0","11.13","25.65","208.48","104.24","197.35","182.83","0.0","","","","","","","","",""
"2015.0","2.0","16.0","47.0","1142.0","0.7","0.0","0.0","2.18","0.7","1.52","0.0","0.0","0.0","0.0","12.65","25.65","208.48","104.24","195.84","182.83","0.0","","","","","","","","",""
"2015.0","2.0","17.0","48.0","1142.0","0.66","0.0","0.0","1.84","0.66","1.21","0.0","0.0","0.0","0.0","13.86","25.65","208.48","104.24","194.63","182.83","0.0","","","","","","","","",""
"2015.0","2.0","18.0","49.0","1142.0","0.63","0.0","0.0","1.59","0.63","1.0","0.0","0.0","0.0","0.0","14.86","25.65","208.48","104.24","193.62","182.83","0.0","","","","","","","","",""
"2015.0","2.0","19.0","50.0","1142.0","0.62","0.0","0.0","1.06","0.62","0.65","0.0","0.0","0.0","0.0","15.51","25.65","208.48","104.24","192.97","182.83","0.0","","","","","","","","",""
"2015.0","2.0","20.0","51.0","1142.0","0.59","0.0","0.0","1.88","0.59","1.11","0.0","0.0","0.0","0.0","16.62","25.65","208.48","104.24","191.86","182.83","0.0","","","","","","","","",""
"2015.0","2.0","21.0","52.0","1142.0","0.57","0.0","0.0","1.63","0.57","0.93","0.0","0.0","0.0","0.0","17.55","25.65","208.48","104.24","190.93","182.83","0.0","","","","","","","","",""
"2015.0","2.0","22.0","53.0","1142.0","0.53","0.0","0.0","3.48","0.53","1.85","0.0","0.0","0.0","0.0","19.4","25.65","208.48","104.24","189.09","182.83","0.0","","","","","","","","",""
"2015.0","2.0","23.0","54.0","1142.0","0.49","0.0","0.0","4.09","0.49","2.02","0.0","0.0","0.0","0.0","21.41","25.65","208.48","104.24","187.07","182.83","0.0","","","","","","","","",""
"2015.0","2.0","24.0","55.0","1142.0","0.47","0.0","0.0","2.78","0.47","1.31","0.0","0.0","0.0","0.0","22.73","25.65","208.48","104.24","185.75","182.83","0.0","","","","","","","","",""
"2015.0","2.0","25.0","56.0","1142.0","0.46","0.0","0.0","2.16","0.46","0.99","0.0","0.0","0.0","0.0","23.72","25.65","208.48","104.24","184.76","182.83","0.0","","","","","","","","",""
"2015.0","2.0","26.0","57.0","1142.0","0.44","0.0","0.0","3.01","0.44","1.33","0.0","0.0","0.0","0.0","25.05","25.65","208.48","104.24","183.44","182.83","0.0","","","","","","","","",""
"2015.0","2.0","27.0","58.0","1142.0","0.43","0.0","0.0","2.86","0.43","1.22","0.0","0.0","0.0","0.0","26.26","25.65","208.48","104.24","182.22","182.83","0.0","","","","","","","","",""
"2015.0","2.0","28.0","59.0","1142.0","0.42","0.0","0.0","2.01","0.42","0.83","0.0","0.0","0.0","0.0","25.65","25.65","208.48","104.24","182.83","182.83","0.0","","","","","","","","",""
"2015.0","3.0","1.0","60.0","1142.0","0.4","0.0","0.0","2.6","0.4","1.05","0.0","0.0","0.0","0.0","26.7","25.65","208.48","104.24","181.78","182.83","0.0","","","","","","","","",""
"2015.0","3.0","2.0","61.0","1142.0","0.39","0.0","0.0","2.27","0.39","0.89","0.0","0.0","0.0","0.0","25.65","25.65","208.48","104.24","182.83","182.83","0.0","","","","","","","","",""
"2015.0","3.0","3.0","62.0","1142.0","0.38","0.0","0.0","2.57","0.38","0.99","0.86","0.86","0.0","0.0","25.78","25.65","208.48","104.24","182.71","182.83","0.0","","","","","","","","",""
"2015.0","3.0","4.0","63.0","1142.0","0.37","0.0","0.0","2.6","0.37","0.97","0.0","0.0","0.0","0.0","25.65","25.65","208.48","104.24","182.83","182.83","0.0","","","","","","","","",""
"2015.0","3.0","5.0","64.0","1142.0","0.37","0.0","0.0","2.79","0.37","1.02","0.0","0.0","0.0","0.0","26.67","25.65","208.48","104.24","181.81","182.83","0.0","","","","","","","","",""
"2015.0","3.0","6.0","65.0","1142.0","0.36","0.0","0.0","2.99","0.36","1.06","0.0","0.0","0.0","0.0","25.65","25.65","208.48","104.24","182.83","182.83","0.0","","","","","","","","",""
"2015.0","3.0","7.0","66.0","1142.0","0.35","0.0","0.0","2.82","0.35","0.98","0.0","0.0","0.0","0.0","26.63","25.65","208.48","104.24","181.85","182.83","0.0","","","","","","","","",""
"2015.0","3.0","8.0","67.0","1142.0","0.34","0.0","0.0","2.96","0.34","1.01","0.0","0.0","0.0","0.0","25.65","25.65","208.48","104.24","182.83","182.83","0.0","","","","","","","","",""
"2015.0","3.0","9.0","68.0","1142.0","0.33","0.0","0.0","2.98","0.33","0.99","0.0","0.0","0.0","0.0","26.64","25.65","208.48","104.24","181.84","182.83","0.0","","","","","","","","",""
"2015.0","3.0","10.0","69.0","1142.0","0.33","0.0","0.0","2.43","0.33","0.79","0.0","0.0","0.0","0.0","25.65","25.65","208.48","104.24","182.83","182.83","0.0","","","","","","","","",""
"2015.0","3.0","11.0","70.0","1142.0","0.32","0.0","0.0","2.13","0.32","0.69","0.72","0.72","0.0","0.0","25.62","25.65","208.48","104.24","182.87","182.83","0.0","","","","","","","","",""
"2015.0","3.0","12.0","71.0","1142.0","1.08","0.0","0.0","3.4","1.08","3.69","3.96","3.96","0.0","0.0","25.34","25.65","208.48","104.24","183.14","182.83","0.0","","","","","","","","",""
"2015.0","3.0","13.0","72.0","1142.0","1.07","0.0","0.0","3.07","1.07","3.28","0.0","0.0","0.0","0.0","28.62","25.65","208.48","104.24","179.87","182.83","0.0","","","","","","","","",""
"2015.0","3.0","14.0","73.0","1142.0","0.87","0.0","0.0","3.32","0.87","2.88","0.0","0.0","0.0","0.0","25.65","25.65","208.48","104.24","182.83","182.83","0.0","","","","","","","","",""
"2015.0","3.0","15.0","74.0","1142.0","0.73","0.0","0.0","3.87","0.73","2.83","0.0","0.0","0.0","0.0","28.48","25.65","208.48","104.24","180.0","182.83","0.0","","","","","","","","",""
"2015.0","3.0","16.0","75.0","1142.0","0.67","0.0","0.0","2.59","0.67","1.74","0.0","0.0","0.0","0.0","25.65","25.65","208.48","104.24","182.83","182.83","0.0","","","","","","","","",""
"2015.0","3.0","17.0","76.0","1142.0","0.61","0.0","0.0","3.57","0.61","2.17","0.0","0.0","0.0","0.0","27.82","25.65","208.48","104.24","180.66","182.83","0.0","","","","","","","","",""
"2015.0","3.0","18.0","77.0","1142.0","0.56","0.0","0.0","3.85","0.56","2.14","0.21","0.21","0.0","0.0","25.65","25.65","208.48","104.24","182.83","182.83","0.0","","","","","","","","",""
"2015.0","3.0","19.0","78.0","1142.0","0.52","0.0","0.0","3.88","0.52","2.0","0.0","0.0","0.0","0.0","27.65","25.65","208.48","104.24","180.83","182.83","0.0","","","","","","","","",""
"2015.0","3.0","20.0","79.0","1142.0","0.49","0.0","0.0","3.12","0.49","1.52","0.0","0.0","0.0","0.0","25.65","25.65","208.48","104.24","182.83","182.83","0.0","","","","","","","","",""
"2015.0","3.0","21.0","80.0","1142.0","0.46","0.0","0.0","3.61","0.46","1.67","0.0","0.0","0.0","0.0","27.32","25.65","208.48","104.24","181.16","182.83","0.0","","","","","","","","",""
"2015.0","3.0","22.0","81.0","1142.0","0.44","0.0","0.0","3.15","0.44","1.39","0.0","0.0","0.0","0.0","25.65","25.65","208.48","104.24","182.83","182.83","0.0","","","","","","","","",""
"2015.0","3.0","23.0","82.0","1142.0","0.42","0.0","0.0","3.24","0.42","1.38","0.46","0.46","0.0","0.0","26.57","25.65","208.48","104.24","181.92","182.83","0.0","","","","","","","","",""
"2015.0","3.0","24.0","83.0","1142.0","0.41","0.0","0.0","3.22","0.41","1.32","0.0","0.0","0.0","0.0","25.65","25.65","208.48","104.24","182.83","182.83","0.0","","","","","","","","",""
"2015.0","3.0","25.0","84.0","1142.0","0.39","0.0","0.0","4.16","0.39","1.62","0.0","0.0","0.0","0.0","27.27","25.65","208.48","104.24","181.21","182.83","0.0","","","","","","","","",""
"2015.0","3.0","26.0","85.0","1142.0","0.38","0.0","0.0","3.91","0.38","1.47","0.0","0.0","0.0","0.0","25.65","25.65","208.48","104.24","182.83","182.83","0.0","","","","","","","","",""
"2015.0","3.0","27.0","86.0","1142.0","0.36","0.0","0.0","4.48","0.36","1.61","0.0","0.0","0.0","0.0","27.26","25.65","208.48","104.24","181.22","182.83","0.0","","","","","","","","",""
"2015.0","3.0","28.0","87.0","1142.0","0.34","0.0","0.0","4.95","0.34","1.7","0.0","0.0","0.0","0.0","25.65","25.65","208.48","104.24","182.83","182.83","0.0","","","","","","","","",""
"2015.0","3.0","29.0","88.0","1142.0","0.33","0.0","0.0","4.75","0.33","1.57","0.0","0.0","0.0","0.0","27.22","25.65","208.48","104.24","181.26","182.83","0.0","","","","","","","","",""
"2015.0","3.0","30.0","89.0","1142.0","0.32","0.0","0.0","4.54","0.32","1.45","0.0","0.0","0.0","0.0","25.65","25.65","208.48","104.24","182.83","182.83","0.0","","","","","","","","",""
"2015.0","3.0","31.0","90.0","1142.0","0.31","0.0","0.0","4.67","0.31","1.45","0.0","0.0","0.0","0.0","27.1","25.65","208.48","104.24","181.39","182.83","0.0","","","","","","","","",""
"2015.0","4.0","1.0","91.0","1142.0","0.3","0.0","0.0","4.21","0.3","1.27","0.0","0.0","0.0","0.0","25.65","25.65","208.48","104.24","182.83","182.83","0.0","","","","","","","","",""
"2015.0","4.0","2.0","92.0","1142.0","0.29","0.0","0.0","5.53","0.29","1.61","0.0","0.0","0.0","0.0","27.26","25.65","208.48","104.24","181.22","182.83","0.0","","","","","","","","",""
"2015.0","4.0","3.0","93.0","1142.0","0.28","0.0","0.0","4.65","0.28","1.32","0.0","0.0","0.0","0.0","25.65","25.65","208.48","104.24","182.83","182.83","0.0","","","","","","","","",""
"2015.0","4.0","4.0","94.0","1142.0","0.28","0.0","0.0","4.54","0.28","1.25","0.0","0.0","0.0","0.0","26.9","25.65","208.48","104.24","181.58","182.83","0.0","","","","","","","","",""
"2015.0","4.0","5.0","95.0","1142.0","0.27","0.0","0.0","2.51","0.27","0.68","0.08","0.08","0.0","0.0","25.65","25.65","208.48","104.24","182.83","182.83","0.0","","","","","","","","",""
"2015.0","4.0","6.0","96.0","1142.0","0.27","0.0","0.0","2.97","0.27","0.8","2.53","2.53","0.0","0.0","23.92","25.65","208.48","104.24","184.56","182.83","0.0","","","","","","","","",""
"2015.0","4.0","7.0","97.0","1142.0","0.27","0.0","0.0","2.49","0.27","0.66","3.03","3.03","0.0","0.0","21.55","25.65","208.48","104.24","186.93","182.83","0.0","","","","","","","","",""
"2015.0","4.0","8.0","98.0","1142.0","1.1","0.0","0.0","2.99","1.1","3.29","14.46","14.46","0.0","0.0","10.38","25.65","208.48","104.24","198.1","182.83","0.0","","","","","","","","",""
"2015.0","4.0","9.0","99.0","1142.0","1.07","0.0","0.0","3.5","1.07","3.73","0.0","0.0","0.0","0.0","14.11","25.65","208.48","104.24","194.37","182.83","0.0","","","","","","","","",""
"2015.0","4.0","10.0","100.0","1142.0","0.83","0.0","0.0","4.14","0.83","3.43","0.0","0.0","0.0","0.0","17.54","25.65","208.48","104.24","190.94","182.83","0.0","","","","","","","","",""
"2015.0","4.0","11.0","101.0","1142.0","0.7","0.0","0.0","4.3","0.7","2.99","0.0","0.0","0.0","0.0","20.53","25.65","208.48","104.24","187.95","182.83","0.0","","","","","","","","",""
"2015.0","4.0","12.0","102.0","1142.0","0.6","0.0","0.0","4.93","0.6","2.96","0.0","0.0","0.0","0.0","23.5","25.65","208.48","104.24","184.99","182.83","0.0","","","","","","","","",""
"2015.0","4.0","13.0","103.0","1142.0","0.54","0.0","0.0","5.02","0.54","2.69","0.0","0.0","0.0","0.0","26.18","25.65","208.48","104.24","182.3","182.83","0.0","","","","","","","","",""
"2015.0","4.0","14.0","104.0","1142.0","0.49","0.0","0.0","4.9","0.49","2.39","0.0","0.0","0.0","0.0","25.65","25.65","208.48","104.24","182.83","182.83","0.0","","","","","","","","",""
"2015.0","4.0","15.0","105.0","1142.0","0.44","0.8","0.0","6.53","0.8","5.22","0.0","0.0","0.0","0.0","30.87","48.58","208.48","104.24","177.61","159.9","0.0","","","","","","","","",""
"2015.0","4.0","16.0","106.0","1142.0","0.41","0.8","0.0","5.97","0.8","4.78","0.0","0.0","0.0","0.0","35.65","48.58","208.48","104.24","172.83","159.9","0.0","","","","","","","","",""
"2015.0","4.0","17.0","107.0","1142.0","0.38","0.8","0.0","5.35","0.8","4.28","0.0","0.0","0.0","0.0","39.93","48.58","208.48","104.24","168.55","159.9","0.0","","","","","","","","",""
"2015.0","4.0","18.0","108.0","1142.0","0.36","0.8","0.0","4.99","0.8","3.99","0.0","0.0","0.0","0.0","43.92","48.58","208.48","104.24","164.56","159.9","0.0","","","","","","","","",""
"2015.0","4.0","19.0","109.0","1142.0","0.35","0.8","0.0","5.25","0.8","4.2","0.0","0.0","0.0","0.0","48.12","48.58","208.48","104.24","160.36","159.9","0.0","","","","","","","","",""
"2015.0","4.0","20.0","110.0","1142.0","0.33","0.8","0.0","4.8","0.8","3.84","0.0","0.0","0.0","0.0","0.0","48.58","208.48","104.24","208.48","159.9","51.96","","","","","","","","",""
"2015.0","4.0","21.0","111.0","1142.0","0.32","0.8","0.0","3.83","0.8","3.06","0.0","0.0","0.0","0.0","3.06","48.58","208.48","104.24","205.42","159.9","0.0","","","","","","","","",""
"2015.0","4.0","22.0","112.0","1142.0","0.31","0.8","0.0","4.16","0.8","3.33","0.0","0.0","0.0","0.0","6.39","48.58","208.48","104.24","202.09","159.9","0.0","","","","","","","","",""
"2015.0","4.0","23.0","113.0","1142.0","0.3","0.8","0.0","4.79","0.8","3.83","0.0","0.0","0.0","0.0","10.22","48.58","208.48","104.24","198.26","159.9","0.0","","","","","","","","",""
"2015.0","4.0","24.0","114.0","1142.0","0.29","0.8","0.0","5.05","0.8","4.04","0.0","0.0","0.0","0.0","14.26","48.58","208.48","104.24","194.22","159.9","0.0","","","","","","","","",""
"2015.0","4.0","25.0","115.0","1142.0","1.06","0.8","0.0","4.07","1.06","4.3","12.34","12.34","0.0","0.0","6.23","48.58","208.48","104.24","202.26","159.9","0.0","","","","","","","","",""
"2015.0","4.0","26.0","116.0","1142.0","0.87","0.8","0.0","5.14","0.87","4.48","0.0","0.0","0.0","0.0","10.71","48.58","208.48","104.24","197.77","159.9","0.0","","","","","","","","",""
"2015.0","4.0","27.0","117.0","1142.0","0.67","0.8","0.0","6.01","0.8","4.81","0.0","0.0","0.0","0.0","15.52","48.58","208.48","104.24","192.97","159.9","0.0","","","","","","","","",""
"2015.0","4.0","28.0","118.0","1142.0","0.57","0.8","0.0","5.62","0.8","4.5","0.0","0.0","0.0","0.0","20.01","48.58","208.48","104.24","188.47","159.9","0.0","","","","","","","","",""
"2015.0","4.0","29.0","119.0","1142.0","0.51","0.8","0.0","5.35","0.8","4.28","0.0","0.0","0.0","0.0","24.29","48.58","208.48","104.24","184.19","159.9","0.0","","","","","","","","",""
"2015.0","4.0","30.0","120.0","1142.0","0.46","0.8","0.0","6.46","0.8","5.17","0.0","0.0","0.0","0.0","29.46","48.58","208.48","104.24","179.02","159.9","0.0","","","","","","","","",""
"2015.0","5.0","1.0","121.0","1142.0","0.41","0.8","0.0","6.52","0.8","5.22","0.0","0.0","0.0","0.0","34.68","48.58","208.48","104.24","173.81","159.9","0.0","","","","","","","","",""
"2015.0","5.0","2.0","122.0","1142.0","0.39","0.8","0.0","6.03","0.8","4.82","0.0","0.0","0.0","0.0","39.5","48.58","208.48","104.24","168.98","159.9","0.0","","","","","","","","",""
"2015.0","5.0","3.0","123.0","1142.0","0.37","0.8","0.0","5.29","0.8","4.23","0.0","0.0","0.0","0.0","43.73","48.58","208.48","104.24","164.75","159.9","0.0","","","","","","","","",""
"2015.0","5.0","4.0","124.0","1142.0","0.35","0.8","0.0","4.85","0.8","3.88","0.0","0.0","0.0","0.0","47.61","48.58","208.48","104.24","160.87","159.9","0.0","","","","","","","","",""
"2015.0","5.0","5.0","125.0","1142.0","0.34","0.8","0.0","4.86","0.8","3.89","0.0","0.0","0.0","0.0","0.0","48.58","208.48","104.24","208.48","159.9","51.5","","","","","","","","",""
"2015.0","5.0","6.0","126.0","1142.0","0.32","0.8","0.0","5.17","0.8","4.14","0.0","0.0","0.0","0.0","4.14","48.58","208.48","104.24","204.35","159.9","0.0","","","","","","","","",""
"2015.0","5.0","7.0","127.0","1142.0","0.31","0.8","0.0","3.74","0.8","2.99","0.12","0.12","0.0","0.0","7.01","48.58","208.48","104.24","201.48","159.9","0.0","","","","","","","","",""
"2015.0","5.0","8.0","128.0","1142.0","0.3","0.8","0.0","4.45","0.8","3.56","0.04","0.04","0.0","0.0","10.53","48.58","208.48","104.24","197.96","159.9","0.0","","","","","","","","",""
"2015.0","5.0","9.0","129.0","1142.0","0.29","0.8","0.0","5.02","0.8","4.02","0.0","0.0","0.0","0.0","14.54","48.58","208.48","104.24","193.94","159.9","0.0","","","","","","","","",""
"2015.0","5.0","10.0","130.0","1142.0","0.29","0.8","0.0","5.24","0.8","4.19","0.0","0.0","0.0","0.0","18.74","48.58","208.48","104.24","189.75","159.9","0.0","","","","","","","","",""
"2015.0","5.0","11.0","131.0","1142.0","0.28","0.8","0.0","5.2","0.8","4.16","0.0","0.0","0.0","0.0","22.9","48.58","208.48","104.24","185.59","159.9","0.0","","","","","","","","",""
"2015.0","5.0","12.0","132.0","1142.0","0.27","0.8","0.0","5.04","0.8","4.03","0.0","0.0","0.0","0.0","26.93","48.58","208.48","104.24","181.56","159.9","0.0","","","","","","","","",""
"2015.0","5.0","13.0","133.0","1142.0","0.26","0.8","0.0","4.75","0.8","3.8","0.0","0.0","0.0","0.0","30.73","48.58","208.48","104.24","177.76","159.9","0.0","","","","","","","","",""
"2015.0","5.0","14.0","134.0","1142.0","0.26","0.81","0.0","3.53","0.81","2.86","0.0","0.0","0.0","0.0","33.58","48.58","208.48","104.24","174.9","159.9","0.0","","","","","","","","",""
"2015.0","5.0","15.0","135.0","1142.0","0.25","0.82","0.0","4.69","0.82","3.83","0.41","0.41","0.0","0.0","37.01","48.58","208.48","104.24","171.48","159.9","0.0","","","","","","","","",""
"2015.0","5.0","16.0","136.0","1142.0","0.25","0.83","0.0","4.83","0.83","3.99","0.0","0.0","0.0","0.0","41.0","48.58","208.48","104.24","167.48","159.9","0.0","","","","","","","","",""
"2015.0","5.0","17.0","137.0","1142.0","0.24","0.84","0.0","4.03","0.84","3.37","0.0","0.0","0.0","0.0","44.37","48.58","208.48","104.24","164.12","159.9","0.0","","","","","","","","",""
"2015.0","5.0","18.0","138.0","1142.0","0.24","0.84","0.0","4.74","0.84","4.0","0.0","0.0","0.0","0.0","48.37","48.58","208.48","104.24","160.12","159.9","0.0","","","","","","","","",""
"2015.0","5.0","19.0","139.0","1142.0","0.23","0.85","0.0","5.03","0.85","4.29","0.0","0.0","0.0","0.0","0.0","48.58","208.48","104.24","208.48","159.9","52.66","","","","","","","","",""
"2015.0","5.0","20.0","140.0","1142.0","0.23","0.86","0.0","4.98","0.86","4.29","0.0","0.0","0.0","0.0","4.29","48.58","208.48","104.24","204.19","159.9","0.0","","","","","","","","",""
"2015.0","5.0","21.0","141.0","1142.0","0.23","0.87","0.0","4.26","0.87","3.71","0.0","0.0","0.0","0.0","8.0","48.58","208.48","104.24","200.48","159.9","0.0","","","","","","","","",""
"2015.0","5.0","22.0","142.0","1142.0","0.22","0.88","0.0","4.91","0.88","4.32","0.0","0.0","0.0","0.0","12.32","48.58","208.48","104.24","196.16","159.9","0.0","","","","","","","","",""
"2015.0","5.0","23.0","143.0","1142.0","0.22","0.89","0.0","4.7","0.89","4.17","0.0","0.0","0.0","0.0","16.49","48.58","208.48","104.24","191.99","159.9","0.0","","","","","","","","",""
"2015.0","5.0","24.0","144.0","1142.0","0.21","0.9","0.0","5.63","0.9","5.05","0.0","0.0","0.0","0.0","21.54","48.58","208.48","104.24","186.94","159.9","0.0","","","","","","","","",""
"2015.0","5.0","25.0","145.0","1142.0","0.21","0.91","0.0","5.5","0.91","4.98","0.0","0.0","0.0","0.0","26.53","48.58","208.48","104.24","181.96","159.9","0.0","","","","","","","","",""
"2015.0","5.0","26.0","146.0","1142.0","0.21","0.91","0.0","5.52","0.91","5.05","0.0","0.0","0.0","0.0","31.57","48.58","208.48","104.24","176.91","159.9","0.0","","","","","","","","",""
"2015.0","5.0","27.0","147.0","1142.0","0.2","0.92","0.0","5.56","0.92","5.13","0.0","0.0","0.0","0.0","36.71","48.58","208.48","104.24","171.77","159.9","0.0","","","","","","","","",""
"2015.0","5.0","28.0","148.0","1142.0","0.2","0.93","0.0","5.44","0.93","5.07","0.0","0.0","0.0","0.0","41.78","48.58","208.48","104.24","166.7","159.9","0.0","","","","","","","","",""
"2015.0","5.0","29.0","149.0","1142.0","0.2","0.94","0.0","6.1","0.94","5.74","0.0","0.0","0.0","0.0","47.52","48.58","208.48","104.24","160.96","159.9","0.0","","","","","","","","",""
"2015.0","5.0","30.0","150.0","1142.0","0.19","0.95","0.0","6.43","0.95","6.11","0.0","0.0","0.0","0.0","0.0","48.58","208.48","104.24","208.48","159.9","53.63","","","","","","","","",""
"2015.0","5.0","31.0","151.0","1142.0","0.19","0.96","0.0","5.4","0.96","5.18","0.0","0.0","0.0","0.0","5.18","48.58","208.48","104.24","203.31","159.9","0.0","","","","","","","","",""
"2015.0","6.0","1.0","152.0","1142.0","0.19","0.97","0.0","5.46","0.97","5.28","0.0","0.0","0.0","0.0","10.46","48.58","208.48","104.24","198.02","159.9","0.0","","","","","","","","",""
"2015.0","6.0","2.0","153.0","1142.0","0.18","0.98","0.0","5.75","0.98","5.61","0.0","0.0","0.0","0.0","16.08","48.58","208.48","104.24","192.41","159.9","0.0","","","","","","","","",""
"2015.0","6.0","3.0","154.0","1142.0","0.18","0.99","0.0","5.49","0.99","5.41","0.0","0.0","0.0","0.0","21.48","48.58","208.48","104.24","187.0","159.9","0.0","","","","","","","","",""
"2015.0","6.0","4.0","155.0","1142.0","0.18","0.99","0.0","5.89","0.99","5.86","0.0","0.0","0.0","0.0","27.34","48.58","208.48","104.24","181.14","159.9","0.0","","","","","","","","",""
"2015.0","6.0","5.0","156.0","1142.0","0.18","1.0","0.0","6.77","1.0","6.79","0.0","0.0","0.0","0.0","34.13","48.58","208.48","104.24","174.35","159.9","0.0","","","","","","","","",""
"2015.0","6.0","6.0","157.0","1142.0","0.17","1.01","0.0","6.34","1.01","6.41","0.0","0.0","0.0","0.0","40.54","48.58","208.48","104.24","167.94","159.9","0.0","","","","","","","","",""
"2015.0","6.0","7.0","158.0","1142.0","0.17","1.02","0.0","6.9","1.02","7.04","0.0","0.0","0.0","0.0","47.59","48.58","208.48","104.24","160.9","159.9","0.0","","","","","","","","",""
"2015.0","6.0","8.0","159.0","1142.0","0.17","1.03","0.0","7.39","1.03","7.61","0.0","0.0","0.0","0.0","0.0","48.58","208.48","104.24","208.48","159.9","55.19","","","","","","","","",""
"2015.0","6.0","9.0","160.0","1142.0","0.17","1.04","0.0","7.03","1.04","7.3","0.0","0.0","0.0","0.0","7.3","48.58","208.48","104.24","201.18","159.9","0.0","","","","","","","","",""
"2015.0","6.0","10.0","161.0","1142.0","0.17","1.05","0.0","2.7","1.05","2.83","0.02","0.02","0.0","0.0","10.11","48.58","208.48","104.24","198.38","159.9","0.0","","","","","","","","",""
"2015.0","6.0","11.0","162.0","1142.0","0.16","1.06","0.0","7.01","1.06","7.4","2.18","2.18","0.0","0.0","15.33","48.58","208.48","104.24","193.16","159.9","0.0","","","","","","","","",""
"2015.0","6.0","12.0","163.0","1142.0","0.16","1.06","0.0","7.89","1.06","8.4","0.0","0.0","0.0","0.0","23.73","48.58","208.48","104.24","184.76","159.9","0.0","","","","","","","","",""
"2015.0","6.0","13.0","164.0","1142.0","0.16","1.07","0.0","7.55","1.07","8.11","0.0","0.0","0.0","0.0","31.83","48.58","208.48","104.24","176.65","159.9","0.0","","","","","","","","",""
"2015.0","6.0","14.0","165.0","1142.0","0.16","1.08","0.0","6.8","1.08","7.36","0.0","0.0","0.0","0.0","39.19","48.58","208.48","104.24","169.29","159.9","0.0","","","","","","","","",""
"2015.0","6.0","15.0","166.0","1142.0","0.15","1.09","0.0","6.62","1.09","7.22","0.0","0.0","0.0","0.0","46.42","48.58","208.48","104.24","162.07","159.9","0.0","","","","","","","","",""
"2015.0","6.0","16.0","167.0","1142.0","0.15","1.1","0.0","6.96","1.1","7.66","0.51","0.51","0.0","0.0","0.0","48.58","208.48","104.24","208.48","159.9","53.56","","","","","","","","",""
"2015.0","6.0","17.0","168.0","1142.0","0.15","1.1","0.0","6.97","1.1","7.67","0.0","0.0","0.0","0.0","7.67","48.58","208.48","104.24","200.82","159.9","0.0","","","","","","","","",""
"2015.0","6.0","18.0","169.0","1142.0","0.15","1.1","0.0","7.62","1.1","8.38","0.0","0.0","0.0","0.0","16.05","48.58","208.48","104.24","192.43","159.9","0.0","","","","","","","","",""
"2015.0","6.0","19.0","170.0","1142.0","0.15","1.1","0.0","7.42","1.1","8.16","0.0","0.0","0.0","0.0","24.21","48.58","208.48","104.24","184.27","159.9","0.0","","","","","","","","",""
"2015.0","6.0","20.0","171.0","1142.0","0.14","1.1","0.0","7.06","1.1","7.77","0.0","0.0","0.0","0.0","31.98","48.58","208.48","104.24","176.51","159.9","0.0","","","","","","","","",""
"2015.0","6.0","21.0","172.0","1142.0","0.14","1.1","0.0","7.62","1.1","8.38","0.0","0.0","0.0","0.0","40.36","48.58","208.48","104.24","168.12","159.9","0.0","","","","","","","","",""
"2015.0","6.0","22.0","173.0","1142.0","0.14","1.1","0.0","6.99","1.1","7.69","0.0","0.0","0.0","0.0","48.05","48.58","208.48","104.24","160.44","159.9","0.0","","","","","","","","",""
"2015.0","6.0","23.0","174.0","1142.0","0.14","1.1","0.0","7.4","1.1","8.14","0.0","0.0","0.0","0.0","0.0","48.58","208.48","104.24","208.48","159.9","56.19","","","","","","","","",""
"2015.0","6.0","24.0","175.0","1142.0","0.14","1.1","0.0","7.41","1.1","8.15","0.0","0.0","0.0","0.0","8.15","48.58","208.48","104.24","200.33","159.9","0.0","","","","","","","","",""
"2015.0","6.0","25.0","176.0","1142.0","0.14","1.1","0.0","8.0","1.1","8.8","0.0","0.0","0.0","0.0","16.95","48.58","208.48","104.24","191.53","159.9","0.0","","","","","","","","",""
"2015.0","6.0","26.0","177.0","1142.0","0.13","1.1","0.0","8.37","1.1","9.21","0.0","0.0","0.0","0.0","26.16","48.58","208.48","104.24","182.33","159.9","0.0","","","","","","","","",""
"2015.0","6.0","27.0","178.0","1142.0","0.13","1.1","0.0","6.94","1.1","7.63","0.0","0.0","0.0","0.0","33.79","48.58","208.48","104.24","174.69","159.9","0.0","","","","","","","","",""
"2015.0","6.0","28.0","179.0","1142.0","0.13","1.1","0.0","7.3","1.1","8.03","0.0","0.0","0.0","0.0","41.82","48.58","208.48","104.24","166.66","159.9","0.0","","","","","","","","",""
"2015.0","6.0","29.0","180.0","1142.0","0.13","1.1","0.0","7.58","1.1","8.34","0.0","0.0","0.0","0.0","0.0","48.58","208.48","104.24","208.48","159.9","50.16","","","","","","","","",""
"2015.0","6.0","30.0","181.0","1142.0","0.13","1.1","0.0","7.69","1.1","8.46","0.0","0.0","0.0","0.0","8.46","48.58","208.48","104.24","200.02","159.9","0.0","","","","","","","","",""
"2015.0","7.0","1.0","182.0","1142.0","0.13","1.1","0.0","7.56","1.1","8.32","0.0","0.0","0.0","0.0","16.78","48.58","208.48","104.24","191.71","159.9","0.0","","","","","","","","",""
"2015.0","7.0","2.0","183.0","1142.0","0.13","1.1","0.0","7.24","1.1","7.96","0.0","0.0","0.0","0.0","24.74","48.58","208.48","104.24","183.74","159.9","0.0","","","","","","","","",""
"2015.0","7.0","3.0","184.0","1142.0","0.13","1.1","0.0","7.52","1.1","8.27","0.0","0.0","0.0","0.0","33.01","48.58","208.48","104.24","175.47","159.9","0.0","","","","","","","","",""
"2015.0","7.0","4.0","185.0","1142.0","0.12","1.1","0.0","8.01","1.1","8.81","0.0","0.0","0.0","0.0","41.82","48.58","208.48","104.24","166.66","159.9","0.0","","","","","","","","",""
"2015.0","7.0","5.0","186.0","1142.0","0.12","1.1","0.0","7.28","1.1","8.01","0.0","0.0","0.0","0.0","0.0","48.58","208.48","104.24","208.48","159.9","49.83","","","","","","","","",""
"2015.0","7.0","6.0","187.0","1142.0","0.12","1.1","0.0","7.4","1.1","8.14","0.0","0.0","0.0","0.0","8.14","48.58","208.48","104.24","200.34","159.9","0.0","","","","","","","","",""
"2015.0","7.0","7.0","188.0","1142.0","0.12","1.1","0.0","6.93","1.1","7.62","0.0","0.0","0.0","0.0","15.76","48.58","208.48","104.24","192.72","159.9","0.0","","","","","","","","",""
"2015.0","7.0","8.0","189.0","1142.0","0.12","1.1","0.0","6.35","1.1","6.98","0.0","0.0","0.0","0.0","22.75","48.58","208.48","104.24","185.74","159.9","0.0","","","","","","","","",""
"2015.0","7.0","9.0","190.0","1142.0","0.12","1.1","0.0","4.42","1.1","4.86","0.0","0.0","0.0","0.0","27.61","48.58","208.48","104.24","180.87","159.9","0.0","","","","","","","","",""
"2015.0","7.0","10.0","191.0","1142.0","0.12","1.1","0.0","5.2","1.1","5.72","0.0","0.0","0.0","0.0","33.33","48.58","208.48","104.24","175.15","159.9","0.0","","","","","","","","",""
"2015.0","7.0","11.0","192.0","1142.0","0.12","1.1","0.0","6.4","1.1","7.04","0.0","0.0","0.0","0.0","40.37","48.58","208.48","104.24","168.11","159.9","0.0","","","","","","","","",""
"2015.0","7.0","12.0","193.0","1142.0","0.12","1.1","0.0","6.48","1.1","7.13","0.0","0.0","0.0","0.0","47.5","48.58","208.48","104.24","160.99","159.9","0.0","","","","","","","","",""
"2015.0","7.0","13.0","194.0","1142.0","0.12","1.1","0.0","6.7","1.1","7.37","0.0","0.0","0.0","0.0","0.0","48.58","208.48","104.24","208.48","159.9","54.87","","","","","","","","",""
"2015.0","7.0","14.0","195.0","1142.0","0.12","1.1","0.0","6.5","1.1","7.15","0.0","0.0","0.0","0.0","7.15","48.58","208.48","104.24","201.33","159.9","0.0","","","","","","","","",""
"2015.0","7.0","15.0","196.0","1142.0","0.12","1.1","0.0","6.67","1.1","7.34","0.0","0.0","0.0","0.0","14.49","48.58","208.48","104.24","194.0","159.9","0.0","","","","","","","","",""
"2015.0","7.0","16.0","197.0","1142.0","0.11","1.1","0.0","7.18","1.1","7.9","0.0","0.0","0.0","0.0","22.39","48.58","208.48","104.24","186.1","159.9","0.0","","","","","","","","",""
"2015.0","7.0","17.0","198.0","1142.0","0.11","1.1","0.0","7.37","1.1","8.11","0.0","0.0","0.0","0.0","30.49","48.58","208.48","104.24","177.99","159.9","0.0","","","","","","","","",""
"2015.0","7.0","18.0","199.0","1142.0","0.11","1.1","0.0","7.3","1.1","8.03","0.0","0.0","0.0","0.0","38.52","48.58","208.48","104.24","169.96","159.9","0.0","","","","","","","","",""
"2015.0","7.0","19.0","200.0","1142.0","0.11","1.1","0.0","6.82","1.1","7.5","0.0","0.0","0.0","0.0","46.02","48.58","208.48","104.24","162.46","159.9","0.0","","","","","","","","",""
"2015.0","7.0","20.0","201.0","1142.0","0.11","1.1","0.0","7.38","1.1","8.12","0.0","0.0","0.0","0.0","0.0","48.58","208.48","104.24","208.48","159.9","54.14","","","","","","","","",""
"2015.0","7.0","21.0","202.0","1142.0","0.11","1.1","0.0","7.36","1.1","8.1","0.0","0.0","0.0","0.0","8.1","48.58","208.48","104.24","200.39","159.9","0.0","","","","","","","","",""
"2015.0","7.0","22.0","203.0","1142.0","0.11","1.1","0.0","6.92","1.1","7.61","0.0","0.0","0.0","0.0","15.71","48.58","208.48","104.24","192.78","159.9","0.0","","","","","","","","",""
"2015.0","7.0","23.0","204.0","1142.0","0.11","1.1","0.0","6.25","1.1","6.87","0.0","0.0","0.0","0.0","22.58","48.58","208.48","104.24","185.9","159.9","0.0","","","","","","","","",""
"2015.0","7.0","24.0","205.0","1142.0","0.11","1.1","0.0","6.45","1.1","7.09","0.0","0.0","0.0","0.0","29.68","48.58","208.48","104.24","178.81","159.9","0.0","","","","","","","","",""
"2015.0","7.0","25.0","206.0","1142.0","0.11","1.1","0.0","6.55","1.1","7.2","0.0","0.0","0.0","0.0","36.88","48.58","208.48","104.24","171.6","159.9","0.0","","","","","","","","",""
"2015.0","7.0","26.0","207.0","1142.0","0.11","1.1","0.0","6.49","1.1","7.14","0.0","0.0","0.0","0.0","44.02","48.58","208.48","104.24","164.46","159.9","0.0","","","","","","","","",""
"2015.0","7.0","27.0","208.0","1142.0","0.11","1.1","0.0","7.47","1.1","8.22","0.0","0.0","0.0","0.0","0.0","48.58","208.48","104.24","208.48","159.9","52.24","","","","","","","","",""
"2015.0","7.0","28.0","209.0","1142.0","0.11","1.1","0.0","7.77","1.1","8.55","0.0","0.0","0.0","0.0","8.55","48.58","208.48","104.24","199.94","159.9","0.0","","","","","","","","",""
"2015.0","7.0","29.0","210.0","1142.0","0.1","1.1","0.0","7.5","1.1","8.25","0.0","0.0","0.0","0.0","16.8","48.58","208.48","104.24","191.69","159.9","0.0","","","","","","","","",""
"2015.0","7.0","30.0","211.0","1142.0","0.1","1.1","0.0","7.84","1.1","8.62","0.0","0.0","0.0","0.0","25.42","48.58","208.48","104.24","183.06","159.9","0.0","","","","","","","","",""
"2015.0","7.0","31.0","212.0","1142.0","0.1","1.1","0.0","6.75","1.1","7.42","0.0","0.0","0.0","0.0","32.85","48.58","208.48","104.24","175.64","159.9","0.0","","","","","","","","",""
"2015.0","8.0","1.0","213.0","1142.0","0.1","1.1","0.0","7.04","1.1","7.74","0.0","0.0","0.0","0.0","40.59","48.58","208.48","104.24","167.89","159.9","0.0","","","","","","","","",""
"2015.0","8.0","2.0","214.0","1142.0","0.1","1.09","0.0","6.93","1.09","7.53","0.0","0.0","0.0","0.0","48.12","48.58","208.48","104.24","160.36","159.9","0.0","","","","","","","","",""
"2015.0","8.0","3.0","215.0","1142.0","0.1","1.07","0.0","6.91","1.07","7.42","0.0","0.0","0.0","0.0","0.0","48.58","208.48","104.24","208.48","159.9","55.54","","","","","","","","",""
"2015.0","8.0","4.0","216.0","1142.0","0.1","1.06","0.0","5.01","1.06","5.31","0.0","0.0","0.0","0.0","5.31","48.58","208.48","104.24","203.17","159.9","0.0","","","","","","","","",""
"2015.0","8.0","5.0","217.0","1142.0","0.1","1.05","0.0","5.82","1.05","6.09","0.0","0.0","0.0","0.0","11.4","48.58","208.48","104.24","197.08","159.9","0.0","","","","","","","","",""
"2015.0","8.0","6.0","218.0","1142.0","0.1","1.03","0.0","4.19","1.03","4.33","0.0","0.0","0.0","0.0","15.73","48.58","208.48","104.24","192.75","159.9","0.0","","","","","","","","",""
"2015.0","8.0","7.0","219.0","1142.0","0.1","1.02","0.0","6.78","1.02","6.92","0.0","0.0","0.0","0.0","22.65","48.58","208.48","104.24","185.84","159.9","0.0","","","","","","","","",""
"2015.0","8.0","8.0","220.0","1142.0","0.1","1.01","0.0","6.09","1.01","6.13","0.0","0.0","0.0","0.0","28.78","48.58","208.48","104.24","179.71","159.9","0.0","","","","","","","","",""
"2015.0","8.0","9.0","221.0","1142.0","0.1","0.99","0.0","6.64","0.99","6.6","0.0","0.0","0.0","0.0","35.37","48.58","208.48","104.24","173.11","159.9","0.0","","","","","","","","",""
"2015.0","8.0","10.0","222.0","1142.0","0.1","0.98","0.0","6.66","0.98","6.53","0.0","0.0","0.0","0.0","41.9","48.58","208.48","104.24","166.58","159.9","0.0","","","","","","","","",""
"2015.0","8.0","11.0","223.0","1142.0","0.1","0.97","0.0","6.52","0.97","6.3","0.0","0.0","0.0","0.0","48.2","48.58","208.48","104.24","160.28","159.9","0.0","","","","","","","","",""
"2015.0","8.0","12.0","224.0","1142.0","0.1","0.95","0.0","6.43","0.95","6.13","0.0","0.0","0.0","0.0","0.0","48.58","208.48","104.24","208.48","159.9","54.33","","","","","","","","",""
"2015.0","8.0","13.0","225.0","1142.0","0.1","0.94","0.0","6.58","0.94","6.19","0.0","0.0","0.0","0.0","6.19","48.58","208.48","104.24","202.3","159.9","0.0","","","","","","","","",""
"2015.0","8.0","14.0","226.0","1142.0","0.1","0.93","0.0","6.27","0.93","5.81","0.0","0.0","0.0","0.0","12.0","48.58","208.48","104.24","196.49","159.9","0.0","","","","","","","","",""
"2015.0","8.0","15.0","227.0","1142.0","0.1","0.91","0.0","6.53","0.91","5.96","0.0","0.0","0.0","0.0","17.96","48.58","208.48","104.24","190.52","159.9","0.0","","","","","","","","",""
"2015.0","8.0","16.0","228.0","1142.0","0.1","0.9","0.0","6.74","0.9","6.07","0.0","0.0","0.0","0.0","24.03","48.58","208.48","104.24","184.46","159.9","0.0","","","","","","","","",""
"2015.0","8.0","17.0","229.0","1142.0","0.1","0.89","0.0","7.21","0.89","6.39","0.0","0.0","0.0","0.0","30.42","48.58","208.48","104.24","178.06","159.9","0.0","","","","","","","","",""
"2015.0","8.0","18.0","230.0","1142.0","0.09","0.87","0.0","6.94","0.87","6.06","0.0","0.0","0.0","0.0","36.48","48.58","208.48","104.24","172.0","159.9","0.0","","","","","","","","",""
"2015.0","8.0","19.0","231.0","1142.0","0.09","0.86","0.0","6.33","0.86","5.44","0.0","0.0","0.0","0.0","41.92","48.58","208.48","104.24","166.56","159.9","0.0","","","","","","","","",""
"2015.0","8.0","20.0","232.0","1142.0","0.09","0.85","0.0","5.68","0.85","4.81","0.0","0.0","0.0","0.0","46.73","48.58","208.48","104.24","161.75","159.9","0.0","","","","","","","","",""
"2015.0","8.0","21.0","233.0","1142.0","0.09","0.83","0.0","5.73","0.83","4.77","0.0","0.0","0.0","0.0","51.51","52.12","208.48","104.24","156.98","156.36","0.0","","","","","","","","",""
"2015.0","8.0","22.0","234.0","1142.0","0.09","0.82","0.0","5.78","0.82","4.74","0.0","0.0","0.0","0.0","0.0","52.12","208.48","104.24","208.48","156.36","56.25","","","","","","","","",""
"2015.0","8.0","23.0","235.0","1142.0","0.09","0.81","0.0","5.88","0.81","4.74","0.0","0.0","0.0","0.0","4.74","52.12","208.48","104.24","203.74","156.36","0.0","","","","","","","","",""
"2015.0","8.0","24.0","236.0","1142.0","0.09","0.79","0.0","6.35","0.79","5.04","0.0","0.0","0.0","0.0","9.78","52.12","208.48","104.24","198.7","156.36","0.0","","","","","","","","",""
"2015.0","8.0","25.0","237.0","1142.0","0.09","0.78","0.0","6.65","0.78","5.19","0.0","0.0","0.0","0.0","14.97","52.12","208.48","104.24","193.52","156.36","0.0","","","","","","","","",""
"2015.0","8.0","26.0","238.0","1142.0","0.09","0.77","0.0","6.78","0.77","5.2","0.0","0.0","0.0","0.0","20.17","52.12","208.48","104.24","188.32","156.36","0.0","","","","","","","","",""
"2015.0","8.0","27.0","239.0","1142.0","0.09","0.75","0.0","6.93","0.75","5.22","0.0","0.0","0.0","0.0","25.39","52.12","208.48","104.24","183.1","156.36","0.0","","","","","","","","",""
"2015.0","8.0","28.0","240.0","1142.0","0.09","0.74","0.0","6.87","0.74","5.08","0.0","0.0","0.0","0.0","30.47","52.12","208.48","104.24","178.01","156.36","0.0","","","","","","","","",""
"2015.0","8.0","29.0","241.0","1142.0","0.09","0.73","0.0","5.34","0.73","3.88","0.0","0.0","0.0","0.0","34.35","52.12","208.48","104.24","174.13","156.36","0.0","","","","","","","","",""
"2015.0","8.0","30.0","242.0","1142.0","0.09","0.71","0.0","5.64","0.71","4.02","0.0","0.0","0.0","0.0","38.37","52.12","208.48","104.24","170.11","156.36","0.0","","","","","","","","",""
"2015.0","8.0","31.0","243.0","1142.0","0.09","0.7","0.0","5.74","0.7","4.02","0.0","0.0","0.0","0.0","42.39","52.12","208.48","104.24","166.09","156.36","0.0","","","","","","","","",""
"2015.0","9.0","1.0","244.0","1142.0","0.09","0.0","0.0","5.75","0.09","0.52","0.0","0.0","0.0","0.0","25.65","25.65","208.48","104.24","182.83","182.83","0.0","","","","","","","","",""
"2015.0","9.0","2.0","245.0","1142.0","0.09","0.0","0.0","5.63","0.09","0.5","0.0","0.0","0.0","0.0","26.15","25.65","208.48","104.24","182.33","182.83","0.0","","","","","","","","",""
"2015.0","9.0","3.0","246.0","1142.0","0.09","0.0","0.0","5.25","0.09","0.47","0.0","0.0","0.0","0.0","25.65","25.65","208.48","104.24","182.83","182.83","0.0","","","","","","","","",""
"2015.0","9.0","4.0","247.0","1142.0","0.09","0.0","0.0","5.32","0.09","0.47","0.0","0.0","0.0","0.0","26.12","25.65","208.48","104.24","182.36","182.83","0.0","","","","","","","","",""
"2015.0","9.0","5.0","248.0","1142.0","0.09","0.0","0.0","5.71","0.09","0.51","0.0","0.0","0.0","0.0","25.65","25.65","208.48","104.24","182.83","182.83","0.0","","","","","","","","",""
"2015.0","9.0","6.0","249.0","1142.0","0.09","0.0","0.0","5.22","0.09","0.46","0.0","0.0","0.0","0.0","26.11","25.65","208.48","104.24","182.37","182.83","0.0","","","","","","","","",""
"2015.0","9.0","7.0","250.0","1142.0","0.09","0.0","0.0","5.51","0.09","0.49","0.0","0.0","0.0","0.0","25.65","25.65","208.48","104.24","182.83","182.83","0.0","","","","","","","","",""
"2015.0","9.0","8.0","251.0","1142.0","0.09","0.0","0.0","5.49","0.09","0.48","0.0","0.0","0.0","0.0","26.13","25.65","208.48","104.24","182.35","182.83","0.0","","","","","","","","",""
"2015.0","9.0","9.0","252.0","1142.0","0.09","0.0","0.0","6.25","0.09","0.55","0.0","0.0","0.0","0.0","25.65","25.65","208.48","104.24","182.83","182.83","0.0","","","","","","","","",""
"2015.0","9.0","10.0","253.0","1142.0","0.09","0.0","0.0","6.63","0.09","0.58","0.0","0.0","0.0","0.0","26.23","25.65","208.48","104.24","182.25","182.83","0.0","","","","","","","","",""
"2015.0","9.0","11.0","254.0","1142.0","0.09","0.0","0.0","6.3","0.09","0.55","0.0","0.0","0.0","0.0","25.65","25.65","208.48","104.24","182.83","182.83","0.0","","","","","","","","",""
"2015.0","9.0","12.0","255.0","1142.0","0.09","0.0","0.0","4.61","0.09","0.4","0.0","0.0","0.0","0.0","26.05","25.65","208.48","104.24","182.43","182.83","0.0","","","","","","","","",""
"2015.0","9.0","13.0","256.0","1142.0","0.09","0.0","0.0","5.3","0.09","0.46","0.0","0.0","0.0","0.0","25.65","25.65","208.48","104.24","182.83","182.83","0.0","","","","","","","","",""
"2015.0","9.0","14.0","257.0","1142.0","0.09","0.0","0.0","4.07","0.09","0.35","0.0","0.0","0.0","0.0","26.0","25.65","208.48","104.24","182.48","182.83","0.0","","","","","","","","",""
"2015.0","9.0","15.0","258.0","1142.0","0.09","0.0","0.0","4.66","0.09","0.4","0.0","0.0","0.0","0.0","25.65","25.65","208.48","104.24","182.83","182.83","0.0","","","","","","","","",""
"2015.0","9.0","16.0","259.0","1142.0","0.09","0.0","0.0","3.58","0.09","0.31","0.0","0.0","0.0","0.0","25.96","25.65","208.48","104.24","182.53","182.83","0.0","","","","","","","","",""
"2015.0","9.0","17.0","260.0","1142.0","0.09","0.0","0.0","3.96","0.09","0.34","0.0","0.0","0.0","0.0","25.65","25.65","208.48","104.24","182.83","182.83","0.0","","","","","","","","",""
"2015.0","9.0","18.0","261.0","1142.0","0.09","0.0","0.0","4.57","0.09","0.39","0.0","0.0","0.0","0.0","26.04","25.65","208.48","104.24","182.44","182.83","0.0","","","","","","","","",""
"2015.0","9.0","19.0","262.0","1142.0","0.09","0.0","0.0","4.73","0.09","0.4","0.0","0.0","0.0","0.0","25.65","25.65","208.48","104.24","182.83","182.83","0.0","","","","","","","","",""
"2015.0","9.0","20.0","263.0","1142.0","0.09","0.0","0.0","4.79","0.09","0.41","0.0","0.0","0.0","0.0","26.06","25.65","208.48","104.24","182.43","182.83","0.0","","","","","","","","",""
"2015.0","9.0","21.0","264.0","1142.0","0.08","0.0","0.0","5.59","0.08","0.47","0.0","0.0","0.0","0.0","25.65","25.65","208.48","104.24","182.83","182.83","0.0","","","","","","","","",""
"2015.0","9.0","22.0","265.0","1142.0","0.08","0.0","0.0","5.63","0.08","0.48","0.0","0.0","0.0","0.0","26.13","25.65","208.48","104.24","182.36","182.83","0.0","","","","","","","","",""
"2015.0","9.0","23.0","266.0","1142.0","0.08","0.0","0.0","4.66","0.08","0.39","0.0","0.0","0.0","0.0","25.65","25.65","208.48","104.24","182.83","182.83","0.0","","","","","","","","",""
"2015.0","9.0","24.0","267.0","1142.0","0.08","0.0","0.0","4.62","0.08","0.39","0.0","0.0","0.0","0.0","26.04","25.65","208.48","104.24","182.44","182.83","0.0","","","","","","","","",""
"2015.0","9.0","25.0","268.0","1142.0","0.08","0.0","0.0","5.64","0.08","0.47","0.0","0.0","0.0","0.0","25.65","25.65","208.48","104.24","182.83","182.83","0.0","","","","","","","","",""
"2015.0","9.0","26.0","269.0","1142.0","0.08","0.0","0.0","5.48","0.08","0.46","0.0","0.0","0.0","0.0","26.11","25.65","208.48","104.24","182.37","182.83","0.0","","","","","","","","",""
"2015.0","9.0","27.0","270.0","1142.0","0.08","0.0","0.0","3.94","0.08","0.33","0.0","0.0","0.0","0.0","25.65","25.65","208.48","104.24","182.83","182.83","0.0","","","","","","","","",""
"2015.0","9.0","28.0","271.0","1142.0","0.08","0.0","0.0","4.53","0.08","0.38","0.0","0.0","0.0","0.0","26.03","25.65","208.48","104.24","182.46","182.83","0.0","","","","","","","","",""
"2015.0","9.0","29.0","272.0","1142.0","0.08","0.0","0.0","4.04","0.08","0.34","0.0","0.0","0.0","0.0","25.65","25.65","208.48","104.24","182.83","182.83","0.0","","","","","","","","",""
"2015.0","9.0","30.0","273.0","1142.0","0.08","0.0","0.0","2.06","0.08","0.17","0.0","0.0","0.0","0.0","25.82","25.65","208.48","104.24","182.66","182.83","0.0","","","","","","","","",""
