" Daily soil water balance output for Walnuts in 186_Solano DAU_Co within 05_Sacramento River for WY 2015","","","","","","","","","","","","","","","","","","","","","","","Annual and in-season monthly output  for Other Deciduous in 186_Sacramento DAU_Co within 05_Sacramento River for WY 2015","","","","","","",""
"Year","Mon","Day","DOY"," Area","OKc","IKc","CCKc","ETo","Kc","ETc","Pcp","Er","Spg","Espg","SWD","SWDx","FC","PWP","SWC"," YT ","NA","","Year","Mon"," Area","ETo","ETc","ETc","ETc","ETc"
" #  "," # "," # ","  #","Acres","   ","   ","    "," mm","mm"," mm"," mm","mm"," mm"," mm "," mm"," mm ","mm"," mm"," mm"," mm"," mm","","#  "," # "," Acres"," mm"," mm","acre-ft"," mm","acre-ft"
"2014.0","10.0","1.0","274.0","2.0","0.57","1.01","0.0","6.01","1.01","6.07","0.0","0.0","0.0","0.0","89.02","109.73","438.91","219.46","349.89","329.18","0.0","","2014.0","10.0","2.0","101.46","93.56","0.613910761155","91.33","0.599278215223"
"2014.0","10.0","2.0","275.0","2.0","0.52","1.0","0.0","4.13","1.0","4.14","0.0","0.0","0.0","0.0","93.16","109.73","438.91","219.46","345.75","329.18","0.0","","2014.0","11.0","2.0","43.45","43.15","0.28313648294","0.0","0.0"
"2014.0","10.0","3.0","276.0","2.0","0.49","1.0","0.0","4.1","1.0","4.08","0.0","0.0","0.0","0.0","97.24","109.73","438.91","219.46","341.67","329.18","0.0","","2014.0","12.0","2.0","31.93","34.69","0.227624671916","0.0","0.0"
"2014.0","10.0","4.0","277.0","2.0","0.46","0.99","0.0","4.11","0.99","4.06","0.0","0.0","0.0","0.0","101.31","109.73","438.91","219.46","337.6","329.18","0.0","","2015.0","1.0","2.0","32.71","16.86","0.11062992126","0.0","0.0"
"2014.0","10.0","5.0","278.0","2.0","0.43","0.98","0.0","3.99","0.98","3.92","0.0","0.0","0.0","0.0","105.23","109.73","438.91","219.46","333.68","329.18","0.0","","2015.0","2.0","2.0","56.48","36.24","0.237795275591","0.0","0.0"
"2014.0","10.0","6.0","279.0","2.0","0.41","0.98","0.0","4.02","0.98","3.92","0.0","0.0","0.0","0.0","109.15","109.73","438.91","219.46","329.76","329.18","0.0","","2015.0","3.0","2.0","103.75","60.08","0.394225721785","75.58","0.49593175853"
"2014.0","10.0","7.0","280.0","2.0","0.39","0.97","0.0","4.14","0.97","4.01","0.0","0.0","0.0","0.0","0.0","109.73","438.91","219.46","438.91","329.18","113.15","","2015.0","4.0","2.0","139.25","83.93","0.550721784777","113.21","0.742847769029"
"2014.0","10.0","8.0","281.0","2.0","0.37","0.96","0.0","4.75","0.96","4.56","0.0","0.0","0.0","0.0","4.56","109.73","438.91","219.46","434.35","329.18","0.0","","2015.0","5.0","2.0","156.1","115.11","0.75531496063","144.37","0.947309711286"
"2014.0","10.0","9.0","282.0","2.0","0.36","0.95","0.0","4.2","0.95","4.01","0.0","0.0","0.0","0.0","8.57","109.73","438.91","219.46","430.34","329.18","0.0","","2015.0","6.0","2.0","203.55","187.93","1.23313648294","219.29","1.43891076115"
"2014.0","10.0","10.0","283.0","2.0","0.35","0.95","0.0","3.66","0.95","3.47","0.0","0.0","0.0","0.0","12.04","109.73","438.91","219.46","426.87","329.18","0.0","","2015.0","7.0","2.0","210.84","231.28","1.51758530184","242.47","1.59101049869"
"2014.0","10.0","11.0","284.0","2.0","0.34","0.94","0.0","3.47","0.94","3.26","0.0","0.0","0.0","0.0","15.3","109.73","438.91","219.46","423.61","329.18","0.0","","2015.0","8.0","2.0","191.5","220.22","1.44501312336","220.23","1.44507874016"
"2014.0","10.0","12.0","285.0","2.0","0.32","0.93","0.0","6.52","0.93","6.08","0.0","0.0","0.0","0.0","21.38","109.73","438.91","219.46","417.53","329.18","0.0","","2015.0","9.0","2.0","147.5","163.77","1.07460629921","157.26","1.03188976378"
"2014.0","10.0","13.0","286.0","2.0","0.31","0.93","0.0","4.07","0.93","3.77","0.0","0.0","0.0","0.0","25.15","109.73","438.91","219.46","413.76","329.18","0.0","","","","","","","","",""
"2014.0","10.0","14.0","287.0","2.0","0.31","0.92","0.0","3.0","0.92","2.76","0.0","0.0","0.0","0.0","27.91","109.73","438.91","219.46","411.0","329.18","0.0","","","","","","","","",""
"2014.0","10.0","15.0","288.0","2.0","0.3","0.91","0.0","2.3","0.91","2.1","0.46","0.46","0.0","0.0","29.55","109.73","438.91","219.46","409.37","329.18","0.0","","","","","","","","",""
"2014.0","10.0","16.0","289.0","2.0","0.3","0.91","0.0","2.65","0.91","2.4","0.27","0.27","0.0","0.0","31.67","109.73","438.91","219.46","407.24","329.18","0.0","","","","","","","","",""
"2014.0","10.0","17.0","290.0","2.0","0.29","0.9","0.0","2.47","0.9","2.22","0.0","0.0","0.0","0.0","33.89","109.73","438.91","219.46","405.02","329.18","0.0","","","","","","","","",""
"2014.0","10.0","18.0","291.0","2.0","0.29","0.89","0.0","2.85","0.89","2.54","0.0","0.0","0.0","0.0","36.43","109.73","438.91","219.46","402.48","329.18","0.0","","","","","","","","",""
"2014.0","10.0","19.0","292.0","2.0","0.28","0.88","0.0","2.92","0.88","2.58","0.0","0.0","0.0","0.0","39.01","109.73","438.91","219.46","399.9","329.18","0.0","","","","","","","","",""
"2014.0","10.0","20.0","293.0","2.0","0.28","0.88","0.0","2.24","0.88","1.96","0.0","0.0","0.0","0.0","40.98","109.73","438.91","219.46","397.93","329.18","0.0","","","","","","","","",""
"2014.0","10.0","21.0","294.0","2.0","0.28","0.87","0.0","2.61","0.87","2.27","0.0","0.0","0.0","0.0","43.25","109.73","438.91","219.46","395.66","329.18","0.0","","","","","","","","",""
"2014.0","10.0","22.0","295.0","2.0","0.27","0.86","0.0","2.54","0.86","2.19","0.0","0.0","0.0","0.0","45.44","109.73","438.91","219.46","393.47","329.18","0.0","","","","","","","","",""
"2014.0","10.0","23.0","296.0","2.0","0.27","0.86","0.0","2.44","0.86","2.09","0.0","0.0","0.0","0.0","47.53","109.73","438.91","219.46","391.38","329.18","0.0","","","","","","","","",""
"2014.0","10.0","24.0","297.0","2.0","0.27","0.85","0.0","2.57","0.85","2.18","0.0","0.0","0.0","0.0","49.71","109.73","438.91","219.46","389.2","329.18","0.0","","","","","","","","",""
"2014.0","10.0","25.0","298.0","2.0","0.26","0.84","0.0","2.26","0.84","1.9","0.0","0.0","0.0","0.0","51.61","109.73","438.91","219.46","387.3","329.18","0.0","","","","","","","","",""
"2014.0","10.0","26.0","299.0","2.0","0.26","0.84","0.0","2.62","0.84","2.19","1.47","1.47","0.0","0.0","52.33","109.73","438.91","219.46","386.58","329.18","0.0","","","","","","","","",""
"2014.0","10.0","27.0","300.0","2.0","0.26","0.83","0.0","2.46","0.83","2.04","0.0","0.0","0.0","0.0","54.37","109.73","438.91","219.46","384.54","329.18","0.0","","","","","","","","",""
"2014.0","10.0","28.0","301.0","2.0","0.26","0.82","0.0","2.33","0.82","1.91","0.0","0.0","0.0","0.0","56.28","109.73","438.91","219.46","382.63","329.18","0.0","","","","","","","","",""
"2014.0","10.0","29.0","302.0","2.0","0.25","0.81","0.0","2.38","0.81","1.94","0.0","0.0","0.0","0.0","58.22","109.73","438.91","219.46","380.69","329.18","0.0","","","","","","","","",""
"2014.0","10.0","30.0","303.0","2.0","0.25","0.81","0.0","2.46","0.81","1.99","0.0","0.0","0.0","0.0","60.2","109.73","438.91","219.46","378.71","329.18","0.0","","","","","","","","",""
"2014.0","10.0","31.0","304.0","2.0","0.25","0.8","0.0","1.19","0.8","0.95","0.0","0.0","0.0","0.0","61.16","109.73","438.91","219.46","377.76","329.18","0.0","","","","","","","","",""
"2014.0","11.0","1.0","305.0","2.0","1.15","0.0","0.0","1.87","1.15","2.14","5.89","5.89","0.0","0.0","21.6","21.6","438.91","219.46","417.31","417.31","0.0","","","","","","","","",""
"2014.0","11.0","2.0","306.0","2.0","1.14","0.0","0.0","2.21","1.14","2.52","0.0","0.0","0.0","0.0","24.12","21.6","438.91","219.46","414.8","417.31","0.0","","","","","","","","",""
"2014.0","11.0","3.0","307.0","2.0","1.14","0.0","0.0","1.8","1.14","2.05","0.0","0.0","0.0","0.0","21.6","21.6","438.91","219.46","417.31","417.31","0.0","","","","","","","","",""
"2014.0","11.0","4.0","308.0","2.0","1.01","0.0","0.0","1.74","1.01","1.75","0.0","0.0","0.0","0.0","23.35","21.6","438.91","219.46","415.56","417.31","0.0","","","","","","","","",""
"2014.0","11.0","5.0","309.0","2.0","0.91","0.0","0.0","1.79","0.91","1.62","0.0","0.0","0.0","0.0","21.6","21.6","438.91","219.46","417.31","417.31","0.0","","","","","","","","",""
"2014.0","11.0","6.0","310.0","2.0","0.83","0.0","0.0","1.92","0.83","1.59","0.0","0.0","0.0","0.0","23.19","21.6","438.91","219.46","415.73","417.31","0.0","","","","","","","","",""
"2014.0","11.0","7.0","311.0","2.0","0.76","0.0","0.0","1.96","0.76","1.5","0.0","0.0","0.0","0.0","21.6","21.6","438.91","219.46","417.31","417.31","0.0","","","","","","","","",""
"2014.0","11.0","8.0","312.0","2.0","0.71","0.0","0.0","1.88","0.71","1.34","0.0","0.0","0.0","0.0","22.94","21.6","438.91","219.46","415.97","417.31","0.0","","","","","","","","",""
"2014.0","11.0","9.0","313.0","2.0","0.67","0.0","0.0","1.84","0.67","1.24","0.0","0.0","0.0","0.0","21.6","21.6","438.91","219.46","417.31","417.31","0.0","","","","","","","","",""
"2014.0","11.0","10.0","314.0","2.0","0.64","0.0","0.0","1.97","0.64","1.26","0.0","0.0","0.0","0.0","22.86","21.6","438.91","219.46","416.05","417.31","0.0","","","","","","","","",""
"2014.0","11.0","11.0","315.0","2.0","0.61","0.0","0.0","1.56","0.61","0.96","0.0","0.0","0.0","0.0","21.6","21.6","438.91","219.46","417.31","417.31","0.0","","","","","","","","",""
"2014.0","11.0","12.0","316.0","2.0","0.59","0.0","0.0","1.44","0.59","0.86","0.0","0.0","0.0","0.0","22.46","21.6","438.91","219.46","416.46","417.31","0.0","","","","","","","","",""
"2014.0","11.0","13.0","317.0","2.0","1.18","0.0","0.0","0.99","1.18","1.17","2.97","2.97","0.0","0.0","19.49","21.6","438.91","219.46","419.43","417.31","0.0","","","","","","","","",""
"2014.0","11.0","14.0","318.0","2.0","1.17","0.0","0.0","1.32","1.17","1.54","1.54","1.54","0.0","0.0","19.49","21.6","438.91","219.46","419.43","417.31","0.0","","","","","","","","",""
"2014.0","11.0","15.0","319.0","2.0","1.17","0.0","0.0","1.29","1.17","1.51","0.0","0.0","0.0","0.0","20.99","21.6","438.91","219.46","417.92","417.31","0.0","","","","","","","","",""
"2014.0","11.0","16.0","320.0","2.0","1.16","0.0","0.0","2.03","1.16","2.35","0.0","0.0","0.0","0.0","23.34","21.6","438.91","219.46","415.57","417.31","0.0","","","","","","","","",""
"2014.0","11.0","17.0","321.0","2.0","1.1","0.0","0.0","1.86","1.1","2.04","0.0","0.0","0.0","0.0","21.6","21.6","438.91","219.46","417.31","417.31","0.0","","","","","","","","",""
"2014.0","11.0","18.0","322.0","2.0","1.0","0.0","0.0","1.39","1.0","1.38","0.0","0.0","0.0","0.0","22.98","21.6","438.91","219.46","415.93","417.31","0.0","","","","","","","","",""
"2014.0","11.0","19.0","323.0","2.0","0.94","0.0","0.0","0.96","0.94","0.9","0.11","0.11","0.0","0.0","21.6","21.6","438.91","219.46","417.31","417.31","0.0","","","","","","","","",""
"2014.0","11.0","20.0","324.0","2.0","1.2","0.0","0.0","0.62","1.2","0.74","3.18","3.18","0.0","0.0","19.16","21.6","438.91","219.46","419.75","417.31","0.0","","","","","","","","",""
"2014.0","11.0","21.0","325.0","2.0","1.19","0.0","0.0","0.8","1.19","0.95","4.75","4.75","0.0","0.0","15.36","21.6","438.91","219.46","423.55","417.31","0.0","","","","","","","","",""
"2014.0","11.0","22.0","326.0","2.0","1.18","0.0","0.0","1.2","1.18","1.42","0.13","0.13","0.0","0.0","16.65","21.6","438.91","219.46","422.26","417.31","0.0","","","","","","","","",""
"2014.0","11.0","23.0","327.0","2.0","1.16","0.0","0.0","1.49","1.16","1.73","2.18","2.18","0.0","0.0","16.2","21.6","438.91","219.46","422.72","417.31","0.0","","","","","","","","",""
"2014.0","11.0","24.0","328.0","2.0","1.16","0.0","0.0","1.37","1.16","1.59","0.0","0.0","0.0","0.0","17.79","21.6","438.91","219.46","421.12","417.31","0.0","","","","","","","","",""
"2014.0","11.0","25.0","329.0","2.0","1.17","0.0","0.0","1.21","1.17","1.41","0.0","0.0","0.0","0.0","19.2","21.6","438.91","219.46","419.71","417.31","0.0","","","","","","","","",""
"2014.0","11.0","26.0","330.0","2.0","1.17","0.0","0.0","1.17","1.17","1.37","0.0","0.0","0.0","0.0","20.57","21.6","438.91","219.46","418.35","417.31","0.0","","","","","","","","",""
"2014.0","11.0","27.0","331.0","2.0","1.11","0.0","0.0","1.16","1.11","1.29","0.0","0.0","0.0","0.0","21.85","21.6","438.91","219.46","417.06","417.31","0.0","","","","","","","","",""
"2014.0","11.0","28.0","332.0","2.0","1.03","0.0","0.0","1.1","1.03","1.13","0.0","0.0","0.0","0.0","21.6","21.6","438.91","219.46","417.31","417.31","0.0","","","","","","","","",""
"2014.0","11.0","29.0","333.0","2.0","1.19","0.0","0.0","0.85","1.19","1.01","2.34","2.34","0.0","0.0","20.27","21.6","438.91","219.46","418.64","417.31","0.0","","","","","","","","",""
"2014.0","11.0","30.0","334.0","2.0","1.19","0.0","0.0","0.66","1.19","0.79","4.36","4.36","0.0","0.0","16.7","21.6","438.91","219.46","422.22","417.31","0.0","","","","","","","","",""
"2014.0","12.0","1.0","335.0","2.0","1.18","0.0","0.0","1.0","1.18","1.18","4.73","4.73","0.0","0.0","13.15","21.6","438.91","219.46","425.77","417.31","0.0","","","","","","","","",""
"2014.0","12.0","2.0","336.0","2.0","1.19","0.0","0.0","0.66","1.19","0.79","1.16","1.16","0.0","0.0","12.77","21.6","438.91","219.46","426.14","417.31","0.0","","","","","","","","",""
"2014.0","12.0","3.0","337.0","2.0","1.18","0.0","0.0","1.08","1.18","1.27","42.69","14.04","0.0","0.0","0.0","21.6","438.91","219.46","438.91","417.31","0.0","","","","","","","","",""
"2014.0","12.0","4.0","338.0","2.0","1.18","0.0","0.0","1.07","1.18","1.26","18.3","1.26","0.0","0.0","0.0","21.6","438.91","219.46","438.91","417.31","0.0","","","","","","","","",""
"2014.0","12.0","5.0","339.0","2.0","1.18","0.0","0.0","0.91","1.18","1.07","0.5","0.5","0.0","0.0","0.57","21.6","438.91","219.46","438.34","417.31","0.0","","","","","","","","",""
"2014.0","12.0","6.0","340.0","2.0","1.18","0.0","0.0","1.07","1.18","1.26","2.74","1.83","0.0","0.0","0.0","21.6","438.91","219.46","438.91","417.31","0.0","","","","","","","","",""
"2014.0","12.0","7.0","341.0","2.0","1.18","0.0","0.0","0.76","1.18","0.9","0.57","0.57","0.0","0.0","0.33","21.6","438.91","219.46","438.58","417.31","0.0","","","","","","","","",""
"2014.0","12.0","8.0","342.0","2.0","1.18","0.0","0.0","0.8","1.18","0.95","0.0","0.0","0.0","0.0","1.28","21.6","438.91","219.46","437.63","417.31","0.0","","","","","","","","",""
"2014.0","12.0","9.0","343.0","2.0","1.19","0.0","0.0","0.66","1.19","0.78","0.0","0.0","0.0","0.0","2.06","21.6","438.91","219.46","436.85","417.31","0.0","","","","","","","","",""
"2014.0","12.0","10.0","344.0","2.0","1.19","0.0","0.0","0.91","1.19","1.08","0.0","0.0","0.0","0.0","3.14","21.6","438.91","219.46","435.77","417.31","0.0","","","","","","","","",""
"2014.0","12.0","11.0","345.0","2.0","1.18","0.0","0.0","1.15","1.18","1.36","0.21","0.21","0.0","0.0","4.29","21.6","438.91","219.46","434.62","417.31","0.0","","","","","","","","",""
"2014.0","12.0","12.0","346.0","2.0","1.2","0.0","0.0","0.6","1.2","0.72","72.49","5.01","0.0","0.0","0.0","21.6","438.91","219.46","438.91","417.31","0.0","","","","","","","","",""
"2014.0","12.0","13.0","347.0","2.0","1.19","0.0","0.0","0.69","1.19","0.82","1.59","0.82","0.0","0.0","0.0","21.6","438.91","219.46","438.91","417.31","0.0","","","","","","","","",""
"2014.0","12.0","14.0","348.0","2.0","1.19","0.0","0.0","0.71","1.19","0.85","0.0","0.0","0.0","0.0","0.85","21.6","438.91","219.46","438.07","417.31","0.0","","","","","","","","",""
"2014.0","12.0","15.0","349.0","2.0","1.18","0.0","0.0","0.89","1.18","1.05","6.89","1.9","0.0","0.0","0.0","21.6","438.91","219.46","438.91","417.31","0.0","","","","","","","","",""
"2014.0","12.0","16.0","350.0","2.0","1.17","0.0","0.0","1.18","1.17","1.38","9.15","1.38","0.0","0.0","0.0","21.6","438.91","219.46","438.91","417.31","0.0","","","","","","","","",""
"2014.0","12.0","17.0","351.0","2.0","1.18","0.0","0.0","0.96","1.18","1.13","11.33","1.13","0.0","0.0","0.0","21.6","438.91","219.46","438.91","417.31","0.0","","","","","","","","",""
"2014.0","12.0","18.0","352.0","2.0","1.18","0.0","0.0","0.91","1.18","1.08","3.87","1.08","0.0","0.0","0.0","21.6","438.91","219.46","438.91","417.31","0.0","","","","","","","","",""
"2014.0","12.0","19.0","353.0","2.0","1.19","0.0","0.0","0.81","1.19","0.96","0.01","0.01","0.0","0.0","0.95","21.6","438.91","219.46","437.96","417.31","0.0","","","","","","","","",""
"2014.0","12.0","20.0","354.0","2.0","1.19","0.0","0.0","0.64","1.19","0.76","14.79","1.71","0.0","0.0","0.0","21.6","438.91","219.46","438.91","417.31","0.0","","","","","","","","",""
"2014.0","12.0","21.0","355.0","2.0","1.19","0.0","0.0","0.97","1.19","1.15","0.0","0.0","0.0","0.0","1.15","21.6","438.91","219.46","437.76","417.31","0.0","","","","","","","","",""
"2014.0","12.0","22.0","356.0","2.0","1.19","0.0","0.0","0.79","1.19","0.94","0.0","0.0","0.0","0.0","2.09","21.6","438.91","219.46","436.82","417.31","0.0","","","","","","","","",""
"2014.0","12.0","23.0","357.0","2.0","1.19","0.0","0.0","0.72","1.19","0.86","0.0","0.0","0.0","0.0","2.95","21.6","438.91","219.46","435.97","417.31","0.0","","","","","","","","",""
"2014.0","12.0","24.0","358.0","2.0","1.19","0.0","0.0","0.99","1.19","1.18","0.0","0.0","0.0","0.0","4.12","21.6","438.91","219.46","434.79","417.31","0.0","","","","","","","","",""
"2014.0","12.0","25.0","359.0","2.0","1.15","0.0","0.0","1.88","1.15","2.17","0.78","0.78","0.0","0.0","5.51","21.6","438.91","219.46","433.4","417.31","0.0","","","","","","","","",""
"2014.0","12.0","26.0","360.0","2.0","1.0","0.0","0.0","1.89","1.0","1.9","0.0","0.0","0.0","0.0","7.41","21.6","438.91","219.46","431.5","417.31","0.0","","","","","","","","",""
"2014.0","12.0","27.0","361.0","2.0","0.96","0.0","0.0","0.76","0.96","0.73","0.0","0.0","0.0","0.0","8.14","21.6","438.91","219.46","430.77","417.31","0.0","","","","","","","","",""
"2014.0","12.0","28.0","362.0","2.0","0.92","0.0","0.0","0.74","0.92","0.68","0.0","0.0","0.0","0.0","8.82","21.6","438.91","219.46","430.09","417.31","0.0","","","","","","","","",""
"2014.0","12.0","29.0","363.0","2.0","0.9","0.0","0.0","0.56","0.9","0.5","0.0","0.0","0.0","0.0","9.32","21.6","438.91","219.46","429.59","417.31","0.0","","","","","","","","",""
"2014.0","12.0","30.0","364.0","2.0","0.8","0.0","0.0","2.49","0.8","1.99","0.0","0.0","0.0","0.0","11.31","21.6","438.91","219.46","427.6","417.31","0.0","","","","","","","","",""
"2014.0","12.0","31.0","365.0","2.0","0.72","0.0","0.0","2.68","0.72","1.94","0.0","0.0","0.0","0.0","13.25","21.6","438.91","219.46","425.66","417.31","0.0","","","","","","","","",""
"2015.0","1.0","1.0","1.0","2.0","0.7","0.0","0.0","0.88","0.7","0.62","0.0","0.0","0.0","0.0","13.87","21.6","438.91","219.46","425.04","417.31","0.0","","","","","","","","",""
"2015.0","1.0","2.0","2.0","2.0","0.69","0.0","0.0","0.86","0.69","0.59","0.0","0.0","0.0","0.0","14.46","21.6","438.91","219.46","424.45","417.31","0.0","","","","","","","","",""
"2015.0","1.0","3.0","3.0","2.0","0.67","0.0","0.0","0.85","0.67","0.57","0.0","0.0","0.0","0.0","15.03","21.6","438.91","219.46","423.88","417.31","0.0","","","","","","","","",""
"2015.0","1.0","4.0","4.0","2.0","0.65","0.0","0.0","0.96","0.65","0.63","0.0","0.0","0.0","0.0","15.65","21.6","438.91","219.46","423.26","417.31","0.0","","","","","","","","",""
"2015.0","1.0","5.0","5.0","2.0","0.64","0.0","0.0","0.87","0.64","0.55","0.0","0.0","0.0","0.0","16.21","21.6","438.91","219.46","422.7","417.31","0.0","","","","","","","","",""
"2015.0","1.0","6.0","6.0","2.0","0.62","0.0","0.0","1.17","0.62","0.72","0.0","0.0","0.0","0.0","16.93","21.6","438.91","219.46","421.98","417.31","0.0","","","","","","","","",""
"2015.0","1.0","7.0","7.0","2.0","0.6","0.0","0.0","1.17","0.6","0.7","0.0","0.0","0.0","0.0","17.64","21.6","438.91","219.46","421.27","417.31","0.0","","","","","","","","",""
"2015.0","1.0","8.0","8.0","2.0","0.59","0.0","0.0","1.0","0.59","0.59","0.0","0.0","0.0","0.0","18.23","21.6","438.91","219.46","420.68","417.31","0.0","","","","","","","","",""
"2015.0","1.0","9.0","9.0","2.0","0.58","0.0","0.0","0.87","0.58","0.5","0.0","0.0","0.0","0.0","18.73","21.6","438.91","219.46","420.18","417.31","0.0","","","","","","","","",""
"2015.0","1.0","10.0","10.0","2.0","0.57","0.0","0.0","0.96","0.57","0.54","0.0","0.0","0.0","0.0","19.27","21.6","438.91","219.46","419.64","417.31","0.0","","","","","","","","",""
"2015.0","1.0","11.0","11.0","2.0","0.56","0.0","0.0","0.88","0.56","0.49","0.0","0.0","0.0","0.0","19.77","21.6","438.91","219.46","419.15","417.31","0.0","","","","","","","","",""
"2015.0","1.0","12.0","12.0","2.0","0.55","0.0","0.0","1.05","0.55","0.57","0.0","0.0","0.0","0.0","20.34","21.6","438.91","219.46","418.57","417.31","0.0","","","","","","","","",""
"2015.0","1.0","13.0","13.0","2.0","0.53","0.0","0.0","1.18","0.53","0.63","0.0","0.0","0.0","0.0","20.97","21.6","438.91","219.46","417.94","417.31","0.0","","","","","","","","",""
"2015.0","1.0","14.0","14.0","2.0","0.53","0.0","0.0","0.69","0.53","0.36","0.0","0.0","0.0","0.0","21.33","21.6","438.91","219.46","417.58","417.31","0.0","","","","","","","","",""
"2015.0","1.0","15.0","15.0","2.0","0.52","0.0","0.0","0.69","0.52","0.36","0.0","0.0","0.0","0.0","21.69","21.6","438.91","219.46","417.22","417.31","0.0","","","","","","","","",""
"2015.0","1.0","16.0","16.0","2.0","0.52","0.0","0.0","0.57","0.52","0.29","0.0","0.0","0.0","0.0","21.6","21.6","438.91","219.46","417.31","417.31","0.0","","","","","","","","",""
"2015.0","1.0","17.0","17.0","2.0","0.51","0.0","0.0","0.56","0.51","0.29","0.01","0.01","0.0","0.0","21.88","21.6","438.91","219.46","417.03","417.31","0.0","","","","","","","","",""
"2015.0","1.0","18.0","18.0","2.0","0.51","0.0","0.0","0.61","0.51","0.31","0.0","0.0","0.0","0.0","21.6","21.6","438.91","219.46","417.31","417.31","0.0","","","","","","","","",""
"2015.0","1.0","19.0","19.0","2.0","0.5","0.0","0.0","0.7","0.5","0.35","0.0","0.0","0.0","0.0","21.95","21.6","438.91","219.46","416.96","417.31","0.0","","","","","","","","",""
"2015.0","1.0","20.0","20.0","2.0","0.5","0.0","0.0","0.79","0.5","0.39","0.0","0.0","0.0","0.0","21.6","21.6","438.91","219.46","417.31","417.31","0.0","","","","","","","","",""
"2015.0","1.0","21.0","21.0","2.0","0.49","0.0","0.0","0.98","0.49","0.48","0.0","0.0","0.0","0.0","22.08","21.6","438.91","219.46","416.83","417.31","0.0","","","","","","","","",""
"2015.0","1.0","22.0","22.0","2.0","0.48","0.0","0.0","0.73","0.48","0.35","0.0","0.0","0.0","0.0","21.6","21.6","438.91","219.46","417.31","417.31","0.0","","","","","","","","",""
"2015.0","1.0","23.0","23.0","2.0","0.48","0.0","0.0","0.98","0.48","0.47","0.0","0.0","0.0","0.0","22.07","21.6","438.91","219.46","416.84","417.31","0.0","","","","","","","","",""
"2015.0","1.0","24.0","24.0","2.0","0.47","0.0","0.0","0.94","0.47","0.44","0.0","0.0","0.0","0.0","21.6","21.6","438.91","219.46","417.31","417.31","0.0","","","","","","","","",""
"2015.0","1.0","25.0","25.0","2.0","0.46","0.0","0.0","1.02","0.46","0.47","0.0","0.0","0.0","0.0","22.07","21.6","438.91","219.46","416.84","417.31","0.0","","","","","","","","",""
"2015.0","1.0","26.0","26.0","2.0","0.46","0.0","0.0","1.28","0.46","0.58","0.0","0.0","0.0","0.0","21.6","21.6","438.91","219.46","417.31","417.31","0.0","","","","","","","","",""
"2015.0","1.0","27.0","27.0","2.0","0.45","0.0","0.0","1.12","0.45","0.5","0.0","0.0","0.0","0.0","22.1","21.6","438.91","219.46","416.81","417.31","0.0","","","","","","","","",""
"2015.0","1.0","28.0","28.0","2.0","0.44","0.0","0.0","1.53","0.44","0.67","0.0","0.0","0.0","0.0","21.6","21.6","438.91","219.46","417.31","417.31","0.0","","","","","","","","",""
"2015.0","1.0","29.0","29.0","2.0","0.43","0.0","0.0","1.43","0.43","0.62","0.0","0.0","0.0","0.0","22.22","21.6","438.91","219.46","416.69","417.31","0.0","","","","","","","","",""
"2015.0","1.0","30.0","30.0","2.0","0.42","0.0","0.0","1.93","0.42","0.82","0.0","0.0","0.0","0.0","21.6","21.6","438.91","219.46","417.31","417.31","0.0","","","","","","","","",""
"2015.0","1.0","31.0","31.0","2.0","0.41","0.0","0.0","3.46","0.41","1.41","0.0","0.0","0.0","0.0","23.01","21.6","438.91","219.46","415.9","417.31","0.0","","","","","","","","",""
"2015.0","2.0","1.0","32.0","2.0","0.4","0.0","0.0","1.44","0.4","0.58","0.0","0.0","0.0","0.0","21.6","21.6","438.91","219.46","417.31","417.31","0.0","","","","","","","","",""
"2015.0","2.0","2.0","33.0","2.0","0.4","0.0","0.0","1.46","0.4","0.58","0.0","0.0","0.0","0.0","22.18","21.6","438.91","219.46","416.73","417.31","0.0","","","","","","","","",""
"2015.0","2.0","3.0","34.0","2.0","0.39","0.0","0.0","1.52","0.39","0.59","0.0","0.0","0.0","0.0","21.6","21.6","438.91","219.46","417.31","417.31","0.0","","","","","","","","",""
"2015.0","2.0","4.0","35.0","2.0","0.38","0.0","0.0","1.4","0.38","0.54","0.0","0.0","0.0","0.0","22.14","21.6","438.91","219.46","416.77","417.31","0.0","","","","","","","","",""
"2015.0","2.0","5.0","36.0","2.0","0.38","0.0","0.0","1.08","0.38","0.41","0.0","0.0","0.0","0.0","21.6","21.6","438.91","219.46","417.31","417.31","0.0","","","","","","","","",""
"2015.0","2.0","6.0","37.0","2.0","0.37","0.0","0.0","2.04","0.37","0.76","0.04","0.04","0.0","0.0","22.32","21.6","438.91","219.46","416.59","417.31","0.0","","","","","","","","",""
"2015.0","2.0","7.0","38.0","2.0","1.16","0.0","0.0","1.42","1.16","1.65","27.21","23.97","0.0","0.0","0.0","21.6","438.91","219.46","438.91","417.31","0.0","","","","","","","","",""
"2015.0","2.0","8.0","39.0","2.0","1.17","0.0","0.0","1.3","1.17","1.52","4.76","1.52","0.0","0.0","0.0","21.6","438.91","219.46","438.91","417.31","0.0","","","","","","","","",""
"2015.0","2.0","9.0","40.0","2.0","1.14","0.0","0.0","2.0","1.14","2.28","20.3","2.28","0.0","0.0","0.0","21.6","438.91","219.46","438.91","417.31","0.0","","","","","","","","",""
"2015.0","2.0","10.0","41.0","2.0","1.14","0.0","0.0","1.82","1.14","2.08","0.0","0.0","0.0","0.0","2.08","21.6","438.91","219.46","436.83","417.31","0.0","","","","","","","","",""
"2015.0","2.0","11.0","42.0","2.0","1.15","0.0","0.0","1.61","1.15","1.85","0.0","0.0","0.0","0.0","3.93","21.6","438.91","219.46","434.98","417.31","0.0","","","","","","","","",""
"2015.0","2.0","12.0","43.0","2.0","1.02","0.0","0.0","1.97","1.02","2.02","0.0","0.0","0.0","0.0","5.94","21.6","438.91","219.46","432.97","417.31","0.0","","","","","","","","",""
"2015.0","2.0","13.0","44.0","2.0","0.91","0.0","0.0","2.0","0.91","1.81","0.0","0.0","0.0","0.0","7.76","21.6","438.91","219.46","431.15","417.31","0.0","","","","","","","","",""
"2015.0","2.0","14.0","45.0","2.0","0.82","0.0","0.0","2.16","0.82","1.77","0.0","0.0","0.0","0.0","9.53","21.6","438.91","219.46","429.39","417.31","0.0","","","","","","","","",""
"2015.0","2.0","15.0","46.0","2.0","0.75","0.0","0.0","2.09","0.75","1.57","0.0","0.0","0.0","0.0","11.1","21.6","438.91","219.46","427.82","417.31","0.0","","","","","","","","",""
"2015.0","2.0","16.0","47.0","2.0","0.7","0.0","0.0","2.19","0.7","1.53","0.0","0.0","0.0","0.0","12.63","21.6","438.91","219.46","426.29","417.31","0.0","","","","","","","","",""
"2015.0","2.0","17.0","48.0","2.0","0.66","0.0","0.0","1.85","0.66","1.22","0.0","0.0","0.0","0.0","13.85","21.6","438.91","219.46","425.07","417.31","0.0","","","","","","","","",""
"2015.0","2.0","18.0","49.0","2.0","0.63","0.0","0.0","1.58","0.63","1.0","0.0","0.0","0.0","0.0","14.85","21.6","438.91","219.46","424.06","417.31","0.0","","","","","","","","",""
"2015.0","2.0","19.0","50.0","2.0","0.62","0.0","0.0","1.04","0.62","0.64","0.0","0.0","0.0","0.0","15.49","21.6","438.91","219.46","423.42","417.31","0.0","","","","","","","","",""
"2015.0","2.0","20.0","51.0","2.0","0.59","0.0","0.0","2.0","0.59","1.18","0.0","0.0","0.0","0.0","16.67","21.6","438.91","219.46","422.24","417.31","0.0","","","","","","","","",""
"2015.0","2.0","21.0","52.0","2.0","0.57","0.0","0.0","1.73","0.57","0.98","0.0","0.0","0.0","0.0","17.65","21.6","438.91","219.46","421.26","417.31","0.0","","","","","","","","",""
"2015.0","2.0","22.0","53.0","2.0","0.53","0.0","0.0","3.63","0.53","1.92","0.0","0.0","0.0","0.0","19.57","21.6","438.91","219.46","419.35","417.31","0.0","","","","","","","","",""
"2015.0","2.0","23.0","54.0","2.0","0.49","0.0","0.0","4.25","0.49","2.08","0.0","0.0","0.0","0.0","21.65","21.6","438.91","219.46","417.26","417.31","0.0","","","","","","","","",""
"2015.0","2.0","24.0","55.0","2.0","0.47","0.0","0.0","2.81","0.47","1.32","0.0","0.0","0.0","0.0","21.6","21.6","438.91","219.46","417.31","417.31","0.0","","","","","","","","",""
"2015.0","2.0","25.0","56.0","2.0","0.46","0.0","0.0","2.18","0.46","0.99","0.0","0.0","0.0","0.0","22.59","21.6","438.91","219.46","416.32","417.31","0.0","","","","","","","","",""
"2015.0","2.0","26.0","57.0","2.0","0.44","0.0","0.0","3.03","0.44","1.33","0.0","0.0","0.0","0.0","21.6","21.6","438.91","219.46","417.31","417.31","0.0","","","","","","","","",""
"2015.0","2.0","27.0","58.0","2.0","0.42","0.0","0.0","2.87","0.42","1.21","0.0","0.0","0.0","0.0","22.81","21.6","438.91","219.46","416.1","417.31","0.0","","","","","","","","",""
"2015.0","2.0","28.0","59.0","2.0","0.41","0.0","0.0","2.01","0.41","0.83","0.0","0.0","0.0","0.0","21.6","21.6","438.91","219.46","417.31","417.31","0.0","","","","","","","","",""
"2015.0","3.0","1.0","60.0","2.0","0.4","0.0","0.0","2.65","0.4","1.06","0.0","0.0","0.0","0.0","22.66","21.6","438.91","219.46","416.25","417.31","0.0","","","","","","","","",""
"2015.0","3.0","2.0","61.0","2.0","0.39","0.0","0.0","2.24","0.39","0.88","0.0","0.0","0.0","0.0","21.6","21.6","438.91","219.46","417.31","417.31","0.0","","","","","","","","",""
"2015.0","3.0","3.0","62.0","2.0","1.12","0.0","0.0","2.55","1.12","2.85","3.36","3.36","0.0","0.0","21.09","21.6","438.91","219.46","417.82","417.31","0.0","","","","","","","","",""
"2015.0","3.0","4.0","63.0","2.0","1.12","0.0","0.0","2.6","1.12","2.9","0.0","0.0","0.0","0.0","24.0","21.6","438.91","219.46","414.92","417.31","0.0","","","","","","","","",""
"2015.0","3.0","5.0","64.0","2.0","0.97","0.0","0.0","2.79","0.97","2.72","0.0","0.0","0.0","0.0","21.6","21.6","438.91","219.46","417.31","417.31","0.0","","","","","","","","",""
"2015.0","3.0","6.0","65.0","2.0","0.83","0.0","0.0","2.99","0.83","2.48","0.0","0.0","0.0","0.0","24.08","21.6","438.91","219.46","414.83","417.31","0.0","","","","","","","","",""
"2015.0","3.0","7.0","66.0","2.0","0.74","0.0","0.0","2.81","0.74","2.08","0.0","0.0","0.0","0.0","21.6","21.6","438.91","219.46","417.31","417.31","0.0","","","","","","","","",""
"2015.0","3.0","8.0","67.0","2.0","0.67","0.0","0.0","2.94","0.67","1.97","0.0","0.0","0.0","0.0","23.57","21.6","438.91","219.46","415.34","417.31","0.0","","","","","","","","",""
"2015.0","3.0","9.0","68.0","2.0","0.62","0.0","0.0","2.98","0.62","1.84","0.0","0.0","0.0","0.0","21.6","21.6","438.91","219.46","417.31","417.31","0.0","","","","","","","","",""
"2015.0","3.0","10.0","69.0","2.0","0.58","0.0","0.0","2.3","0.58","1.34","0.0","0.0","0.0","0.0","22.94","21.6","438.91","219.46","415.97","417.31","0.0","","","","","","","","",""
"2015.0","3.0","11.0","70.0","2.0","0.56","0.0","0.0","2.11","0.56","1.18","0.83","0.83","0.0","0.0","21.6","21.6","438.91","219.46","417.31","417.31","0.0","","","","","","","","",""
"2015.0","3.0","12.0","71.0","2.0","1.08","0.0","0.0","3.41","1.08","3.7","4.58","4.58","0.0","0.0","20.72","21.6","438.91","219.46","418.2","417.31","0.0","","","","","","","","",""
"2015.0","3.0","13.0","72.0","2.0","1.07","0.0","0.0","3.03","1.07","3.24","0.0","0.0","0.0","0.0","23.96","21.6","438.91","219.46","414.95","417.31","0.0","","","","","","","","",""
"2015.0","3.0","14.0","73.0","2.0","0.87","0.0","0.0","3.23","0.87","2.82","0.0","0.0","0.0","0.0","21.6","21.6","438.91","219.46","417.31","417.31","0.0","","","","","","","","",""
"2015.0","3.0","15.0","74.0","2.0","0.74","0.0","0.0","3.74","0.74","2.77","0.0","0.0","0.0","0.0","24.37","21.6","438.91","219.46","414.54","417.31","0.0","","","","","","","","",""
"2015.0","3.0","16.0","75.0","2.0","0.68","0.0","0.0","2.43","0.68","1.66","0.0","0.0","0.0","0.0","21.6","21.6","438.91","219.46","417.31","417.31","0.0","","","","","","","","",""
"2015.0","3.0","17.0","76.0","2.0","0.62","0.0","0.0","3.53","0.62","2.18","0.0","0.0","0.0","0.0","23.78","21.6","438.91","219.46","415.13","417.31","0.0","","","","","","","","",""
"2015.0","3.0","18.0","77.0","2.0","0.56","0.0","0.0","3.85","0.56","2.17","0.01","0.01","0.0","0.0","21.6","21.6","438.91","219.46","417.31","417.31","0.0","","","","","","","","",""
"2015.0","3.0","19.0","78.0","2.0","0.52","0.0","0.0","3.88","0.52","2.02","0.0","0.0","0.0","0.0","23.62","21.6","438.91","219.46","415.29","417.31","0.0","","","","","","","","",""
"2015.0","3.0","20.0","79.0","2.0","0.49","0.0","0.0","3.07","0.49","1.51","0.0","0.0","0.0","0.0","21.6","21.6","438.91","219.46","417.31","417.31","0.0","","","","","","","","",""
"2015.0","3.0","21.0","80.0","2.0","0.47","0.0","0.0","3.6","0.47","1.68","0.0","0.0","0.0","0.0","23.28","21.6","438.91","219.46","415.63","417.31","0.0","","","","","","","","",""
"2015.0","3.0","22.0","81.0","2.0","0.44","0.0","0.0","3.31","0.44","1.47","0.0","0.0","0.0","0.0","21.6","21.6","438.91","219.46","417.31","417.31","0.0","","","","","","","","",""
"2015.0","3.0","23.0","82.0","2.0","0.43","0.0","0.0","3.28","0.43","1.4","0.11","0.11","0.0","0.0","22.89","21.6","438.91","219.46","416.02","417.31","0.0","","","","","","","","",""
"2015.0","3.0","24.0","83.0","2.0","0.41","0.0","0.0","3.19","0.41","1.31","0.0","0.0","0.0","0.0","21.6","21.6","438.91","219.46","417.31","417.31","0.0","","","","","","","","",""
"2015.0","3.0","25.0","84.0","2.0","0.39","0.0","0.0","4.18","0.39","1.64","0.0","0.0","0.0","0.0","23.24","21.6","438.91","219.46","415.67","417.31","0.0","","","","","","","","",""
"2015.0","3.0","26.0","85.0","2.0","0.38","0.0","0.0","3.88","0.38","1.46","0.0","0.0","0.0","0.0","21.6","21.6","438.91","219.46","417.31","417.31","0.0","","","","","","","","",""
"2015.0","3.0","27.0","86.0","2.0","0.36","0.0","0.0","4.4","0.36","1.59","0.0","0.0","0.0","0.0","23.19","21.6","438.91","219.46","415.72","417.31","0.0","","","","","","","","",""
"2015.0","3.0","28.0","87.0","2.0","0.35","0.0","0.0","4.93","0.35","1.7","0.0","0.0","0.0","0.0","21.6","21.6","438.91","219.46","417.31","417.31","0.0","","","","","","","","",""
"2015.0","3.0","29.0","88.0","2.0","0.33","0.0","0.0","4.71","0.33","1.57","0.0","0.0","0.0","0.0","23.17","21.6","438.91","219.46","415.75","417.31","0.0","","","","","","","","",""
"2015.0","3.0","30.0","89.0","2.0","0.32","0.0","0.0","4.49","0.32","1.44","0.0","0.0","0.0","0.0","21.6","21.6","438.91","219.46","417.31","417.31","0.0","","","","","","","","",""
"2015.0","3.0","31.0","90.0","2.0","0.31","0.0","0.0","4.65","0.31","1.45","0.0","0.0","0.0","0.0","23.05","21.6","438.91","219.46","415.87","417.31","0.0","","","","","","","","",""
"2015.0","4.0","1.0","91.0","2.0","0.3","0.0","0.0","4.22","0.3","1.28","0.0","0.0","0.0","0.0","21.6","21.6","438.91","219.46","417.31","417.31","0.0","","","","","","","","",""
"2015.0","4.0","2.0","92.0","2.0","0.29","0.0","0.0","5.54","0.29","1.62","0.0","0.0","0.0","0.0","23.22","21.6","438.91","219.46","415.69","417.31","0.0","","","","","","","","",""
"2015.0","4.0","3.0","93.0","2.0","0.28","0.0","0.0","4.6","0.28","1.31","0.0","0.0","0.0","0.0","21.6","21.6","438.91","219.46","417.31","417.31","0.0","","","","","","","","",""
"2015.0","4.0","4.0","94.0","2.0","0.28","0.0","0.0","4.48","0.28","1.24","0.0","0.0","0.0","0.0","22.84","21.6","438.91","219.46","416.07","417.31","0.0","","","","","","","","",""
"2015.0","4.0","5.0","95.0","2.0","0.27","0.0","0.0","2.56","0.27","0.7","0.0","0.0","0.0","0.0","21.6","21.6","438.91","219.46","417.31","417.31","0.0","","","","","","","","",""
"2015.0","4.0","6.0","96.0","2.0","0.27","0.0","0.0","2.92","0.27","0.79","0.96","0.96","0.0","0.0","21.43","21.6","438.91","219.46","417.48","417.31","0.0","","","","","","","","",""
"2015.0","4.0","7.0","97.0","2.0","1.12","0.0","0.0","2.53","1.12","2.83","4.05","4.05","0.0","0.0","20.21","21.6","438.91","219.46","418.7","417.31","0.0","","","","","","","","",""
"2015.0","4.0","8.0","98.0","2.0","1.1","0.0","0.0","2.94","1.1","3.24","14.39","14.39","0.0","0.0","9.06","21.6","438.91","219.46","429.85","417.31","0.0","","","","","","","","",""
"2015.0","4.0","9.0","99.0","2.0","1.07","0.0","0.0","3.48","1.07","3.73","0.0","0.0","0.0","0.0","12.79","21.6","438.91","219.46","426.12","417.31","0.0","","","","","","","","",""
"2015.0","4.0","10.0","100.0","2.0","0.83","0.0","0.0","4.1","0.83","3.42","0.0","0.0","0.0","0.0","16.21","21.6","438.91","219.46","422.71","417.31","0.0","","","","","","","","",""
"2015.0","4.0","11.0","101.0","2.0","0.7","0.0","0.0","4.26","0.7","2.98","0.0","0.0","0.0","0.0","19.19","21.6","438.91","219.46","419.72","417.31","0.0","","","","","","","","",""
"2015.0","4.0","12.0","102.0","2.0","0.6","0.0","0.0","4.91","0.6","2.97","0.0","0.0","0.0","0.0","22.15","21.6","438.91","219.46","416.76","417.31","0.0","","","","","","","","",""
"2015.0","4.0","13.0","103.0","2.0","0.54","0.0","0.0","4.91","0.54","2.64","0.0","0.0","0.0","0.0","21.6","21.6","438.91","219.46","417.31","417.31","0.0","","","","","","","","",""
"2015.0","4.0","14.0","104.0","2.0","0.49","0.0","0.0","4.87","0.49","2.39","0.0","0.0","0.0","0.0","23.99","21.6","438.91","219.46","414.92","417.31","0.0","","","","","","","","",""
"2015.0","4.0","15.0","105.0","2.0","0.44","0.55","0.0","6.58","0.55","3.62","0.0","0.0","0.0","0.0","27.61","95.66","438.91","219.46","411.3","343.25","0.0","","","","","","","","",""
"2015.0","4.0","16.0","106.0","2.0","0.41","0.56","0.0","6.06","0.56","3.37","0.0","0.0","0.0","0.0","30.98","95.66","438.91","219.46","407.93","343.25","0.0","","","","","","","","",""
"2015.0","4.0","17.0","107.0","2.0","0.38","0.56","0.0","5.29","0.56","2.97","0.0","0.0","0.0","0.0","33.95","95.66","438.91","219.46","404.96","343.25","0.0","","","","","","","","",""
"2015.0","4.0","18.0","108.0","2.0","0.36","0.57","0.0","4.95","0.57","2.81","0.0","0.0","0.0","0.0","36.76","95.66","438.91","219.46","402.15","343.25","0.0","","","","","","","","",""
"2015.0","4.0","19.0","109.0","2.0","0.35","0.57","0.0","5.18","0.57","2.97","0.0","0.0","0.0","0.0","39.74","95.66","438.91","219.46","399.17","343.25","0.0","","","","","","","","",""
"2015.0","4.0","20.0","110.0","2.0","0.33","0.58","0.0","4.74","0.58","2.75","0.0","0.0","0.0","0.0","42.49","95.66","438.91","219.46","396.42","343.25","0.0","","","","","","","","",""
"2015.0","4.0","21.0","111.0","2.0","0.32","0.59","0.0","3.79","0.59","2.22","0.0","0.0","0.0","0.0","44.71","95.66","438.91","219.46","394.2","343.25","0.0","","","","","","","","",""
"2015.0","4.0","22.0","112.0","2.0","0.32","0.59","0.0","4.2","0.59","2.49","0.0","0.0","0.0","0.0","47.19","95.66","438.91","219.46","391.72","343.25","0.0","","","","","","","","",""
"2015.0","4.0","23.0","113.0","2.0","0.31","0.6","0.0","4.75","0.6","2.84","0.0","0.0","0.0","0.0","50.04","95.66","438.91","219.46","388.88","343.25","0.0","","","","","","","","",""
"2015.0","4.0","24.0","114.0","2.0","0.3","0.6","0.0","4.96","0.6","3.0","0.0","0.0","0.0","0.0","53.03","95.66","438.91","219.46","385.88","343.25","0.0","","","","","","","","",""
"2015.0","4.0","25.0","115.0","2.0","1.06","0.61","0.0","3.96","1.06","4.2","11.93","11.93","0.0","0.0","45.3","95.66","438.91","219.46","393.61","343.25","0.0","","","","","","","","",""
"2015.0","4.0","26.0","116.0","2.0","0.88","0.62","0.0","5.11","0.88","4.5","0.0","0.0","0.0","0.0","49.8","95.66","438.91","219.46","389.11","343.25","0.0","","","","","","","","",""
"2015.0","4.0","27.0","117.0","2.0","0.67","0.62","0.0","6.12","0.67","4.12","0.0","0.0","0.0","0.0","53.92","95.66","438.91","219.46","384.99","343.25","0.0","","","","","","","","",""
"2015.0","4.0","28.0","118.0","2.0","0.58","0.63","0.0","5.51","0.63","3.46","0.0","0.0","0.0","0.0","57.38","95.66","438.91","219.46","381.53","343.25","0.0","","","","","","","","",""
"2015.0","4.0","29.0","119.0","2.0","0.51","0.63","0.0","5.26","0.63","3.33","0.0","0.0","0.0","0.0","60.71","95.66","438.91","219.46","378.2","343.25","0.0","","","","","","","","",""
"2015.0","4.0","30.0","120.0","2.0","0.46","0.64","0.0","6.47","0.64","4.14","0.0","0.0","0.0","0.0","64.85","95.66","438.91","219.46","374.06","343.25","0.0","","","","","","","","",""
"2015.0","5.0","1.0","121.0","2.0","0.42","0.65","0.0","6.45","0.65","4.17","0.0","0.0","0.0","0.0","69.02","95.66","438.91","219.46","369.89","343.25","0.0","","","","","","","","",""
"2015.0","5.0","2.0","122.0","2.0","0.39","0.65","0.0","5.94","0.65","3.87","0.0","0.0","0.0","0.0","72.89","95.66","438.91","219.46","366.02","343.25","0.0","","","","","","","","",""
"2015.0","5.0","3.0","123.0","2.0","0.37","0.66","0.0","5.17","0.66","3.4","0.0","0.0","0.0","0.0","76.3","95.66","438.91","219.46","362.62","343.25","0.0","","","","","","","","",""
"2015.0","5.0","4.0","124.0","2.0","0.35","0.66","0.0","4.74","0.66","3.15","0.0","0.0","0.0","0.0","79.44","95.66","438.91","219.46","359.47","343.25","0.0","","","","","","","","",""
"2015.0","5.0","5.0","125.0","2.0","0.34","0.67","0.0","4.79","0.67","3.21","0.0","0.0","0.0","0.0","82.65","95.66","438.91","219.46","356.26","343.25","0.0","","","","","","","","",""
"2015.0","5.0","6.0","126.0","2.0","0.32","0.68","0.0","5.2","0.68","3.52","0.0","0.0","0.0","0.0","86.17","95.66","438.91","219.46","352.74","343.25","0.0","","","","","","","","",""
"2015.0","5.0","7.0","127.0","2.0","0.32","0.68","0.0","3.82","0.68","2.61","0.5","0.5","0.0","0.0","88.27","95.66","438.91","219.46","350.64","343.25","0.0","","","","","","","","",""
"2015.0","5.0","8.0","128.0","2.0","0.31","0.69","0.0","4.45","0.69","3.06","0.01","0.01","0.0","0.0","91.33","95.66","438.91","219.46","347.59","343.25","0.0","","","","","","","","",""
"2015.0","5.0","9.0","129.0","2.0","0.3","0.69","0.0","4.99","0.69","3.46","0.0","0.0","0.0","0.0","94.79","95.66","438.91","219.46","344.12","343.25","0.0","","","","","","","","",""
"2015.0","5.0","10.0","130.0","2.0","0.29","0.7","0.0","5.12","0.7","3.58","0.0","0.0","0.0","0.0","0.0","95.66","438.91","219.46","438.91","343.25","98.37","","","","","","","","",""
"2015.0","5.0","11.0","131.0","2.0","0.28","0.71","0.0","5.11","0.71","3.61","0.0","0.0","0.0","0.0","3.61","95.66","438.91","219.46","435.3","343.25","0.0","","","","","","","","",""
"2015.0","5.0","12.0","132.0","2.0","0.27","0.71","0.0","5.01","0.71","3.57","0.0","0.0","0.0","0.0","7.17","95.66","438.91","219.46","431.74","343.25","0.0","","","","","","","","",""
"2015.0","5.0","13.0","133.0","2.0","0.26","0.72","0.0","4.72","0.72","3.39","0.0","0.0","0.0","0.0","10.56","95.66","438.91","219.46","428.35","343.25","0.0","","","","","","","","",""
"2015.0","5.0","14.0","134.0","2.0","0.26","0.72","0.0","3.63","0.72","2.63","0.0","0.0","0.0","0.0","13.19","95.66","438.91","219.46","425.72","343.25","0.0","","","","","","","","",""
"2015.0","5.0","15.0","135.0","2.0","0.25","0.73","0.0","4.7","0.73","3.43","0.06","0.06","0.0","0.0","16.56","95.66","438.91","219.46","422.35","343.25","0.0","","","","","","","","",""
"2015.0","5.0","16.0","136.0","2.0","0.25","0.74","0.0","4.79","0.74","3.53","0.0","0.0","0.0","0.0","20.09","95.66","438.91","219.46","418.82","343.25","0.0","","","","","","","","",""
"2015.0","5.0","17.0","137.0","2.0","0.24","0.74","0.0","3.87","0.74","2.87","0.0","0.0","0.0","0.0","22.96","95.66","438.91","219.46","415.95","343.25","0.0","","","","","","","","",""
"2015.0","5.0","18.0","138.0","2.0","0.24","0.75","0.0","4.77","0.75","3.57","0.0","0.0","0.0","0.0","26.53","95.66","438.91","219.46","412.38","343.25","0.0","","","","","","","","",""
"2015.0","5.0","19.0","139.0","2.0","0.24","0.75","0.0","4.98","0.75","3.75","0.0","0.0","0.0","0.0","30.28","95.66","438.91","219.46","408.63","343.25","0.0","","","","","","","","",""
"2015.0","5.0","20.0","140.0","2.0","0.23","0.76","0.0","4.89","0.76","3.72","0.0","0.0","0.0","0.0","34.0","95.66","438.91","219.46","404.91","343.25","0.0","","","","","","","","",""
"2015.0","5.0","21.0","141.0","2.0","0.23","0.77","0.0","4.59","0.77","3.52","0.0","0.0","0.0","0.0","37.52","95.66","438.91","219.46","401.4","343.25","0.0","","","","","","","","",""
"2015.0","5.0","22.0","142.0","2.0","0.22","0.77","0.0","4.9","0.77","3.78","0.0","0.0","0.0","0.0","41.3","95.66","438.91","219.46","397.61","343.25","0.0","","","","","","","","",""
"2015.0","5.0","23.0","143.0","2.0","0.22","0.78","0.0","4.73","0.78","3.68","0.0","0.0","0.0","0.0","44.98","95.66","438.91","219.46","393.93","343.25","0.0","","","","","","","","",""
"2015.0","5.0","24.0","144.0","2.0","0.21","0.78","0.0","5.57","0.78","4.37","0.0","0.0","0.0","0.0","49.34","95.66","438.91","219.46","389.57","343.25","0.0","","","","","","","","",""
"2015.0","5.0","25.0","145.0","2.0","0.21","0.79","0.0","5.38","0.79","4.25","0.0","0.0","0.0","0.0","53.59","95.66","438.91","219.46","385.32","343.25","0.0","","","","","","","","",""
"2015.0","5.0","26.0","146.0","2.0","0.21","0.8","0.0","5.42","0.8","4.31","0.0","0.0","0.0","0.0","57.91","95.66","438.91","219.46","381.0","343.25","0.0","","","","","","","","",""
"2015.0","5.0","27.0","147.0","2.0","0.2","0.8","0.0","5.47","0.8","4.39","0.0","0.0","0.0","0.0","62.3","95.66","438.91","219.46","376.62","343.25","0.0","","","","","","","","",""
"2015.0","5.0","28.0","148.0","2.0","0.2","0.81","0.0","5.36","0.81","4.33","0.0","0.0","0.0","0.0","66.63","95.66","438.91","219.46","372.28","343.25","0.0","","","","","","","","",""
"2015.0","5.0","29.0","149.0","2.0","0.2","0.81","0.0","5.96","0.81","4.85","0.0","0.0","0.0","0.0","71.48","95.66","438.91","219.46","367.43","343.25","0.0","","","","","","","","",""
"2015.0","5.0","30.0","150.0","2.0","0.19","0.82","0.0","6.29","0.82","5.16","0.0","0.0","0.0","0.0","76.64","95.66","438.91","219.46","362.28","343.25","0.0","","","","","","","","",""
"2015.0","5.0","31.0","151.0","2.0","0.19","0.83","0.0","5.29","0.83","4.37","0.0","0.0","0.0","0.0","81.01","95.66","438.91","219.46","357.91","343.25","0.0","","","","","","","","",""
"2015.0","6.0","1.0","152.0","2.0","0.19","0.83","0.0","5.34","0.83","4.44","0.0","0.0","0.0","0.0","85.45","95.66","438.91","219.46","353.46","343.25","0.0","","","","","","","","",""
"2015.0","6.0","2.0","153.0","2.0","0.19","0.84","0.0","5.63","0.84","4.72","0.0","0.0","0.0","0.0","90.17","95.66","438.91","219.46","348.75","343.25","0.0","","","","","","","","",""
"2015.0","6.0","3.0","154.0","2.0","0.18","0.84","0.0","5.42","0.84","4.57","0.0","0.0","0.0","0.0","94.74","95.66","438.91","219.46","344.17","343.25","0.0","","","","","","","","",""
"2015.0","6.0","4.0","155.0","2.0","0.18","0.85","0.0","5.87","0.85","4.99","0.0","0.0","0.0","0.0","0.0","95.66","438.91","219.46","438.91","343.25","99.73","","","","","","","","",""
"2015.0","6.0","5.0","156.0","2.0","0.18","0.86","0.0","6.78","0.86","5.8","0.0","0.0","0.0","0.0","5.8","95.66","438.91","219.46","433.11","343.25","0.0","","","","","","","","",""
"2015.0","6.0","6.0","157.0","2.0","0.17","0.86","0.0","6.33","0.86","5.46","0.0","0.0","0.0","0.0","11.26","95.66","438.91","219.46","427.65","343.25","0.0","","","","","","","","",""
"2015.0","6.0","7.0","158.0","2.0","0.17","0.87","0.0","6.88","0.87","5.97","0.0","0.0","0.0","0.0","17.23","95.66","438.91","219.46","421.68","343.25","0.0","","","","","","","","",""
"2015.0","6.0","8.0","159.0","2.0","0.17","0.87","0.0","7.31","0.87","6.39","0.0","0.0","0.0","0.0","23.62","95.66","438.91","219.46","415.29","343.25","0.0","","","","","","","","",""
"2015.0","6.0","9.0","160.0","2.0","0.17","0.88","0.0","6.91","0.88","6.08","0.0","0.0","0.0","0.0","29.7","95.66","438.91","219.46","409.21","343.25","0.0","","","","","","","","",""
"2015.0","6.0","10.0","161.0","2.0","0.17","0.89","0.0","2.53","0.89","2.24","0.32","0.32","0.0","0.0","31.62","95.66","438.91","219.46","407.29","343.25","0.0","","","","","","","","",""
"2015.0","6.0","11.0","162.0","2.0","0.16","0.89","0.0","7.0","0.89","6.24","1.59","1.59","0.0","0.0","36.28","95.66","438.91","219.46","402.63","343.25","0.0","","","","","","","","",""
"2015.0","6.0","12.0","163.0","2.0","0.16","0.9","0.0","7.84","0.9","7.04","0.0","0.0","0.0","0.0","43.32","95.66","438.91","219.46","395.59","343.25","0.0","","","","","","","","",""
"2015.0","6.0","13.0","164.0","2.0","0.16","0.9","0.0","7.39","0.9","6.68","0.0","0.0","0.0","0.0","50.0","95.66","438.91","219.46","388.91","343.25","0.0","","","","","","","","",""
"2015.0","6.0","14.0","165.0","2.0","0.16","0.91","0.0","6.62","0.91","6.02","0.0","0.0","0.0","0.0","56.02","95.66","438.91","219.46","382.89","343.25","0.0","","","","","","","","",""
"2015.0","6.0","15.0","166.0","2.0","0.15","0.92","0.0","6.43","0.92","5.89","0.0","0.0","0.0","0.0","61.91","95.66","438.91","219.46","377.0","343.25","0.0","","","","","","","","",""
"2015.0","6.0","16.0","167.0","2.0","0.15","0.92","0.0","6.82","0.92","6.29","0.02","0.02","0.0","0.0","68.18","95.66","438.91","219.46","370.73","343.25","0.0","","","","","","","","",""
"2015.0","6.0","17.0","168.0","2.0","0.15","0.93","0.0","6.84","0.93","6.35","0.0","0.0","0.0","0.0","74.53","95.66","438.91","219.46","364.38","343.25","0.0","","","","","","","","",""
"2015.0","6.0","18.0","169.0","2.0","0.15","0.93","0.0","7.46","0.93","6.97","0.0","0.0","0.0","0.0","81.5","95.66","438.91","219.46","357.42","343.25","0.0","","","","","","","","",""
"2015.0","6.0","19.0","170.0","2.0","0.15","0.94","0.0","7.3","0.94","6.86","0.0","0.0","0.0","0.0","88.36","95.66","438.91","219.46","350.55","343.25","0.0","","","","","","","","",""
"2015.0","6.0","20.0","171.0","2.0","0.15","0.95","0.0","6.95","0.95","6.57","0.0","0.0","0.0","0.0","94.93","95.66","438.91","219.46","343.98","343.25","0.0","","","","","","","","",""
"2015.0","6.0","21.0","172.0","2.0","0.14","0.95","0.0","7.44","0.95","7.08","0.0","0.0","0.0","0.0","0.0","95.66","438.91","219.46","438.91","343.25","102.02","","","","","","","","",""
"2015.0","6.0","22.0","173.0","2.0","0.14","0.96","0.0","6.8","0.96","6.51","0.0","0.0","0.0","0.0","6.51","95.66","438.91","219.46","432.4","343.25","0.0","","","","","","","","",""
"2015.0","6.0","23.0","174.0","2.0","0.14","0.96","0.0","7.3","0.96","7.04","0.0","0.0","0.0","0.0","13.55","95.66","438.91","219.46","425.36","343.25","0.0","","","","","","","","",""
"2015.0","6.0","24.0","175.0","2.0","0.14","0.97","0.0","7.32","0.97","7.1","0.0","0.0","0.0","0.0","20.65","95.66","438.91","219.46","418.26","343.25","0.0","","","","","","","","",""
"2015.0","6.0","25.0","176.0","2.0","0.14","0.98","0.0","7.89","0.98","7.7","0.0","0.0","0.0","0.0","28.35","95.66","438.91","219.46","410.56","343.25","0.0","","","","","","","","",""
"2015.0","6.0","26.0","177.0","2.0","0.14","0.98","0.0","8.25","0.98","8.1","0.0","0.0","0.0","0.0","36.45","95.66","438.91","219.46","402.46","343.25","0.0","","","","","","","","",""
"2015.0","6.0","27.0","178.0","2.0","0.13","0.99","0.0","6.73","0.99","6.65","0.0","0.0","0.0","0.0","43.1","95.66","438.91","219.46","395.81","343.25","0.0","","","","","","","","",""
"2015.0","6.0","28.0","179.0","2.0","0.13","0.99","0.0","7.15","0.99","7.11","0.0","0.0","0.0","0.0","50.21","95.66","438.91","219.46","388.7","343.25","0.0","","","","","","","","",""
"2015.0","6.0","29.0","180.0","2.0","0.13","1.0","0.0","7.45","1.0","7.45","0.0","0.0","0.0","0.0","57.66","95.66","438.91","219.46","381.25","343.25","0.0","","","","","","","","",""
"2015.0","6.0","30.0","181.0","2.0","0.13","1.01","0.0","7.57","1.01","7.62","0.0","0.0","0.0","0.0","65.28","95.66","438.91","219.46","373.64","343.25","0.0","","","","","","","","",""
"2015.0","7.0","1.0","182.0","2.0","0.13","1.01","0.0","7.43","1.01","7.52","0.0","0.0","0.0","0.0","72.8","95.66","438.91","219.46","366.12","343.25","0.0","","","","","","","","",""
"2015.0","7.0","2.0","183.0","2.0","0.13","1.02","0.0","6.96","1.02","7.09","0.0","0.0","0.0","0.0","79.88","95.66","438.91","219.46","359.03","343.25","0.0","","","","","","","","",""
"2015.0","7.0","3.0","184.0","2.0","0.13","1.02","0.0","7.37","1.02","7.55","0.0","0.0","0.0","0.0","87.43","95.66","438.91","219.46","351.48","343.25","0.0","","","","","","","","",""
"2015.0","7.0","4.0","185.0","2.0","0.13","1.03","0.0","7.87","1.03","8.11","0.0","0.0","0.0","0.0","95.53","95.66","438.91","219.46","343.38","343.25","0.0","","","","","","","","",""
"2015.0","7.0","5.0","186.0","2.0","0.12","1.04","0.0","7.15","1.04","7.41","0.0","0.0","0.0","0.0","0.0","95.66","438.91","219.46","438.91","343.25","102.94","","","","","","","","",""
"2015.0","7.0","6.0","187.0","2.0","0.12","1.04","0.0","7.23","1.04","7.53","0.0","0.0","0.0","0.0","7.53","95.66","438.91","219.46","431.38","343.25","0.0","","","","","","","","",""
"2015.0","7.0","7.0","188.0","2.0","0.12","1.05","0.0","6.75","1.05","7.07","0.0","0.0","0.0","0.0","14.61","95.66","438.91","219.46","424.3","343.25","0.0","","","","","","","","",""
"2015.0","7.0","8.0","189.0","2.0","0.12","1.05","0.0","6.26","1.05","6.6","0.0","0.0","0.0","0.0","21.21","95.66","438.91","219.46","417.71","343.25","0.0","","","","","","","","",""
"2015.0","7.0","9.0","190.0","2.0","0.12","1.06","0.0","4.34","1.06","4.6","0.0","0.0","0.0","0.0","25.81","95.66","438.91","219.46","413.11","343.25","0.0","","","","","","","","",""
"2015.0","7.0","10.0","191.0","2.0","0.12","1.07","0.0","5.16","1.07","5.5","0.0","0.0","0.0","0.0","31.31","95.66","438.91","219.46","407.61","343.25","0.0","","","","","","","","",""
"2015.0","7.0","11.0","192.0","2.0","0.12","1.07","0.0","6.34","1.07","6.8","0.0","0.0","0.0","0.0","38.1","95.66","438.91","219.46","400.81","343.25","0.0","","","","","","","","",""
"2015.0","7.0","12.0","193.0","2.0","0.12","1.08","0.0","6.49","1.08","7.0","0.0","0.0","0.0","0.0","45.1","95.66","438.91","219.46","393.81","343.25","0.0","","","","","","","","",""
"2015.0","7.0","13.0","194.0","2.0","0.12","1.08","0.0","6.6","1.08","7.15","0.0","0.0","0.0","0.0","52.25","95.66","438.91","219.46","386.66","343.25","0.0","","","","","","","","",""
"2015.0","7.0","14.0","195.0","2.0","0.12","1.09","0.0","6.42","1.09","7.0","0.0","0.0","0.0","0.0","59.25","95.66","438.91","219.46","379.66","343.25","0.0","","","","","","","","",""
"2015.0","7.0","15.0","196.0","2.0","0.12","1.1","0.0","6.62","1.1","7.26","0.0","0.0","0.0","0.0","66.51","95.66","438.91","219.46","372.4","343.25","0.0","","","","","","","","",""
"2015.0","7.0","16.0","197.0","2.0","0.12","1.1","0.0","7.07","1.1","7.79","0.0","0.0","0.0","0.0","74.3","95.66","438.91","219.46","364.61","343.25","0.0","","","","","","","","",""
"2015.0","7.0","17.0","198.0","2.0","0.11","1.11","0.0","7.25","1.11","8.03","0.0","0.0","0.0","0.0","82.33","95.66","438.91","219.46","356.58","343.25","0.0","","","","","","","","",""
"2015.0","7.0","18.0","199.0","2.0","0.11","1.11","0.0","7.24","1.11","8.07","0.0","0.0","0.0","0.0","90.4","95.66","438.91","219.46","348.52","343.25","0.0","","","","","","","","",""
"2015.0","7.0","19.0","200.0","2.0","0.11","1.12","0.0","6.8","1.12","7.62","0.0","0.0","0.0","0.0","0.0","95.66","438.91","219.46","438.91","343.25","98.01","","","","","","","","",""
"2015.0","7.0","20.0","201.0","2.0","0.11","1.13","0.0","7.29","1.13","8.21","0.0","0.0","0.0","0.0","8.21","95.66","438.91","219.46","430.7","343.25","0.0","","","","","","","","",""
"2015.0","7.0","21.0","202.0","2.0","0.11","1.13","0.0","7.21","1.13","8.16","0.0","0.0","0.0","0.0","16.37","95.66","438.91","219.46","422.54","343.25","0.0","","","","","","","","",""
"2015.0","7.0","22.0","203.0","2.0","0.11","1.14","0.0","6.8","1.14","7.74","0.0","0.0","0.0","0.0","24.11","95.66","438.91","219.46","414.8","343.25","0.0","","","","","","","","",""
"2015.0","7.0","23.0","204.0","2.0","0.11","1.14","0.0","6.1","1.14","6.98","0.0","0.0","0.0","0.0","31.09","95.66","438.91","219.46","407.82","343.25","0.0","","","","","","","","",""
"2015.0","7.0","24.0","205.0","2.0","0.11","1.15","0.0","6.35","1.15","7.3","0.0","0.0","0.0","0.0","38.39","95.66","438.91","219.46","400.52","343.25","0.0","","","","","","","","",""
"2015.0","7.0","25.0","206.0","2.0","0.11","1.15","0.0","6.41","1.15","7.37","0.0","0.0","0.0","0.0","45.76","95.66","438.91","219.46","393.15","343.25","0.0","","","","","","","","",""
"2015.0","7.0","26.0","207.0","2.0","0.11","1.15","0.0","6.42","1.15","7.38","0.0","0.0","0.0","0.0","53.14","95.66","438.91","219.46","385.77","343.25","0.0","","","","","","","","",""
"2015.0","7.0","27.0","208.0","2.0","0.11","1.15","0.0","7.39","1.15","8.5","0.0","0.0","0.0","0.0","61.64","95.66","438.91","219.46","377.27","343.25","0.0","","","","","","","","",""
"2015.0","7.0","28.0","209.0","2.0","0.11","1.15","0.0","7.74","1.15","8.9","0.0","0.0","0.0","0.0","70.54","95.66","438.91","219.46","368.37","343.25","0.0","","","","","","","","",""
"2015.0","7.0","29.0","210.0","2.0","0.11","1.15","0.0","7.42","1.15","8.53","0.0","0.0","0.0","0.0","79.08","95.66","438.91","219.46","359.84","343.25","0.0","","","","","","","","",""
"2015.0","7.0","30.0","211.0","2.0","0.11","1.15","0.0","7.73","1.15","8.89","0.0","0.0","0.0","0.0","87.97","95.66","438.91","219.46","350.95","343.25","0.0","","","","","","","","",""
"2015.0","7.0","31.0","212.0","2.0","0.1","1.15","0.0","6.63","1.15","7.62","0.0","0.0","0.0","0.0","95.59","95.66","438.91","219.46","343.32","343.25","0.0","","","","","","","","",""
"2015.0","8.0","1.0","213.0","2.0","0.1","1.15","0.0","6.93","1.15","7.97","0.0","0.0","0.0","0.0","0.0","95.66","438.91","219.46","438.91","343.25","103.56","","","","","","","","",""
"2015.0","8.0","2.0","214.0","2.0","0.1","1.15","0.0","6.78","1.15","7.8","0.0","0.0","0.0","0.0","7.8","95.66","438.91","219.46","431.12","343.25","0.0","","","","","","","","",""
"2015.0","8.0","3.0","215.0","2.0","0.1","1.15","0.0","6.81","1.15","7.83","0.0","0.0","0.0","0.0","15.63","95.66","438.91","219.46","423.28","343.25","0.0","","","","","","","","",""
"2015.0","8.0","4.0","216.0","2.0","0.1","1.15","0.0","4.69","1.15","5.39","0.0","0.0","0.0","0.0","21.02","95.66","438.91","219.46","417.89","343.25","0.0","","","","","","","","",""
"2015.0","8.0","5.0","217.0","2.0","0.1","1.15","0.0","5.76","1.15","6.62","0.0","0.0","0.0","0.0","27.65","95.66","438.91","219.46","411.27","343.25","0.0","","","","","","","","",""
"2015.0","8.0","6.0","218.0","2.0","0.1","1.15","0.0","4.25","1.15","4.89","0.0","0.0","0.0","0.0","32.53","95.66","438.91","219.46","406.38","343.25","0.0","","","","","","","","",""
"2015.0","8.0","7.0","219.0","2.0","0.1","1.15","0.0","6.71","1.15","7.72","0.0","0.0","0.0","0.0","40.25","95.66","438.91","219.46","398.66","343.25","0.0","","","","","","","","",""
"2015.0","8.0","8.0","220.0","2.0","0.1","1.15","0.0","5.96","1.15","6.85","0.0","0.0","0.0","0.0","47.1","95.66","438.91","219.46","391.81","343.25","0.0","","","","","","","","",""
"2015.0","8.0","9.0","221.0","2.0","0.1","1.15","0.0","6.56","1.15","7.54","0.0","0.0","0.0","0.0","54.65","95.66","438.91","219.46","384.26","343.25","0.0","","","","","","","","",""
"2015.0","8.0","10.0","222.0","2.0","0.1","1.15","0.0","6.58","1.15","7.57","0.0","0.0","0.0","0.0","62.22","95.66","438.91","219.46","376.7","343.25","0.0","","","","","","","","",""
"2015.0","8.0","11.0","223.0","2.0","0.1","1.15","0.0","6.4","1.15","7.36","0.0","0.0","0.0","0.0","69.58","95.66","438.91","219.46","369.34","343.25","0.0","","","","","","","","",""
"2015.0","8.0","12.0","224.0","2.0","0.1","1.15","0.0","6.33","1.15","7.28","0.0","0.0","0.0","0.0","76.85","95.66","438.91","219.46","362.06","343.25","0.0","","","","","","","","",""
"2015.0","8.0","13.0","225.0","2.0","0.1","1.15","0.0","6.45","1.15","7.42","0.0","0.0","0.0","0.0","84.27","95.66","438.91","219.46","354.64","343.25","0.0","","","","","","","","",""
"2015.0","8.0","14.0","226.0","2.0","0.1","1.15","0.0","6.13","1.15","7.05","0.0","0.0","0.0","0.0","91.32","95.66","438.91","219.46","347.59","343.25","0.0","","","","","","","","",""
"2015.0","8.0","15.0","227.0","2.0","0.1","1.15","0.0","6.42","1.15","7.38","0.0","0.0","0.0","0.0","0.0","95.66","438.91","219.46","438.91","343.25","98.7","","","","","","","","",""
"2015.0","8.0","16.0","228.0","2.0","0.1","1.15","0.0","6.66","1.15","7.66","0.0","0.0","0.0","0.0","7.66","95.66","438.91","219.46","431.25","343.25","0.0","","","","","","","","",""
"2015.0","8.0","17.0","229.0","2.0","0.1","1.15","0.0","7.09","1.15","8.15","0.0","0.0","0.0","0.0","15.81","95.66","438.91","219.46","423.1","343.25","0.0","","","","","","","","",""
"2015.0","8.0","18.0","230.0","2.0","0.1","1.15","0.0","6.79","1.15","7.81","0.0","0.0","0.0","0.0","23.62","95.66","438.91","219.46","415.29","343.25","0.0","","","","","","","","",""
"2015.0","8.0","19.0","231.0","2.0","0.1","1.15","0.0","6.18","1.15","7.11","0.0","0.0","0.0","0.0","30.73","95.66","438.91","219.46","408.18","343.25","0.0","","","","","","","","",""
"2015.0","8.0","20.0","232.0","2.0","0.1","1.15","0.0","5.52","1.15","6.35","0.0","0.0","0.0","0.0","37.08","95.66","438.91","219.46","401.84","343.25","0.0","","","","","","","","",""
"2015.0","8.0","21.0","233.0","2.0","0.09","1.15","0.0","5.62","1.15","6.46","0.0","0.0","0.0","0.0","43.54","95.66","438.91","219.46","395.37","343.25","0.0","","","","","","","","",""
"2015.0","8.0","22.0","234.0","2.0","0.09","1.15","0.0","5.69","1.15","6.54","0.0","0.0","0.0","0.0","50.08","95.66","438.91","219.46","388.83","343.25","0.0","","","","","","","","",""
"2015.0","8.0","23.0","235.0","2.0","0.09","1.15","0.0","5.75","1.15","6.61","0.0","0.0","0.0","0.0","56.7","95.66","438.91","219.46","382.22","343.25","0.0","","","","","","","","",""
"2015.0","8.0","24.0","236.0","2.0","0.09","1.15","0.0","6.23","1.15","7.16","0.0","0.0","0.0","0.0","63.86","95.66","438.91","219.46","375.05","343.25","0.0","","","","","","","","",""
"2015.0","8.0","25.0","237.0","2.0","0.09","1.15","0.0","6.51","1.15","7.49","0.0","0.0","0.0","0.0","71.35","95.66","438.91","219.46","367.57","343.25","0.0","","","","","","","","",""
"2015.0","8.0","26.0","238.0","2.0","0.09","1.15","0.0","6.64","1.15","7.64","0.0","0.0","0.0","0.0","78.98","95.66","438.91","219.46","359.93","343.25","0.0","","","","","","","","",""
"2015.0","8.0","27.0","239.0","2.0","0.09","1.15","0.0","6.82","1.15","7.84","0.0","0.0","0.0","0.0","86.83","95.66","438.91","219.46","352.09","343.25","0.0","","","","","","","","",""
"2015.0","8.0","28.0","240.0","2.0","0.09","1.15","0.0","6.79","1.15","7.81","0.0","0.0","0.0","0.0","94.63","95.66","438.91","219.46","344.28","343.25","0.0","","","","","","","","",""
"2015.0","8.0","29.0","241.0","2.0","0.09","1.15","0.0","5.21","1.15","5.99","0.0","0.0","0.0","0.0","0.0","95.66","438.91","219.46","438.91","343.25","100.63","","","","","","","","",""
"2015.0","8.0","30.0","242.0","2.0","0.09","1.15","0.0","5.54","1.15","6.37","0.0","0.0","0.0","0.0","6.37","95.66","438.91","219.46","432.54","343.25","0.0","","","","","","","","",""
"2015.0","8.0","31.0","243.0","2.0","0.09","1.15","0.0","5.7","1.15","6.56","0.0","0.0","0.0","0.0","12.93","95.66","438.91","219.46","425.99","343.25","0.0","","","","","","","","",""
"2015.0","9.0","1.0","244.0","2.0","0.09","1.15","0.0","5.68","1.15","6.53","0.0","0.0","0.0","0.0","19.46","95.66","438.91","219.46","419.45","343.25","0.0","","","","","","","","",""
"2015.0","9.0","2.0","245.0","2.0","0.09","1.15","0.0","5.54","1.15","6.37","0.0","0.0","0.0","0.0","25.83","95.66","438.91","219.46","413.08","343.25","0.0","","","","","","","","",""
"2015.0","9.0","3.0","246.0","2.0","0.09","1.15","0.0","5.19","1.15","5.97","0.0","0.0","0.0","0.0","31.8","95.66","438.91","219.46","407.11","343.25","0.0","","","","","","","","",""
"2015.0","9.0","4.0","247.0","2.0","0.09","1.15","0.0","5.28","1.15","6.07","0.0","0.0","0.0","0.0","37.87","95.66","438.91","219.46","401.04","343.25","0.0","","","","","","","","",""
"2015.0","9.0","5.0","248.0","2.0","0.09","1.15","0.0","5.7","1.15","6.56","0.0","0.0","0.0","0.0","44.42","95.66","438.91","219.46","394.49","343.25","0.0","","","","","","","","",""
"2015.0","9.0","6.0","249.0","2.0","0.09","1.15","0.0","5.21","1.15","5.99","0.0","0.0","0.0","0.0","50.42","95.66","438.91","219.46","388.5","343.25","0.0","","","","","","","","",""
"2015.0","9.0","7.0","250.0","2.0","0.09","1.15","0.0","5.47","1.15","6.29","0.0","0.0","0.0","0.0","56.71","95.66","438.91","219.46","382.21","343.25","0.0","","","","","","","","",""
"2015.0","9.0","8.0","251.0","2.0","0.09","1.15","0.0","5.43","1.15","6.24","0.0","0.0","0.0","0.0","62.95","95.66","438.91","219.46","375.96","343.25","0.0","","","","","","","","",""
"2015.0","9.0","9.0","252.0","2.0","0.09","1.15","0.0","6.14","1.15","7.06","0.0","0.0","0.0","0.0","70.01","95.66","438.91","219.46","368.9","343.25","0.0","","","","","","","","",""
"2015.0","9.0","10.0","253.0","2.0","0.09","1.15","0.0","6.51","1.15","7.49","0.0","0.0","0.0","0.0","77.5","95.66","438.91","219.46","361.41","343.25","0.0","","","","","","","","",""
"2015.0","9.0","11.0","254.0","2.0","0.09","1.15","0.0","6.2","1.15","7.13","0.0","0.0","0.0","0.0","84.63","95.66","438.91","219.46","354.28","343.25","0.0","","","","","","","","",""
"2015.0","9.0","12.0","255.0","2.0","0.09","1.14","0.0","4.62","1.14","5.28","0.0","0.0","0.0","0.0","89.91","95.66","438.91","219.46","349.0","343.25","0.0","","","","","","","","",""
"2015.0","9.0","13.0","256.0","2.0","0.09","1.14","0.0","5.3","1.14","6.02","0.0","0.0","0.0","0.0","0.0","95.66","438.91","219.46","438.91","343.25","95.93","","","","","","","","",""
"2015.0","9.0","14.0","257.0","2.0","0.09","1.13","0.0","3.97","1.13","4.48","0.0","0.0","0.0","0.0","4.48","95.66","438.91","219.46","434.43","343.25","0.0","","","","","","","","",""
"2015.0","9.0","15.0","258.0","2.0","0.09","1.12","0.0","4.59","1.12","5.15","0.0","0.0","0.0","0.0","9.63","95.66","438.91","219.46","429.28","343.25","0.0","","","","","","","","",""
"2015.0","9.0","16.0","259.0","2.0","0.09","1.12","0.0","3.31","1.12","3.69","0.0","0.0","0.0","0.0","13.32","95.66","438.91","219.46","425.59","343.25","0.0","","","","","","","","",""
"2015.0","9.0","17.0","260.0","2.0","0.09","1.11","0.0","3.92","1.11","4.34","0.05","0.05","0.0","0.0","17.62","95.66","438.91","219.46","421.3","343.25","0.0","","","","","","","","",""
"2015.0","9.0","18.0","261.0","2.0","0.09","1.1","0.0","4.51","1.1","4.97","0.0","0.0","0.0","0.0","22.58","95.66","438.91","219.46","416.33","343.25","0.0","","","","","","","","",""
"2015.0","9.0","19.0","262.0","2.0","0.09","1.09","0.0","4.71","1.09","5.15","0.0","0.0","0.0","0.0","27.73","95.66","438.91","219.46","411.18","343.25","0.0","","","","","","","","",""
"2015.0","9.0","20.0","263.0","2.0","0.09","1.09","0.0","4.75","1.09","5.16","0.0","0.0","0.0","0.0","32.9","95.66","438.91","219.46","406.01","343.25","0.0","","","","","","","","",""
"2015.0","9.0","21.0","264.0","2.0","0.09","1.08","0.0","5.54","1.08","5.98","0.0","0.0","0.0","0.0","38.88","95.66","438.91","219.46","400.03","343.25","0.0","","","","","","","","",""
"2015.0","9.0","22.0","265.0","2.0","0.09","1.07","0.0","5.48","1.07","5.88","0.0","0.0","0.0","0.0","44.76","95.66","438.91","219.46","394.15","343.25","0.0","","","","","","","","",""
"2015.0","9.0","23.0","266.0","2.0","0.09","1.07","0.0","4.54","1.07","4.84","0.0","0.0","0.0","0.0","49.6","95.66","438.91","219.46","389.31","343.25","0.0","","","","","","","","",""
"2015.0","9.0","24.0","267.0","2.0","0.09","1.06","0.0","4.54","1.06","4.81","0.0","0.0","0.0","0.0","54.41","95.66","438.91","219.46","384.5","343.25","0.0","","","","","","","","",""
"2015.0","9.0","25.0","268.0","2.0","0.08","1.05","0.0","5.54","1.05","5.83","0.0","0.0","0.0","0.0","60.24","95.66","438.91","219.46","378.68","343.25","0.0","","","","","","","","",""
"2015.0","9.0","26.0","269.0","2.0","0.08","1.05","0.0","5.3","1.05","5.54","0.0","0.0","0.0","0.0","65.77","95.66","438.91","219.46","373.14","343.25","0.0","","","","","","","","",""
"2015.0","9.0","27.0","270.0","2.0","0.08","1.04","0.0","3.95","1.04","4.1","0.0","0.0","0.0","0.0","69.88","95.66","438.91","219.46","369.04","343.25","0.0","","","","","","","","",""
"2015.0","9.0","28.0","271.0","2.0","0.08","1.03","0.0","4.53","1.03","4.67","0.0","0.0","0.0","0.0","74.55","109.73","438.91","219.46","364.37","329.18","0.0","","","","","","","","",""
"2015.0","9.0","29.0","272.0","2.0","0.08","1.02","0.0","4.09","1.02","4.19","0.0","0.0","0.0","0.0","78.73","109.73","438.91","219.46","360.18","329.18","0.0","","","","","","","","",""
"2015.0","9.0","30.0","273.0","2.0","0.08","1.02","0.0","1.96","1.02","1.99","0.0","0.0","0.0","0.0","80.73","109.73","438.91","219.46","358.19","329.18","0.0","","","","","","","","",""
